name,County or Counties,Acres,Year,Water Body(s),lat,long,Remarks,Image,url,address,description,type
Afton State Park,Washington,1600,1969,St. Croix River,44.8624675,-92.7835367﻿,Lies on a glacial moraine with deep ravines that drop 300 feet (91 m) down to the St. Croix River.[10],,https://stateparks.com/afton_state_park_in_minnesota.html,"6959 Peller Ave.South Hastings, Minnesota   55033","Grand oaks and delicate prairie flowers grace the rugged, rolling landscape of this park. Trails traverse remnant and restored prairies, wind down deep ravines and rise up to the grassy ridgetops and bluffs overlooking the scenic St. Croix River. The trails are perfect for hikers, horseback riders and cross-country skiers. The park offers visitors a swimming beach, backpack campsites and a visitor center with interpretive displays.",state park
Banning State Park,Pine,5597,1963,Kettle River,46.1707812,-92.8440889﻿,Contains 1.5 miles (2.4 km) of whitewater rapids and the remains of a historic quarry operation.[11],,https://stateparks.com/banning_state_park_in_minnesota.html,"61101 Banning Park RoadSandstone, Minnesota   55072","Treat yourself to a visit to Banning State Park, just minutes off I-35 near Sandstone. In the spring, watch daring canoeists and kayakers shoot the turbulent rapids at Blueberry Slide, Mother's Delight, Dragon's Tooth and Hell's Gate. In the summer, hike along the Kettle River amid dramatic sandstone rock formations with lush lichens, liverworts and mosses. Visit Wolf Creek Falls, the Log Creek Arches and Robinson's Ice Cave. Stay at the new camper cabin (sleeps five people), which includes bunk beds, a table and benches. Take in the historic ruins of Banning Sandstone Quarry. The park is known for camping, picnicking, cross-country skiing, beautiful trails for hiking and the study of natural history.",state park
Bear Head Lake State Park,St. Louis,3013,1961,Bear Head Lake,47.7963051,-92.0768231﻿,Provides road access and modern camping facilities in an environment similar to the nearby Boundary Waters Canoe Area Wilderness.[12],,https://stateparks.com/bear_head_lake_state_park_in_minnesota.html,"9301 Bear Head State Park RoadEly, Minnesota   55731","Secluded in the Northwoods, this park contains pristine lakes; it is home to black bears, nesting eagles, timber wolves and moose. Stands of white and red pine trees tower over the birch, aspen and fir trees. Located just south of the Boundary Waters Canoe Area, the park shares a similar wilderness quality. Explore miles of shoreline by canoe. Swim at the beach, picnic in the shelter building, or fish for walleye, bass, crappies or trout. Trails in the park link-up with the Taconite State Trail and offer snowmobilers, skiers and hikers plenty to enjoy. Rent a three-bedroom guest house any season of the year.",state park
Beaver Creek Valley State Park,Houston,715,1937,East Beaver Creek,43.6427458,-91.5818101﻿,Showcases the rugged topography of the Driftless Area in a narrow valley carved by a trout stream.[13],,https://stateparks.com/beaver_creek_valley_state_park_in_minnesota.html,"15954 County 1Caledonia, Minnesota   55921","Nestled in the blufflands of southeastern Minnesota, Beaver Creek Valley State Park is known for its clear streams fed by the ""Big Spring."" Its streams are home to brown and native brook trout. In spring, wildflowers that blanket the woodland hills and valleys attract migratory songbirds like the rare Acadian flycatcher, Cerulean warbler, and Louisiana waterthrush. These birds nest in the park. A hiking trail meanders along the stream and up into a maple-basswood and oak forest. Campers are lulled to sleep by the murmuring stream.",state park
Big Bog State Recreation Area,Beltrami,9170,2000,"Red Lake, Tamarac River",48.172761,-94.512033﻿,Encompasses part of the largest peatland in the Lower 48 states (a National Natural Landmark) and a prime walleye fishery.[14],,NA,NA,NA,NA
Big Stone Lake State Park,Big Stone,980,1961,Big Stone Lake,45.3824644,-96.5131148﻿,"Protects two sections of shoreline on Big Stone Lake, the source of the Minnesota River.[15]",,https://stateparks.com/big_stone_lake_state_park_in_minnesota.html,"35889 Meadowbrook State Park RoadOrtonville, Minnesota   56278","Big Stone Lake is 30 miles long and is located on the South Dakota-Minnesota border. The lake is the source of the Minnesota River and attracts anglers who catch walleye, northerns and bluegills. The northern section of the park, called the Bonanza Area, provides a picnic area, boat launch and a primitive group camp for guests. The area also includes the Big Stone Lake Environmental Education Center which provides a place to discover the past and ways to preserve it. The southern section of the park, called the Meadowbrook Area, contains a campground, swimming beach and hiking trails.",state park
Blue Mounds State Park,Rock,1567,1937,Mound Creek,43.7069134,-96.1869728﻿,Protects an escarpment of Sioux Quartzite and Minnesota's only public bison herd.[16] A district of WPA structures is on the NRHP.[17],,https://stateparks.com/blue_mounds_state_park_in_minnesota.html,"1410 161st StreetLuverne, Minnesota   56156","Blue Mound State Park is on the tallest hill in southern Wisconsin, about 25 miles west of Madison. The 1,153-acre park is a popular place for swimming, hiking, camping, cross-country skiing and mountain biking (both double and single track) and finding peace and solitude.",state park
Buffalo River State Park,Clay,1068,1937,Buffalo River,46.8655165,-96.4678474﻿,Preserves part of one of the state's largest and best tallgrass prairies.[18] A district of WPA structures is on the NRHP.[19],,https://stateparks.com/buffalo_river_state_park_in_minnesota.html,"565 155th Street SouthGlyndon, Minnesota   56547","Prairie lovers, this park is for you. Trails wind through one of Minnesota's finest and largest remnant prairies. Listen for bobolinks, prairie chickens, marbled godwits and upland sandpipers. A picnic area, swimming area and campground are located in the hardwood forest along the Buffalo River. The park is only 14 miles from the large metropolitan area of Fargo, North Dakota - Moorhead, Minnesota.",state park
Camden State Park,Lyon,1855,1935,Redwood River,44.362462,-95.9250247﻿,Preserves a forested river valley in the midst of prairie and farm country.[20] A district of VCC and WPA structures is on the NRHP.[21],,https://stateparks.com/camden_state_park_in_minnesota.html,"1897 Camden Park RoadLynd, Minnesota   56157","Camden State Park offers much for visitors to enjoy. Fish for brown trout in the Redwood River or bass and bluegill in Brawner Lake. Hike the trails or cool off in the spring-fed pool. Walk along the wooded river valley, climb the Dakota Valley Trail to the lookout for great fall colors, or go canoeing on Brawner Lake. Woodlands, maples, basswoods, oaks, and cottonwoods, dominate this park. Sun-drenched prairies, grasslands, and marshes offer added diversity. The park provides picnic areas, campgrounds (drive-in, horseback, and group), swimming, hiking, and cross-country skiing.",state park
Carley State Park,Wabasha,209,1949,Whitewater River,44.1166318,-92.1760002﻿,Donated by State Senator James A. Carley to protect a stand of white pines. Used as an overflow campground for nearby Whitewater State Park.[22],,https://stateparks.com/carley_state_park_in_minnesota.html,"19041 Hwy 74Altura, Minnesota   55910","Beauty and quiet, that is the essence of Carley State Park. In the spring, delicate bluebells (Mertensia virginica), and other wildflowers carpet the valley with a profusion of color. Hike along the trail that follows the Whitewater River and take in the grand old white pines. Listen for the sweet song of orioles, song sparrows, house wrens, and indigo buntings. Enjoy the picnic area, play on the swings or practice softball. Try your hand at horseshoes or sit back and see a red-tailed hawk ride thermals in the sky. The north branch of the Whitewater River is a designated trout stream and provides habitat for brown trout. Rustic campsites are located near the picnic area.",state park
Cascade River State Park,Cook,2867,1957,Lake Superior and Cascade River,47.7097222,-90.5222222﻿,Stretches along 10.5 miles (16.9 km) of Lake Superior coastline in land rehabilitated after construction of Minnesota State Highway 61.[23] A WPA highway wayside is on the NRHP.[6],,https://stateparks.com/cascade_river_state_park_recreation_site_in_minnesota.html,NA,"Come to Cascade for the rushing river and grand waterfalls that lay within a gorge, lush with moss and ferns that grow on black volcanic rocks. Hike the trail through birch, spruce and white cedar; stop to see the views of Lake Superior, the largest freshwater lake in the world. Trails connect with the Superior Hiking Trail and the North Shore State Trail and offer great recreational opportunities to hikers and cross-country skiers. Drive-in and backpack campsites are available.",state park
Charles A Lindbergh State Park,Morrison,417,1931,Mississippi River,45.9588545,-94.3952813﻿,"Contains the restored home of Congressman Charles August Lindbergh and his son Charles Lindbergh, the famous aviator.[24] The house is a National Historic Landmark, and a district of WPA structures is on the NRHP.[25]",,https://stateparks.com/charles_a_lindbergh_state_park_in_minnesota.html,"1615 Lindbergh Drive SouthLittle Falls, Minnesota   56345","Located on the Mississippi River, Charles A. Lindbergh State Park offers visitors a quaint picnic area. The picnic area includes a historic Work Projects Administration (WPA) picnic shelter and a stone water tower. Fish the waters of the Mississippi River, canoe Pike Creek, or walk the trails amid grand red and white pine, aspen, oak and prairie. Look for bald eagles in the spring and fall. During your visit, stop in at the historic home of Charles A. Lindbergh, Sr., father of the famous aviator, Charles A. Lindbergh, Jr. The home is operated by the Minnesota Historical Society (MHS) and is adjacent to the park.",state park
Crow Wing State Park,"Crow Wing, Cass, and Morrison",2335,1959,Mississippi and Crow Wing Rivers,46.2722222,-94.3333333﻿,"Interprets the site of Old Crow Wing, an important town and trading center in the mid-19th century. The town site and a section of the Red River Trails are both on the NRHP.[6][26]",,NA,NA,"This is a nature lover's delight. Explore prairie, pine, and hardwood forests. View the Mississippi River from historic and picturesque ""Chippewa Lookout."" Novice canoeists can paddle the calm waters of the Crow Wing and Mississippi Rivers. Crow Wing is a park rich in cultural history. In this area, a frontier town emerged to serve the needs of travelers and traders. The town died when the railroad chose to cross the river at Brainerd. Walk through the site of the Old Crow Wing Village for a sense of history. The park still has a section of the famous Woods Trail, which served ox cart traffic that carried supplies between St. Paul and the Red River settlements.",state park
Cuyuna Country State Recreation Area,Crow Wing,6850,1993,"Chain of small lakes and streams, filled pit mines",46.489550,-93.977500﻿,"In development as the land is rehabilitated from open-pit iron mining. Includes Portsmouth Mine Pit Lake, the state's deepest lake.[27]",,NA,NA,NA,NA
Father Hennepin State Park,Mille Lacs,275,1941,Mille Lacs Lake,46.1446779,-93.4880157﻿,Provides lakeside recreation in the region visited by Father Louis Hennepin during a French expedition in 1680.[28],,https://stateparks.com/father_hennepin_state_park_in_minnesota.html,"41294 Father Hennepin Park RoadIsle, Minnesota   56342","Father Hennepin State Park is located on the southeast shore of Mille Lacs Lake. Visitors enjoy a large sandy beach for swimming, two boat accesses, fishing piers and picnic sites with a panoramic view of the lake. The park's 320 acres include two campgrounds and hiking trails that wind through a hardwood forest and along the rocky shoreline of Mille Lacs. The park's original vegetation was northern hardwoods mixed with marsh areas and pines along the lake. The hardwoods provide shade during the summer and spectacular color in the fall.
",state park
Flandrau State Park,Brown,840,1937,Cottonwood River,44.2882956,-94.4735837﻿,Created to provide water recreation near New Ulm.[29] Entire park is a district of CCC and WPA structures on the NRHP.[30],,https://stateparks.com/flandrau_state_park_in_minnesota.html,"1300 Summit AvenueNew Ulm, Minnesota   56073","The gentle flowing Big Cottonwood River meanders through this southern park. The sand-bottom swimming pond, picnic area, campgrounds and group center attract many visitors every summer to this very popular state park. The terrain is diverse, offering views of wooded river bottoms, oxbow marshes and open grasslands. Hikers and cross-country skiers enjoy the flat trails on the bottom of the valley or more challenging routes on the oak-shaded bluffs. Visit historic stone buildings crafted by Works Progress Administration(WPA)crews. Vegetative features include goat prairies, small white lady's slippers, and the floodplain forest.",state park
Forestville Mystery Cave State Park,Fillmore,3163,1963,South Branch Root River and tributaries,43.6255204,-92.247388﻿,"Encompasses the historic townsite of Forestville, the state's longest explored cave, and three blue-ribbon trout streams.[31]",,NA,NA,"Visit Forestville/Mystery Cave State Park to see natural wonders above and below ground. In the summer, beat the heat with a visit below ground. Explore the world of Mystery Cave with its stalactites, stalagmites, and underground pools. Park naturalists provide tours of the cave throughout the summer and on weekends in the spring and fall. The temperature stays at a constant 48 degrees Fahrenheit. Learn more about Mystery Cave Tours. Above ground, stop by Historic Forestville, a restored 1800s village operated by the Minnesota Historical Society (MHS). Fish three blue-ribbon trout streams for brown trout. Take in the soft pastels of wildflowers in spring or listen to ruffed grouse drumming and wild turkeys gobbling. Hike or bring your horse to ride the ridge tops and stream valleys. Observe interesting geologic features along the way including sinkholes and dramatic Big Spring. In the fall, don't miss the bold colors of the forest. Winter invites visitors to ski or snowmobile the Bluff Country.
",state park
Fort Ridgely State Park,Nicollet and Renville,537,1911,Fort Ridgely Creek,44.4524621,-94.7308199﻿,"Surrounds Fort Ridgely, site of the Battle of Fort Ridgely during the Dakota War of 1862. The fort and a large district of CCC structures are both on the NRHP.[32][33]",,https://stateparks.com/fort_ridgely_state_park_in_minnesota.html,"72158 County Road 30Fairfax, Minnesota   55332","Tour Historic Fort Ridgely and wander through the ruins of this once thriving outpost. Learn about the U. S.-Dakota Conflict of 1862, a major event in Minnesota's early history. Stop by the cemetery to learn more about the history. For recreation, this park offers plenty: play a nine hole course; hike or ride the trails on horseback; play volleyball or softball; fish; and camp (drive-in and walk-in sites are available). Come winter, ski, snowmobile or sled down the big hill.",state park
Fort Snelling State Park,"Ramsey, Hennepin, and Dakota",1825,1961,Mississippi and Minnesota Rivers,44.8857988,-93.1779985﻿,"Contains historic Fort Snelling, built in 1819, and floodplain forest in the heart of Minneapolis – Saint Paul. The fort is a National Historic Landmark and the entire park is part of the Mississippi National River and Recreation Area.[34]",,https://stateparks.com/fort_snelling_state_park_in_minnesota.html,"101 Snelling Lake RoadSt. Paul, Minnesota   55111","Located in the heart of the Twin Cities, this park offers extensive hiking, bike and ski trails that link to Minnehaha Park and the Minnesota Valley National Wildlife Refuge. Canoe on Gun Club Lake, play golf, swim in Snelling Lake, or hike on Pike Island where the Mississippi and Minnesota rivers converge. Interpretive exhibits and films on display in the Thomas C. Savage Visitor Center give visitors a good background on the history and resources of the park and area. Trails also allow visitors to hike up to the historic Fort Snelling for a view of military life in the 1820s. This is a day-use only park; no camping is available.",state park
Franz Jevne State Park,Koochiching,118,1967,Rainy River,48.642240,-94.080410﻿,"Features scenic property on the Canada–United States border, donated by the sons of Franz Jevne, a lawyer, on the condition that the park be named after their father.[35]",,NA,NA,"Secluded and peaceful, this park offers picturesque views of Ontario and the Rainy River. Short paths and a boat launch offer access to the river for fishing, where anglers can catch walleye, northern, small mouth bass and sturgeon. Pitch a tent in the rustic campsites, equipped with pit toilets, and a hand pump for water. A picnic area overlooks Sault Rapids.",state park
Frontenac State Park,Goodhue,2226,1957,Lake Pepin on Mississippi River,44.5074677,-92.3262914﻿,Attracts 260 species of year-round and migrant birds with its variety of habitats. Includes a natural arch atop a 430-foot (130 m) bluff.[36],,https://stateparks.com/frontenac_state_park_in_minnesota.html,"29223 County 28 BoulevardFrontenac, Minnesota   55026","Located on the Mississippi River, Frontenac is a birdwatcher's paradise. It's one of the best spots in the country to view birds migrating in the spring and fall. More than 260 species of birds have been recorded here. No wonder: Lake Pepin's diverse habitats -- bluffland, prairie, floodplain forest and upland hardwood forest -- attract numerous warblers, hawks, waterfowl and shorebirds. Hikers and skiers enjoy spectacular views of this beautifully wooded river valley. Fishing, swimming and boat tours are all available nearby.",state park
Garden Island State Recreation Area,Lake of the Woods,715,1998,Lake of the Woods,49.175335,-94.834671﻿,"Comprises a nearly undeveloped island, 15 mi (24 km) from the closest mainland marinas, that once bore Native American gardens.[37]",,NA,NA,NA,NA
George H Crosby Manitou State Park,Lake,6200,1955,Manitou River,47.506018,-91.109045﻿,Contains undeveloped North Woods wilderness geared towards backpackers.[38],,https://stateparks.com/george_h_crosby_manitou_state_park_in_minnesota.html,"5702 Highway 61Silver Bay, Minnesota   55614","Come to this north-country wilderness park where waterfalls cascade through a volcanic canyon surrounded by majestic forest. The trails in the park are carved through a forest of fir, cedar, spruce, and northern hardwoods. Although the trails are steep and challenging for hikers and backpackers, they offer spectacular views. Secluded campsites are for backpackers only. Trout (brown, rainbow, and brook) and splake (a hybrid of brook and lake trout) reside in Benson Lake. Watch for moose, deer, bear, and wolves.",state park
Glacial Lakes State Park,Pope,1857,1963,Several kettle lakes,45.537461,-95.521983﻿,Preserves rolling tallgrass prairie amidst the glacial landforms of the Leaf Hills Moraines.[39],,https://stateparks.com/glacial_lakes_state_park_in_minnesota.html,"25022 County Road 41Starbuck, Minnesota   56381","Stand on top of the scenic glacial hills and experience the vast, open prairie which once dominated Minnesota. Wildflowers and prairie grasses blanket the landscape from spring through fall. Swim, fish or boat (electric motors only) in the fresh, clear waters of 56-acre Mountain Lake. A shady, spacious campground is available; horseback riders and backpack campers can camp at the trail center and at remote sites. Canoe rental available. A picnic area deck overlooks Mountain Lake.",state park
Glendalough State Park,Otter Tail,1924,1991,Six kettle lakes,46.3333333,-95.6666667﻿,"Developed from the former private retreat and game farm of the owners of the Star Tribune newspaper, with a heritage fishery of large game fish.[40]",,NA,NA,"Nestled in the transition zone between prairie and hardwood forest, Glendalough offers a true respite from civilization. Crystal clear Annie Battle Lake is a 335-acre, non-motorized ""Heritage Fishery"" that provides a tranquil fishing experience second to none. Special regulations sustain a steady supply of large sunfish, crappie, and the occasional walleye for the frying pan, and large bass for the camera. Near the pristine shores of this lake are a cart-in campground and canoe-in campsites, all free from the traffic and noise of traditional drive-in camping. Annie can also be the starting point for an exploration of the park by canoe or kayak on the connecting creeks. The restored historic Glendalough lodge on the north side of the lake details the park's history as a private retreat and game farm for the Minneapolis Tribune. A paved bike trail loop and numerous hiking trails, including two interpretive trails, meander along five lakes, through rich woods and blooming prairies. Wildlife abounds year-round, and there are many observation decks along the trails. Trails are groomed in winter for skiing and snowshoeing. Picnicking and swimming is available on two sandy lakes.",state park
Gooseberry Falls State Park,Lake,1741,1937,"Lake Superior, Gooseberry River",47.1468715,-91.4632289﻿,"Serves as the gateway to the scenic North Shore. Features five waterfalls, an agate beach, and a large district of CCC structures on the NRHP.[41][42]",,https://stateparks.com/gooseberry_falls_state_park_in_minnesota.html,"3206 Highway 61 EastTwo Harbors, Minnesota   55616","Gooseberry Falls is the gateway to the North Shore. It is known for its spectacular waterfalls, river gorge, Lake Superior shoreline, Civilian Conservation Corps log and stone structures, and north woods wildlife.Listen to the thunderous roar of the Upper, Middle and Lower Falls of the Gooseberry River, as it plummets through a rocky gorge. Watch for waves, ships, or the moon rise on Lake Superior from an ancient lava flow known as the Picnic Flow.Hike or ski to see the Fifth Falls through a forest of evergreens, aspen, and birch.Enjoy camping in modern campsites, picnicking, and relaxing along the Lake Superior shoreline or the Gooseberry River.To get the most out of your visit, stop by the Joseph N. Alexander Visitor Center where you can find park information, interpretive displays, a park video, Nature Store, and more. Or visit the Gateway Plaza for outdoor interpretive signs on area resources and history.",state park
Grand Portage State Park,Cook,278,1989,Pigeon River,48.0101633,-89.6120317﻿,"Features a 120-foot (37 m) waterfall, Minnesota's tallest, on the Canada–United States border. Co-managed with the Grand Portage Indian Reservation, the only state – tribal collaboration of a U.S. state park.[43]",,NA,NA,NA,NA
Great River Bluffs State Park,Winona,2122,1963,Mississippi River,43.9463526,-91.3993094﻿,Features 500-foot-high (150 m) bluffs and steep goat prairies. Formerly named O.L. Kipp State Park.[45],,https://stateparks.com/o_l_kipp_state_park_in_minnesota.html,NA,"This is beautiful bluff country! The park contains two Scientific and Natural Areas (SNAs), King's and Queen's Bluff. The King's Bluff trail offers a breathtaking view of the Mississippi River Valley. Bring your binoculars; the river valley is a major flyway for waterfowl, eagles, and hawks. Explore the diversity in this park: oak-hickory and maple-basswood forests, pine plantations, fields, and goat prairies offer visitors excellent hiking and a diversity of wildlife. Look for ruffed grouse, wild turkeys, coyotes, and many species of songbirds.",state park
Greenleaf Lake State Recreation Area,Meeker,1230,2004,Greenleaf and Sioux Lakes,45.01591,-94.46671﻿,In development and open for limited day-use recreation.[46],,NA,NA,NA,NA
Hayes Lake State Park,Roseau,2118,1967,"Hayes Lake, North Fork Roseau River",48.623309,-95.507753﻿,Provides fishing and swimming opportunities in an exclusively recreational reservoir free of agricultural runoff or water level fluctuations for irrigation or power generation.[4]: 250,,https://stateparks.com/hayes_lake_state_park_in_minnesota.html,"48990 County Road 4Roseau, Minnesota   56751","Some days it's just you, loons, and moose, while you traverse around Hayes Lake. Fed by the north fork of the Roseau River, the lake supports crappie, sunfish, and northerns. Birdwatchers have spotted over 200 species in or near the park. The summer is perfect to look for orchids, gentians, and blueberries (you can pick the berries, but not the flowers). Visitors also enjoy swimming and canoeing in the lake, along with camping. Trails for hiking, skiing, snowmobiling, and horseback riding connect with the Beltrami Island State Forest.",state park
Interstate State Park,Chisago,288,1895,St. Croix River,45.3949622,-92.6696521﻿,Created in conjunction with a state park in Wisconsin to protect a basalt gorge and glacial potholes.[47] Two districts of CCC and WPA structures are on the NRHP.[48],,https://stateparks.com/interstate_state_park_in_minnesota.html,"307 Milltown RoadTaylors Falls, Minnesota   55084","There is so much to do at Interstate State Park, located on the beautiful St. Croix River. Visitors can climb the cliffs of the St. Croix River Dalles, canoe the flatwater, watch kayakers rush through the rapids, or relax on a excursion boat. Spring brings a great diversity of wildflowers and in fall, the St. Croix River Valley forest is ablaze in the autumn colors of red, gold, and orange. The geology that formed this park intrigues visitors, and brings geologists from all over the world. At least 10 different lava flows are exposed in the park, along with two distinct glacial deposits, and traces of old streams valleys and faults. During the summer, hike the trails and explore the glacial potholes that make this park unique.",state park
Iron Range Off-Highway Vehicle State Recreation Area,St. Louis,1864,2002,Lake Ore-be-gone,47.48247,-92.44349﻿,Provides 36 miles (58 km) of trails for off highway vehicles.[49],,NA,NA,NA,NA
Itasca State Park,"Hubbard, Clearwater, and Becker",30553,1891,Lake Itasca,47.1974579,-95.2019642﻿,"Minnesota's oldest state park, which preserves the headwaters of the Mississippi River. The entire park and an individual archaeological site are on the NRHP, and a subsection is a National Natural Landmark.[50]",,https://stateparks.com/itasca_state_park_in_minnesota.html,"36750 Main Park DrivePark Rapids, Minnesota   56470","Established in 1891, Itasca is Minnesota's oldest state park. Today, the park totals more than 32,000 acres and includes more than 100 lakes. Walk across the mighty Mississippi as it starts its winding journey 2,552 miles to the Gulf of Mexico. Stand under towering pines at Preacher's Grove. Visit the Itasca Indian Cemetery or Wegmann's Cabin, landmarks of centuries gone by. Camp under the stars, or stay the night at the historic Douglas Lodge or cabins. Explore Wilderness Drive past the 2,000-acre Wilderness Sanctuary, one of Minnesota's seven National Natural Landmarks.",state park
Jay Cooke State Park,Carlton,8125,1915,Saint Louis River,46.6496646,-92.330748﻿,"Showcases a rocky, whitewater-strewn river churning through the North Woods.[51] Three districts of CCC and WPA structures and a long-used portage route are on the NRHP.[52]",,https://stateparks.com/jay_cooke_state_park_in_minnesota.html,"780 Highway 210Carlton, Minnesota   55718","Park trails link up to the Willard Munger State Trail at the north edge of the park; perfect for backpackers, bikers (both mountain and tour), hikers, horseback riders, and skiers. Check out the wildflowers in the spring, and the vivid colors in the fall. Walk on the swinging suspension bridge high above the raging St. Louis River. Visit the historic cemetery and the gorge at Thomson Dam.",state park
John A Latsch State Park,Winona,409,1925,Mississippi River,44.1619082,-91.8220997﻿,Features three steep river bluffs.[53],,https://stateparks.com/john_latsch_state_park_in_minnesota.html,"43605 Kipp DriveWinona, Minnesota   55987","John A. Latsch, a successful Winona businessman and founder of the Izaak Walton League, loved to fish in the waters of the Mississippi River below the bluffs of Faith, Hope, and Charity. Today, a half-mile hike up the deep ravine for a view from these peaks is well worth the effort. From this vantage point, visitors relish a grand and long view of the Mississippi River Valley, the green lush forest in the summer, and the colors in the fall.",state park
Judge C R Magney State Park,Cook,4323,1957,"Lake Superior, Brule River",47.8512799,-90.0584299﻿,"Contains the Devil's Kettle, a large glacial kettle into which half of the Brule River disappears.[54]",",[55]",https://stateparks.com/judge_c_r_magney_state_park_in_minnesota.html,"4051 East Highway 61Grand Marais, Minnesota   55604","Come for the quiet, the solitude, and the famous Devil's Kettle waterall. The most popular hike leads from the trailhead upstream along the Brule River to Devil's Kettle, where the river splits around a mass of volcanic rock. Half of the river plunges 50 feet into a pool, while the rest pours into a huge pothole. Anglers can catch brook and rainbow trout in the Brule River or its tributary, Gauthier Creek. The park offers camping, picnicking, hiking, and cross-country skiing.",state park
Kilen Woods State Park,Jackson,202,1945,Des Moines River,43.7266244,-95.0630473﻿,Preserves a riverside parcel of forested hills on the Coteau des Prairies.[56],,https://stateparks.com/killen_woods_state_park_in_minnesota.html,"50200 860th StreetLakefield, Minnesota   56150","For a quiet, relaxing time, hike the cool woodland trail which meanders along the tranquil Des Moines River, or enjoy the view of the river valley from Dinosaur Ridge Overlook. You'll find pleasant surprises as you explore small creeks, prairie grasslands, and oak savannas. Visitors enjoy camping, canoeing, fishing, picnicking and hiking. In the winter, enjoy tubing down the long, steep hill.",state park
La Salle Lake State Recreation Area,Hubbard,1000,2011,"Mississippi River, La Salle Lake",47.33719,-95.17061﻿,In development around the second-deepest lake in Minnesota.[57],,NA,NA,NA,NA
Lac qui Parle State Park,Lac qui Parle and Chippewa,897,1959,"Lac qui Parle, Minnesota and Lac qui Parle Rivers",45.0205141,-95.888921﻿,"Attracts thousands of migrating waterfowl, earning it the name ""Lake that Speaks.""[58] A district of WPA buildings is on the NRHP.[59]",,NA,NA,"Lac qui Parle is a French translation of the name given to the lake by the Dakota Indians who called it the ""lake that speaks."" If you visit in the spring or fall you'll understand why. The lake is a stop over for thousands of migratory Canada geese and other waterfowl. You'll hear a chorus of honking, quacking, and other vocalizations. Paddle the lake, or cast a line and catch walleye, northerns, perch, or crappie. Explore one of the trails by foot or horseback. Visit the historic Fort Renville and Lac qui Parle mission sites. While in the area, be sure to visit the 33,000 acre Lac qui Parle Wildlife Management Area.",state park
Lake Bemidji State Park,Beltrami,1653,1923,Lake Bemidji,47.5363413,-94.8227704﻿,Features a recreational lakeshore and a spruce-tamarack bog.[60] A district of CCC and National Youth Administration structures is on the NRHP.[61],,https://stateparks.com/lake_bemidji_state_park_in_minnesota.html,"3401 State Park Road NortheastBemidji, Minnesota   56601","This park is the perfect playground any time of year, offering visitors swimming, boating, fishing, birdwatching, hiking, camping, biking, picnicking, snowmobiling, cross-country skiing and year-around naturalist-led activities. Hikers can explore the beauty of a tamarack bog carpeted with showy lady's slippers, pitcher plants, dragon's mouth, grass pink, and insect-eating sundews. Most flowers are blooming in the bog during late spring and early summer.",state park
Lake Bronson State Park,Kittson,2806,1937,"Lake Bronson, South Branch Two Rivers",48.7247004,-96.6033741﻿,Features a reservoir created during a drought in the 1930s. A district of WPA structures is on the NRHP.[62],,https://stateparks.com/lake_bronson_state_park_in_minnesota.html,"28Lake Bronson, Minnesota   56734","From the observation tower in the park, view the prairie and aspen-oak forests or watch for deer, sharp-tailed grouse, moose and sandhill cranes. The South Branch of the Two Rivers fills Lake Bronson. The lake, which is actually a reservoir, offers visitors swimming, fishing, boating, great camping, and a tranquil backdrop for the picnic grounds. For those who prefer a prairie experience, one of the campground areas allows camping on the prairie. Trails for hiking, biking, cross-country skiing, and snowmobiling provide visitors with great recreation choices.",state park
Lake Carlos State Park,Douglas,1175,1937,Lake Carlos,45.9866293,-95.3278143﻿,Preserves diverse habitats from prairie to hardwood forest to tamarack bog in a transition zone.[63]  Two districts of WPA structures are on the NRHP.[64],,https://stateparks.com/lake_carlos_state_park_in_minnesota.html,"2601 County Road 38 NortheastCarlos, Minnesota   56319","Sculpted by ancient glaciers, Lake Carlos State Park contains a tamarack bog, marshes, woodland ponds, and lakes. A variety of recreational activities revolve around the lake. Clear and deep, Lake Carlos offers visitors a perfect setting for swimming, fishing, boating, camping, hiking and horseback riding. In the winter, ski from the tamarack bog to a maple-basswood forest.",state park
Lake Louise State Park,Mower,849,1963,"Lake Louise, Upper and Little Iowa Rivers",43.5335762,-92.5254538﻿,"Features a reservoir surrounded by oak savanna and patches of hardwood forest. Minnesota's oldest continuous recreation area, formerly a town park since the 1860s.[65]",,NA,NA,"Lake Louise lures hikers and horseback riders to its trails, which wind through open meadows and lush hardwoods. It also provides bicyclists with access to the paved Shooting Star State Trail, which bisects the park. A historic dam impounds the Upper Iowa and Little Iowa River, allowing for great paddling, swimming and fishing on Lake Louise. In addition, visitors swim, boat, or fish in Lake Louise. Hiking and horseback riding are also popular sports at this park. The lakeside picnic grounds and beach area draws visitors in the summer.",state park
Lake Maria State Park,Wright,1475,1963,Several kettle lakes,45.3138543,-93.9572003﻿,Provides a lightly developed wilderness area near Minneapolis – Saint Paul in a morainal landscape of Big Woods.[66],,https://stateparks.com/lake_maria_state_park_in_minnesota.html,"11411 Clementa Avenue NorthwestMonticello, Minnesota   55362","Visitors who come to Lake Maria State Park will enjoy one of the few remaining stands of the ""Big Woods,"" a maple, oak and basswood forest that once covered part of southern Minnesota.The park is perfect for hikers, backpackers, horseback riders, and cross-country skiers who enjoy the challenge of the rolling terrain. Take a stroll on the boardwalk which winds through a marsh.Backpack sites, located on remote lakes and ponds throughout the park, are just two miles from the trailhead parking lot. New log camper cabins, located near lakes and ponds, provide bunk beds for six people and a table and benches for campers who want more of the creature comforts.Lake Maria State Park is home to the Blandings turtle, easily identified by bright yellow spots on its shell. It is one of Minnesota's threatened species.",state park
Lake Shetek State Park,Murray County,1109,1937,Lake Shetek,44.1021838,-95.6900114﻿,Features remnants of pioneer history around the largest lake in southwestern Minnesota.[67]  Two districts of WPA structures are on the NRHP.[68],,NA,NA,"The word ""Shetek"" is Ojibwe for ""pelican,"" a bird which visits Lake Shetek during the summer and fall. The park contains the largest lake in southwestern Minnesota, which forms the headwaters of the Des Moines River. Expect great fishing for walleye, northern, crappie, and bullheads. Loon Island, a 45-acre island on Lake Shetek, is accessible on foot via a causeway and includes an interpretive trail. Visit the Koch Cabin and monument memorializing pioneer settlers. The park includes a swimming beach, boat launch, campgrounds and a scenic six-mile loop bicycle trail into the town of Currie. Boat, canoe, and kayak rentals are available.",state park
Lake Vermilion-Soudan Underground Mine State Park,St. Louis,2875,2010,Lake Vermilion,47.83471,-92.19812﻿,Recently purchased and in development on the fifth-largest lake in Minnesota.[69],,NA,NA,"Adventure abounds at Lake Vermilion-Soudan Underground Mine State Park! Tour the historic underground mine, take a boat out or cast a line on Lake Vermilion, or hike through acres of old growth pine forest. The addition of nearly 3,000 acres and five miles of Lake Vermilion shoreline in 2010 adds even more opportunities to experience the wonders of northern Minnesota.",state park
Maplewood State Park,Otter Tail,8127,1963,Several kettle lakes,46.5335703,-95.9492193﻿,Preserves a forest/prairie transition zone in the Leaf Hills Moraines.[70]  A Native American archaeological site is on the NRHP.,,https://stateparks.com/maplewood_state_park_in_minnesota.html,"39721 Park Entrance RoadPelican Rapids, Minnesota   56572","The maple forest turns brilliant shades of orange, gold, and red in the fall. Eight major lakes and many ponds offer water lovers places to swim, fish, boat, and simply relax. Lake Lida has a sandy beach and large picnic areas for visitors. Drive along the scenic route to observe the wildlife: the park is host to 150 bird species and 50 species of mammals. The extensive trail system attracts hikers, horseback riders, and cross-country skiers.",state park
McCarthy Beach State Park,St. Louis,1908,1945,Sturgeon and Side Lakes,47.6727068,-93.0301834﻿,Features a .5-mile-long (0.80 km) beach on an isthmus between two lakes.[71],,https://stateparks.com/mccarthy_beach_state_park_in_minnesota.html,"7622 McCarthy Beach RoadSide Lake, Minnesota   55781","Come to McCarthy Beach State Park and you'll remember the lakes. Dig your toes into the sandy beach on Sturgeon Lake, rated one of the top 17 beaches in North America by Highways' Magazine. Launch a boat to explore Side Lake and the four connected lakes of the Sturgeon chain. Hikers, cross-country skiers, and snowmobilers enjoy the scenic trails winding through stands of large red and white pines. For longer ventures, head out on the Taconite Trail for access to hundreds of miles of additional trails.",state park
Mille Lacs Kathio State Park,Mille Lacs,9786,1957,"Mille Lacs Lake, Rum River",46.1288485,-93.7405269﻿,Preserves 19 identified archaeological sites dating back 9000 years. The entire park is a National Historic Landmark and four sites are individually listed on the NRHP.[6][72],,https://stateparks.com/mille_lacs_kathio_state_park_in_minnesota.html,"15066 Kathio State Park RoadOnamia, Minnesota   56359","Mille Lacs Kathio State Park has so much to offer and discover. Its 9000 years of human history and archaeological significance has made it a National Historic Landmark. You can learn about its rich history and all of Kathio's other treasures at the Visitor Center located next to the picnic grounds.Kathio's visitors can experience several different styles of camping year-round or even ""rough it"" in one of our new heated Camper Cabins. You can climb the 100 ft. observation/fire tower and look across the majesty of Mille Lacs Lake. Take part in Kathio's extensive interpretive/nature programs or get out by yourself and hike on the park's varied trail system. Kathio has a wonderful swimming beach plus canoes or rowboats you can rent for a trip on the historic Rum River and Ogechie and Shakopee lakes.In the winter, visitors can cross-country ski on trails described as the best in Minnesota or take the family sledding on our popular sliding hill. You can ride on Kathio's 19-mile statewide Grant-In-Aid snowmobile trail system or ""take it down a couple of notches"" and snowshoe on nearly 7 miles of pristine trail that will take you to places you cannot see in any other fashion.Mille Lacs Lake is the source of the Rum River which flows through the park. It links three lakes near its headwaters on a trip down to the Mississippi River just over 140 miles away. Two of those lakes, Ogechie and Shakopee, fall within Kathio's borders and provide good fishing and canoeing or boating opportunities. The river, lakes and park trails offer visitors excellent opportunities to watch waterfowl, bald eagles, osprey, otter, beaver, loons, deer, bear, coyotes and many others.While you're at Mille Lacs Kathio, take some time to visit the Mille Lacs Indian Museum located just two miles north on US Hwy. 169. It is run by the Minnesota State Historical Society and exhibits the Mille Lacs area history from 1680 forward.",state park
Minneopa State Park,Blue Earth,1617,1905,"Minnesota River, Minneopa Creek",44.1621879,-94.1021803﻿,Showcases the largest waterfall in southern Minnesota. The 1864 Seppman Mill and a district of WPA structures are each on the NRHP.[73],,https://stateparks.com/minneopa_state_park_in_minnesota.html,"54497 Gadwall RoadMankato, Minnesota   56001","The word Minneopa comes from the Dakota language and is interpreted to mean ""water falling twice,"" referring to the beautiful waterfalls of the Minneopa Creek. Walk the trail which encircles the falls, leading down a limestone stairway to the valley below. Ascend the opposite side and enjoy a panoramic view of the valley which reveals the underlying geology of this area. Visit Seppmann Mill, a wind driven grist mill fashioned in German style from native stone and lumber, or hike through oak savanna and native prairie grasslands overlooking the scenic Minnesota River Valley.",state park
Minnesota Valley State Recreation Area,"Hennepin, Dakota, Scott, Carver, Sibley, and Le Sueur",6442,1969,Minnesota River,44.661999,-93.703337﻿,Comprises non-contiguous sections interspersed with units of the Minnesota Valley National Wildlife Refuge in the valley formed by Glacial River Warren.[74],,NA,NA,NA,NA
Monson Lake State Park,Swift,343,1937,Monson and West Sunberg Lakes,45.3205175,-95.2750235﻿,Established as a memorial to settlers who died in the Dakota War of 1862.[75] A district of CCC and WPA structures is on the NRHP.[76],,NA,NA,"Cast your line for walleye, northerns, bass, and sunfish in Monson Lake. Birdwatchers look for white pelicans, herons, western grebes, and songbirds in this 346 acre park with a diverse landscape of wetlands and hardwood forests. The park includes a quiet campground and wooded picnic area. Paddle the lake and take a short portage that leads from Monson Lake to West Sunburg Lake.",state park
Moose Lake State Park,Carlton,829,1971,Moosehead and Echo Lakes,46.436319,-92.72521﻿,Provides water recreation and an exhibit hall on Lake Superior agates (the state gemstone) and the geology of Minnesota.[77],,NA,NA,"Rolling hills surrounded by fields, woods, ponds and fishing lakes make this park popular for hikers, anglers, canoeists, swimmers and campers. Quiet Echo Lake is ideal for catching bass, northerns and panfish. The Willard Munger Trail is located two miles west of the park. The trail stretches for 60 miles from Hinckley to west Duluth.",state park
Myre-Big Island State Park,Freeborn,1578,1947,Albert Lea Lake,43.6238465,-93.2890959﻿,Features two islands with old growth hardwood forest since they were out of reach of prairie fires. Also houses one of the state's largest research collections of Native American artifacts.[78],,https://stateparks.com/helmer_myre_state_park_in_minnesota.html,NA,"This park has something for everyone. The trails take visitors around wet lowlands, oak savanna, and grasslands. Albert Lea Lake and park marshes draw hundreds of waterfowl during migration. Oak savanna and prairie landscape, including wetlands, dominate most of the park. One of the more unique aspects of the park is the 116-acre Big Island, covered with maple/basswood forest. Another is the glacial esker located in the northeast section of the park.",state park
Nerstrand Big Woods State Park,Rice,1646,1945,Prairie Creek,44.3452425,-93.1074337﻿,Preserves a remnant stand of Big Woods.[79],,https://stateparks.com/nerstrand_woods_state_park_in_minnesota.html,"9700 170th Street EastNerstrand, Minnesota   55053","Enjoy this park on foot, any season of the year. In the spring, the park is a wildflower garden where hepatica, bloodroot, Dutchman's breeches, and the dwarf trout lily bloom. The dwarf trout lily is only found here. Relax by Hidden Falls in the summer. The autumn brings a burst of red, orange, and gold in the maple-basswood forest, one of the last extensive stands of the ""Big Woods."" When winter comes, ski or snowmobile the trails through picturesque woods.",state park
Old Mill State Park,Marshall,287,1951,Middle River,48.361364,-96.5703288﻿,Features two mills and a log cabin from the late 19th Century.[80]  The Larson Mill and a district of WPA structures are each on the NRHP.[81],,https://stateparks.com/old_mill_state_park_in_minnesota.html,"33489 240th Avenue NorthwestArgyle, Minnesota   56713","A log cabin and a steam-powered flour mill at Old Mill State Park are bold landmarks from the past. The grist mill still gets fired up once a year to grind flour. The Middle River meanders through the park and visitors can see deer, beaver, and moose. Enjoy the prairie and the ever-changing parade of wildflowers along wooded trails. A swimming area, swinging bridge, picnic grounds, campground, and interpretive displays are popular among visitors.",state park
Red River State Recreation Area,Polk,104,1997,Red River of the North and Red Lake River,47.9327778,-97.0355556﻿,"Reclaims land devastated by the 1997 Red River flood as part of the Greater Grand Forks Greenway, which serves the dual purpose of holding back river waters during floods and providing recreational opportunities.[82]",,NA,NA,NA,NA
Rice Lake State Park,Steele and Dodge,712,1963,Rice Lake,44.0874639,-93.061315﻿,Surrounds a shallow lake which attracts migrating waterfowl.[83],,NA,NA,"Long ago, American Indians harvested wild rice from this lake where today, the shallow waters and marshy edges of Rice Lake attract many waterfowl during migrations. Rice Lake is a major wetland in the area. Visitors enjoy camping under the tall hardwoods, photographing spring wildflowers, picnicking, and birdwatching. For a more secluded camping experience, paddle across the lake and camp in a canoe campsite. Winter activities include cross-country skiing and snowmobiling on the trails.",state park
St Croix Islands State Recreation Area,Washington,25,1935,St. Croix River,45.08524,-92.78608﻿,Comprises five islands near the St. Croix Boom Site that came under state control but were never developed. Leased to the Saint Croix National Scenic Riverway.[4]: 318,,NA,NA,NA,NA
Saint Croix State Park,Pine,31775,1943,St. Croix River,45.9741154,-92.5835304﻿,Developed as a Recreational Demonstration Area by the CCC and the WPA to repurpose land too poor to farm. The entire park is a National Historic Landmark.[84],,https://stateparks.com/saint_croix_state_park_in_minnesota.html,"30065 St. Croix Park RoadHinckley, Minnesota   55037","Plan an extended visit to St. Croix. With over 34,000 acres and two great rivers: the Saint Croix River, a National Scenic Riverway, and the Kettle River, a State Wild and Scenic River, there's so much to do. Explore the rivers by canoe or with a fishing pole. Swim at Lake Clayton or climb a fire tower. The park has miles of trails for hikers, horseback riders, bicyclists, snowmobilers, and cross-country skiers. Campers can reserve drive-in, walk-in, backpack, and horseback campsites. Large groups can reserve the modern group centers or the primitive group camps.",state park
Sakatah Lake State Park,Le Sueur and Rice,810,1963,Sakatah Lake on the Cannon River,44.2210746,-93.5357792﻿,Features a transitional zone between prairie and Big Woods on a natural widening of the Cannon River.[85],,https://stateparks.com/sakatah_state_park_in_minnesota.html,"50499 Sakatah Lake State Park RoadWaterville, Minnesota   56096","Sakatah-Singing Hills State Trail runs through Sakatah Lake State Park and stretches 39 miles from Mankato to Faribault. The paved trail offers hikers, bikers, skiers, and snowmobilers beautiful scenery through Minnesota's hardwoods. Sakatah Lake, a natural widening of the Cannon River, lures canoeists to paddle the calm waters, and anglers to catch walleye, large mouth and white bass, northern pike, and panfish. Whatever the season, visitors enjoy camping and picnicking.",state park
Savanna Portage State Park,Aitkin and St. Louis,15277,1961,"East and West Savanna Rivers, numerous kettle lakes",46.8374455,-93.1566054﻿,Preserves a historically important and legendarily difficult 6-mile (9.7 km) portage over a continental divide between the watersheds of the Mississippi River and Lake Superior.[86] The portage is on the  NRHP.[6],,NA,NA,"Time slips by when you visit this park of the north. Walk the Savanna Portage Trail, a historic trail traveled by fur traders, Dakota and Ojibwe Indians, and explorers more than 200 years ago. Savanna Portage State Park has 15,818 acres of rolling hills, lakes, and bogs. The Continental Divide marks the great division of water: water to the west flows into the Mississippi River; water to the east runs into Lake Superior. Visitors can hike the Continental Divide Trail and see forested vistas. During the summer, visitors enjoy swimming at Loon Lake. Bike enthusiasts can pedal on roads, or on dirt trails designated for mountain bikes. With four fishing lakes and a river, its common for anglers to catch panfish, trout and bass. Come winter, this park offers snowmobilers approximately 32 miles of trails to explore.",state park
Scenic State Park,Itasca,2370,1921,Sandwick and Coon Lakes,47.7157733,-93.5629701﻿,Features pristine lakes and old-growth pines. Two districts of structures built by the first CCC state park camp in Minnesota are on the NRHP.[87],,https://stateparks.com/scenic_state_park_in_minnesota.html,"56956 Scenic Highway 7Bigfork, Minnesota   56628","With its pristine lakes, virgin pines, swimming beach, and nesting osprey, Scenic State Park is well deserving of its name. Here, visitors can hike the Chase Point Trail for hypnotic views of Coon and Sandwick Lakes and listen to the wind whistle through the the giant pines. The park's overnight facilities include campsites (boat-in, drive-in, backpack), and a guest house. The historic lodge houses interpretive displays.",state park
Schoolcraft State Park,Cass and Itasca,141,1959,Mississippi River,47.2249502,-93.7999449﻿,"Honors Henry Schoolcraft, who charted the origins of the Mississippi River with the Ojibwe guide Ozawindib. Preserves virgin pine forest that includes a white pine over 300 years old.[88]",,NA,NA,"This secluded north woods park is the perfect place to unwind. Quiet and peaceful, the trail system leads hikers through the virgin pine forest that includes a white pine more than 300 years old. Canoeists and anglers enjoy the gentle waters of the Mississippi River. A boat access, picnic area, canoe and drive-in campsites are available to visitors.",state park
Sibley State Park,Kandiyohi,2540,1919,Lake Andrew and other kettle lakes,45.3196867,-95.0230696﻿,"Honors Henry Hastings Sibley, the first governor of Minnesota, with a popular recreational lakeshore and a morainal landscape.[89]  A district of CCC structures is on the NRHP.[90]",,https://stateparks.com/sibley_state_park_in_minnesota.html,"800 Sibley Park Road NortheastNew London, Minnesota   56273","There is something for everyone at this popular west-central Minnesota State Park. Hike to Mount Tom, one of several high points in a 50-mile radius, and see a patchwork of forest, farmland, prairie knolls, and lakes. Summer visitors enjoy swimming, boating, and fishing on Lake Andrew. A canoe route invites adventurers to portage and canoe on Henschien Lake and Swan Lake. The park offers campgrounds, a modern group center, horseback camps, picnic area, and interpretive programs year-around.",state park
Split Rock Creek State Park,Pipestone,947,1937,Split Rock Lake,43.8980264,-96.3642032﻿,Features a recreational reservoir on the Coteau des Prairies.[91],,https://stateparks.com/split_rock_creek_state_park_in_minnesota.html,"336 50th AvenueJasper, Minnesota   56144","Swim, fish, or boat the waters of Split Rock Lake, the largest body of water in Pipestone County. The lake is the predominant feature of this park. Stop by the Beach Side Trail Center for an excellent vista and to discover more about the area. Seven miles north of the park is the famous Pipestone National Monument.",state park
Split Rock Lighthouse State Park,Lake,2112,1945,"Lake Superior, Split Rock River",47.1921472,-91.3929484﻿,"Surrounds the clifftop Split Rock Lighthouse, one of the most photographed lighthouses in the United States.[92] The lighthouse is a National Historic Landmark.",,https://stateparks.com/split_rock_lighthouse_state_park_in_minnesota.html,"3755 Split Rock Lighthouse RoadTwo Harbors, Minnesota   55616","This park is situated on the North Shore of Lake Superior. Perhaps best known for its historic lighthouse, this park offers numerous recreational opportunities. Visitors can cart-in their supplies to pristine campsites along Lake Superior. Scenic trails along the lake link up to the spectacular Superior Hiking Trail. Anglers cast their lines for lake trout, salmon, and brown trout. The rocky beach is perfect for skipping stones into Lake Superior.",state park
Temperance River State Park,Cook,1134,1957,"Lake Superior, Temperance and Cross Rivers",47.5543466,-90.8723722﻿,"Showcases the deep, narrow gorge of the Temperance River (so named for its lack of a ""bar"" at its mouth) and Carlton Peak, a rock climbing area.[93]",,https://stateparks.com/temperance_river_state_park_in_minnesota.html,"5702 Highway 61Silver Bay, Minnesota   55614","Take the trail that winds along the edge of the Temperance River gorge and enjoy the rushing waterfalls surrounded by pine, spruce, cedar and birch forests. The rapidly flowing river has cut deep potholes in and along the riverbed. Hike the trail to Hidden Falls or connect up with trails into the Superior National Forest and the Cross River Wayside. Visitors come to camp and picnic along the shore of Lake Superior. Winter brings cross-country skiers and snowmobilers to tackle the hilly terrain. Carlton Peak, a recent addition to the park, is popular with rock climbers and offers even more recreational opportunities to park visitors.",state park
Tettegouche State Park,Lake,8998,1979,Lake Superior and Baptism River,47.358806,-91.2640506﻿,"Encompasses the tallest waterfall within the state's borders, the iconic headlands of Palisade Head and Shovel Point, and a historic fishing camp which is on the NRHP.[94]",,https://stateparks.com/tettegouche_state_park_in_minnesota.html,"5702 Highway 61Silver Bay, Minnesota   55614","Come to Tettegouche for a great sense of the North Shore: the spectacular overlooks at Shovel Point; rocky, steep cliffs and inland bluffs; the cascading 60 ft. High Falls of the Baptism River; and the historic Tettegouche Camp where visitors can stay the night. This is a hiker's paradise with miles of trails that overlook the Sawtooth Mountains and wind down to inland lakes accessible only by foot. The Palisade Valley Unit features broad scenic vistas coupled with an expanse of multi-use, four-season trails. Two more trout lakes complement the fishing opportunities within the rest of the park. The park is also known for rock climbing opportunities and quality birdwatching in the spring, summer, and especially the fall.",state park
Whitewater State Park,Winona,1672,1919,Whitewater River,44.058297,-92.0587726﻿,Showcases a popular steep-sided river valley in the Driftless Area.[95] A large district of CCC and WPA structures is on the NRHP.[96],,https://stateparks.com/whitewater_state_park_in_minnesota.html,"19041 Highway 74Altura, Minnesota   55910","Picturesque limestone bluffs and deep ravines make Whitewater State Park a very popular southeastern park. The 2,700 acre park is an angler's paradise with brown, brook, and rainbow trout swimming in the spring-fed Whitewater River and Trout Run Creek. Visitors enjoy a sandy swimming beach, a year-round visitor center, easy-to-challenging hiking trails, camping, a group camp, and a modern group center. Come winter, enjoy cross-country skiing, snowshoeing, or stay at the group center in rustic, winterized cabins. All through the year, discover the natural and human history of the area at one of the many interpretive programs, visitor center exhibits or self-guided trails.",state park
Wild River State Park,Chisago,6574,1973,St. Croix River,45.5680159,-92.8757696﻿,Follows 18 miles (29 km) of one of the first waterways designated a National Wild and Scenic River.[97] A section of the Point Douglas to Superior Military Road is on the NRHP.[98],,https://stateparks.com/saint_croix_wild_river_state_park_in_minnesota.html,NA,"Wild River State Park is located along 18 miles of the beautiful St. Croix River. The park attracts people who enjoy camping, hiking, horseback riding, canoeing, interpretive programs, self-guided trails, and cross-country skiing and snowshoeing. Day visitors can enjoy a leisurely paddle down the St. Croix River from the Sunrise river access to the southern park river access. The park provides opportunities for semi-modern camping, group camping, equestrian camping, backpack camping, and canoe camping. Visitors who want modern amenities can reserve the guest house which provides a living room, dining room, kitchen, and fireplace. The park also has six camping cabins which include bunkbeds, a table, and benches. An all-season trail center is a great spot to relax after hiking or cross-country skiing on the 35-mile trail system. A visitor center with exhibits and environmental education programs is open year-round.
",state park
William O'Brien State Park,Washington,1783,1947,St. Croix River,45.2194109,-92.7660423﻿,Provides outdoor recreation opportunities near Minneapolis – Saint Paul.[99],,https://stateparks.com/william_obrien_state_park_in_minnesota.html,"16821 O'Brien TrailNorth Marine-on-St. Croix, Minnesota   55047","A great ""get away"" park only one hour from the Twin Cities, William O'Brien provides a beautiful setting for quality recreation along the banks of the St. Croix River. Hiking trails offer quiet exploration of the park's rolling, wooded hills. For anglers, the channels of the St. Croix have northerns, walleye, bass and trout. Ideal for canoeing, the river is also a migratory pathway that offers visitors an exciting diversity of sights and sounds. In the winter, snowshoeing, skiing and camping attract enthusiasts.",state park
Zippel Bay State Park,Lake of the Woods,2826,1959,Lake of the Woods,48.8638742,-94.8593862﻿,Provides water recreation and birdwatching opportunities on the shore of the country's sixth largest lake.[100],,https://stateparks.com/zippel_bay_state_park_in_minnesota.html,"3684 54th Avenue NorthwestWilliams, Minnesota   56686","After visiting Zippel Bay, you'll remember the sunsets, and the miles of white sand beach. The park is located on the shores of Lake of the Woods, one of the world's largest lakes. Because of its size, the lake freezes much later than most lakes and remains ice covered much later in the spring. In the spring hear the ice as it is stressed by wind and compression. During the winter, visitors will be treated to the intricate ice forms on rocks and the shore. The mood of the lake is always changing, from three-foot high crashing waves, approaching storms and lightening flashes, to an eerie stillness with faint sounds from a thousand raucous gulls, out of sight in the lakes interior. The 3,000-acre park offers a swimming beach on the big lake, a marina in Zippel Bay and stone jetty providing access to Lake of the Woods and safe passage off the lake. Watch for sandhill cranes and piping plovers. The park offers drive-in campsites and a group camp.",state park
Kadunce River State Park,NA,NA,NA,NA,NA,NA,NA,NA,https://stateparks.com/kadunce_river_state_park_in_minnesota.html,NA,NA,state park
Upper Sioux Agency State Park,NA,NA,NA,NA,NA,NA,NA,NA,https://stateparks.com/upper_sioux_agency_state_park_in_minnesota.html,"5908 Highway 67Granite Falls, Minnesota   56241","Upper Sioux Agency State Park contains the site of the Upper Sioux or Yellow Medicine Agency. The park was established in 1963 to preserve and interpret the remains of the old Agency site. The park covers 1,280 acres and offers diversity: open prairie knolls, bluffs, and cool, wooded slopes. From the vistas, visitors enjoy the trails which are ideal for horseback riding, hiking, skiing, and snowmobiling. The park also offers a huge sliding hill for winter fun.",state park
Badoura State Forest,NA,NA,NA,NA,NA,NA,NA,NA,https://stateparks.com/badoura_state_forest_in_minnesota.html,NA,"Badoura State Forest in Minnesota is a serene and diverse natural haven, encompassing an impressive 206,000 acres of picturesque landscapes. Its dense forests offer a breathtaking tapestry of towering pines, vibrant hardwoods, and fragrant wildflowers, providing a haven for a myriad of wildlife species. The forest is adorned with sparkling lakes that allure visitors with their crystal-clear waters and offer opportunities for peaceful fishing, boating, and swimming delights. Trails meander through the verdant wilderness, inviting hikers, bikers, and horseback riders to immerse themselves in the tranquility and discover hidden gems awaiting around every corner. With its untouched beauty and abundant recreational possibilities, Badoura State Forest captivates the hearts of nature enthusiasts and offers a sanctuary from the hustle and bustle of everyday life.",state forest
Battleground State Forest,NA,NA,NA,NA,NA,NA,NA,NA,https://stateparks.com/battleground_state_forest_in_minnesota.html,NA,"Battleground State Forest, located in Minnesota, is a natural oasis that captivates visitors with its pristine beauty and diverse ecosystem. Spanning over a vast area, it encompasses dense forests, rolling hills, and tranquil lakes, offering a sanctuary for outdoor enthusiasts and nature lovers alike. The forest's towering trees provide a habitat for numerous wildlife species, while its well-maintained trails lure hikers, bikers, and equestrians to immerse themselves in the wilderness. With its rich biodiversity, scenic landscapes, and peaceful ambiance, Battleground State Forest is a cherished haven that invites individuals to reconnect with nature and find solace in its remarkable serenity.",state forest
Bear Island State Forest,NA,NA,NA,NA,NA,NA,NA,NA,https://stateparks.com/bear_island_state_forest_in_minnesota.html,NA,"Bear Island State Forest is a pristine and sprawling wilderness located in northern Minnesota, encompassing over 30,000 acres of breathtaking natural beauty. With its dense forests, crystal-clear lakes, and meandering rivers, the forest is a haven for outdoor enthusiasts and nature lovers alike. Its diverse ecosystem supports an abundance of wildlife, including black bears, moose, white-tailed deer, and various bird species. Hiking trails wind through the forest, offering adventurers the chance to explore its secluded valleys, towering bluffs, and peaceful wetlands. Whether it's fishing, camping, birdwatching, or simply immersing oneself in the tranquility of nature, Bear Island State Forest is a serene and captivating destination for all who venture within its borders.",state forest
Beltrami Island State Forest,NA,NA,NA,NA,NA,NA,NA,NA,https://stateparks.com/beltrami_island_state_forest_in_minnesota.html,NA,"Beltrami Island State Forest, encompassing over 700,000 acres in northwest Minnesota, showcases the raw beauty of the Northwoods. The forest boasts an array of diverse habitats, including aspen, birch, and pine forests, vast wetlands, and sprawling peatlands. Its undulating landscape is intersected by meandering rivers and dotted with countless lakes. Beltrami Island State Forest offers outdoor enthusiasts ample opportunities for exploration, with miles of hiking trails, scenic waterways for canoeing and kayaking, and well-maintained campsites. Wildlife thrives in this captivating forest, allowing visitors to catch glimpses of deer, moose, black bears, and a variety of bird species. Whether you seek solitude among nature's tranquility or thrilling outdoor adventures, Beltrami Island State Forest provides a haven for all nature lovers.",state forest
Big Fork State Forest,NA,NA,NA,NA,NA,NA,NA,NA,https://stateparks.com/big_fork_state_forest_in_minnesota.html,NA,"The Big Fork State Forest, located in northern Minnesota, is renowned for its vast wilderness and picturesque landscapes. Stretching over 500,000 acres, this forest offers a diverse range of outdoor activities and stunning natural beauty. Bordered by the Little Fork River, the forest boasts numerous lakes and streams, making it a haven for fishing enthusiasts. Visitors can also explore the extensive network of trails that wind through the forest, perfect for hiking, biking, or wildlife spotting. With its dense forests, sparkling waters, and abundant wildlife, the Big Fork State Forest provides an idyllic retreat for nature lovers and outdoor enthusiasts seeking tranquility and adventure.",state forest
Birch Lake State Forest,NA,NA,NA,NA,NA,NA,NA,NA,https://stateparks.com/birch_lake_state_forest_in_minnesota.html,NA,"Birch Lake State Forest in Minnesota is a picturesque expanse of natural beauty, encompassing over 48,000 acres of forested land. Located in the heart of the state, this serene forest offers a diverse array of recreational activities, from hiking and biking on the well-maintained trails, to fishing and boating on the sparkling Birch Lake. Nature lovers will delight in the abundance of native flora and fauna, while camping enthusiasts can find solace in the rustic, secluded campsites scattered throughout the forest. With its tranquil atmosphere and stunning vistas, Birch Lake State Forest provides a perfect escape from the bustling city life, allowing visitors to truly reconnect with nature.",state forest
Blackduck State Forest,NA,NA,NA,NA,NA,NA,NA,NA,https://stateparks.com/blackduck_state_forest_in_minnesota.html,NA,"Located in the northern part of Minnesota, the Blackduck State Forest is a pristine wilderness area spread across thousands of acres, known for its abundant natural beauty. This enchanting forest is characterized by a diverse range of ecosystems, including lush forests of majestic pines, sprawling wetlands, picturesque lakes, and rolling hills. The serene atmosphere is punctuated by the melodious chirping of birds and the rustling of leaves as wildlife thrives within its bounds. With an extensive network of trails, it offers exceptional recreational opportunities for hiking, biking, camping, wildlife observation, and fishing. The Blackduck State Forest is a nature lover's paradise, providing a haven of tranquility and a connection to the rich natural heritage of Minnesota.",state forest
Bowstring State Forest,NA,NA,NA,NA,NA,NA,NA,NA,https://stateparks.com/bowstring_state_forest_in_minnesota.html,NA,"The Bowstring State Forest is a scenic woodland located in northern Minnesota that spans over 77,000 acres. This forest is characterized by its pristine lakes, rolling hills, and diverse mix of trees, including towering pines, birch, and maple. The area offers numerous recreational opportunities such as hiking, camping, and wildlife viewing, with an abundance of deer, grouse, and waterfowl. With its tranquil beauty and abundant natural resources, the Bowstring State Forest is a true oasis for outdoor enthusiasts and nature lovers alike.",state forest
Buena Vista State Forest,NA,NA,NA,NA,NA,NA,NA,NA,https://stateparks.com/buena_vista_state_forest_in_minnesota.html,NA,"Buena Vista State Forest, located in northern Minnesota, is a pristine and diverse natural sanctuary that spans over 6600 acres. With its towering old-growth pine trees, scenic water bodies, and abundant wildlife, this forest offers a serene escape into nature. Visitors can explore the numerous hiking trails, meander through the lush fern-covered forest floor, or enjoy a peaceful picnic by the clear and picturesque lakes. The forest is also popular among bird watchers, as it serves as a habitat for various bird species, including bald eagles and colorful warblers. With its tranquil atmosphere and untouched beauty, Buena Vista State Forest is a captivating destination for nature enthusiasts seeking solace in the heart of Minnesota.",state forest
Burntside State Forest,NA,NA,NA,NA,NA,NA,NA,NA,https://stateparks.com/burntside_state_forest_in_minnesota.html,NA,"Burntside State Forest, located in northeastern Minnesota, encompasses over 65,000 acres of diverse landscapes, making it a nature lover's paradise. This stunning forest boasts thick forests of towering pine and hardwoods, sparkling lakes, pristine river systems, and rolling hills, providing an ideal habitat for an array of wildlife species. Outdoor enthusiasts can indulge in activities such as hiking, camping, fishing, birdwatching, and hunting, while also enjoying scenic views and solitude in this serene and enchanting wilderness.",state forest
Chengwatana State Forest,NA,NA,NA,NA,NA,NA,NA,NA,https://stateparks.com/chengwatana_state_forest_in_minnesota.html,NA,"Chengwatana State Forest, located in east-central Minnesota, is a sprawling 33,000-acre woodland characterized by its diverse ecosystems and natural beauty. The forest boasts an enchanting mix of upland and lowland forests, scenic rivers, rolling hills, and crystal-clear lakes, creating a haven for wildlife and outdoor enthusiasts alike. Its abundant trails, ranging from easy strolls to more challenging hikes, provide opportunities for exploration and adventure, while its tranquil camping areas offer a serene retreat for those seeking to connect with nature. With its remarkable flora and fauna, captivating landscapes, and countless recreational prospects, Chengwatana State Forest caters to a wide range of interests, ensuring a memorable experience for all who visit.",state forest
Cloquet Valley State Forest,NA,NA,NA,NA,NA,NA,NA,NA,https://stateparks.com/cloquet_valley_state_forest_in_minnesota.html,NA,"The Cloquet Valley State Forest, located in northeastern Minnesota, is a picturesque natural haven teeming with lush forests, rolling hills, and pristine lakes. Spanning over 36,000 acres, this expansive forest offers diverse ecosystems, including old-growth pine stands, extensive wetlands, and hardwood forests. It provides ample opportunities for outdoor enthusiasts to immerse themselves in various recreational activities like hiking, camping, boating, fishing, and wildlife viewing. With its tranquil ambiance, abundant wildlife, and breathtaking landscapes, the Cloquet Valley State Forest is truly a nature lover's paradise in the heart of Minnesota.",state forest
Crow Wing State Forest,NA,NA,NA,NA,NA,NA,NA,NA,https://stateparks.com/crow_wing_state_forest_in_minnesota.html,"3124 State Park RoadBrainerd, Minnesota   56401","This is a nature lover's delight. Explore prairie, pine, and hardwood forests. View the Mississippi River from historic and picturesque ""Chippewa Lookout."" Novice canoeists can paddle the calm waters of the Crow Wing and Mississippi Rivers. Crow Wing is a park rich in cultural history. In this area, a frontier town emerged to serve the needs of travelers and traders. The town died when the railroad chose to cross the river at Brainerd. Walk through the site of the Old Crow Wing Village for a sense of history. The park still has a section of the famous Woods Trail, which served ox cart traffic that carried supplies between St. Paul and the Red River settlements.",state forest
D A R Memorial State Forest,NA,NA,NA,NA,NA,NA,NA,NA,https://stateparks.com/d_a_r_memorial_state_forest_in_minnesota.html,NA,"DAR State Forest was established in 1929 when the Daughters of the American Revolution (DAR) donated 1,020 acres to the Commonwealth. Almost 750 additional acres have been acquired since then, including Upper and Lower Highland Lakes.DAR offers a popular beach for swimming on Upper Highland Lake, and a shady picnic area. A group picnic pavilion can be reserved. The campground offers 50 campsites and a private beach. Wheelchair-accessible campsites are available and may be reserved. A group campsite is also available. Nonmotorized boats may be launched at ramps in both lakes. Ice fishing and skating are popular. More than 15 miles of marked trails wind through the woods, offering year-round opportunities for hiking and horseback riding. In winter these trails are popular with cross country skiers, snowshoers and snowmobilers.",state forest
Emily State Forest,NA,NA,NA,NA,NA,NA,NA,NA,https://stateparks.com/emily_state_forest_in_minnesota.html,NA,"The Emily State Forest, located in the heart of Minnesota, is a mesmerizing natural escape boasting an exquisite blend of dense woodlands, sparkling lakes, and rolling hills. Spanning over thousands of acres, this enchanting forest provides a sanctuary for diverse wildlife, such as deer, foxes, and songbirds, making it a haven for nature enthusiasts and avid birdwatchers alike. Its numerous hiking trails and well-maintained campsites offer opportunities for outdoor recreation and unforgettable adventures, while its serene atmosphere and scenic beauty create a perfect backdrop for peaceful contemplation and connection with the natural world.",state forest
Finland State Forest,NA,NA,NA,NA,NA,NA,NA,NA,https://stateparks.com/finland_state_forest_in_minnesota.html,NA,"The Finland State Forest, located in northeastern Minnesota, is a captivating natural haven that envelops visitors in its serene and pristine beauty. With its lush green forests, rolling hills, and sparkling lakes, this forest offers a truly immersive wilderness experience. The old-growth forests, abundant wildlife, and meandering trails invite nature enthusiasts to explore and reconnect with the outdoors. Whether fishing in its crystal-clear lakes, hiking through fragrant pine groves, or simply absorbing the peaceful ambiance, the Finland State Forest provides a tranquil escape from the hustle and bustle of everyday life, capturing the essence of Minnesota's breathtaking natural landscapes.",state forest
Fond du Lac State Forest,NA,NA,NA,NA,NA,NA,NA,NA,https://stateparks.com/fond_du_lac_state_forest_in_minnesota.html,NA,"Fond du Lac State Forest is a sprawling natural oasis nestled in the picturesque region of Minnesota. This forest offers an enchanting escape for nature lovers, with its diverse ecosystem and breathtaking landscapes. From towering trees to stunning bodies of water, the forest is teeming with an abundance of flora and fauna, inviting outdoor enthusiasts to explore its vast network of trails. Whether one seeks solitude, adventure, or simply a serene spot for relaxation, Fond du Lac State Forest promises to captivate with its serene ambiance and unparalleled beauty.",state forest
Foot Hills State Forest,NA,NA,NA,NA,NA,NA,NA,NA,https://stateparks.com/foot_hills_state_forest_in_minnesota.html,NA,"The Foot Hills State Forest in Minnesota is a serene and picturesque natural sanctuary, offering a stunning blend of rolling hills, dense forests, and clear lakes. With its vast expanse of over 22,000 acres, the forest provides ample opportunities for outdoor enthusiasts to indulge in a multitude of activities including hiking, biking, bird-watching, and fishing. As visitors traverse through the forest's well-marked trails, they are greeted by the enchanting sounds of birdsong and the rustling of leaves, creating a sense of tranquility that is unmatched. Whether one seeks solitude amidst the wilderness or seeks adventure through its scenic beauty, the Foot Hills State Forest provides an idyllic escape from the hustle and bustle of everyday life.",state forest
General C C Andrews State Forest,NA,NA,NA,NA,NA,NA,NA,NA,https://stateparks.com/general_c_c_andrews_state_forest_in_minnesota.html,NA,"The General C C Andrews State Forest, located in Minnesota, is a picturesque woodland area that showcases the region's remarkable natural beauty. Spanning over thousands of acres, this forest is characterized by dense forests of towering pine and hardwood trees, interspersed with tranquil lakes, meandering rivers, and rolling hills. It offers an ideal destination for nature enthusiasts, offering various recreational activities, including hiking, camping, fishing, and wildlife watching. Visitors can immerse themselves in the forest's peaceful ambiance, exploring its well-maintained trails, abundant wildlife, and breathtaking landscapes. The General C C Andrews State Forest is not just a scenic retreat but also serves as an essential ecosystem and a haven for countless plant and animal species, making it a true treasure of Minnesota's wilderness.",state forest
George Washington State Forest,NA,NA,NA,NA,NA,NA,NA,NA,https://stateparks.com/george_washington_state_forest_in_minnesota.html,NA,"The George Washington State Forest in Minnesota is a serene and enchanting natural wonderland that spans over thousands of acres. Lush with towering trees, tranquil lakes, and shimmering streams, it offers a peaceful retreat for nature enthusiasts and outdoor adventurers alike. From its picturesque hiking trails that weave through rolling hills to its abundant wildlife, including deer, birds, and small mammals, this forest provides a haven for those seeking solace and connection with the natural world. With its breathtaking beauty and sense of serenity, the George Washington State Forest is truly a hidden gem in the heart of Minnesota.",state forest
Golden Anniversary State Forest,NA,NA,NA,NA,NA,NA,NA,NA,https://stateparks.com/golden_anniversary_state_forest_in_minnesota.html,NA,"The Golden Anniversary State Forest in Minnesota is a serene and picturesque forested area spanning over thousands of acres. It offers a breathtaking natural landscape with towering trees, shimmering lakes, and rolling hills. Visitors can indulge in various recreational activities such as hiking, camping, fishing, and wildlife watching. The forest is renowned for its pristine beauty, showcasing an array of flora and fauna. With its peaceful ambiance, diverse ecosystems, and ample opportunities for outdoor adventures, the Golden Anniversary State Forest serves as a haven for nature enthusiasts and a perfect escape from the bustle of everyday life.",state forest
Grand Portage State Forest,NA,NA,NA,NA,NA,NA,NA,NA,https://stateparks.com/grand_portage_state_forest_in_minnesota.html,NA,"Torrents of wild water plummet 120 feet over the High Falls down to the Pigeon River in this park on the U.S. - Canadian border. The falls, the highest in the state, presented a serious obstacle to river travel, so a ""carrying place,"" or portage, was necessary. American Indians created the ancient nine-mile trail from Lake Superior to bypass the falls. This trail became known as ""The Grand Portage."" Today, visitors of all abilities can take a one-half mile trail and boardwalk to the falls overlook area. The park is designed for day use only and contains mixed hardwood-conifer forests and hiking trails along the banks of the Pigeon River. The spectacular scenery sets the stage for recreational opportunities that include hiking, photography, and picnicking. The park lies within the Grand Portage Indian Reservation and is bordered by Canada on the north and east. Lake Superior is about one mile east of the park.",state forest
Hill River State Forest,NA,NA,NA,NA,NA,NA,NA,NA,https://stateparks.com/hill_river_state_forest_in_minnesota.html,NA,"Hill River State Forest in Minnesota is a captivating natural haven with diverse landscapes and abundant wildlife. Stretching over vast acres, it showcases a fascinating mix of towering pine forests, serene marshes, and rugged hills, making it a perfect getaway for outdoor enthusiasts. This enchanting forest offers numerous recreational activities, including hiking, camping, fishing, and wildlife watching, allowing visitors to immerse themselves in the tranquil beauty of nature. With its pristine forests, sparkling rivers, and picturesque trails, Hill River State Forest promises an unforgettable experience amidst the breathtaking wilderness of Minnesota.",state forest
Huntersville State Forest,NA,NA,NA,NA,NA,NA,NA,NA,https://stateparks.com/huntersville_state_forest_in_minnesota.html,NA,"Huntersville State Forest, located in Minnesota, is a heaving expanse of natural beauty where moss-covered trees tower overhead and delicate wildflowers dot the forest floor. The forest enchants visitors with its tranquil atmosphere, offering countless opportunities for outdoor enthusiasts to explore and immerse themselves in its thriving ecosystem. Hiking through its winding trails, one can witness the diverse wildlife that calls this place home, from elusive deer to soaring birds. The Forest's diverse terrain includes picturesque wetlands, sparkling lakes, and babbling streams, making it a haven for fishing, boating, and other water-based activities. With its breathtaking scenery and serene ambiance, Huntersville State Forest holds a special place in the hearts of nature lovers seeking solace in the beauty of the great outdoors.",state forest
Isabella Lake State Forest,NA,NA,NA,NA,NA,NA,NA,NA,https://stateparks.com/isabella_lake_state_forest_in_minnesota.html,NA,"Isabella Lake State Forest, located in northeastern Minnesota, is a scenic wilderness area characterized by the serene beauty of Isabella Lake and its surrounding lush forest. The abundant wildlife, including moose, deer, and a variety of bird species, contributes to the forest's rich biodiversity. Visitors can immerse themselves in the tranquility of the area by camping, hiking, and fishing in Isabella Lake, known for its pristine waters and plentiful fish population. With its picturesque landscapes, Isabella Lake State Forest offers a tranquil retreat for nature enthusiasts seeking solace in the heart of Minnesota's wilderness.",state forest
Jeanette State Forest,NA,NA,NA,NA,NA,NA,NA,NA,https://stateparks.com/jeanette_state_forest_in_minnesota.html,NA,"Jeanette State Forest in Minnesota is a pristine natural oasis, characterized by its extensive woodlands, serene lakes, and diverse wildlife. Spanning across acres of picturesque landscape, this forest offers a captivating escape from the hustle and bustle of modern life. As you wander along its well-maintained trails, you'll be awed by the majestic pine and hardwood trees that blanket the forest, providing a sense of tranquility and connection with nature. The shimmering lakes scattered throughout the forest beckon visitors to engage in various recreational activities like fishing, boating, or simply enjoying a leisurely picnic by the water. Wildlife enthusiasts will be delighted by the chance to observe an array of animals, including deer, foxes, and a variety of bird species, in their natural habitat. The Jeanette State Forest is truly a hidden gem that invites exploration, relaxation, and a deeper appreciation for the beauty of the Minnesota wilderness.",state forest
Kabetogama State Forest,NA,NA,NA,NA,NA,NA,NA,NA,https://stateparks.com/kabetogama_state_forest_in_minnesota.html,NA,"The Kabetogama State Forest, located in northern Minnesota, is a vast wilderness area characterized by its stunning natural beauty and diverse ecosystems. Stretching across thousands of acres, the forest is home to pristine lakes, towering pine forests, and granite rock formations. Outdoor enthusiasts can explore the area through a network of trails, taking them on adventures of hiking, biking, and wildlife watching. The forest also offers excellent fishing opportunities and is renowned for its abundant populations of walleye, northern pike, and perch. Visitors can experience the tranquility of the forest by camping, boating, or simply immersing themselves in the peaceful ambiance. With its untouched wilderness and breathtaking landscapes, the Kabetogama State Forest is a haven for nature lovers seeking solace and adventure in the heart of Minnesota.",state forest
Koochiching State Forest,NA,NA,NA,NA,NA,NA,NA,NA,https://stateparks.com/koochiching_state_forest_in_minnesota.html,NA,"Koochiching State Forest, located in northern Minnesota, is a sprawling natural haven that encompasses over one million acres of diverse landscapes, offering visitors an extraordinary opportunity to immerse themselves in the beauty of the Northwoods. This vibrant forest is characterized by its thick stands of towering pines, graceful hardwoods, pristine lakes, and meandering rivers, providing a remarkable habitat for an array of plant and animal species, including deer, moose, black bears, and countless bird species. With its extensive network of trails, visitors can hike, bike, or horseback ride through the forest, discovering tranquil lakes and hidden waterfalls along the way. Whether one seeks solitude, adventure, or simply a connection with nature, the Koochiching State Forest offers an idyllic escape where one can truly embrace the serenity and splendor of Minnesota's wilderness.",state forest
Lake Insula State Forest,NA,NA,NA,NA,NA,NA,NA,NA,https://stateparks.com/lake_insula_state_forest_in_minnesota.html,NA,"Lake Insula State Forest is located in northern Minnesota and covers an area of approximately 15,000 acres. This forest is renowned for its stunning natural beauty, characterized by dense forests, sparkling lakes, and rolling hills. The mesmerizing Lake Insula, one of the largest lakes in the state forest, serves as the centerpiece and offers excellent opportunities for fishing, boating, and other water-related activities. With its diverse wildlife, including white-tailed deer, black bear, and numerous bird species, the forest is a haven for nature enthusiasts and a perfect destination for hiking, camping, and exploring the unspoiled wilderness.",state forest
Land O'Lakes State Forest,NA,NA,NA,NA,NA,NA,NA,NA,https://stateparks.com/land_olakes_state_forest_in_minnesota.html,NA,"The Land O'Lakes State Forest in Minnesota is a vast and diverse woodland encompassing over 118,000 acres of breathtaking natural beauty. From dense pine forests to tranquil lakes, this state forest offers a stunning landscape for outdoor enthusiasts and nature lovers alike. With a network of trails winding through the forest, visitors can explore the area on foot, bike, or horseback, immersing themselves in the serene surroundings. The forest also serves as a vital habitat for various wildlife species, making it a hotspot for birdwatching and wildlife spotting. With its abundant recreational opportunities and awe-inspiring scenery, the Land O'Lakes State Forest is a true haven for those seeking solace in Minnesota's wilderness.",state forest
Lyons State Forest,NA,NA,NA,NA,NA,NA,NA,NA,https://stateparks.com/lyons_state_forest_in_minnesota.html,NA,"Lyons State Forest, located in northern Minnesota, is a breathtaking woodland expanse characterized by its tranquil nature and diverse ecology. This vast forest is blessed with towering coniferous trees like white pines and red cedars, interspersed with beautiful patches of hardwoods. As one meanders through its tranquil trails, they will discover an abundance of wildlife, including deer, black bear, and a variety of bird species. The forest's pristine lakes, meandering rivers, and vibrant wildflower meadows further enhance its natural beauty, making it a true haven for outdoor enthusiasts seeking solace and adventure. With its rich biodiversity and picturesque landscapes, Lyons State Forest stands as a serene testament to the raw and unspoiled beauty of Minnesota's wilderness.",state forest
Minnesota Memorial Hardwood State Forest,NA,NA,NA,NA,NA,NA,NA,NA,https://stateparks.com/minnesota_memorial_hardwood_state_forest_in_minnesota.html,NA,"The Minnesota Memorial Hardwood State Forest is a beautiful and expansive woodland located in the eastern part of the state. It covers over 73,000 acres of land and is known for its diverse and flourishing hardwood trees, including oak, maple, and basswood. The forest serves as a memorial to the fallen soldiers of Minnesota and provides a serene and peaceful environment for visitors to explore and appreciate nature. It offers numerous outdoor recreational opportunities, such as hiking, birdwatching, and hunting, as well as camping facilities for those who wish to spend more time immersed in its natural beauty. With its picturesque landscapes and rich biodiversity, the Minnesota Memorial Hardwood State Forest is a true gem that showcases the state's commitment to honoring its heroes and preserving its environmental heritage.",state forest
Minnesota State Forest,NA,NA,NA,NA,NA,NA,NA,NA,https://stateparks.com/minnesota_state_forest_in_minnesota.html,NA,"The Minnesota State Forest is a sprawling expanse of dense woodlands and pristine ecosystems, encompassing over 4 million acres of land across the state. With its diverse array of towering pine and hardwood forests, sparkling lakes, and meandering rivers, the forest provides a haven for wildlife and offers a multitude of recreational opportunities. Hikers and nature enthusiasts can explore its numerous trails, while fishermen can cast their lines in its abundant lakes and streams. The forest is not only a sanctuary for nature lovers, but it is also a vital resource for the timber industry, providing sustainable lumber and supporting the local economy.",state forest
Mississippi Headwaters State Forest,NA,NA,NA,NA,NA,NA,NA,NA,https://stateparks.com/mississippi_headwaters_state_forest_in_minnesota.html,NA,"The Mississippi Headwaters State Forest in Minnesota encompasses a stunning landscape where the mighty Mississippi River begins its journey. This vast forest is characterized by its abundance of towering pine and hardwood trees, tranquil lakes, and winding rivers. It is a paradise for outdoor enthusiasts and nature lovers, offering a myriad of recreational activities such as hiking, camping, fishing, and boating. The state forest not only provides a picturesque backdrop for exploration, but also serves as an important habitat for numerous wildlife species, including deer, bear, wolves, and migratory birds. With its pristine wilderness and unparalleled beauty, the Mississippi Headwaters State Forest offers a serene and captivating escape for those seeking to embrace the natural wonders of Minnesota.",state forest
Nemadji State Forest,NA,NA,NA,NA,NA,NA,NA,NA,https://stateparks.com/nemadji_state_forest_in_minnesota.html,NA,"The Nemadji State Forest, located in eastern Minnesota, is a magnificent forested landscape encompassing over 92,000 acres of rolling hills, pristine rivers, and dense forests. Within this enchanting wilderness, visitors are treated to an array of recreational opportunities, including excellent opportunities for camping, hiking, hunting, fishing, and wildlife watching. The forest is characterized by its rich diversity of trees, such as towering pines, hardwoods, birch, and aspen, providing a stunning display of colors during the fall season. With its tranquil ambiance and abundant natural beauty, the Nemadji State Forest is truly a sanctuary for nature enthusiasts and a haven for those seeking solace in the embrace of Minnesota's wilderness.",state forest
Northwest Angle State Forest,NA,NA,NA,NA,NA,NA,NA,NA,https://stateparks.com/northwest_angle_state_forest_in_minnesota.html,NA,"The Northwest Angle State Forest in Minnesota is a breathtaking natural sanctuary that encompasses over 7,000 acres of pristine wilderness. Nestled at the northernmost point of the contiguous United States, this forest captivates visitors with its awe-inspiring beauty and incredible biodiversity. With dense forests, crystal-clear lakes, and meandering rivers, the Northwest Angle State Forest offers a tranquil retreat for outdoor enthusiasts. Hiking trails wind through the forest, leading explorers to various scenic viewpoints and hidden gems, while wildlife such as white-tailed deer, black bears, and bald eagles can often be spotted across the landscape. Whether it's fishing, camping, or birdwatching, this forest is a haven for nature lovers seeking serenity and adventure in the heart of Minnesota.",state forest
Pat Bayle State Forest,NA,NA,NA,NA,NA,NA,NA,NA,https://stateparks.com/pat_bayle_state_forest_in_minnesota.html,NA,"The Pat Bayle State Forest in Minnesota is a serene and picturesque natural haven that stretches over 50,000 acres of undulating terrain. With its lush rolling hills, dense forests, and sparkling lakes, it offers a perfect escape for nature enthusiasts and outdoor adventurers. The forest boasts an impressive array of wildlife, including deer, foxes, and a variety of bird species, making it an ideal destination for wildlife spotting and birdwatching. Visitors can explore the numerous well-maintained trails that wind through the forest, allowing for peaceful walks and hikes amidst the breathtaking scenery. Whether camping, fishing, or simply immersing oneself in the tranquility of nature, the Pat Bayle State Forest offers an unforgettable experience that encapsulates the true essence of Minnesota's natural beauty.",state forest
Paul Bunyan State Forest,NA,NA,NA,NA,NA,NA,NA,NA,https://stateparks.com/paul_bunyan_state_forest_in_minnesota.html,NA,"The Paul Bunyan State Forest, located in northern Minnesota, is a vast and diverse woodland encompassing over 430,000 acres. Known for its rugged beauty and rich natural resources, the forest showcases a picturesque landscape of towering pines, shimmering lakes, and meandering rivers. It offers a variety of recreational opportunities, from camping and hiking to hunting and fishing, attracting outdoor enthusiasts year-round. The extensive network of trails, including the famous Heartland and North Country Scenic Trails, invites visitors to explore the forest's hidden gems, while the abundant wildlife, including white-tailed deer, black bears, and a variety of bird species, offer unforgettable encounters with nature. With its serene and tranquil ambiance, the Paul Bunyan State Forest provides a sanctuary for those seeking solace in the wilderness, making it an idyllic destination for outdoor adventurers and nature lovers alike.",state forest
Pillsbury State Forest,NA,NA,NA,NA,NA,NA,NA,NA,https://stateparks.com/pillsbury_state_forest_in_minnesota.html,NA,"Pillsbury State Forest, located in central Minnesota, is a serene and picturesque natural haven that embodies the beauty of this region. Stretching across rolling hills, scenic lakes, and dense forests, the forest offers abundant opportunities for outdoor enthusiasts. Hiking and biking trails wind through the landscape, unveiling stunning views, while the sparkling lakes beckon visitors to enjoy fishing, swimming, and boating. The forest's diverse wildlife, including deer, birds, and small mammals, adds to the enchanting atmosphere, creating a sanctuary where one can connect with nature and relax in its tranquil embrace.",state forest
Pine Island State Forest,NA,NA,NA,NA,NA,NA,NA,NA,https://stateparks.com/pine_island_state_forest_in_minnesota.html,NA,"Pine Island State Forest in Minnesota is a captivating nature preserve characterized by its dense forests of towering pine trees that create a breathtaking natural landscape. Located in the southeastern part of the state, this tranquil sanctuary is known for its diverse wildlife and offers numerous recreational activities for outdoor enthusiasts. From hiking and biking trails winding through the verdant woods to picturesque lakes perfect for fishing and boating, Pine Island State Forest provides an ideal getaway for those seeking a peaceful and rejuvenating experience amidst the beauty of nature.",state forest
Red Lake State Forest,NA,NA,NA,NA,NA,NA,NA,NA,https://stateparks.com/red_lake_state_forest_in_minnesota.html,NA,"The Red Lake State Forest in Minnesota is a picturesque and diverse natural area that offers an enchanting experience for outdoor enthusiasts. Nestled amidst rolling hills, dense forests, and crystal-clear lakes, it provides a tranquil haven for recreational activities such as hiking, camping, fishing, and wildlife observation. With its vibrant foliage during fall, dazzling wildflower displays in spring, and a multitude of trails that wind through the forest, this pristine destination beckons visitors to immerse themselves in its captivating beauty and capture unforgettable moments with its abundant flora and fauna.",state forest
Remer State Forest,NA,NA,NA,NA,NA,NA,NA,NA,https://stateparks.com/remer_state_forest_in_minnesota.html,NA,"The Remer State Forest, located in northern Minnesota, is a pristine natural area known for its expansive wilderness and diverse ecosystems. It encompasses a vast expanse of forested land, with towering pine trees and dense undergrowth, providing a habitat for numerous species of wildlife. The forest is crisscrossed by crystal-clear lakes and winding rivers, offering visitors the opportunity to engage in various recreational activities such as fishing, boating, and canoeing. With its tranquil and serene ambiance, the Remer State Forest serves as a perfect retreat for nature lovers and outdoor enthusiasts, providing a picturesque backdrop for exploration and relaxation.",state forest
Richard J Dorer Memorial Hardwood State Forest,NA,NA,NA,NA,NA,NA,NA,NA,https://stateparks.com/richard_j_dorer_memorial_hardwood_state_forest_in_minnesota.html,55066,"This state forest features six recreational areas, seven campgrounds, and one day-use area. There really is something for everyone in this state forest.The RJD Memorial Hardwood Forest is located in southeastern Minnesota. This state forest includes bluffs of the Great River Road of the Mississippi River and a number state water trails. Cannon River, Mississippi River, Root River, Whitewater River, and Zumbro River state water trails are within the forest's boundaries.The best times to visit RJD Memorial Hardwood Forest is in the early spring when the spring ephemerals are in bloom and in the autumn for the fall colors. The DNR lists RJD Memorial Hardwood Forest as among the best places in the state for bird watching, motorized trail riding, horseback riding, and mountain biking.",state forest
Rum River State Forest,NA,NA,NA,NA,NA,NA,NA,NA,https://stateparks.com/rum_river_state_forest_in_minnesota.html,NA,"The Rum River State Forest in Minnesota is a tranquil and picturesque landscape, spanning over 4,000 acres of lush forested land. Nestled along the banks of the scenic Rum River, the state forest offers a diverse range of recreational opportunities for nature enthusiasts. With its beautiful trails, meandering rivers, and abundant wildlife, it provides an idyllic setting for hiking, biking, fishing, and birdwatching. The forest is characterized by an enchanting mix of mature oak, maple, and pine trees, creating a captivating atmosphere for those seeking solitude and natural beauty. Whether it's exploring the vast wilderness, enjoying a peaceful picnic by the river, or immersing in the wildlife wonders, the Rum River State Forest captivates visitors with its serene ambiance and captivating landscapes.",state forest
Saint Croix State Forest,NA,NA,NA,NA,NA,NA,NA,NA,https://stateparks.com/saint_croix_state_forest_in_minnesota.html,NA,"The Saint Croix State Forest, located in Minnesota, is a captivating natural refuge that encompasses over 34,000 acres of pristine wilderness. This enchanting forest is known for its abundant diversity of flora and fauna, with towering pine trees, shimmering lakes, and meandering rivers that create a picturesque landscape. With its serene atmosphere, the forest provides various opportunities for outdoor enthusiasts to indulge in activities like hiking, fishing, camping, and wildlife spotting. The Saint Croix State Forest offers a perfect retreat for nature lovers, inviting them to immerse themselves in its tranquil ambiance and bask in the beauty of its untouched surroundings.",state forest
Savanna State Forest,NA,NA,NA,NA,NA,NA,NA,NA,https://stateparks.com/savanna_state_forest_in_minnesota.html,NA,"The Savanna State Forest in Minnesota is a picturesque natural gem encompassing over 15,000 acres of prairie and oak savanna ecosystems. This diverse landscape offers a magnificent blend of grassy plains, scattered trees, and gently rolling hills, creating an idyllic setting for outdoor enthusiasts. Nature enthusiasts can explore the numerous trails that wind through the forest, providing opportunities for hiking, horseback riding, and biking. Additionally, the forest is a haven for birdwatchers, as it serves as a breeding ground for a variety of rare and endangered bird species. Whether one seeks tranquility amidst stunning natural beauty or thrilling adventures in the great outdoors, the Savanna State Forest presents an enchanting escape into Minnesota's wilderness.",state forest
Smokey Bear State Forest,NA,NA,NA,NA,NA,NA,NA,NA,https://stateparks.com/smokey_bear_state_forest_in_minnesota.html,NA,"The Smokey Bear State Forest, located in Minnesota, is a pristine and picturesque natural sanctuary spread across acres of diverse terrain. This forest is renowned for its dense evergreen forests, crystal-clear lakes, and winding trails that offer endless opportunities for outdoor recreation and exploration. With its tranquil atmosphere and abundant wildlife, visitors can relish in activities like hiking, camping, fishing, and wildlife watching. The Smokey Bear State Forest serves as a haven for nature enthusiasts and provides a harmonious escape from the hustle and bustle of everyday life.",state forest
Smoky Hills State Forest,NA,NA,NA,NA,NA,NA,NA,NA,https://stateparks.com/smoky_hills_state_forest_in_minnesota.html,NA,"The Smoky Hills State Forest in Minnesota is a breathtaking natural haven that boasts a diverse landscape of rolling hills and verdant forests. Its picturesque trails wind through dense woodlands, offering hikers and nature enthusiasts a chance to immerse themselves in the tranquility of the outdoors. The forest is characterized by its towering oak and maple trees, creating a vibrant display of colors during the fall season. Visitors can indulge in a multitude of recreational activities, including camping, fishing, and wildlife observation, spotting animals like white-tailed deer, foxes, and numerous bird species. With its serene ambiance, stunning vistas, and abundance of natural wonders, the Smoky Hills State Forest is an idyllic destination that captivates the hearts of all who explore its enchanting trails.",state forest
Snake River State Forest,NA,NA,NA,NA,NA,NA,NA,NA,https://stateparks.com/snake_river_state_forest_in_minnesota.html,NA,"The Snake River State Forest, located in Minnesota, is a pristine natural haven that offers a mesmerizing landscape of dense woods, tranquil riverbanks, and breathtaking waterfalls. This forest is renowned for its abundant wildlife, including a variety of snake species that find refuge here amidst the lush vegetation. Visitors can explore the numerous hiking trails that wind through the forest, providing a chance to immerse themselves in the serene beauty of this untouched wilderness. With its peaceful ambiance and stunning vistas, the Snake River State Forest offers a truly rejuvenating experience for nature enthusiasts and an opportunity to connect with the wonders of the great outdoors.",state forest
Solana State Forest,NA,NA,NA,NA,NA,NA,NA,NA,https://stateparks.com/solana_state_forest_in_minnesota.html,NA,"Solana State Forest is an enchanting expanse of natural beauty that captivates visitors with its serene atmosphere and diverse wildlife. This lush forest is characterized by towering conifers and deciduous trees, creating a kaleidoscope of vibrant colors throughout the year. The forest is home to numerous picturesque hiking trails, offering an opportunity for outdoor enthusiasts to immerse themselves in nature while exploring its hidden treasures.",state forest
Sturgeon River State Forest,NA,NA,NA,NA,NA,NA,NA,NA,https://stateparks.com/sturgeon_river_state_forest_in_minnesota.html,NA,"The Sturgeon River State Forest, located in northern Minnesota, is a breathtaking oasis of natural beauty. Stretching over 11,000 acres, this forest encompasses a diverse landscape of rolling hills, dense woodlands, and pristine riverbanks. It is best known for its namesake, the Sturgeon River, which winds its way through the forest, offering stunning views, excellent fishing opportunities, and even the chance to spot the majestic sturgeon fish. With its abundant wildlife, numerous hiking trails, and peaceful surroundings, the Sturgeon River State Forest provides a tranquil escape for nature lovers and outdoor enthusiasts alike.",state forest
Two Inlets State Forest,NA,NA,NA,NA,NA,NA,NA,NA,https://stateparks.com/two_inlets_state_forest_in_minnesota.html,NA,"Two Inlets State Forest, located in northern Minnesota, is a serene woodland oasis known for its pristine natural beauty and abundant recreational opportunities. Encompassing vast stretches of pine and hardwood forests, the forest is dotted with crystal-clear lakes, sparkling rivers, and lush wetlands, forming a diverse and picturesque landscape. Visitors can explore the forest's extensive network of hiking and biking trails, indulge in birdwatching, fishing, and wildlife spotting, or simply immerse themselves in the tranquility of the surroundings. With its unparalleled scenic vistas, rich biodiversity, and a sense of rustic charm, Two Inlets State Forest offers a captivating escape for outdoor enthusiasts seeking solace and rejuvenation amidst nature.",state forest
Wealthwood State Forest,NA,NA,NA,NA,NA,NA,NA,NA,https://stateparks.com/wealthwood_state_forest_in_minnesota.html,NA,"Wealthwood State Forest, located in northeastern Minnesota, is a captivating natural wonder with its lush forests, serene lakes, and diverse wildlife. Spanning over 30,000 acres, this enchanting destination offers abundant recreational opportunities for outdoor enthusiasts. The towering pines, vibrant flora, and picturesque landscapes make it a perfect setting for hiking, birdwatching, fishing, and camping. With its tranquil environment and scenic beauty, Wealthwood State Forest provides a peaceful escape for those seeking solace in nature's embrace.",state forest
Welsh Lake State Forest,NA,NA,NA,NA,NA,NA,NA,NA,https://stateparks.com/welsh_lake_state_forest_in_minnesota.html,NA,"Welsh Lake State Forest is a picturesque and tranquil forested area located in the northern part of Minnesota. This state forest spans over thousands of acres, featuring dense and diverse woodlands, pristine lakes, and charming meadows. With its rolling hills and abundant wildlife, it provides endless opportunities for outdoor enthusiasts to indulge in activities such as hiking, camping, fishing, and birdwatching. The forest's serene atmosphere, coupled with its well-maintained trails and scenic beauty, make it a perfect destination for nature lovers seeking solitude and peacefulness amidst the breathtaking landscapes of Minnesota.",state forest
White Earth State Forest,NA,NA,NA,NA,NA,NA,NA,NA,https://stateparks.com/white_earth_state_forest_in_minnesota.html,NA,"The White Earth State Forest, located in northwestern Minnesota, is a scenic expanse of natural beauty and wilderness. Spread over thousands of acres, it offers a diverse range of landscapes, including dense forests, rolling hills, and crystal-clear lakes. The forest is home to an abundance of wildlife, such as deer, black bears, and a variety of bird species. Visitors can enjoy a plethora of outdoor activities, such as hiking, fishing, camping, and hunting. With its tranquil atmosphere and stunning views, the White Earth State Forest provides an immersive escape into nature, allowing visitors to unwind and reconnect with the great outdoors.",state forest
Boekholt Grove Wildlife Mgmt. Area,NA,NA,NA,NA,NA,NA,NA,NA,https://stateparks.com/boekholt_grove_state_wildlife_management_area_in_minnesota.html,NA,NA,wildlife management area
Carlos Avery Wildlife Mgmt. Area,NA,NA,NA,NA,NA,NA,NA,NA,https://stateparks.com/carlos_avery_state_wildlife_management_area_in_minnesota.html,NA,"Carlos Avery WMA is Approximately 23,000 acres. It consists of about 2/3 wetland 1/3 upland and is managed primarily for Deer, Waterfowl and Turkeys. There are 20 Pools where water is actively managed to produce habitat for waterfowl.Very popular area for Bird Watching4,500 acres of the area are posted as Wildlife Sanctuary and closed to all trespassing.18 Wheelchair accessible blinds are available for use during the Turkey season or as part of a special Deer hunt conducted by Capable Partners.Trapping permits are required to trap any species on the WMA.",wildlife management area
Cooks Wildlife Mgmt. Area,NA,NA,NA,NA,NA,NA,NA,NA,https://stateparks.com/cooks_state_wildlife_management_area_in_minnesota.html,NA,NA,wildlife management area
Coon Lake Wildlife Mgmt. Area,NA,NA,NA,NA,NA,NA,NA,NA,https://stateparks.com/coon_lake_state_wildlife_management_area_in_minnesota.html,NA,NA,wildlife management area
Lac Qui Parle Wildlife Mgmt. Area,NA,NA,NA,NA,NA,NA,NA,NA,https://stateparks.com/lac_qui_parle_state_wildlife_management_area_in_minnesota.html,"14047 20th Street NorthwestWatson, Minnesota   56295","Lac qui Parle is a French translation of the name given to the lake by the Dakota Indians who called it the ""lake that speaks."" If you visit in the spring or fall you'll understand why. The lake is a stop over for thousands of migratory Canada geese and other waterfowl. You'll hear a chorus of honking, quacking, and other vocalizations. Paddle the lake, or cast a line and catch walleye, northerns, perch, or crappie. Explore one of the trails by foot or horseback. Visit the historic Fort Renville and Lac qui Parle mission sites. While in the area, be sure to visit the 27,000 acre Lac qui Parle Wildlife Management Area.",wildlife management area
Little Elk Wildlife Mgmt. Area,NA,NA,NA,NA,NA,NA,NA,NA,https://stateparks.com/little_elk_state_wildlife_management_area_in_minnesota.html,NA,NA,wildlife management area
Malardi Lake Wildlife Mgmt. Area,NA,NA,NA,NA,NA,NA,NA,NA,https://stateparks.com/malardi_lake_state_wildlife_management_area_in_minnesota.html,NA,NA,wildlife management area
Talcot Lake Wildlife Mgmt. Area,NA,NA,NA,NA,NA,NA,NA,NA,https://stateparks.com/talcot_lake_state_wildlife_management_area_in_minnesota.html,NA,NA,wildlife management area
Teiken-Dalve Wildlife Mgmt. Area,NA,NA,NA,NA,NA,NA,NA,NA,https://stateparks.com/teiken-dalve_state_wildlife_management_area_in_minnesota.html,NA,NA,wildlife management area
Voyageurs National Park,NA,NA,NA,NA,NA,NA,NA,NA,https://stateparks.com/voyageurs_national_park_in_minnesota.html,56649,"The park lies in the southern part of the Canadian Shield, representing some of the oldest exposed rock formations in the world. This bedrock has been shaped and carved by at least four periods of glaciation. The topography of the park is rugged and varied rolling hills are interspersed between bogs, beaver ponds, swamps, islands, small lakes and four large lakes. In the years since the last glaciation, a thin layer of soil has been created which supports the boreal forest ecosystem, the North Woods of Voyageurs National Park.This land is rich in human history. Named for the Voyageurs, French-Canadian canoe-men who traveled these waters in their birch-bark canoes from the Great Lakes to the interior of the western United States and Canada. Modern voyageurs continue to ply these waters. The water, accompanying scenery, geology and rich cultural and natural resources that give Voyageurs its national significance, merits its protection for the enjoyment of present and future generations.On the northern edge of Minnesota's border, 55 miles of the park meander along the Canadian border with Ontario. Voyageurs is about 15 miles east of International Falls, MN and 300 miles north of Minneapolis-St. Paul, MN.Voyageurs is a water based park. Access to the Kabetogama peninsula, the islands and nearly all of the park's shoreline is by watercraft. Free public boat ramps and parking are available at the park's visitor centers and at the Kabetogama State Forest Campgrounds.",national park
Chippewa National Forest,NA,NA,NA,NA,NA,NA,NA,NA,https://stateparks.com/chippewa_national_forest_in_minnesota.html,"3Cass Lake, Minnesota   56633","Located in northern Minnesota, lies the Chippewa National Forest.  The Forest boundary encompasses about 1.6 million acres, of which about 665,000 acres are managed by the USDA Forest Service.  Aspen, birch, pines, balsam fir, and maples blanket the rolling uplands of the forest.  In between, water is abundant, with over 700 lakes, 920 miles of rivers and streams, and 150,000 acres of wetlands.  The forest landscape is a reminder of the glaciers that blanketed northern Minnesota some 10,000 years ago.",national forest
Superior National Forest,NA,NA,NA,NA,NA,NA,NA,NA,https://stateparks.com/superior_national_forest_in_minnesota.html,"8901 Grand Avenue PlaceDuluth, Minnesota   55808","Located in northeastern Minnesota's arrowhead region, lies the Superior National Forest comprising three million acres.  The Forest spans 150 miles along the United States-Canadian border.  Here you can find recreation opportunities year round, including travel in the <A HREF=""http://www.superiornationalforest.org/bwcaw/""> Boundary Waters Canoe Area Wilderness </A>.",national forest
Agassiz National Wildlife Refuge,NA,NA,NA,NA,NA,NA,NA,NA,https://stateparks.com/agassiz_national_wildlife_refuge_in_minnesota.html,"7Middle River, Minnesota   56737","Agassiz National Wildlife Refuge is located in northwest Minnesota. Packs of wolves, moose, waterfowl, and   280 species of birds make this refuge a wildlife wonderland. The refuge, originally named Mud Lake Migratory   Waterfowl Refuge, was established in 1937 primarily for waterfowl production and maintenance. Located in   eastern Marshall County, the contiguous 61,500 acres are situated in the aspen parkland region of northwest   Minnesota. This area is a transition zone, where coniferous forests, tallgrass prairie, and the  prairie pothole region of the Red River Valley meet. The refuge lies in the bed of glacial Lake Agassiz, resulting   in a very flat terrain, and is dominated by expansive wetlands.     <P>A diversity of wildlife species inhabit the refuge, including 287 bird species, 49 mammals, 12 amphibians,   and nine reptiles. A large Franklin's gull colony of approximately 20,000 breeding pairs is located on the   refuge. Agassiz is one of only a few refuges with resident packs of gray wolves in the lower 48 states. The   resident moose herd of approximately 100 animals has long attracted refuge visitors from many states and   countries. In 1976, 4,000 acres of the refuge were designated a Wilderness Area. Each year over 20,000 visitors   enjoy wildlife viewing on Agassiz Refuge's self-guided auto tour route and hiking trails.    <P>Historically, this area was a paradise for waterfowl and other wildlife.  In 1910, in an effort to improve farming operations, an extensive drainage project was approved by Marshall County. By 1933, approximately one million dollars had been spent trying to drain the Mud Lake area. Farming proved unsuccessful.  Marshall County become so tax delinquent that the State Legislature protected the County from bankruptcy but, in return, retained the right to use the lands for conservation purposes. The State negotiated the land transfer to the National Wildlife Refuge System in 1937.     <P>Today, Agassiz is composed of 40,100 acres of wetlands, 10,000 acres of shrublands, 7,000 acres of forestland, 4250 acres of grassland, and 150 acres of cropland. The Wilderness Area encompasses one of the most westerly extensions of black spruce-tamarack bog in Minnesota.  Two lakes in the area were formed by deep peat fires which occurred prior to settlement of the area. <P>",wildlife refuge
Mille Lacs National Wildlife Refuge,NA,NA,NA,NA,NA,NA,NA,NA,https://stateparks.com/mille_lacs_national_wildlife_refuge_in_minnesota.html,NA,"Mille Lacs National Wildlife Refuge was established in 1915 and is known as the smallest refuge in the National Wildlife Refuge System.  The refuge is comprised of two small islands (0.57 acres total) over a mile from shore on Lake Mille Lacs in north-central Minnesota. The islands are boulder and gravel outcrops important for colonial nesting birds, including common terns, ring-billed and herring gulls, and double-crested cormorants. The refuge harbors one of only four common tern breeding colonies (a state threatened species) in Minnesota.     <P>The refuge is managed by staff at the Rice Lake National Wildlife Refuge. <P>",wildlife refuge
Minnesota Valley National Wildlife Refuge,NA,NA,NA,NA,NA,NA,NA,NA,https://stateparks.com/minnesota_valley_national_wildlife_refuge_in_minnesota.html,"3815 East 80th St.Bloomington, Minnesota   55425","Minnesota Valley National Wildlife Refuge is located within the urban and suburban areas of Minneapolis and St. Paul.  It is a green belt of large marsh areas bordered by office buildings, highways, residential areas, and grain terminals. The refuge is comprised of eight linear units totaling approximately 12,500 acres, spanning 34 miles of the Minnesota River.    <P>Refuge habitats include riverine wetlands, fens, seeps, floodplain forests, oak savannas and forest, and native grasslands. More than 250 species of birds use the area at some time during the year, including nesting bald eagles and peregrine falcons. The avian diversity is complemented by at least fifty species of mammals and thirty species of reptiles and amphibians.     <P>The focal point of the refuge is the Visitor Center, which features 8,000 square feet of exhibit space, a 125-seat auditorium, two multi-purpose classrooms, a bookstore, an art gallery, and an observation deck. Environmental education and interpretation are conducted from this facility. Recreational activities include hiking, biking, cross-country skiing, hunting, and fishing. <P>",wildlife refuge
Rice Lake National Wildlife Refuge,NA,NA,NA,NA,NA,NA,NA,NA,https://stateparks.com/rice_lake_national_wildlife_refuge_in_minnesota.html,"36289 State Highway 65McGregor, Minnesota   55760","The 18,064-acre Rice Lake National Wildlife Refuge was established in 1935 and is located in the scenic forest and bog area of northern Minnesota. Visitors can enjoy a range of habitats, including lake, river, bog and hardwood forest.     <P>The Refuge's history centers around the 4,500-acre Rice Lake which, for thousands of years, has supplied an abundant wild rice crop. Each fall, the bountiful rice attracts hundreds of thousands of waterfowl, as well as American Indians who harvest it using traditional methods. Rice Lake is known for its tremendous number of ring-necked ducks.  Because of the high concentrations of migratory birds, Rice Lake Refuge has been designated as a Globally Important Bird Area by the American Birding Association.     <P>Refuge wildlife includes black bear, gray wolf, bobcat, and songbirds.  The refuge is a destination for winter birders looking for northern owls. In its early years, the refuge housed a resident Civilian Conservation Corps Camp, whose members built many of the facilities.     <P>The 2,045-acre Sandstone Unit of Rice Lake National Wildlife Refuge was acquired in 1970 through a land exchange with the U.S. Department of Justice. Sandstone is located in central Minnesota, in an area once known for expanses of towering white pine forests. Today, visitors enjoy a rustic and natural setting that includes a portion of the Wild and Scenic Kettle River. Birders will find plentiful neo-tropical migrants in the spring and fall. Sandstone's wildlife includes black bear, sandhill cranes, white-tailed deer and songbirds.     <P>The one-half-acre Mille Lacs National Wildlife Refuge, located in Mille Lacs Lake, is also administered from Rice Lake Refuge. <P>",wildlife refuge
Sherburne National Wildlife Refuge,NA,NA,NA,NA,NA,NA,NA,NA,https://stateparks.com/sherburne_national_wildlife_refuge_in_minnesota.html,"17076 293rd Ave.Zimmerman, Minnesota   55398","Sherburne National Wildlife Refuge is located in the St. Francis River Valley, which is known as one of the  finest wildlife areas in the state.  The wildlife value of the valley was severely reduced in the early 1900s,  when the area was drained for agriculture.  Congress established this 30,600-acre refuge in 1965 with  Federal Migratory Bird Hunting Stamp (Duck Stamp) funds. Land acquisition continued for the next decade.  Restoration of wetlands was completed in the mid-1980s, and upland restoration is on-going.     <P>With 23 impoundments and numerous natural lakes and wetlands, the refuge provides habitat for a variety of waterfowl, wading/water birds, and bald eagles. White-tailed deer, eastern bluebirds, gopher snakes, and other species associated with oak savanna and prairie habitats benefit from upland management.  The refuge is a major greater sandhill crane nesting and staging area.     <P>The flat-to-gently-rolling topography of the refuge lies within the transition zone of two major ecosystems - deciduous hardwood forest and tallgrass prairie. There are approximately 14,000 acres of wetlands and natural lakes, 8,000 acres grassland openings, 8,000 acres of woodlands and oak savanna, and 35 river miles on the St. Francis River. <P>",wildlife refuge
Tamarac National Wildlife Refuge,NA,NA,NA,NA,NA,NA,NA,NA,https://stateparks.com/tamarac_national_wildlife_refuge_in_minnesota.html,"35704 County Highway 26Rochert, Minnesota   56578","Tamarac National Wildlife Refuge covers 42,724 acres and lies in the glacial lake country of northwestern Minnesota in Becker County, 18 miles northeast of Detroit Lakes.  It was established in 1938 as a refuge breeding ground for migratory birds and other wildlife. Refuge topography consists of rolling forested hills interspersed with lakes, rivers, marshes, and shrub swamps. Vegetation is diverse due to the refuge's location in the transition zone between northern hardwood and coniferous forests. Historically, the tallgrass prairie extended into the refuge.    <P>Refuge wildlife consists of over 258 species of birds and 50 species of mammals. Bald eagles are common with up to 23 pairs producing as many as 33 young in recent years. Moose and timber wolves are seen occasionally.     <P>The northern half of Tamarac lies within the original White Earth Chippewa Indian Reservation Boundary.   Between 1890 and 1930, the refuges original stands of red and white pine were logged.  Settlers followed, but farming never achieved much prominence due to the thick forest, marginal soils and numerous wetlands.  Early refuge development was achieved by a Conservation Corps camp in the 1930s and further enhanced in the 1960s by a Job Corps Center.    <P>The Tamarac Wetland Management District is also managed out of this office.  Service staff oversee nine conservation easements, totaling 2,880 acres, in Clearwater and Cass counties.  Staff assist private landowners with managing their properties to benefit migrating and nesting waterfowl.  Technical assistance for wildlife projects is also provided to interested landowners. <P>",wildlife refuge
Grand pPortage State Park,NA,NA,NA,NA,NA,NA,NA,NA,NA,NA,"Torrents of wild water plummet 120 feet over the High Falls down to the Pigeon River in this park on the U.S. - Canadian border. The falls, the highest in the state, presented a serious obstacle to river travel, so a ""carrying place,"" or portage, was necessary. American Indians created the ancient nine-mile trail from Lake Superior to bypass the falls. This trail became known as ""The Grand Portage."" Today, visitors of all abilities can take a one-half mile trail and boardwalk to the falls overlook area. The park is designed for day use only and contains mixed hardwood-conifer forests and hiking trails along the banks of the Pigeon River. The spectacular scenery sets the stage for recreational opportunities that include hiking, photography, and picnicking. The park lies within the Grand Portage Indian Reservation and is bordered by Canada on the north and east. Lake Superior is about one mile east of the park.",state park
