"Park name","System","Implementing agency","Unit type","Core park","Week start","Weekly vehicle visits","Data source"
"Appleton OHV Park","Eligible for Greater Minnesota Designation","Eligible Greater MN","Eligible Regional Park",FALSE,2017-11-27,140,"Imputed"
"Appleton OHV Park","Eligible for Greater Minnesota Designation","Eligible Greater MN","Eligible Regional Park",FALSE,2017-12-04,140,"Imputed"
"Appleton OHV Park","Eligible for Greater Minnesota Designation","Eligible Greater MN","Eligible Regional Park",FALSE,2017-12-11,105,"Biweekly StreetLight"
"Appleton OHV Park","Eligible for Greater Minnesota Designation","Eligible Greater MN","Eligible Regional Park",FALSE,2017-12-18,217,"Weekly StreetLight"
"Appleton OHV Park","Eligible for Greater Minnesota Designation","Eligible Greater MN","Eligible Regional Park",FALSE,2017-12-25,182,"Imputed"
"Appleton OHV Park","Eligible for Greater Minnesota Designation","Eligible Greater MN","Eligible Regional Park",FALSE,2018-01-01,182,"Imputed"
"Appleton OHV Park","Eligible for Greater Minnesota Designation","Eligible Greater MN","Eligible Regional Park",FALSE,2018-01-08,182,"Imputed"
"Appleton OHV Park","Eligible for Greater Minnesota Designation","Eligible Greater MN","Eligible Regional Park",FALSE,2018-01-15,161,"Imputed"
"Appleton OHV Park","Eligible for Greater Minnesota Designation","Eligible Greater MN","Eligible Regional Park",FALSE,2018-01-22,161,"Imputed"
"Appleton OHV Park","Eligible for Greater Minnesota Designation","Eligible Greater MN","Eligible Regional Park",FALSE,2018-01-29,140,"Imputed"
"Appleton OHV Park","Eligible for Greater Minnesota Designation","Eligible Greater MN","Eligible Regional Park",FALSE,2018-02-05,154,"Imputed"
"Appleton OHV Park","Eligible for Greater Minnesota Designation","Eligible Greater MN","Eligible Regional Park",FALSE,2018-02-12,175,"Imputed"
"Appleton OHV Park","Eligible for Greater Minnesota Designation","Eligible Greater MN","Eligible Regional Park",FALSE,2018-02-19,105,"Biweekly StreetLight"
"Appleton OHV Park","Eligible for Greater Minnesota Designation","Eligible Greater MN","Eligible Regional Park",FALSE,2018-02-26,210,"Weekly StreetLight"
"Appleton OHV Park","Eligible for Greater Minnesota Designation","Eligible Greater MN","Eligible Regional Park",FALSE,2018-03-05,245,"Biweekly StreetLight"
"Appleton OHV Park","Eligible for Greater Minnesota Designation","Eligible Greater MN","Eligible Regional Park",FALSE,2018-03-12,490,"Weekly StreetLight"
"Appleton OHV Park","Eligible for Greater Minnesota Designation","Eligible Greater MN","Eligible Regional Park",FALSE,2018-03-19,84,"Biweekly StreetLight"
"Appleton OHV Park","Eligible for Greater Minnesota Designation","Eligible Greater MN","Eligible Regional Park",FALSE,2018-03-26,161,"Weekly StreetLight"
"Appleton OHV Park","Eligible for Greater Minnesota Designation","Eligible Greater MN","Eligible Regional Park",FALSE,2018-04-02,252,"Imputed"
"Appleton OHV Park","Eligible for Greater Minnesota Designation","Eligible Greater MN","Eligible Regional Park",FALSE,2018-04-09,175,"Biweekly StreetLight"
"Appleton OHV Park","Eligible for Greater Minnesota Designation","Eligible Greater MN","Eligible Regional Park",FALSE,2018-04-16,350,"Weekly StreetLight"
"Appleton OHV Park","Eligible for Greater Minnesota Designation","Eligible Greater MN","Eligible Regional Park",FALSE,2018-04-23,875,"Weekly StreetLight"
"Appleton OHV Park","Eligible for Greater Minnesota Designation","Eligible Greater MN","Eligible Regional Park",FALSE,2018-04-30,259,"Weekly StreetLight"
"Appleton OHV Park","Eligible for Greater Minnesota Designation","Eligible Greater MN","Eligible Regional Park",FALSE,2018-05-07,126,"Weekly StreetLight"
"Appleton OHV Park","Eligible for Greater Minnesota Designation","Eligible Greater MN","Eligible Regional Park",FALSE,2018-05-14,385,"Weekly StreetLight"
"Appleton OHV Park","Eligible for Greater Minnesota Designation","Eligible Greater MN","Eligible Regional Park",FALSE,2018-05-21,511,"Weekly StreetLight"
"Appleton OHV Park","Eligible for Greater Minnesota Designation","Eligible Greater MN","Eligible Regional Park",FALSE,2018-05-28,308,"Weekly StreetLight"
"Appleton OHV Park","Eligible for Greater Minnesota Designation","Eligible Greater MN","Eligible Regional Park",FALSE,2018-06-04,931,"Weekly StreetLight"
"Appleton OHV Park","Eligible for Greater Minnesota Designation","Eligible Greater MN","Eligible Regional Park",FALSE,2018-06-11,1393,"Weekly StreetLight"
"Appleton OHV Park","Eligible for Greater Minnesota Designation","Eligible Greater MN","Eligible Regional Park",FALSE,2018-06-18,77,"Biweekly StreetLight"
"Appleton OHV Park","Eligible for Greater Minnesota Designation","Eligible Greater MN","Eligible Regional Park",FALSE,2018-06-25,154,"Weekly StreetLight"
"Appleton OHV Park","Eligible for Greater Minnesota Designation","Eligible Greater MN","Eligible Regional Park",FALSE,2018-07-02,329,"Weekly StreetLight"
"Appleton OHV Park","Eligible for Greater Minnesota Designation","Eligible Greater MN","Eligible Regional Park",FALSE,2018-07-09,490,"Weekly StreetLight"
"Appleton OHV Park","Eligible for Greater Minnesota Designation","Eligible Greater MN","Eligible Regional Park",FALSE,2018-07-16,161,"Weekly StreetLight"
"Appleton OHV Park","Eligible for Greater Minnesota Designation","Eligible Greater MN","Eligible Regional Park",FALSE,2018-07-23,329,"Weekly StreetLight"
"Appleton OHV Park","Eligible for Greater Minnesota Designation","Eligible Greater MN","Eligible Regional Park",FALSE,2018-07-30,2261,"Weekly StreetLight"
"Appleton OHV Park","Eligible for Greater Minnesota Designation","Eligible Greater MN","Eligible Regional Park",FALSE,2018-08-06,133,"Weekly StreetLight"
"Appleton OHV Park","Eligible for Greater Minnesota Designation","Eligible Greater MN","Eligible Regional Park",FALSE,2018-08-13,203,"Biweekly StreetLight"
"Appleton OHV Park","Eligible for Greater Minnesota Designation","Eligible Greater MN","Eligible Regional Park",FALSE,2018-08-20,399,"Weekly StreetLight"
"Appleton OHV Park","Eligible for Greater Minnesota Designation","Eligible Greater MN","Eligible Regional Park",FALSE,2018-08-27,2135,"Weekly StreetLight"
"Appleton OHV Park","Eligible for Greater Minnesota Designation","Eligible Greater MN","Eligible Regional Park",FALSE,2018-09-03,490,"Weekly StreetLight"
"Appleton OHV Park","Eligible for Greater Minnesota Designation","Eligible Greater MN","Eligible Regional Park",FALSE,2018-09-10,329,"Weekly StreetLight"
"Appleton OHV Park","Eligible for Greater Minnesota Designation","Eligible Greater MN","Eligible Regional Park",FALSE,2018-09-17,329,"Weekly StreetLight"
"Appleton OHV Park","Eligible for Greater Minnesota Designation","Eligible Greater MN","Eligible Regional Park",FALSE,2018-09-24,490,"Weekly StreetLight"
"Appleton OHV Park","Eligible for Greater Minnesota Designation","Eligible Greater MN","Eligible Regional Park",FALSE,2018-10-01,140,"Weekly StreetLight"
"Appleton OHV Park","Eligible for Greater Minnesota Designation","Eligible Greater MN","Eligible Regional Park",FALSE,2018-10-08,896,"Biweekly StreetLight"
"Appleton OHV Park","Eligible for Greater Minnesota Designation","Eligible Greater MN","Eligible Regional Park",FALSE,2018-10-15,1792,"Weekly StreetLight"
"Appleton OHV Park","Eligible for Greater Minnesota Designation","Eligible Greater MN","Eligible Regional Park",FALSE,2018-10-22,140,"Weekly StreetLight"
"Appleton OHV Park","Eligible for Greater Minnesota Designation","Eligible Greater MN","Eligible Regional Park",FALSE,2018-10-29,602,"Imputed"
"Appleton OHV Park","Eligible for Greater Minnesota Designation","Eligible Greater MN","Eligible Regional Park",FALSE,2018-11-05,504,"Imputed"
"Appleton OHV Park","Eligible for Greater Minnesota Designation","Eligible Greater MN","Eligible Regional Park",FALSE,2018-11-12,357,"Imputed"
"Appleton OHV Park","Eligible for Greater Minnesota Designation","Eligible Greater MN","Eligible Regional Park",FALSE,2018-11-19,147,"Biweekly StreetLight"
"Appleton OHV Park","Eligible for Greater Minnesota Designation","Eligible Greater MN","Eligible Regional Park",FALSE,2018-11-26,287,"Weekly StreetLight"
"Appleton OHV Park","Eligible for Greater Minnesota Designation","Eligible Greater MN","Eligible Regional Park",FALSE,2018-12-03,861,"Weekly StreetLight"
"Appleton OHV Park","Eligible for Greater Minnesota Designation","Eligible Greater MN","Eligible Regional Park",FALSE,2018-12-10,497,"Imputed"
"Appleton OHV Park","Eligible for Greater Minnesota Designation","Eligible Greater MN","Eligible Regional Park",FALSE,2018-12-17,343,"Imputed"
"Appleton OHV Park","Eligible for Greater Minnesota Designation","Eligible Greater MN","Eligible Regional Park",FALSE,2018-12-24,168,"Imputed"
"Appleton OHV Park","Eligible for Greater Minnesota Designation","Eligible Greater MN","Eligible Regional Park",FALSE,2018-12-31,35,"Biweekly StreetLight"
"Appleton OHV Park","Eligible for Greater Minnesota Designation","Eligible Greater MN","Eligible Regional Park",FALSE,2019-01-07,63,"Weekly StreetLight"
"Appleton OHV Park","Eligible for Greater Minnesota Designation","Eligible Greater MN","Eligible Regional Park",FALSE,2019-01-14,84,"Imputed"
"Appleton OHV Park","Eligible for Greater Minnesota Designation","Eligible Greater MN","Eligible Regional Park",FALSE,2019-01-21,112,"Imputed"
"Appleton OHV Park","Eligible for Greater Minnesota Designation","Eligible Greater MN","Eligible Regional Park",FALSE,2019-01-28,105,"Biweekly StreetLight"
"Appleton OHV Park","Eligible for Greater Minnesota Designation","Eligible Greater MN","Eligible Regional Park",FALSE,2019-02-04,210,"Weekly StreetLight"
"Appleton OHV Park","Eligible for Greater Minnesota Designation","Eligible Greater MN","Eligible Regional Park",FALSE,2019-02-11,175,"Imputed"
"Appleton OHV Park","Eligible for Greater Minnesota Designation","Eligible Greater MN","Eligible Regional Park",FALSE,2019-02-18,154,"Imputed"
"Appleton OHV Park","Eligible for Greater Minnesota Designation","Eligible Greater MN","Eligible Regional Park",FALSE,2019-02-25,112,"Imputed"
"Appleton OHV Park","Eligible for Greater Minnesota Designation","Eligible Greater MN","Eligible Regional Park",FALSE,2019-03-04,70,"Imputed"
"Appleton OHV Park","Eligible for Greater Minnesota Designation","Eligible Greater MN","Eligible Regional Park",FALSE,2019-03-11,63,"Imputed"
"Appleton OHV Park","Eligible for Greater Minnesota Designation","Eligible Greater MN","Eligible Regional Park",FALSE,2019-03-18,35,"Biweekly StreetLight"
"Appleton OHV Park","Eligible for Greater Minnesota Designation","Eligible Greater MN","Eligible Regional Park",FALSE,2019-03-25,77,"Weekly StreetLight"
"Appleton OHV Park","Eligible for Greater Minnesota Designation","Eligible Greater MN","Eligible Regional Park",FALSE,2019-04-01,63,"Weekly StreetLight"
"Appleton OHV Park","Eligible for Greater Minnesota Designation","Eligible Greater MN","Eligible Regional Park",FALSE,2019-04-08,259,"Weekly StreetLight"
"Appleton OHV Park","Eligible for Greater Minnesota Designation","Eligible Greater MN","Eligible Regional Park",FALSE,2019-04-15,651,"Weekly StreetLight"
"Appleton OHV Park","Eligible for Greater Minnesota Designation","Eligible Greater MN","Eligible Regional Park",FALSE,2019-04-22,329,"Weekly StreetLight"
"Appleton OHV Park","Eligible for Greater Minnesota Designation","Eligible Greater MN","Eligible Regional Park",FALSE,2019-04-29,553,"Weekly StreetLight"
"Appleton OHV Park","Eligible for Greater Minnesota Designation","Eligible Greater MN","Eligible Regional Park",FALSE,2019-05-06,483,"Weekly StreetLight"
"Appleton OHV Park","Eligible for Greater Minnesota Designation","Eligible Greater MN","Eligible Regional Park",FALSE,2019-05-13,427,"Weekly StreetLight"
"Appleton OHV Park","Eligible for Greater Minnesota Designation","Eligible Greater MN","Eligible Regional Park",FALSE,2019-05-20,1092,"Weekly StreetLight"
"Appleton OHV Park","Eligible for Greater Minnesota Designation","Eligible Greater MN","Eligible Regional Park",FALSE,2019-05-27,1085,"Weekly StreetLight"
"Appleton OHV Park","Eligible for Greater Minnesota Designation","Eligible Greater MN","Eligible Regional Park",FALSE,2019-06-03,504,"Weekly StreetLight"
"Appleton OHV Park","Eligible for Greater Minnesota Designation","Eligible Greater MN","Eligible Regional Park",FALSE,2019-06-10,945,"Weekly StreetLight"
"Appleton OHV Park","Eligible for Greater Minnesota Designation","Eligible Greater MN","Eligible Regional Park",FALSE,2019-06-17,609,"Weekly StreetLight"
"Appleton OHV Park","Eligible for Greater Minnesota Designation","Eligible Greater MN","Eligible Regional Park",FALSE,2019-06-24,448,"Weekly StreetLight"
"Appleton OHV Park","Eligible for Greater Minnesota Designation","Eligible Greater MN","Eligible Regional Park",FALSE,2019-07-01,329,"Weekly StreetLight"
"Appleton OHV Park","Eligible for Greater Minnesota Designation","Eligible Greater MN","Eligible Regional Park",FALSE,2019-07-08,224,"Weekly StreetLight"
"Appleton OHV Park","Eligible for Greater Minnesota Designation","Eligible Greater MN","Eligible Regional Park",FALSE,2019-07-15,329,"Weekly StreetLight"
"Appleton OHV Park","Eligible for Greater Minnesota Designation","Eligible Greater MN","Eligible Regional Park",FALSE,2019-07-22,1106,"Weekly StreetLight"
"Appleton OHV Park","Eligible for Greater Minnesota Designation","Eligible Greater MN","Eligible Regional Park",FALSE,2019-07-29,350,"Weekly StreetLight"
"Appleton OHV Park","Eligible for Greater Minnesota Designation","Eligible Greater MN","Eligible Regional Park",FALSE,2019-08-05,693,"Weekly StreetLight"
"Appleton OHV Park","Eligible for Greater Minnesota Designation","Eligible Greater MN","Eligible Regional Park",FALSE,2019-08-12,833,"Weekly StreetLight"
"Appleton OHV Park","Eligible for Greater Minnesota Designation","Eligible Greater MN","Eligible Regional Park",FALSE,2019-08-19,371,"Weekly StreetLight"
"Appleton OHV Park","Eligible for Greater Minnesota Designation","Eligible Greater MN","Eligible Regional Park",FALSE,2019-08-26,2128,"Weekly StreetLight"
"Appleton OHV Park","Eligible for Greater Minnesota Designation","Eligible Greater MN","Eligible Regional Park",FALSE,2019-09-02,868,"Weekly StreetLight"
"Appleton OHV Park","Eligible for Greater Minnesota Designation","Eligible Greater MN","Eligible Regional Park",FALSE,2019-09-09,336,"Weekly StreetLight"
"Appleton OHV Park","Eligible for Greater Minnesota Designation","Eligible Greater MN","Eligible Regional Park",FALSE,2019-09-16,1113,"Weekly StreetLight"
"Appleton OHV Park","Eligible for Greater Minnesota Designation","Eligible Greater MN","Eligible Regional Park",FALSE,2019-09-23,245,"Weekly StreetLight"
"Appleton OHV Park","Eligible for Greater Minnesota Designation","Eligible Greater MN","Eligible Regional Park",FALSE,2019-09-30,322,"Weekly StreetLight"
"Appleton OHV Park","Eligible for Greater Minnesota Designation","Eligible Greater MN","Eligible Regional Park",FALSE,2019-10-07,483,"Weekly StreetLight"
"Appleton OHV Park","Eligible for Greater Minnesota Designation","Eligible Greater MN","Eligible Regional Park",FALSE,2019-10-14,700,"Weekly StreetLight"
"Appleton OHV Park","Eligible for Greater Minnesota Designation","Eligible Greater MN","Eligible Regional Park",FALSE,2019-10-21,322,"Weekly StreetLight"
"Appleton OHV Park","Eligible for Greater Minnesota Designation","Eligible Greater MN","Eligible Regional Park",FALSE,2019-10-28,105,"Weekly StreetLight"
"Appleton OHV Park","Eligible for Greater Minnesota Designation","Eligible Greater MN","Eligible Regional Park",FALSE,2019-11-04,56,"Weekly StreetLight"
"Appleton OHV Park","Eligible for Greater Minnesota Designation","Eligible Greater MN","Eligible Regional Park",FALSE,2019-11-11,581,"Weekly StreetLight"
"Appleton OHV Park","Eligible for Greater Minnesota Designation","Eligible Greater MN","Eligible Regional Park",FALSE,2019-11-18,56,"Weekly StreetLight"
"Appleton OHV Park","Eligible for Greater Minnesota Designation","Eligible Greater MN","Eligible Regional Park",FALSE,2019-11-25,56,"Weekly StreetLight"
"Appleton OHV Park","Eligible for Greater Minnesota Designation","Eligible Greater MN","Eligible Regional Park",FALSE,2019-12-02,112,"Imputed"
"Appleton OHV Park","Eligible for Greater Minnesota Designation","Eligible Greater MN","Eligible Regional Park",FALSE,2019-12-09,84,"Imputed"
"Appleton OHV Park","Eligible for Greater Minnesota Designation","Eligible Greater MN","Eligible Regional Park",FALSE,2019-12-16,35,"Imputed"
"Appleton OHV Park","Eligible for Greater Minnesota Designation","Eligible Greater MN","Eligible Regional Park",FALSE,2019-12-23,21,"Biweekly StreetLight"
"Appleton OHV Park","Eligible for Greater Minnesota Designation","Eligible Greater MN","Eligible Regional Park",FALSE,2019-12-30,42,"Weekly StreetLight"
"Appleton OHV Park","Eligible for Greater Minnesota Designation","Eligible Greater MN","Eligible Regional Park",FALSE,2020-01-06,70,"Imputed"
"Appleton OHV Park","Eligible for Greater Minnesota Designation","Eligible Greater MN","Eligible Regional Park",FALSE,2020-01-13,84,"Biweekly StreetLight"
"Appleton OHV Park","Eligible for Greater Minnesota Designation","Eligible Greater MN","Eligible Regional Park",FALSE,2020-01-20,168,"Weekly StreetLight"
"Appleton OHV Park","Eligible for Greater Minnesota Designation","Eligible Greater MN","Eligible Regional Park",FALSE,2020-01-27,119,"Imputed"
"Appleton OHV Park","Eligible for Greater Minnesota Designation","Eligible Greater MN","Eligible Regional Park",FALSE,2020-02-03,105,"Imputed"
"Appleton OHV Park","Eligible for Greater Minnesota Designation","Eligible Greater MN","Eligible Regional Park",FALSE,2020-02-10,91,"Imputed"
"Appleton OHV Park","Eligible for Greater Minnesota Designation","Eligible Greater MN","Eligible Regional Park",FALSE,2020-02-17,42,"Biweekly StreetLight"
"Appleton OHV Park","Eligible for Greater Minnesota Designation","Eligible Greater MN","Eligible Regional Park",FALSE,2020-02-24,84,"Weekly StreetLight"
"Appleton OHV Park","Eligible for Greater Minnesota Designation","Eligible Greater MN","Eligible Regional Park",FALSE,2020-03-02,147,"Weekly StreetLight"
"Appleton OHV Park","Eligible for Greater Minnesota Designation","Eligible Greater MN","Eligible Regional Park",FALSE,2020-03-09,294,"Weekly StreetLight"
"Appleton OHV Park","Eligible for Greater Minnesota Designation","Eligible Greater MN","Eligible Regional Park",FALSE,2020-03-16,539,"Biweekly StreetLight"
"Appleton OHV Park","Eligible for Greater Minnesota Designation","Eligible Greater MN","Eligible Regional Park",FALSE,2020-03-23,1078,"Weekly StreetLight"
"Appleton OHV Park","Eligible for Greater Minnesota Designation","Eligible Greater MN","Eligible Regional Park",FALSE,2020-03-30,1449,"Weekly StreetLight"
"Appleton OHV Park","Eligible for Greater Minnesota Designation","Eligible Greater MN","Eligible Regional Park",FALSE,2020-04-06,2135,"Weekly StreetLight"
"Appleton OHV Park","Eligible for Greater Minnesota Designation","Eligible Greater MN","Eligible Regional Park",FALSE,2020-04-13,2863,"Weekly StreetLight"
"Appleton OHV Park","Eligible for Greater Minnesota Designation","Eligible Greater MN","Eligible Regional Park",FALSE,2020-04-20,1736,"Weekly StreetLight"
"Appleton OHV Park","Eligible for Greater Minnesota Designation","Eligible Greater MN","Eligible Regional Park",FALSE,2020-04-27,1197,"Weekly StreetLight"
"Appleton OHV Park","Eligible for Greater Minnesota Designation","Eligible Greater MN","Eligible Regional Park",FALSE,2020-05-04,742,"Weekly StreetLight"
"Appleton OHV Park","Eligible for Greater Minnesota Designation","Eligible Greater MN","Eligible Regional Park",FALSE,2020-05-11,1673,"Weekly StreetLight"
"Appleton OHV Park","Eligible for Greater Minnesota Designation","Eligible Greater MN","Eligible Regional Park",FALSE,2020-05-18,1869,"Weekly StreetLight"
"Appleton OHV Park","Eligible for Greater Minnesota Designation","Eligible Greater MN","Eligible Regional Park",FALSE,2020-05-25,2219,"Weekly StreetLight"
"Appleton OHV Park","Eligible for Greater Minnesota Designation","Eligible Greater MN","Eligible Regional Park",FALSE,2020-06-01,1393,"Weekly StreetLight"
"Appleton OHV Park","Eligible for Greater Minnesota Designation","Eligible Greater MN","Eligible Regional Park",FALSE,2020-06-08,1533,"Weekly StreetLight"
"Appleton OHV Park","Eligible for Greater Minnesota Designation","Eligible Greater MN","Eligible Regional Park",FALSE,2020-06-15,1064,"Weekly StreetLight"
"Appleton OHV Park","Eligible for Greater Minnesota Designation","Eligible Greater MN","Eligible Regional Park",FALSE,2020-06-22,833,"Weekly StreetLight"
"Appleton OHV Park","Eligible for Greater Minnesota Designation","Eligible Greater MN","Eligible Regional Park",FALSE,2020-06-29,1267,"Weekly StreetLight"
"Appleton OHV Park","Eligible for Greater Minnesota Designation","Eligible Greater MN","Eligible Regional Park",FALSE,2020-07-06,868,"Weekly StreetLight"
"Appleton OHV Park","Eligible for Greater Minnesota Designation","Eligible Greater MN","Eligible Regional Park",FALSE,2020-07-13,434,"Weekly StreetLight"
"Appleton OHV Park","Eligible for Greater Minnesota Designation","Eligible Greater MN","Eligible Regional Park",FALSE,2020-07-20,700,"Weekly StreetLight"
"Appleton OHV Park","Eligible for Greater Minnesota Designation","Eligible Greater MN","Eligible Regional Park",FALSE,2020-07-27,1379,"Weekly StreetLight"
"Appleton OHV Park","Eligible for Greater Minnesota Designation","Eligible Greater MN","Eligible Regional Park",FALSE,2020-08-03,1295,"Weekly StreetLight"
"Appleton OHV Park","Eligible for Greater Minnesota Designation","Eligible Greater MN","Eligible Regional Park",FALSE,2020-08-10,1421,"Weekly StreetLight"
"Appleton OHV Park","Eligible for Greater Minnesota Designation","Eligible Greater MN","Eligible Regional Park",FALSE,2020-08-17,560,"Weekly StreetLight"
"Appleton OHV Park","Eligible for Greater Minnesota Designation","Eligible Greater MN","Eligible Regional Park",FALSE,2020-08-24,644,"Weekly StreetLight"
"Appleton OHV Park","Eligible for Greater Minnesota Designation","Eligible Greater MN","Eligible Regional Park",FALSE,2020-08-31,2751,"Weekly StreetLight"
"Appleton OHV Park","Eligible for Greater Minnesota Designation","Eligible Greater MN","Eligible Regional Park",FALSE,2020-09-07,945,"Weekly StreetLight"
"Appleton OHV Park","Eligible for Greater Minnesota Designation","Eligible Greater MN","Eligible Regional Park",FALSE,2020-09-14,945,"Weekly StreetLight"
"Appleton OHV Park","Eligible for Greater Minnesota Designation","Eligible Greater MN","Eligible Regional Park",FALSE,2020-09-21,861,"Weekly StreetLight"
"Appleton OHV Park","Eligible for Greater Minnesota Designation","Eligible Greater MN","Eligible Regional Park",FALSE,2020-09-28,588,"Weekly StreetLight"
"Appleton OHV Park","Eligible for Greater Minnesota Designation","Eligible Greater MN","Eligible Regional Park",FALSE,2020-10-05,721,"Weekly StreetLight"
"Appleton OHV Park","Eligible for Greater Minnesota Designation","Eligible Greater MN","Eligible Regional Park",FALSE,2020-10-12,903,"Weekly StreetLight"
"Appleton OHV Park","Eligible for Greater Minnesota Designation","Eligible Greater MN","Eligible Regional Park",FALSE,2020-10-19,133,"Weekly StreetLight"
"Appleton OHV Park","Eligible for Greater Minnesota Designation","Eligible Greater MN","Eligible Regional Park",FALSE,2020-10-26,49,"Weekly StreetLight"
"Appleton OHV Park","Eligible for Greater Minnesota Designation","Eligible Greater MN","Eligible Regional Park",FALSE,2020-11-02,1141,"Weekly StreetLight"
"Appleton OHV Park","Eligible for Greater Minnesota Designation","Eligible Greater MN","Eligible Regional Park",FALSE,2020-11-09,231,"Biweekly StreetLight"
"Appleton OHV Park","Eligible for Greater Minnesota Designation","Eligible Greater MN","Eligible Regional Park",FALSE,2020-11-16,455,"Weekly StreetLight"
"Appleton OHV Park","Eligible for Greater Minnesota Designation","Eligible Greater MN","Eligible Regional Park",FALSE,2020-11-23,1232,"Weekly StreetLight"
"Appleton OHV Park","Eligible for Greater Minnesota Designation","Eligible Greater MN","Eligible Regional Park",FALSE,2020-11-30,406,"Weekly StreetLight"
"Appleton OHV Park","Eligible for Greater Minnesota Designation","Eligible Greater MN","Eligible Regional Park",FALSE,2020-12-07,357,"Weekly StreetLight"
"Appleton OHV Park","Eligible for Greater Minnesota Designation","Eligible Greater MN","Eligible Regional Park",FALSE,2020-12-14,154,"Weekly StreetLight"
"Appleton OHV Park","Eligible for Greater Minnesota Designation","Eligible Greater MN","Eligible Regional Park",FALSE,2020-12-21,49,"Weekly StreetLight"
"Appleton OHV Park","Eligible for Greater Minnesota Designation","Eligible Greater MN","Eligible Regional Park",FALSE,2020-12-28,28,"Weekly StreetLight"
"Appleton OHV Park","Eligible for Greater Minnesota Designation","Eligible Greater MN","Eligible Regional Park",FALSE,2021-01-04,154,"Weekly StreetLight"
"Appleton OHV Park","Eligible for Greater Minnesota Designation","Eligible Greater MN","Eligible Regional Park",FALSE,2021-01-11,63,"Imputed"
"Appleton OHV Park","Eligible for Greater Minnesota Designation","Eligible Greater MN","Eligible Regional Park",FALSE,2021-01-18,14,"Biweekly StreetLight"
"Appleton OHV Park","Eligible for Greater Minnesota Designation","Eligible Greater MN","Eligible Regional Park",FALSE,2021-01-25,28,"Weekly StreetLight"
"Appleton OHV Park","Eligible for Greater Minnesota Designation","Eligible Greater MN","Eligible Regional Park",FALSE,2021-02-01,49,"Imputed"
"Appleton OHV Park","Eligible for Greater Minnesota Designation","Eligible Greater MN","Eligible Regional Park",FALSE,2021-02-08,14,"Biweekly StreetLight"
"Appleton OHV Park","Eligible for Greater Minnesota Designation","Eligible Greater MN","Eligible Regional Park",FALSE,2021-02-15,28,"Weekly StreetLight"
"Appleton OHV Park","Eligible for Greater Minnesota Designation","Eligible Greater MN","Eligible Regional Park",FALSE,2021-02-22,28,"Weekly StreetLight"
"Appleton OHV Park","Eligible for Greater Minnesota Designation","Eligible Greater MN","Eligible Regional Park",FALSE,2021-03-01,707,"Weekly StreetLight"
"Appleton OHV Park","Eligible for Greater Minnesota Designation","Eligible Greater MN","Eligible Regional Park",FALSE,2021-03-08,784,"Weekly StreetLight"
"Appleton OHV Park","Eligible for Greater Minnesota Designation","Eligible Greater MN","Eligible Regional Park",FALSE,2021-03-15,392,"Weekly StreetLight"
"Appleton OHV Park","Eligible for Greater Minnesota Designation","Eligible Greater MN","Eligible Regional Park",FALSE,2021-03-22,392,"Weekly StreetLight"
"Appleton OHV Park","Eligible for Greater Minnesota Designation","Eligible Greater MN","Eligible Regional Park",FALSE,2021-03-29,1624,"Weekly StreetLight"
"Appleton OHV Park","Eligible for Greater Minnesota Designation","Eligible Greater MN","Eligible Regional Park",FALSE,2021-04-05,812,"Weekly StreetLight"
"Appleton OHV Park","Eligible for Greater Minnesota Designation","Eligible Greater MN","Eligible Regional Park",FALSE,2021-04-12,693,"Weekly StreetLight"
"Appleton OHV Park","Eligible for Greater Minnesota Designation","Eligible Greater MN","Eligible Regional Park",FALSE,2021-04-19,609,"Weekly StreetLight"
"Appleton OHV Park","Eligible for Greater Minnesota Designation","Eligible Greater MN","Eligible Regional Park",FALSE,2021-04-26,392,"Weekly StreetLight"
"Appleton OHV Park","Eligible for Greater Minnesota Designation","Eligible Greater MN","Eligible Regional Park",FALSE,2021-05-03,273,"Weekly StreetLight"
"Appleton OHV Park","Eligible for Greater Minnesota Designation","Eligible Greater MN","Eligible Regional Park",FALSE,2021-05-10,826,"Weekly StreetLight"
"Appleton OHV Park","Eligible for Greater Minnesota Designation","Eligible Greater MN","Eligible Regional Park",FALSE,2021-05-17,1141,"Weekly StreetLight"
"Appleton OHV Park","Eligible for Greater Minnesota Designation","Eligible Greater MN","Eligible Regional Park",FALSE,2021-05-24,2324,"Weekly StreetLight"
"Appleton OHV Park","Eligible for Greater Minnesota Designation","Eligible Greater MN","Eligible Regional Park",FALSE,2021-05-31,805,"Weekly StreetLight"
"Appleton OHV Park","Eligible for Greater Minnesota Designation","Eligible Greater MN","Eligible Regional Park",FALSE,2021-06-07,448,"Weekly StreetLight"
"Appleton OHV Park","Eligible for Greater Minnesota Designation","Eligible Greater MN","Eligible Regional Park",FALSE,2021-06-14,630,"Weekly StreetLight"
"Appleton OHV Park","Eligible for Greater Minnesota Designation","Eligible Greater MN","Eligible Regional Park",FALSE,2021-06-21,560,"Weekly StreetLight"
"Appleton OHV Park","Eligible for Greater Minnesota Designation","Eligible Greater MN","Eligible Regional Park",FALSE,2021-06-28,301,"Weekly StreetLight"
"Appleton OHV Park","Eligible for Greater Minnesota Designation","Eligible Greater MN","Eligible Regional Park",FALSE,2021-07-05,742,"Weekly StreetLight"
"Appleton OHV Park","Eligible for Greater Minnesota Designation","Eligible Greater MN","Eligible Regional Park",FALSE,2021-07-12,1337,"Weekly StreetLight"
"Appleton OHV Park","Eligible for Greater Minnesota Designation","Eligible Greater MN","Eligible Regional Park",FALSE,2021-07-19,301,"Weekly StreetLight"
"Appleton OHV Park","Eligible for Greater Minnesota Designation","Eligible Greater MN","Eligible Regional Park",FALSE,2021-07-26,1036,"Weekly StreetLight"
"Appleton OHV Park","Eligible for Greater Minnesota Designation","Eligible Greater MN","Eligible Regional Park",FALSE,2021-08-02,525,"Weekly StreetLight"
"Appleton OHV Park","Eligible for Greater Minnesota Designation","Eligible Greater MN","Eligible Regional Park",FALSE,2021-08-09,525,"Weekly StreetLight"
"Appleton OHV Park","Eligible for Greater Minnesota Designation","Eligible Greater MN","Eligible Regional Park",FALSE,2021-08-16,945,"Weekly StreetLight"
"Appleton OHV Park","Eligible for Greater Minnesota Designation","Eligible Greater MN","Eligible Regional Park",FALSE,2021-08-23,882,"Weekly StreetLight"
"Appleton OHV Park","Eligible for Greater Minnesota Designation","Eligible Greater MN","Eligible Regional Park",FALSE,2021-08-30,2702,"Weekly StreetLight"
"Appleton OHV Park","Eligible for Greater Minnesota Designation","Eligible Greater MN","Eligible Regional Park",FALSE,2021-09-06,1428,"Weekly StreetLight"
"Appleton OHV Park","Eligible for Greater Minnesota Designation","Eligible Greater MN","Eligible Regional Park",FALSE,2021-09-13,1127,"Weekly StreetLight"
"Appleton OHV Park","Eligible for Greater Minnesota Designation","Eligible Greater MN","Eligible Regional Park",FALSE,2021-09-20,448,"Weekly StreetLight"
"Appleton OHV Park","Eligible for Greater Minnesota Designation","Eligible Greater MN","Eligible Regional Park",FALSE,2021-09-27,392,"Weekly StreetLight"
"Appleton OHV Park","Eligible for Greater Minnesota Designation","Eligible Greater MN","Eligible Regional Park",FALSE,2021-10-04,77,"Weekly StreetLight"
"Appleton OHV Park","Eligible for Greater Minnesota Designation","Eligible Greater MN","Eligible Regional Park",FALSE,2021-10-11,273,"Weekly StreetLight"
"Appleton OHV Park","Eligible for Greater Minnesota Designation","Eligible Greater MN","Eligible Regional Park",FALSE,2021-10-18,826,"Weekly StreetLight"
"Appleton OHV Park","Eligible for Greater Minnesota Designation","Eligible Greater MN","Eligible Regional Park",FALSE,2021-10-25,273,"Weekly StreetLight"
"Appleton OHV Park","Eligible for Greater Minnesota Designation","Eligible Greater MN","Eligible Regional Park",FALSE,2021-11-01,70,"Weekly StreetLight"
"Appleton OHV Park","Eligible for Greater Minnesota Designation","Eligible Greater MN","Eligible Regional Park",FALSE,2021-11-08,35,"Weekly StreetLight"
"Appleton OHV Park","Eligible for Greater Minnesota Designation","Eligible Greater MN","Eligible Regional Park",FALSE,2021-11-15,35,"Biweekly StreetLight"
"Appleton OHV Park","Eligible for Greater Minnesota Designation","Eligible Greater MN","Eligible Regional Park",FALSE,2021-11-22,70,"Weekly StreetLight"
"Appleton OHV Park","Eligible for Greater Minnesota Designation","Eligible Greater MN","Eligible Regional Park",FALSE,2021-11-29,35,"Weekly StreetLight"
"Appleton OHV Park","Eligible for Greater Minnesota Designation","Eligible Greater MN","Eligible Regional Park",FALSE,2021-12-06,182,"Weekly StreetLight"
"Appleton OHV Park","Eligible for Greater Minnesota Designation","Eligible Greater MN","Eligible Regional Park",FALSE,2021-12-13,35,"Biweekly StreetLight"
"Appleton OHV Park","Eligible for Greater Minnesota Designation","Eligible Greater MN","Eligible Regional Park",FALSE,2021-12-20,70,"Weekly StreetLight"
"Appleton OHV Park","Eligible for Greater Minnesota Designation","Eligible Greater MN","Eligible Regional Park",FALSE,2021-12-27,70,"Imputed"
"Barsness Park","Eligible for Greater Minnesota Designation","Eligible Greater MN","Eligible Regional Park",FALSE,2017-11-27,3416,"Weekly StreetLight"
"Barsness Park","Eligible for Greater Minnesota Designation","Eligible Greater MN","Eligible Regional Park",FALSE,2017-12-04,4851,"Weekly StreetLight"
"Barsness Park","Eligible for Greater Minnesota Designation","Eligible Greater MN","Eligible Regional Park",FALSE,2017-12-11,4984,"Weekly StreetLight"
"Barsness Park","Eligible for Greater Minnesota Designation","Eligible Greater MN","Eligible Regional Park",FALSE,2017-12-18,5656,"Weekly StreetLight"
"Barsness Park","Eligible for Greater Minnesota Designation","Eligible Greater MN","Eligible Regional Park",FALSE,2017-12-25,3367,"Weekly StreetLight"
"Barsness Park","Eligible for Greater Minnesota Designation","Eligible Greater MN","Eligible Regional Park",FALSE,2018-01-01,3829,"Weekly StreetLight"
"Barsness Park","Eligible for Greater Minnesota Designation","Eligible Greater MN","Eligible Regional Park",FALSE,2018-01-08,2940,"Weekly StreetLight"
"Barsness Park","Eligible for Greater Minnesota Designation","Eligible Greater MN","Eligible Regional Park",FALSE,2018-01-15,3577,"Weekly StreetLight"
"Barsness Park","Eligible for Greater Minnesota Designation","Eligible Greater MN","Eligible Regional Park",FALSE,2018-01-22,3318,"Weekly StreetLight"
"Barsness Park","Eligible for Greater Minnesota Designation","Eligible Greater MN","Eligible Regional Park",FALSE,2018-01-29,4109,"Weekly StreetLight"
"Barsness Park","Eligible for Greater Minnesota Designation","Eligible Greater MN","Eligible Regional Park",FALSE,2018-02-05,4921,"Weekly StreetLight"
"Barsness Park","Eligible for Greater Minnesota Designation","Eligible Greater MN","Eligible Regional Park",FALSE,2018-02-12,3444,"Weekly StreetLight"
"Barsness Park","Eligible for Greater Minnesota Designation","Eligible Greater MN","Eligible Regional Park",FALSE,2018-02-19,3689,"Weekly StreetLight"
"Barsness Park","Eligible for Greater Minnesota Designation","Eligible Greater MN","Eligible Regional Park",FALSE,2018-02-26,3717,"Weekly StreetLight"
"Barsness Park","Eligible for Greater Minnesota Designation","Eligible Greater MN","Eligible Regional Park",FALSE,2018-03-05,3997,"Weekly StreetLight"
"Barsness Park","Eligible for Greater Minnesota Designation","Eligible Greater MN","Eligible Regional Park",FALSE,2018-03-12,4865,"Weekly StreetLight"
"Barsness Park","Eligible for Greater Minnesota Designation","Eligible Greater MN","Eligible Regional Park",FALSE,2018-03-19,5299,"Weekly StreetLight"
"Barsness Park","Eligible for Greater Minnesota Designation","Eligible Greater MN","Eligible Regional Park",FALSE,2018-03-26,5124,"Weekly StreetLight"
"Barsness Park","Eligible for Greater Minnesota Designation","Eligible Greater MN","Eligible Regional Park",FALSE,2018-04-02,4697,"Weekly StreetLight"
"Barsness Park","Eligible for Greater Minnesota Designation","Eligible Greater MN","Eligible Regional Park",FALSE,2018-04-09,4193,"Weekly StreetLight"
"Barsness Park","Eligible for Greater Minnesota Designation","Eligible Greater MN","Eligible Regional Park",FALSE,2018-04-16,5096,"Weekly StreetLight"
"Barsness Park","Eligible for Greater Minnesota Designation","Eligible Greater MN","Eligible Regional Park",FALSE,2018-04-23,5194,"Weekly StreetLight"
"Barsness Park","Eligible for Greater Minnesota Designation","Eligible Greater MN","Eligible Regional Park",FALSE,2018-04-30,6811,"Weekly StreetLight"
"Barsness Park","Eligible for Greater Minnesota Designation","Eligible Greater MN","Eligible Regional Park",FALSE,2018-05-07,7140,"Weekly StreetLight"
"Barsness Park","Eligible for Greater Minnesota Designation","Eligible Greater MN","Eligible Regional Park",FALSE,2018-05-14,6587,"Weekly StreetLight"
"Barsness Park","Eligible for Greater Minnesota Designation","Eligible Greater MN","Eligible Regional Park",FALSE,2018-05-21,7511,"Weekly StreetLight"
"Barsness Park","Eligible for Greater Minnesota Designation","Eligible Greater MN","Eligible Regional Park",FALSE,2018-05-28,8078,"Weekly StreetLight"
"Barsness Park","Eligible for Greater Minnesota Designation","Eligible Greater MN","Eligible Regional Park",FALSE,2018-06-04,7854,"Weekly StreetLight"
"Barsness Park","Eligible for Greater Minnesota Designation","Eligible Greater MN","Eligible Regional Park",FALSE,2018-06-11,8064,"Weekly StreetLight"
"Barsness Park","Eligible for Greater Minnesota Designation","Eligible Greater MN","Eligible Regional Park",FALSE,2018-06-18,8064,"Weekly StreetLight"
"Barsness Park","Eligible for Greater Minnesota Designation","Eligible Greater MN","Eligible Regional Park",FALSE,2018-06-25,7588,"Weekly StreetLight"
"Barsness Park","Eligible for Greater Minnesota Designation","Eligible Greater MN","Eligible Regional Park",FALSE,2018-07-02,9681,"Weekly StreetLight"
"Barsness Park","Eligible for Greater Minnesota Designation","Eligible Greater MN","Eligible Regional Park",FALSE,2018-07-09,6944,"Weekly StreetLight"
"Barsness Park","Eligible for Greater Minnesota Designation","Eligible Greater MN","Eligible Regional Park",FALSE,2018-07-16,7140,"Weekly StreetLight"
"Barsness Park","Eligible for Greater Minnesota Designation","Eligible Greater MN","Eligible Regional Park",FALSE,2018-07-23,8022,"Weekly StreetLight"
"Barsness Park","Eligible for Greater Minnesota Designation","Eligible Greater MN","Eligible Regional Park",FALSE,2018-07-30,6034,"Weekly StreetLight"
"Barsness Park","Eligible for Greater Minnesota Designation","Eligible Greater MN","Eligible Regional Park",FALSE,2018-08-06,8358,"Weekly StreetLight"
"Barsness Park","Eligible for Greater Minnesota Designation","Eligible Greater MN","Eligible Regional Park",FALSE,2018-08-13,4641,"Weekly StreetLight"
"Barsness Park","Eligible for Greater Minnesota Designation","Eligible Greater MN","Eligible Regional Park",FALSE,2018-08-20,6314,"Weekly StreetLight"
"Barsness Park","Eligible for Greater Minnesota Designation","Eligible Greater MN","Eligible Regional Park",FALSE,2018-08-27,7168,"Weekly StreetLight"
"Barsness Park","Eligible for Greater Minnesota Designation","Eligible Greater MN","Eligible Regional Park",FALSE,2018-09-03,5089,"Weekly StreetLight"
"Barsness Park","Eligible for Greater Minnesota Designation","Eligible Greater MN","Eligible Regional Park",FALSE,2018-09-10,5194,"Weekly StreetLight"
"Barsness Park","Eligible for Greater Minnesota Designation","Eligible Greater MN","Eligible Regional Park",FALSE,2018-09-17,6111,"Weekly StreetLight"
"Barsness Park","Eligible for Greater Minnesota Designation","Eligible Greater MN","Eligible Regional Park",FALSE,2018-09-24,5600,"Weekly StreetLight"
"Barsness Park","Eligible for Greater Minnesota Designation","Eligible Greater MN","Eligible Regional Park",FALSE,2018-10-01,6223,"Weekly StreetLight"
"Barsness Park","Eligible for Greater Minnesota Designation","Eligible Greater MN","Eligible Regional Park",FALSE,2018-10-08,5796,"Weekly StreetLight"
"Barsness Park","Eligible for Greater Minnesota Designation","Eligible Greater MN","Eligible Regional Park",FALSE,2018-10-15,6853,"Weekly StreetLight"
"Barsness Park","Eligible for Greater Minnesota Designation","Eligible Greater MN","Eligible Regional Park",FALSE,2018-10-22,5691,"Weekly StreetLight"
"Barsness Park","Eligible for Greater Minnesota Designation","Eligible Greater MN","Eligible Regional Park",FALSE,2018-10-29,6349,"Weekly StreetLight"
"Barsness Park","Eligible for Greater Minnesota Designation","Eligible Greater MN","Eligible Regional Park",FALSE,2018-11-05,4417,"Weekly StreetLight"
"Barsness Park","Eligible for Greater Minnesota Designation","Eligible Greater MN","Eligible Regional Park",FALSE,2018-11-12,4417,"Weekly StreetLight"
"Barsness Park","Eligible for Greater Minnesota Designation","Eligible Greater MN","Eligible Regional Park",FALSE,2018-11-19,5502,"Weekly StreetLight"
"Barsness Park","Eligible for Greater Minnesota Designation","Eligible Greater MN","Eligible Regional Park",FALSE,2018-11-26,5131,"Weekly StreetLight"
"Barsness Park","Eligible for Greater Minnesota Designation","Eligible Greater MN","Eligible Regional Park",FALSE,2018-12-03,5159,"Weekly StreetLight"
"Barsness Park","Eligible for Greater Minnesota Designation","Eligible Greater MN","Eligible Regional Park",FALSE,2018-12-10,4375,"Weekly StreetLight"
"Barsness Park","Eligible for Greater Minnesota Designation","Eligible Greater MN","Eligible Regional Park",FALSE,2018-12-17,5236,"Weekly StreetLight"
"Barsness Park","Eligible for Greater Minnesota Designation","Eligible Greater MN","Eligible Regional Park",FALSE,2018-12-24,4144,"Weekly StreetLight"
"Barsness Park","Eligible for Greater Minnesota Designation","Eligible Greater MN","Eligible Regional Park",FALSE,2018-12-31,3031,"Weekly StreetLight"
"Barsness Park","Eligible for Greater Minnesota Designation","Eligible Greater MN","Eligible Regional Park",FALSE,2019-01-07,2877,"Weekly StreetLight"
"Barsness Park","Eligible for Greater Minnesota Designation","Eligible Greater MN","Eligible Regional Park",FALSE,2019-01-14,2842,"Weekly StreetLight"
"Barsness Park","Eligible for Greater Minnesota Designation","Eligible Greater MN","Eligible Regional Park",FALSE,2019-01-21,3045,"Weekly StreetLight"
"Barsness Park","Eligible for Greater Minnesota Designation","Eligible Greater MN","Eligible Regional Park",FALSE,2019-01-28,2940,"Weekly StreetLight"
"Barsness Park","Eligible for Greater Minnesota Designation","Eligible Greater MN","Eligible Regional Park",FALSE,2019-02-04,3696,"Weekly StreetLight"
"Barsness Park","Eligible for Greater Minnesota Designation","Eligible Greater MN","Eligible Regional Park",FALSE,2019-02-11,3276,"Weekly StreetLight"
"Barsness Park","Eligible for Greater Minnesota Designation","Eligible Greater MN","Eligible Regional Park",FALSE,2019-02-18,2562,"Weekly StreetLight"
"Barsness Park","Eligible for Greater Minnesota Designation","Eligible Greater MN","Eligible Regional Park",FALSE,2019-02-25,2534,"Weekly StreetLight"
"Barsness Park","Eligible for Greater Minnesota Designation","Eligible Greater MN","Eligible Regional Park",FALSE,2019-03-04,2275,"Weekly StreetLight"
"Barsness Park","Eligible for Greater Minnesota Designation","Eligible Greater MN","Eligible Regional Park",FALSE,2019-03-11,3535,"Weekly StreetLight"
"Barsness Park","Eligible for Greater Minnesota Designation","Eligible Greater MN","Eligible Regional Park",FALSE,2019-03-18,4158,"Weekly StreetLight"
"Barsness Park","Eligible for Greater Minnesota Designation","Eligible Greater MN","Eligible Regional Park",FALSE,2019-03-25,4907,"Weekly StreetLight"
"Barsness Park","Eligible for Greater Minnesota Designation","Eligible Greater MN","Eligible Regional Park",FALSE,2019-04-01,3339,"Weekly StreetLight"
"Barsness Park","Eligible for Greater Minnesota Designation","Eligible Greater MN","Eligible Regional Park",FALSE,2019-04-08,3913,"Weekly StreetLight"
"Barsness Park","Eligible for Greater Minnesota Designation","Eligible Greater MN","Eligible Regional Park",FALSE,2019-04-15,6062,"Weekly StreetLight"
"Barsness Park","Eligible for Greater Minnesota Designation","Eligible Greater MN","Eligible Regional Park",FALSE,2019-04-22,4879,"Weekly StreetLight"
"Barsness Park","Eligible for Greater Minnesota Designation","Eligible Greater MN","Eligible Regional Park",FALSE,2019-04-29,4732,"Weekly StreetLight"
"Barsness Park","Eligible for Greater Minnesota Designation","Eligible Greater MN","Eligible Regional Park",FALSE,2019-05-06,6783,"Weekly StreetLight"
"Barsness Park","Eligible for Greater Minnesota Designation","Eligible Greater MN","Eligible Regional Park",FALSE,2019-05-13,6391,"Weekly StreetLight"
"Barsness Park","Eligible for Greater Minnesota Designation","Eligible Greater MN","Eligible Regional Park",FALSE,2019-05-20,5516,"Weekly StreetLight"
"Barsness Park","Eligible for Greater Minnesota Designation","Eligible Greater MN","Eligible Regional Park",FALSE,2019-05-27,8113,"Weekly StreetLight"
"Barsness Park","Eligible for Greater Minnesota Designation","Eligible Greater MN","Eligible Regional Park",FALSE,2019-06-03,6524,"Weekly StreetLight"
"Barsness Park","Eligible for Greater Minnesota Designation","Eligible Greater MN","Eligible Regional Park",FALSE,2019-06-10,5754,"Weekly StreetLight"
"Barsness Park","Eligible for Greater Minnesota Designation","Eligible Greater MN","Eligible Regional Park",FALSE,2019-06-17,7567,"Weekly StreetLight"
"Barsness Park","Eligible for Greater Minnesota Designation","Eligible Greater MN","Eligible Regional Park",FALSE,2019-06-24,2338,"Weekly StreetLight"
"Barsness Park","Eligible for Greater Minnesota Designation","Eligible Greater MN","Eligible Regional Park",FALSE,2019-07-01,1827,"Weekly StreetLight"
"Barsness Park","Eligible for Greater Minnesota Designation","Eligible Greater MN","Eligible Regional Park",FALSE,2019-07-08,3486,"Weekly StreetLight"
"Barsness Park","Eligible for Greater Minnesota Designation","Eligible Greater MN","Eligible Regional Park",FALSE,2019-07-15,2695,"Weekly StreetLight"
"Barsness Park","Eligible for Greater Minnesota Designation","Eligible Greater MN","Eligible Regional Park",FALSE,2019-07-22,4970,"Weekly StreetLight"
"Barsness Park","Eligible for Greater Minnesota Designation","Eligible Greater MN","Eligible Regional Park",FALSE,2019-07-29,3724,"Weekly StreetLight"
"Barsness Park","Eligible for Greater Minnesota Designation","Eligible Greater MN","Eligible Regional Park",FALSE,2019-08-05,2597,"Weekly StreetLight"
"Barsness Park","Eligible for Greater Minnesota Designation","Eligible Greater MN","Eligible Regional Park",FALSE,2019-08-12,2779,"Weekly StreetLight"
"Barsness Park","Eligible for Greater Minnesota Designation","Eligible Greater MN","Eligible Regional Park",FALSE,2019-08-19,3633,"Weekly StreetLight"
"Barsness Park","Eligible for Greater Minnesota Designation","Eligible Greater MN","Eligible Regional Park",FALSE,2019-08-26,3262,"Weekly StreetLight"
"Barsness Park","Eligible for Greater Minnesota Designation","Eligible Greater MN","Eligible Regional Park",FALSE,2019-09-02,1939,"Weekly StreetLight"
"Barsness Park","Eligible for Greater Minnesota Designation","Eligible Greater MN","Eligible Regional Park",FALSE,2019-09-09,2884,"Weekly StreetLight"
"Barsness Park","Eligible for Greater Minnesota Designation","Eligible Greater MN","Eligible Regional Park",FALSE,2019-09-16,3339,"Weekly StreetLight"
"Barsness Park","Eligible for Greater Minnesota Designation","Eligible Greater MN","Eligible Regional Park",FALSE,2019-09-23,3255,"Weekly StreetLight"
"Barsness Park","Eligible for Greater Minnesota Designation","Eligible Greater MN","Eligible Regional Park",FALSE,2019-09-30,2387,"Weekly StreetLight"
"Barsness Park","Eligible for Greater Minnesota Designation","Eligible Greater MN","Eligible Regional Park",FALSE,2019-10-07,2079,"Weekly StreetLight"
"Barsness Park","Eligible for Greater Minnesota Designation","Eligible Greater MN","Eligible Regional Park",FALSE,2019-10-14,1820,"Weekly StreetLight"
"Barsness Park","Eligible for Greater Minnesota Designation","Eligible Greater MN","Eligible Regional Park",FALSE,2019-10-21,2366,"Weekly StreetLight"
"Barsness Park","Eligible for Greater Minnesota Designation","Eligible Greater MN","Eligible Regional Park",FALSE,2019-10-28,1939,"Weekly StreetLight"
"Barsness Park","Eligible for Greater Minnesota Designation","Eligible Greater MN","Eligible Regional Park",FALSE,2019-11-04,2380,"Weekly StreetLight"
"Barsness Park","Eligible for Greater Minnesota Designation","Eligible Greater MN","Eligible Regional Park",FALSE,2019-11-11,2569,"Weekly StreetLight"
"Barsness Park","Eligible for Greater Minnesota Designation","Eligible Greater MN","Eligible Regional Park",FALSE,2019-11-18,2156,"Weekly StreetLight"
"Barsness Park","Eligible for Greater Minnesota Designation","Eligible Greater MN","Eligible Regional Park",FALSE,2019-11-25,2009,"Weekly StreetLight"
"Barsness Park","Eligible for Greater Minnesota Designation","Eligible Greater MN","Eligible Regional Park",FALSE,2019-12-02,1708,"Weekly StreetLight"
"Barsness Park","Eligible for Greater Minnesota Designation","Eligible Greater MN","Eligible Regional Park",FALSE,2019-12-09,1624,"Weekly StreetLight"
"Barsness Park","Eligible for Greater Minnesota Designation","Eligible Greater MN","Eligible Regional Park",FALSE,2019-12-16,1477,"Weekly StreetLight"
"Barsness Park","Eligible for Greater Minnesota Designation","Eligible Greater MN","Eligible Regional Park",FALSE,2019-12-23,1015,"Weekly StreetLight"
"Barsness Park","Eligible for Greater Minnesota Designation","Eligible Greater MN","Eligible Regional Park",FALSE,2019-12-30,1897,"Weekly StreetLight"
"Barsness Park","Eligible for Greater Minnesota Designation","Eligible Greater MN","Eligible Regional Park",FALSE,2020-01-06,1603,"Weekly StreetLight"
"Barsness Park","Eligible for Greater Minnesota Designation","Eligible Greater MN","Eligible Regional Park",FALSE,2020-01-13,1288,"Weekly StreetLight"
"Barsness Park","Eligible for Greater Minnesota Designation","Eligible Greater MN","Eligible Regional Park",FALSE,2020-01-20,1498,"Weekly StreetLight"
"Barsness Park","Eligible for Greater Minnesota Designation","Eligible Greater MN","Eligible Regional Park",FALSE,2020-01-27,1736,"Weekly StreetLight"
"Barsness Park","Eligible for Greater Minnesota Designation","Eligible Greater MN","Eligible Regional Park",FALSE,2020-02-03,2156,"Weekly StreetLight"
"Barsness Park","Eligible for Greater Minnesota Designation","Eligible Greater MN","Eligible Regional Park",FALSE,2020-02-10,1792,"Weekly StreetLight"
"Barsness Park","Eligible for Greater Minnesota Designation","Eligible Greater MN","Eligible Regional Park",FALSE,2020-02-17,1414,"Weekly StreetLight"
"Barsness Park","Eligible for Greater Minnesota Designation","Eligible Greater MN","Eligible Regional Park",FALSE,2020-02-24,1218,"Weekly StreetLight"
"Barsness Park","Eligible for Greater Minnesota Designation","Eligible Greater MN","Eligible Regional Park",FALSE,2020-03-02,1834,"Weekly StreetLight"
"Barsness Park","Eligible for Greater Minnesota Designation","Eligible Greater MN","Eligible Regional Park",FALSE,2020-03-09,2121,"Weekly StreetLight"
"Barsness Park","Eligible for Greater Minnesota Designation","Eligible Greater MN","Eligible Regional Park",FALSE,2020-03-16,1148,"Weekly StreetLight"
"Barsness Park","Eligible for Greater Minnesota Designation","Eligible Greater MN","Eligible Regional Park",FALSE,2020-03-23,1603,"Weekly StreetLight"
"Barsness Park","Eligible for Greater Minnesota Designation","Eligible Greater MN","Eligible Regional Park",FALSE,2020-03-30,1365,"Weekly StreetLight"
"Barsness Park","Eligible for Greater Minnesota Designation","Eligible Greater MN","Eligible Regional Park",FALSE,2020-04-06,1638,"Weekly StreetLight"
"Barsness Park","Eligible for Greater Minnesota Designation","Eligible Greater MN","Eligible Regional Park",FALSE,2020-04-13,1428,"Weekly StreetLight"
"Barsness Park","Eligible for Greater Minnesota Designation","Eligible Greater MN","Eligible Regional Park",FALSE,2020-04-20,2156,"Weekly StreetLight"
"Barsness Park","Eligible for Greater Minnesota Designation","Eligible Greater MN","Eligible Regional Park",FALSE,2020-04-27,1981,"Weekly StreetLight"
"Barsness Park","Eligible for Greater Minnesota Designation","Eligible Greater MN","Eligible Regional Park",FALSE,2020-05-04,1197,"Weekly StreetLight"
"Barsness Park","Eligible for Greater Minnesota Designation","Eligible Greater MN","Eligible Regional Park",FALSE,2020-05-11,1386,"Weekly StreetLight"
"Barsness Park","Eligible for Greater Minnesota Designation","Eligible Greater MN","Eligible Regional Park",FALSE,2020-05-18,2478,"Weekly StreetLight"
"Barsness Park","Eligible for Greater Minnesota Designation","Eligible Greater MN","Eligible Regional Park",FALSE,2020-05-25,2534,"Weekly StreetLight"
"Barsness Park","Eligible for Greater Minnesota Designation","Eligible Greater MN","Eligible Regional Park",FALSE,2020-06-01,2604,"Weekly StreetLight"
"Barsness Park","Eligible for Greater Minnesota Designation","Eligible Greater MN","Eligible Regional Park",FALSE,2020-06-08,2093,"Weekly StreetLight"
"Barsness Park","Eligible for Greater Minnesota Designation","Eligible Greater MN","Eligible Regional Park",FALSE,2020-06-15,1876,"Weekly StreetLight"
"Barsness Park","Eligible for Greater Minnesota Designation","Eligible Greater MN","Eligible Regional Park",FALSE,2020-06-22,2954,"Weekly StreetLight"
"Barsness Park","Eligible for Greater Minnesota Designation","Eligible Greater MN","Eligible Regional Park",FALSE,2020-06-29,1988,"Weekly StreetLight"
"Barsness Park","Eligible for Greater Minnesota Designation","Eligible Greater MN","Eligible Regional Park",FALSE,2020-07-06,1855,"Weekly StreetLight"
"Barsness Park","Eligible for Greater Minnesota Designation","Eligible Greater MN","Eligible Regional Park",FALSE,2020-07-13,2863,"Weekly StreetLight"
"Barsness Park","Eligible for Greater Minnesota Designation","Eligible Greater MN","Eligible Regional Park",FALSE,2020-07-20,3311,"Weekly StreetLight"
"Barsness Park","Eligible for Greater Minnesota Designation","Eligible Greater MN","Eligible Regional Park",FALSE,2020-07-27,2975,"Weekly StreetLight"
"Barsness Park","Eligible for Greater Minnesota Designation","Eligible Greater MN","Eligible Regional Park",FALSE,2020-08-03,2765,"Weekly StreetLight"
"Barsness Park","Eligible for Greater Minnesota Designation","Eligible Greater MN","Eligible Regional Park",FALSE,2020-08-10,1841,"Weekly StreetLight"
"Barsness Park","Eligible for Greater Minnesota Designation","Eligible Greater MN","Eligible Regional Park",FALSE,2020-08-17,1246,"Weekly StreetLight"
"Barsness Park","Eligible for Greater Minnesota Designation","Eligible Greater MN","Eligible Regional Park",FALSE,2020-08-24,2492,"Weekly StreetLight"
"Barsness Park","Eligible for Greater Minnesota Designation","Eligible Greater MN","Eligible Regional Park",FALSE,2020-08-31,1792,"Weekly StreetLight"
"Barsness Park","Eligible for Greater Minnesota Designation","Eligible Greater MN","Eligible Regional Park",FALSE,2020-09-07,1995,"Weekly StreetLight"
"Barsness Park","Eligible for Greater Minnesota Designation","Eligible Greater MN","Eligible Regional Park",FALSE,2020-09-14,1995,"Weekly StreetLight"
"Barsness Park","Eligible for Greater Minnesota Designation","Eligible Greater MN","Eligible Regional Park",FALSE,2020-09-21,2205,"Weekly StreetLight"
"Barsness Park","Eligible for Greater Minnesota Designation","Eligible Greater MN","Eligible Regional Park",FALSE,2020-09-28,1925,"Weekly StreetLight"
"Barsness Park","Eligible for Greater Minnesota Designation","Eligible Greater MN","Eligible Regional Park",FALSE,2020-10-05,2877,"Weekly StreetLight"
"Barsness Park","Eligible for Greater Minnesota Designation","Eligible Greater MN","Eligible Regional Park",FALSE,2020-10-12,2240,"Weekly StreetLight"
"Barsness Park","Eligible for Greater Minnesota Designation","Eligible Greater MN","Eligible Regional Park",FALSE,2020-10-19,1876,"Weekly StreetLight"
"Barsness Park","Eligible for Greater Minnesota Designation","Eligible Greater MN","Eligible Regional Park",FALSE,2020-10-26,1596,"Weekly StreetLight"
"Barsness Park","Eligible for Greater Minnesota Designation","Eligible Greater MN","Eligible Regional Park",FALSE,2020-11-02,2219,"Weekly StreetLight"
"Barsness Park","Eligible for Greater Minnesota Designation","Eligible Greater MN","Eligible Regional Park",FALSE,2020-11-09,1568,"Weekly StreetLight"
"Barsness Park","Eligible for Greater Minnesota Designation","Eligible Greater MN","Eligible Regional Park",FALSE,2020-11-16,1512,"Weekly StreetLight"
"Barsness Park","Eligible for Greater Minnesota Designation","Eligible Greater MN","Eligible Regional Park",FALSE,2020-11-23,1540,"Weekly StreetLight"
"Barsness Park","Eligible for Greater Minnesota Designation","Eligible Greater MN","Eligible Regional Park",FALSE,2020-11-30,1547,"Weekly StreetLight"
"Barsness Park","Eligible for Greater Minnesota Designation","Eligible Greater MN","Eligible Regional Park",FALSE,2020-12-07,1246,"Weekly StreetLight"
"Barsness Park","Eligible for Greater Minnesota Designation","Eligible Greater MN","Eligible Regional Park",FALSE,2020-12-14,1890,"Weekly StreetLight"
"Barsness Park","Eligible for Greater Minnesota Designation","Eligible Greater MN","Eligible Regional Park",FALSE,2020-12-21,1918,"Weekly StreetLight"
"Barsness Park","Eligible for Greater Minnesota Designation","Eligible Greater MN","Eligible Regional Park",FALSE,2020-12-28,1596,"Weekly StreetLight"
"Barsness Park","Eligible for Greater Minnesota Designation","Eligible Greater MN","Eligible Regional Park",FALSE,2021-01-04,1855,"Weekly StreetLight"
"Barsness Park","Eligible for Greater Minnesota Designation","Eligible Greater MN","Eligible Regional Park",FALSE,2021-01-11,2240,"Weekly StreetLight"
"Barsness Park","Eligible for Greater Minnesota Designation","Eligible Greater MN","Eligible Regional Park",FALSE,2021-01-18,2121,"Weekly StreetLight"
"Barsness Park","Eligible for Greater Minnesota Designation","Eligible Greater MN","Eligible Regional Park",FALSE,2021-01-25,1897,"Weekly StreetLight"
"Barsness Park","Eligible for Greater Minnesota Designation","Eligible Greater MN","Eligible Regional Park",FALSE,2021-02-01,1862,"Weekly StreetLight"
"Barsness Park","Eligible for Greater Minnesota Designation","Eligible Greater MN","Eligible Regional Park",FALSE,2021-02-08,1652,"Weekly StreetLight"
"Barsness Park","Eligible for Greater Minnesota Designation","Eligible Greater MN","Eligible Regional Park",FALSE,2021-02-15,2093,"Weekly StreetLight"
"Barsness Park","Eligible for Greater Minnesota Designation","Eligible Greater MN","Eligible Regional Park",FALSE,2021-02-22,2128,"Weekly StreetLight"
"Barsness Park","Eligible for Greater Minnesota Designation","Eligible Greater MN","Eligible Regional Park",FALSE,2021-03-01,2394,"Weekly StreetLight"
"Barsness Park","Eligible for Greater Minnesota Designation","Eligible Greater MN","Eligible Regional Park",FALSE,2021-03-08,2625,"Weekly StreetLight"
"Barsness Park","Eligible for Greater Minnesota Designation","Eligible Greater MN","Eligible Regional Park",FALSE,2021-03-15,2373,"Weekly StreetLight"
"Barsness Park","Eligible for Greater Minnesota Designation","Eligible Greater MN","Eligible Regional Park",FALSE,2021-03-22,2513,"Weekly StreetLight"
"Barsness Park","Eligible for Greater Minnesota Designation","Eligible Greater MN","Eligible Regional Park",FALSE,2021-03-29,3045,"Weekly StreetLight"
"Barsness Park","Eligible for Greater Minnesota Designation","Eligible Greater MN","Eligible Regional Park",FALSE,2021-04-05,2863,"Weekly StreetLight"
"Barsness Park","Eligible for Greater Minnesota Designation","Eligible Greater MN","Eligible Regional Park",FALSE,2021-04-12,2142,"Weekly StreetLight"
"Barsness Park","Eligible for Greater Minnesota Designation","Eligible Greater MN","Eligible Regional Park",FALSE,2021-04-19,2947,"Weekly StreetLight"
"Barsness Park","Eligible for Greater Minnesota Designation","Eligible Greater MN","Eligible Regional Park",FALSE,2021-04-26,3507,"Weekly StreetLight"
"Barsness Park","Eligible for Greater Minnesota Designation","Eligible Greater MN","Eligible Regional Park",FALSE,2021-05-03,3010,"Weekly StreetLight"
"Barsness Park","Eligible for Greater Minnesota Designation","Eligible Greater MN","Eligible Regional Park",FALSE,2021-05-10,4319,"Weekly StreetLight"
"Barsness Park","Eligible for Greater Minnesota Designation","Eligible Greater MN","Eligible Regional Park",FALSE,2021-05-17,3619,"Weekly StreetLight"
"Barsness Park","Eligible for Greater Minnesota Designation","Eligible Greater MN","Eligible Regional Park",FALSE,2021-05-24,4571,"Weekly StreetLight"
"Barsness Park","Eligible for Greater Minnesota Designation","Eligible Greater MN","Eligible Regional Park",FALSE,2021-05-31,3787,"Weekly StreetLight"
"Barsness Park","Eligible for Greater Minnesota Designation","Eligible Greater MN","Eligible Regional Park",FALSE,2021-06-07,2884,"Weekly StreetLight"
"Barsness Park","Eligible for Greater Minnesota Designation","Eligible Greater MN","Eligible Regional Park",FALSE,2021-06-14,3255,"Weekly StreetLight"
"Barsness Park","Eligible for Greater Minnesota Designation","Eligible Greater MN","Eligible Regional Park",FALSE,2021-06-21,4214,"Weekly StreetLight"
"Barsness Park","Eligible for Greater Minnesota Designation","Eligible Greater MN","Eligible Regional Park",FALSE,2021-06-28,3206,"Weekly StreetLight"
"Barsness Park","Eligible for Greater Minnesota Designation","Eligible Greater MN","Eligible Regional Park",FALSE,2021-07-05,3451,"Weekly StreetLight"
"Barsness Park","Eligible for Greater Minnesota Designation","Eligible Greater MN","Eligible Regional Park",FALSE,2021-07-12,3829,"Weekly StreetLight"
"Barsness Park","Eligible for Greater Minnesota Designation","Eligible Greater MN","Eligible Regional Park",FALSE,2021-07-19,4788,"Weekly StreetLight"
"Barsness Park","Eligible for Greater Minnesota Designation","Eligible Greater MN","Eligible Regional Park",FALSE,2021-07-26,2506,"Weekly StreetLight"
"Barsness Park","Eligible for Greater Minnesota Designation","Eligible Greater MN","Eligible Regional Park",FALSE,2021-08-02,2800,"Weekly StreetLight"
"Barsness Park","Eligible for Greater Minnesota Designation","Eligible Greater MN","Eligible Regional Park",FALSE,2021-08-09,2653,"Weekly StreetLight"
"Barsness Park","Eligible for Greater Minnesota Designation","Eligible Greater MN","Eligible Regional Park",FALSE,2021-08-16,2506,"Weekly StreetLight"
"Barsness Park","Eligible for Greater Minnesota Designation","Eligible Greater MN","Eligible Regional Park",FALSE,2021-08-23,1988,"Weekly StreetLight"
"Barsness Park","Eligible for Greater Minnesota Designation","Eligible Greater MN","Eligible Regional Park",FALSE,2021-08-30,2905,"Weekly StreetLight"
"Barsness Park","Eligible for Greater Minnesota Designation","Eligible Greater MN","Eligible Regional Park",FALSE,2021-09-06,2793,"Weekly StreetLight"
"Barsness Park","Eligible for Greater Minnesota Designation","Eligible Greater MN","Eligible Regional Park",FALSE,2021-09-13,2366,"Weekly StreetLight"
"Barsness Park","Eligible for Greater Minnesota Designation","Eligible Greater MN","Eligible Regional Park",FALSE,2021-09-20,2646,"Weekly StreetLight"
"Barsness Park","Eligible for Greater Minnesota Designation","Eligible Greater MN","Eligible Regional Park",FALSE,2021-09-27,1967,"Weekly StreetLight"
"Barsness Park","Eligible for Greater Minnesota Designation","Eligible Greater MN","Eligible Regional Park",FALSE,2021-10-04,2527,"Weekly StreetLight"
"Barsness Park","Eligible for Greater Minnesota Designation","Eligible Greater MN","Eligible Regional Park",FALSE,2021-10-11,2086,"Weekly StreetLight"
"Barsness Park","Eligible for Greater Minnesota Designation","Eligible Greater MN","Eligible Regional Park",FALSE,2021-10-18,1666,"Weekly StreetLight"
"Barsness Park","Eligible for Greater Minnesota Designation","Eligible Greater MN","Eligible Regional Park",FALSE,2021-10-25,1771,"Weekly StreetLight"
"Barsness Park","Eligible for Greater Minnesota Designation","Eligible Greater MN","Eligible Regional Park",FALSE,2021-11-01,1071,"Weekly StreetLight"
"Barsness Park","Eligible for Greater Minnesota Designation","Eligible Greater MN","Eligible Regional Park",FALSE,2021-11-08,1225,"Weekly StreetLight"
"Barsness Park","Eligible for Greater Minnesota Designation","Eligible Greater MN","Eligible Regional Park",FALSE,2021-11-15,840,"Weekly StreetLight"
"Barsness Park","Eligible for Greater Minnesota Designation","Eligible Greater MN","Eligible Regional Park",FALSE,2021-11-22,1197,"Weekly StreetLight"
"Barsness Park","Eligible for Greater Minnesota Designation","Eligible Greater MN","Eligible Regional Park",FALSE,2021-11-29,1022,"Weekly StreetLight"
"Barsness Park","Eligible for Greater Minnesota Designation","Eligible Greater MN","Eligible Regional Park",FALSE,2021-12-06,812,"Weekly StreetLight"
"Barsness Park","Eligible for Greater Minnesota Designation","Eligible Greater MN","Eligible Regional Park",FALSE,2021-12-13,1316,"Weekly StreetLight"
"Barsness Park","Eligible for Greater Minnesota Designation","Eligible Greater MN","Eligible Regional Park",FALSE,2021-12-20,1071,"Weekly StreetLight"
"Barsness Park","Eligible for Greater Minnesota Designation","Eligible Greater MN","Eligible Regional Park",FALSE,2021-12-27,994,"Weekly StreetLight"
"Fish Lake County park","Eligible for Greater Minnesota Designation","Eligible Greater MN","Eligible Regional Park",FALSE,2017-11-27,63,"Biweekly StreetLight"
"Fish Lake County park","Eligible for Greater Minnesota Designation","Eligible Greater MN","Eligible Regional Park",FALSE,2017-12-04,126,"Weekly StreetLight"
"Fish Lake County park","Eligible for Greater Minnesota Designation","Eligible Greater MN","Eligible Regional Park",FALSE,2017-12-11,126,"Weekly StreetLight"
"Fish Lake County park","Eligible for Greater Minnesota Designation","Eligible Greater MN","Eligible Regional Park",FALSE,2017-12-18,126,"Weekly StreetLight"
"Fish Lake County park","Eligible for Greater Minnesota Designation","Eligible Greater MN","Eligible Regional Park",FALSE,2017-12-25,105,"Imputed"
"Fish Lake County park","Eligible for Greater Minnesota Designation","Eligible Greater MN","Eligible Regional Park",FALSE,2018-01-01,63,"Biweekly StreetLight"
"Fish Lake County park","Eligible for Greater Minnesota Designation","Eligible Greater MN","Eligible Regional Park",FALSE,2018-01-08,119,"Weekly StreetLight"
"Fish Lake County park","Eligible for Greater Minnesota Designation","Eligible Greater MN","Eligible Regional Park",FALSE,2018-01-15,119,"Weekly StreetLight"
"Fish Lake County park","Eligible for Greater Minnesota Designation","Eligible Greater MN","Eligible Regional Park",FALSE,2018-01-22,91,"Imputed"
"Fish Lake County park","Eligible for Greater Minnesota Designation","Eligible Greater MN","Eligible Regional Park",FALSE,2018-01-29,56,"Biweekly StreetLight"
"Fish Lake County park","Eligible for Greater Minnesota Designation","Eligible Greater MN","Eligible Regional Park",FALSE,2018-02-05,112,"Weekly StreetLight"
"Fish Lake County park","Eligible for Greater Minnesota Designation","Eligible Greater MN","Eligible Regional Park",FALSE,2018-02-12,112,"Imputed"
"Fish Lake County park","Eligible for Greater Minnesota Designation","Eligible Greater MN","Eligible Regional Park",FALSE,2018-02-19,126,"Imputed"
"Fish Lake County park","Eligible for Greater Minnesota Designation","Eligible Greater MN","Eligible Regional Park",FALSE,2018-02-26,98,"Biweekly StreetLight"
"Fish Lake County park","Eligible for Greater Minnesota Designation","Eligible Greater MN","Eligible Regional Park",FALSE,2018-03-05,203,"Weekly StreetLight"
"Fish Lake County park","Eligible for Greater Minnesota Designation","Eligible Greater MN","Eligible Regional Park",FALSE,2018-03-12,203,"Weekly StreetLight"
"Fish Lake County park","Eligible for Greater Minnesota Designation","Eligible Greater MN","Eligible Regional Park",FALSE,2018-03-19,168,"Imputed"
"Fish Lake County park","Eligible for Greater Minnesota Designation","Eligible Greater MN","Eligible Regional Park",FALSE,2018-03-26,140,"Imputed"
"Fish Lake County park","Eligible for Greater Minnesota Designation","Eligible Greater MN","Eligible Regional Park",FALSE,2018-04-02,105,"Imputed"
"Fish Lake County park","Eligible for Greater Minnesota Designation","Eligible Greater MN","Eligible Regional Park",FALSE,2018-04-09,49,"Biweekly StreetLight"
"Fish Lake County park","Eligible for Greater Minnesota Designation","Eligible Greater MN","Eligible Regional Park",FALSE,2018-04-16,105,"Weekly StreetLight"
"Fish Lake County park","Eligible for Greater Minnesota Designation","Eligible Greater MN","Eligible Regional Park",FALSE,2018-04-23,210,"Weekly StreetLight"
"Fish Lake County park","Eligible for Greater Minnesota Designation","Eligible Greater MN","Eligible Regional Park",FALSE,2018-04-30,77,"Weekly StreetLight"
"Fish Lake County park","Eligible for Greater Minnesota Designation","Eligible Greater MN","Eligible Regional Park",FALSE,2018-05-07,147,"Weekly StreetLight"
"Fish Lake County park","Eligible for Greater Minnesota Designation","Eligible Greater MN","Eligible Regional Park",FALSE,2018-05-14,301,"Weekly StreetLight"
"Fish Lake County park","Eligible for Greater Minnesota Designation","Eligible Greater MN","Eligible Regional Park",FALSE,2018-05-21,518,"Weekly StreetLight"
"Fish Lake County park","Eligible for Greater Minnesota Designation","Eligible Greater MN","Eligible Regional Park",FALSE,2018-05-28,1904,"Weekly StreetLight"
"Fish Lake County park","Eligible for Greater Minnesota Designation","Eligible Greater MN","Eligible Regional Park",FALSE,2018-06-04,1022,"Weekly StreetLight"
"Fish Lake County park","Eligible for Greater Minnesota Designation","Eligible Greater MN","Eligible Regional Park",FALSE,2018-06-11,1792,"Weekly StreetLight"
"Fish Lake County park","Eligible for Greater Minnesota Designation","Eligible Greater MN","Eligible Regional Park",FALSE,2018-06-18,1533,"Weekly StreetLight"
"Fish Lake County park","Eligible for Greater Minnesota Designation","Eligible Greater MN","Eligible Regional Park",FALSE,2018-06-25,2044,"Weekly StreetLight"
"Fish Lake County park","Eligible for Greater Minnesota Designation","Eligible Greater MN","Eligible Regional Park",FALSE,2018-07-02,2604,"Weekly StreetLight"
"Fish Lake County park","Eligible for Greater Minnesota Designation","Eligible Greater MN","Eligible Regional Park",FALSE,2018-07-09,1848,"Weekly StreetLight"
"Fish Lake County park","Eligible for Greater Minnesota Designation","Eligible Greater MN","Eligible Regional Park",FALSE,2018-07-16,1344,"Weekly StreetLight"
"Fish Lake County park","Eligible for Greater Minnesota Designation","Eligible Greater MN","Eligible Regional Park",FALSE,2018-07-23,756,"Weekly StreetLight"
"Fish Lake County park","Eligible for Greater Minnesota Designation","Eligible Greater MN","Eligible Regional Park",FALSE,2018-07-30,1239,"Weekly StreetLight"
"Fish Lake County park","Eligible for Greater Minnesota Designation","Eligible Greater MN","Eligible Regional Park",FALSE,2018-08-06,2604,"Weekly StreetLight"
"Fish Lake County park","Eligible for Greater Minnesota Designation","Eligible Greater MN","Eligible Regional Park",FALSE,2018-08-13,1547,"Weekly StreetLight"
"Fish Lake County park","Eligible for Greater Minnesota Designation","Eligible Greater MN","Eligible Regional Park",FALSE,2018-08-20,896,"Weekly StreetLight"
"Fish Lake County park","Eligible for Greater Minnesota Designation","Eligible Greater MN","Eligible Regional Park",FALSE,2018-08-27,812,"Weekly StreetLight"
"Fish Lake County park","Eligible for Greater Minnesota Designation","Eligible Greater MN","Eligible Regional Park",FALSE,2018-09-03,84,"Weekly StreetLight"
"Fish Lake County park","Eligible for Greater Minnesota Designation","Eligible Greater MN","Eligible Regional Park",FALSE,2018-09-10,329,"Weekly StreetLight"
"Fish Lake County park","Eligible for Greater Minnesota Designation","Eligible Greater MN","Eligible Regional Park",FALSE,2018-09-17,329,"Weekly StreetLight"
"Fish Lake County park","Eligible for Greater Minnesota Designation","Eligible Greater MN","Eligible Regional Park",FALSE,2018-09-24,245,"Weekly StreetLight"
"Fish Lake County park","Eligible for Greater Minnesota Designation","Eligible Greater MN","Eligible Regional Park",FALSE,2018-10-01,77,"Weekly StreetLight"
"Fish Lake County park","Eligible for Greater Minnesota Designation","Eligible Greater MN","Eligible Regional Park",FALSE,2018-10-08,77,"Biweekly StreetLight"
"Fish Lake County park","Eligible for Greater Minnesota Designation","Eligible Greater MN","Eligible Regional Park",FALSE,2018-10-15,154,"Weekly StreetLight"
"Fish Lake County park","Eligible for Greater Minnesota Designation","Eligible Greater MN","Eligible Regional Park",FALSE,2018-10-22,154,"Weekly StreetLight"
"Fish Lake County park","Eligible for Greater Minnesota Designation","Eligible Greater MN","Eligible Regional Park",FALSE,2018-10-29,105,"Imputed"
"Fish Lake County park","Eligible for Greater Minnesota Designation","Eligible Greater MN","Eligible Regional Park",FALSE,2018-11-05,42,"Biweekly StreetLight"
"Fish Lake County park","Eligible for Greater Minnesota Designation","Eligible Greater MN","Eligible Regional Park",FALSE,2018-11-12,77,"Weekly StreetLight"
"Fish Lake County park","Eligible for Greater Minnesota Designation","Eligible Greater MN","Eligible Regional Park",FALSE,2018-11-19,105,"Biweekly StreetLight"
"Fish Lake County park","Eligible for Greater Minnesota Designation","Eligible Greater MN","Eligible Regional Park",FALSE,2018-11-26,203,"Weekly StreetLight"
"Fish Lake County park","Eligible for Greater Minnesota Designation","Eligible Greater MN","Eligible Regional Park",FALSE,2018-12-03,63,"Biweekly StreetLight"
"Fish Lake County park","Eligible for Greater Minnesota Designation","Eligible Greater MN","Eligible Regional Park",FALSE,2018-12-10,126,"Weekly StreetLight"
"Fish Lake County park","Eligible for Greater Minnesota Designation","Eligible Greater MN","Eligible Regional Park",FALSE,2018-12-17,189,"Weekly StreetLight"
"Fish Lake County park","Eligible for Greater Minnesota Designation","Eligible Greater MN","Eligible Regional Park",FALSE,2018-12-24,63,"Weekly StreetLight"
"Fish Lake County park","Eligible for Greater Minnesota Designation","Eligible Greater MN","Eligible Regional Park",FALSE,2018-12-31,182,"Weekly StreetLight"
"Fish Lake County park","Eligible for Greater Minnesota Designation","Eligible Greater MN","Eligible Regional Park",FALSE,2019-01-07,119,"Weekly StreetLight"
"Fish Lake County park","Eligible for Greater Minnesota Designation","Eligible Greater MN","Eligible Regional Park",FALSE,2019-01-14,28,"Weekly StreetLight"
"Fish Lake County park","Eligible for Greater Minnesota Designation","Eligible Greater MN","Eligible Regional Park",FALSE,2019-01-21,28,"Weekly StreetLight"
"Fish Lake County park","Eligible for Greater Minnesota Designation","Eligible Greater MN","Eligible Regional Park",FALSE,2019-01-28,224,"Weekly StreetLight"
"Fish Lake County park","Eligible for Greater Minnesota Designation","Eligible Greater MN","Eligible Regional Park",FALSE,2019-02-04,63,"Weekly StreetLight"
"Fish Lake County park","Eligible for Greater Minnesota Designation","Eligible Greater MN","Eligible Regional Park",FALSE,2019-02-11,98,"Weekly StreetLight"
"Fish Lake County park","Eligible for Greater Minnesota Designation","Eligible Greater MN","Eligible Regional Park",FALSE,2019-02-18,35,"Weekly StreetLight"
"Fish Lake County park","Eligible for Greater Minnesota Designation","Eligible Greater MN","Eligible Regional Park",FALSE,2019-02-25,35,"Weekly StreetLight"
"Fish Lake County park","Eligible for Greater Minnesota Designation","Eligible Greater MN","Eligible Regional Park",FALSE,2019-03-04,196,"Weekly StreetLight"
"Fish Lake County park","Eligible for Greater Minnesota Designation","Eligible Greater MN","Eligible Regional Park",FALSE,2019-03-11,35,"Weekly StreetLight"
"Fish Lake County park","Eligible for Greater Minnesota Designation","Eligible Greater MN","Eligible Regional Park",FALSE,2019-03-18,14,"Biweekly StreetLight"
"Fish Lake County park","Eligible for Greater Minnesota Designation","Eligible Greater MN","Eligible Regional Park",FALSE,2019-03-25,35,"Weekly StreetLight"
"Fish Lake County park","Eligible for Greater Minnesota Designation","Eligible Greater MN","Eligible Regional Park",FALSE,2019-04-01,28,"Weekly StreetLight"
"Fish Lake County park","Eligible for Greater Minnesota Designation","Eligible Greater MN","Eligible Regional Park",FALSE,2019-04-08,28,"Weekly StreetLight"
"Fish Lake County park","Eligible for Greater Minnesota Designation","Eligible Greater MN","Eligible Regional Park",FALSE,2019-04-15,126,"Weekly StreetLight"
"Fish Lake County park","Eligible for Greater Minnesota Designation","Eligible Greater MN","Eligible Regional Park",FALSE,2019-04-22,154,"Weekly StreetLight"
"Fish Lake County park","Eligible for Greater Minnesota Designation","Eligible Greater MN","Eligible Regional Park",FALSE,2019-04-29,91,"Weekly StreetLight"
"Fish Lake County park","Eligible for Greater Minnesota Designation","Eligible Greater MN","Eligible Regional Park",FALSE,2019-05-06,259,"Weekly StreetLight"
"Fish Lake County park","Eligible for Greater Minnesota Designation","Eligible Greater MN","Eligible Regional Park",FALSE,2019-05-13,294,"Weekly StreetLight"
"Fish Lake County park","Eligible for Greater Minnesota Designation","Eligible Greater MN","Eligible Regional Park",FALSE,2019-05-20,322,"Weekly StreetLight"
"Fish Lake County park","Eligible for Greater Minnesota Designation","Eligible Greater MN","Eligible Regional Park",FALSE,2019-05-27,1358,"Weekly StreetLight"
"Fish Lake County park","Eligible for Greater Minnesota Designation","Eligible Greater MN","Eligible Regional Park",FALSE,2019-06-03,1638,"Weekly StreetLight"
"Fish Lake County park","Eligible for Greater Minnesota Designation","Eligible Greater MN","Eligible Regional Park",FALSE,2019-06-10,931,"Weekly StreetLight"
"Fish Lake County park","Eligible for Greater Minnesota Designation","Eligible Greater MN","Eligible Regional Park",FALSE,2019-06-17,595,"Weekly StreetLight"
"Fish Lake County park","Eligible for Greater Minnesota Designation","Eligible Greater MN","Eligible Regional Park",FALSE,2019-06-24,1218,"Weekly StreetLight"
"Fish Lake County park","Eligible for Greater Minnesota Designation","Eligible Greater MN","Eligible Regional Park",FALSE,2019-07-01,1687,"Weekly StreetLight"
"Fish Lake County park","Eligible for Greater Minnesota Designation","Eligible Greater MN","Eligible Regional Park",FALSE,2019-07-08,1631,"Weekly StreetLight"
"Fish Lake County park","Eligible for Greater Minnesota Designation","Eligible Greater MN","Eligible Regional Park",FALSE,2019-07-15,931,"Weekly StreetLight"
"Fish Lake County park","Eligible for Greater Minnesota Designation","Eligible Greater MN","Eligible Regional Park",FALSE,2019-07-22,1267,"Weekly StreetLight"
"Fish Lake County park","Eligible for Greater Minnesota Designation","Eligible Greater MN","Eligible Regional Park",FALSE,2019-07-29,1323,"Weekly StreetLight"
"Fish Lake County park","Eligible for Greater Minnesota Designation","Eligible Greater MN","Eligible Regional Park",FALSE,2019-08-05,903,"Weekly StreetLight"
"Fish Lake County park","Eligible for Greater Minnesota Designation","Eligible Greater MN","Eligible Regional Park",FALSE,2019-08-12,378,"Weekly StreetLight"
"Fish Lake County park","Eligible for Greater Minnesota Designation","Eligible Greater MN","Eligible Regional Park",FALSE,2019-08-19,357,"Weekly StreetLight"
"Fish Lake County park","Eligible for Greater Minnesota Designation","Eligible Greater MN","Eligible Regional Park",FALSE,2019-08-26,98,"Weekly StreetLight"
"Fish Lake County park","Eligible for Greater Minnesota Designation","Eligible Greater MN","Eligible Regional Park",FALSE,2019-09-02,49,"Weekly StreetLight"
"Fish Lake County park","Eligible for Greater Minnesota Designation","Eligible Greater MN","Eligible Regional Park",FALSE,2019-09-09,259,"Weekly StreetLight"
"Fish Lake County park","Eligible for Greater Minnesota Designation","Eligible Greater MN","Eligible Regional Park",FALSE,2019-09-16,189,"Weekly StreetLight"
"Fish Lake County park","Eligible for Greater Minnesota Designation","Eligible Greater MN","Eligible Regional Park",FALSE,2019-09-23,28,"Biweekly StreetLight"
"Fish Lake County park","Eligible for Greater Minnesota Designation","Eligible Greater MN","Eligible Regional Park",FALSE,2019-09-30,49,"Weekly StreetLight"
"Fish Lake County park","Eligible for Greater Minnesota Designation","Eligible Greater MN","Eligible Regional Park",FALSE,2019-10-07,77,"Weekly StreetLight"
"Fish Lake County park","Eligible for Greater Minnesota Designation","Eligible Greater MN","Eligible Regional Park",FALSE,2019-10-14,77,"Weekly StreetLight"
"Fish Lake County park","Eligible for Greater Minnesota Designation","Eligible Greater MN","Eligible Regional Park",FALSE,2019-10-21,77,"Weekly StreetLight"
"Fish Lake County park","Eligible for Greater Minnesota Designation","Eligible Greater MN","Eligible Regional Park",FALSE,2019-10-28,28,"Weekly StreetLight"
"Fish Lake County park","Eligible for Greater Minnesota Designation","Eligible Greater MN","Eligible Regional Park",FALSE,2019-11-04,49,"Weekly StreetLight"
"Fish Lake County park","Eligible for Greater Minnesota Designation","Eligible Greater MN","Eligible Regional Park",FALSE,2019-11-11,49,"Weekly StreetLight"
"Fish Lake County park","Eligible for Greater Minnesota Designation","Eligible Greater MN","Eligible Regional Park",FALSE,2019-11-18,49,"Weekly StreetLight"
"Fish Lake County park","Eligible for Greater Minnesota Designation","Eligible Greater MN","Eligible Regional Park",FALSE,2019-11-25,28,"Weekly StreetLight"
"Fish Lake County park","Eligible for Greater Minnesota Designation","Eligible Greater MN","Eligible Regional Park",FALSE,2019-12-02,63,"Biweekly StreetLight"
"Fish Lake County park","Eligible for Greater Minnesota Designation","Eligible Greater MN","Eligible Regional Park",FALSE,2019-12-09,119,"Weekly StreetLight"
"Fish Lake County park","Eligible for Greater Minnesota Designation","Eligible Greater MN","Eligible Regional Park",FALSE,2019-12-16,21,"Weekly StreetLight"
"Fish Lake County park","Eligible for Greater Minnesota Designation","Eligible Greater MN","Eligible Regional Park",FALSE,2019-12-23,49,"Weekly StreetLight"
"Fish Lake County park","Eligible for Greater Minnesota Designation","Eligible Greater MN","Eligible Regional Park",FALSE,2019-12-30,91,"Weekly StreetLight"
"Fish Lake County park","Eligible for Greater Minnesota Designation","Eligible Greater MN","Eligible Regional Park",FALSE,2020-01-06,21,"Weekly StreetLight"
"Fish Lake County park","Eligible for Greater Minnesota Designation","Eligible Greater MN","Eligible Regional Park",FALSE,2020-01-13,84,"Weekly StreetLight"
"Fish Lake County park","Eligible for Greater Minnesota Designation","Eligible Greater MN","Eligible Regional Park",FALSE,2020-01-20,21,"Biweekly StreetLight"
"Fish Lake County park","Eligible for Greater Minnesota Designation","Eligible Greater MN","Eligible Regional Park",FALSE,2020-01-27,42,"Weekly StreetLight"
"Fish Lake County park","Eligible for Greater Minnesota Designation","Eligible Greater MN","Eligible Regional Park",FALSE,2020-02-03,56,"Weekly StreetLight"
"Fish Lake County park","Eligible for Greater Minnesota Designation","Eligible Greater MN","Eligible Regional Park",FALSE,2020-02-10,56,"Weekly StreetLight"
"Fish Lake County park","Eligible for Greater Minnesota Designation","Eligible Greater MN","Eligible Regional Park",FALSE,2020-02-17,21,"Weekly StreetLight"
"Fish Lake County park","Eligible for Greater Minnesota Designation","Eligible Greater MN","Eligible Regional Park",FALSE,2020-02-24,63,"Weekly StreetLight"
"Fish Lake County park","Eligible for Greater Minnesota Designation","Eligible Greater MN","Eligible Regional Park",FALSE,2020-03-02,14,"Biweekly StreetLight"
"Fish Lake County park","Eligible for Greater Minnesota Designation","Eligible Greater MN","Eligible Regional Park",FALSE,2020-03-09,21,"Weekly StreetLight"
"Fish Lake County park","Eligible for Greater Minnesota Designation","Eligible Greater MN","Eligible Regional Park",FALSE,2020-03-16,91,"Weekly StreetLight"
"Fish Lake County park","Eligible for Greater Minnesota Designation","Eligible Greater MN","Eligible Regional Park",FALSE,2020-03-23,182,"Weekly StreetLight"
"Fish Lake County park","Eligible for Greater Minnesota Designation","Eligible Greater MN","Eligible Regional Park",FALSE,2020-03-30,147,"Weekly StreetLight"
"Fish Lake County park","Eligible for Greater Minnesota Designation","Eligible Greater MN","Eligible Regional Park",FALSE,2020-04-06,147,"Weekly StreetLight"
"Fish Lake County park","Eligible for Greater Minnesota Designation","Eligible Greater MN","Eligible Regional Park",FALSE,2020-04-13,245,"Weekly StreetLight"
"Fish Lake County park","Eligible for Greater Minnesota Designation","Eligible Greater MN","Eligible Regional Park",FALSE,2020-04-20,392,"Weekly StreetLight"
"Fish Lake County park","Eligible for Greater Minnesota Designation","Eligible Greater MN","Eligible Regional Park",FALSE,2020-04-27,581,"Weekly StreetLight"
"Fish Lake County park","Eligible for Greater Minnesota Designation","Eligible Greater MN","Eligible Regional Park",FALSE,2020-05-04,336,"Weekly StreetLight"
"Fish Lake County park","Eligible for Greater Minnesota Designation","Eligible Greater MN","Eligible Regional Park",FALSE,2020-05-11,336,"Weekly StreetLight"
"Fish Lake County park","Eligible for Greater Minnesota Designation","Eligible Greater MN","Eligible Regional Park",FALSE,2020-05-18,833,"Weekly StreetLight"
"Fish Lake County park","Eligible for Greater Minnesota Designation","Eligible Greater MN","Eligible Regional Park",FALSE,2020-05-25,1512,"Weekly StreetLight"
"Fish Lake County park","Eligible for Greater Minnesota Designation","Eligible Greater MN","Eligible Regional Park",FALSE,2020-06-01,2044,"Weekly StreetLight"
"Fish Lake County park","Eligible for Greater Minnesota Designation","Eligible Greater MN","Eligible Regional Park",FALSE,2020-06-08,1526,"Weekly StreetLight"
"Fish Lake County park","Eligible for Greater Minnesota Designation","Eligible Greater MN","Eligible Regional Park",FALSE,2020-06-15,1820,"Weekly StreetLight"
"Fish Lake County park","Eligible for Greater Minnesota Designation","Eligible Greater MN","Eligible Regional Park",FALSE,2020-06-22,2247,"Weekly StreetLight"
"Fish Lake County park","Eligible for Greater Minnesota Designation","Eligible Greater MN","Eligible Regional Park",FALSE,2020-06-29,2919,"Weekly StreetLight"
"Fish Lake County park","Eligible for Greater Minnesota Designation","Eligible Greater MN","Eligible Regional Park",FALSE,2020-07-06,2037,"Weekly StreetLight"
"Fish Lake County park","Eligible for Greater Minnesota Designation","Eligible Greater MN","Eligible Regional Park",FALSE,2020-07-13,1533,"Weekly StreetLight"
"Fish Lake County park","Eligible for Greater Minnesota Designation","Eligible Greater MN","Eligible Regional Park",FALSE,2020-07-20,1155,"Weekly StreetLight"
"Fish Lake County park","Eligible for Greater Minnesota Designation","Eligible Greater MN","Eligible Regional Park",FALSE,2020-07-27,1113,"Weekly StreetLight"
"Fish Lake County park","Eligible for Greater Minnesota Designation","Eligible Greater MN","Eligible Regional Park",FALSE,2020-08-03,672,"Weekly StreetLight"
"Fish Lake County park","Eligible for Greater Minnesota Designation","Eligible Greater MN","Eligible Regional Park",FALSE,2020-08-10,525,"Weekly StreetLight"
"Fish Lake County park","Eligible for Greater Minnesota Designation","Eligible Greater MN","Eligible Regional Park",FALSE,2020-08-17,294,"Weekly StreetLight"
"Fish Lake County park","Eligible for Greater Minnesota Designation","Eligible Greater MN","Eligible Regional Park",FALSE,2020-08-24,546,"Weekly StreetLight"
"Fish Lake County park","Eligible for Greater Minnesota Designation","Eligible Greater MN","Eligible Regional Park",FALSE,2020-08-31,266,"Weekly StreetLight"
"Fish Lake County park","Eligible for Greater Minnesota Designation","Eligible Greater MN","Eligible Regional Park",FALSE,2020-09-07,273,"Weekly StreetLight"
"Fish Lake County park","Eligible for Greater Minnesota Designation","Eligible Greater MN","Eligible Regional Park",FALSE,2020-09-14,224,"Weekly StreetLight"
"Fish Lake County park","Eligible for Greater Minnesota Designation","Eligible Greater MN","Eligible Regional Park",FALSE,2020-09-21,406,"Weekly StreetLight"
"Fish Lake County park","Eligible for Greater Minnesota Designation","Eligible Greater MN","Eligible Regional Park",FALSE,2020-09-28,140,"Weekly StreetLight"
"Fish Lake County park","Eligible for Greater Minnesota Designation","Eligible Greater MN","Eligible Regional Park",FALSE,2020-10-05,245,"Weekly StreetLight"
"Fish Lake County park","Eligible for Greater Minnesota Designation","Eligible Greater MN","Eligible Regional Park",FALSE,2020-10-12,98,"Weekly StreetLight"
"Fish Lake County park","Eligible for Greater Minnesota Designation","Eligible Greater MN","Eligible Regional Park",FALSE,2020-10-19,49,"Weekly StreetLight"
"Fish Lake County park","Eligible for Greater Minnesota Designation","Eligible Greater MN","Eligible Regional Park",FALSE,2020-10-26,49,"Biweekly StreetLight"
"Fish Lake County park","Eligible for Greater Minnesota Designation","Eligible Greater MN","Eligible Regional Park",FALSE,2020-11-02,98,"Weekly StreetLight"
"Fish Lake County park","Eligible for Greater Minnesota Designation","Eligible Greater MN","Eligible Regional Park",FALSE,2020-11-09,49,"Weekly StreetLight"
"Fish Lake County park","Eligible for Greater Minnesota Designation","Eligible Greater MN","Eligible Regional Park",FALSE,2020-11-16,77,"Weekly StreetLight"
"Fish Lake County park","Eligible for Greater Minnesota Designation","Eligible Greater MN","Eligible Regional Park",FALSE,2020-11-23,98,"Weekly StreetLight"
"Fish Lake County park","Eligible for Greater Minnesota Designation","Eligible Greater MN","Eligible Regional Park",FALSE,2020-11-30,126,"Weekly StreetLight"
"Fish Lake County park","Eligible for Greater Minnesota Designation","Eligible Greater MN","Eligible Regional Park",FALSE,2020-12-07,301,"Weekly StreetLight"
"Fish Lake County park","Eligible for Greater Minnesota Designation","Eligible Greater MN","Eligible Regional Park",FALSE,2020-12-14,175,"Weekly StreetLight"
"Fish Lake County park","Eligible for Greater Minnesota Designation","Eligible Greater MN","Eligible Regional Park",FALSE,2020-12-21,126,"Weekly StreetLight"
"Fish Lake County park","Eligible for Greater Minnesota Designation","Eligible Greater MN","Eligible Regional Park",FALSE,2020-12-28,259,"Weekly StreetLight"
"Fish Lake County park","Eligible for Greater Minnesota Designation","Eligible Greater MN","Eligible Regional Park",FALSE,2021-01-04,308,"Weekly StreetLight"
"Fish Lake County park","Eligible for Greater Minnesota Designation","Eligible Greater MN","Eligible Regional Park",FALSE,2021-01-11,196,"Weekly StreetLight"
"Fish Lake County park","Eligible for Greater Minnesota Designation","Eligible Greater MN","Eligible Regional Park",FALSE,2021-01-18,343,"Weekly StreetLight"
"Fish Lake County park","Eligible for Greater Minnesota Designation","Eligible Greater MN","Eligible Regional Park",FALSE,2021-01-25,7,"Biweekly StreetLight"
"Fish Lake County park","Eligible for Greater Minnesota Designation","Eligible Greater MN","Eligible Regional Park",FALSE,2021-02-01,21,"Weekly StreetLight"
"Fish Lake County park","Eligible for Greater Minnesota Designation","Eligible Greater MN","Eligible Regional Park",FALSE,2021-02-08,21,"Weekly StreetLight"
"Fish Lake County park","Eligible for Greater Minnesota Designation","Eligible Greater MN","Eligible Regional Park",FALSE,2021-02-15,105,"Weekly StreetLight"
"Fish Lake County park","Eligible for Greater Minnesota Designation","Eligible Greater MN","Eligible Regional Park",FALSE,2021-02-22,70,"Weekly StreetLight"
"Fish Lake County park","Eligible for Greater Minnesota Designation","Eligible Greater MN","Eligible Regional Park",FALSE,2021-03-01,49,"Weekly StreetLight"
"Fish Lake County park","Eligible for Greater Minnesota Designation","Eligible Greater MN","Eligible Regional Park",FALSE,2021-03-08,168,"Weekly StreetLight"
"Fish Lake County park","Eligible for Greater Minnesota Designation","Eligible Greater MN","Eligible Regional Park",FALSE,2021-03-15,182,"Weekly StreetLight"
"Fish Lake County park","Eligible for Greater Minnesota Designation","Eligible Greater MN","Eligible Regional Park",FALSE,2021-03-22,119,"Weekly StreetLight"
"Fish Lake County park","Eligible for Greater Minnesota Designation","Eligible Greater MN","Eligible Regional Park",FALSE,2021-03-29,231,"Weekly StreetLight"
"Fish Lake County park","Eligible for Greater Minnesota Designation","Eligible Greater MN","Eligible Regional Park",FALSE,2021-04-05,469,"Weekly StreetLight"
"Fish Lake County park","Eligible for Greater Minnesota Designation","Eligible Greater MN","Eligible Regional Park",FALSE,2021-04-12,343,"Weekly StreetLight"
"Fish Lake County park","Eligible for Greater Minnesota Designation","Eligible Greater MN","Eligible Regional Park",FALSE,2021-04-19,245,"Weekly StreetLight"
"Fish Lake County park","Eligible for Greater Minnesota Designation","Eligible Greater MN","Eligible Regional Park",FALSE,2021-04-26,441,"Weekly StreetLight"
"Fish Lake County park","Eligible for Greater Minnesota Designation","Eligible Greater MN","Eligible Regional Park",FALSE,2021-05-03,196,"Weekly StreetLight"
"Fish Lake County park","Eligible for Greater Minnesota Designation","Eligible Greater MN","Eligible Regional Park",FALSE,2021-05-10,616,"Weekly StreetLight"
"Fish Lake County park","Eligible for Greater Minnesota Designation","Eligible Greater MN","Eligible Regional Park",FALSE,2021-05-17,861,"Weekly StreetLight"
"Fish Lake County park","Eligible for Greater Minnesota Designation","Eligible Greater MN","Eligible Regional Park",FALSE,2021-05-24,784,"Weekly StreetLight"
"Fish Lake County park","Eligible for Greater Minnesota Designation","Eligible Greater MN","Eligible Regional Park",FALSE,2021-05-31,2093,"Weekly StreetLight"
"Fish Lake County park","Eligible for Greater Minnesota Designation","Eligible Greater MN","Eligible Regional Park",FALSE,2021-06-07,1918,"Weekly StreetLight"
"Fish Lake County park","Eligible for Greater Minnesota Designation","Eligible Greater MN","Eligible Regional Park",FALSE,2021-06-14,1029,"Weekly StreetLight"
"Fish Lake County park","Eligible for Greater Minnesota Designation","Eligible Greater MN","Eligible Regional Park",FALSE,2021-06-21,707,"Weekly StreetLight"
"Fish Lake County park","Eligible for Greater Minnesota Designation","Eligible Greater MN","Eligible Regional Park",FALSE,2021-06-28,1309,"Weekly StreetLight"
"Fish Lake County park","Eligible for Greater Minnesota Designation","Eligible Greater MN","Eligible Regional Park",FALSE,2021-07-05,1358,"Weekly StreetLight"
"Fish Lake County park","Eligible for Greater Minnesota Designation","Eligible Greater MN","Eligible Regional Park",FALSE,2021-07-12,1442,"Weekly StreetLight"
"Fish Lake County park","Eligible for Greater Minnesota Designation","Eligible Greater MN","Eligible Regional Park",FALSE,2021-07-19,1141,"Weekly StreetLight"
"Fish Lake County park","Eligible for Greater Minnesota Designation","Eligible Greater MN","Eligible Regional Park",FALSE,2021-07-26,518,"Weekly StreetLight"
"Fish Lake County park","Eligible for Greater Minnesota Designation","Eligible Greater MN","Eligible Regional Park",FALSE,2021-08-02,588,"Weekly StreetLight"
"Fish Lake County park","Eligible for Greater Minnesota Designation","Eligible Greater MN","Eligible Regional Park",FALSE,2021-08-09,868,"Weekly StreetLight"
"Fish Lake County park","Eligible for Greater Minnesota Designation","Eligible Greater MN","Eligible Regional Park",FALSE,2021-08-16,609,"Weekly StreetLight"
"Fish Lake County park","Eligible for Greater Minnesota Designation","Eligible Greater MN","Eligible Regional Park",FALSE,2021-08-23,693,"Weekly StreetLight"
"Fish Lake County park","Eligible for Greater Minnesota Designation","Eligible Greater MN","Eligible Regional Park",FALSE,2021-08-30,448,"Weekly StreetLight"
"Fish Lake County park","Eligible for Greater Minnesota Designation","Eligible Greater MN","Eligible Regional Park",FALSE,2021-09-06,455,"Weekly StreetLight"
"Fish Lake County park","Eligible for Greater Minnesota Designation","Eligible Greater MN","Eligible Regional Park",FALSE,2021-09-13,434,"Weekly StreetLight"
"Fish Lake County park","Eligible for Greater Minnesota Designation","Eligible Greater MN","Eligible Regional Park",FALSE,2021-09-20,434,"Weekly StreetLight"
"Fish Lake County park","Eligible for Greater Minnesota Designation","Eligible Greater MN","Eligible Regional Park",FALSE,2021-09-27,532,"Weekly StreetLight"
"Fish Lake County park","Eligible for Greater Minnesota Designation","Eligible Greater MN","Eligible Regional Park",FALSE,2021-10-04,154,"Weekly StreetLight"
"Fish Lake County park","Eligible for Greater Minnesota Designation","Eligible Greater MN","Eligible Regional Park",FALSE,2021-10-11,42,"Weekly StreetLight"
"Fish Lake County park","Eligible for Greater Minnesota Designation","Eligible Greater MN","Eligible Regional Park",FALSE,2021-10-18,91,"Weekly StreetLight"
"Fish Lake County park","Eligible for Greater Minnesota Designation","Eligible Greater MN","Eligible Regional Park",FALSE,2021-10-25,91,"Weekly StreetLight"
"Fish Lake County park","Eligible for Greater Minnesota Designation","Eligible Greater MN","Eligible Regional Park",FALSE,2021-11-01,21,"Weekly StreetLight"
"Fish Lake County park","Eligible for Greater Minnesota Designation","Eligible Greater MN","Eligible Regional Park",FALSE,2021-11-08,70,"Weekly StreetLight"
"Fish Lake County park","Eligible for Greater Minnesota Designation","Eligible Greater MN","Eligible Regional Park",FALSE,2021-11-15,70,"Weekly StreetLight"
"Fish Lake County park","Eligible for Greater Minnesota Designation","Eligible Greater MN","Eligible Regional Park",FALSE,2021-11-22,70,"Weekly StreetLight"
"Fish Lake County park","Eligible for Greater Minnesota Designation","Eligible Greater MN","Eligible Regional Park",FALSE,2021-11-29,84,"Weekly StreetLight"
"Fish Lake County park","Eligible for Greater Minnesota Designation","Eligible Greater MN","Eligible Regional Park",FALSE,2021-12-06,42,"Weekly StreetLight"
"Fish Lake County park","Eligible for Greater Minnesota Designation","Eligible Greater MN","Eligible Regional Park",FALSE,2021-12-13,63,"Weekly StreetLight"
"Fish Lake County park","Eligible for Greater Minnesota Designation","Eligible Greater MN","Eligible Regional Park",FALSE,2021-12-20,84,"Weekly StreetLight"
"Fish Lake County park","Eligible for Greater Minnesota Designation","Eligible Greater MN","Eligible Regional Park",FALSE,2021-12-27,126,"Weekly StreetLight"
"Frazee park","Eligible for Greater Minnesota Designation","Eligible Greater MN","Eligible Regional Park",FALSE,2017-11-27,168,"Weekly StreetLight"
"Frazee park","Eligible for Greater Minnesota Designation","Eligible Greater MN","Eligible Regional Park",FALSE,2017-12-04,497,"Weekly StreetLight"
"Frazee park","Eligible for Greater Minnesota Designation","Eligible Greater MN","Eligible Regional Park",FALSE,2017-12-11,329,"Weekly StreetLight"
"Frazee park","Eligible for Greater Minnesota Designation","Eligible Greater MN","Eligible Regional Park",FALSE,2017-12-18,497,"Weekly StreetLight"
"Frazee park","Eligible for Greater Minnesota Designation","Eligible Greater MN","Eligible Regional Park",FALSE,2017-12-25,168,"Weekly StreetLight"
"Frazee park","Eligible for Greater Minnesota Designation","Eligible Greater MN","Eligible Regional Park",FALSE,2018-01-01,448,"Weekly StreetLight"
"Frazee park","Eligible for Greater Minnesota Designation","Eligible Greater MN","Eligible Regional Park",FALSE,2018-01-08,448,"Weekly StreetLight"
"Frazee park","Eligible for Greater Minnesota Designation","Eligible Greater MN","Eligible Regional Park",FALSE,2018-01-15,896,"Weekly StreetLight"
"Frazee park","Eligible for Greater Minnesota Designation","Eligible Greater MN","Eligible Regional Park",FALSE,2018-01-22,490,"Imputed"
"Frazee park","Eligible for Greater Minnesota Designation","Eligible Greater MN","Eligible Regional Park",FALSE,2018-01-29,301,"Imputed"
"Frazee park","Eligible for Greater Minnesota Designation","Eligible Greater MN","Eligible Regional Park",FALSE,2018-02-05,70,"Biweekly StreetLight"
"Frazee park","Eligible for Greater Minnesota Designation","Eligible Greater MN","Eligible Regional Park",FALSE,2018-02-12,133,"Weekly StreetLight"
"Frazee park","Eligible for Greater Minnesota Designation","Eligible Greater MN","Eligible Regional Park",FALSE,2018-02-19,266,"Weekly StreetLight"
"Frazee park","Eligible for Greater Minnesota Designation","Eligible Greater MN","Eligible Regional Park",FALSE,2018-02-26,126,"Biweekly StreetLight"
"Frazee park","Eligible for Greater Minnesota Designation","Eligible Greater MN","Eligible Regional Park",FALSE,2018-03-05,259,"Weekly StreetLight"
"Frazee park","Eligible for Greater Minnesota Designation","Eligible Greater MN","Eligible Regional Park",FALSE,2018-03-12,259,"Weekly StreetLight"
"Frazee park","Eligible for Greater Minnesota Designation","Eligible Greater MN","Eligible Regional Park",FALSE,2018-03-19,385,"Weekly StreetLight"
"Frazee park","Eligible for Greater Minnesota Designation","Eligible Greater MN","Eligible Regional Park",FALSE,2018-03-26,119,"Weekly StreetLight"
"Frazee park","Eligible for Greater Minnesota Designation","Eligible Greater MN","Eligible Regional Park",FALSE,2018-04-02,238,"Weekly StreetLight"
"Frazee park","Eligible for Greater Minnesota Designation","Eligible Greater MN","Eligible Regional Park",FALSE,2018-04-09,238,"Weekly StreetLight"
"Frazee park","Eligible for Greater Minnesota Designation","Eligible Greater MN","Eligible Regional Park",FALSE,2018-04-16,238,"Weekly StreetLight"
"Frazee park","Eligible for Greater Minnesota Designation","Eligible Greater MN","Eligible Regional Park",FALSE,2018-04-23,357,"Weekly StreetLight"
"Frazee park","Eligible for Greater Minnesota Designation","Eligible Greater MN","Eligible Regional Park",FALSE,2018-04-30,798,"Weekly StreetLight"
"Frazee park","Eligible for Greater Minnesota Designation","Eligible Greater MN","Eligible Regional Park",FALSE,2018-05-07,252,"Weekly StreetLight"
"Frazee park","Eligible for Greater Minnesota Designation","Eligible Greater MN","Eligible Regional Park",FALSE,2018-05-14,168,"Weekly StreetLight"
"Frazee park","Eligible for Greater Minnesota Designation","Eligible Greater MN","Eligible Regional Park",FALSE,2018-05-21,343,"Weekly StreetLight"
"Frazee park","Eligible for Greater Minnesota Designation","Eligible Greater MN","Eligible Regional Park",FALSE,2018-05-28,364,"Weekly StreetLight"
"Frazee park","Eligible for Greater Minnesota Designation","Eligible Greater MN","Eligible Regional Park",FALSE,2018-06-04,896,"Weekly StreetLight"
"Frazee park","Eligible for Greater Minnesota Designation","Eligible Greater MN","Eligible Regional Park",FALSE,2018-06-11,672,"Weekly StreetLight"
"Frazee park","Eligible for Greater Minnesota Designation","Eligible Greater MN","Eligible Regional Park",FALSE,2018-06-18,560,"Weekly StreetLight"
"Frazee park","Eligible for Greater Minnesota Designation","Eligible Greater MN","Eligible Regional Park",FALSE,2018-06-25,329,"Weekly StreetLight"
"Frazee park","Eligible for Greater Minnesota Designation","Eligible Greater MN","Eligible Regional Park",FALSE,2018-07-02,210,"Weekly StreetLight"
"Frazee park","Eligible for Greater Minnesota Designation","Eligible Greater MN","Eligible Regional Park",FALSE,2018-07-09,427,"Weekly StreetLight"
"Frazee park","Eligible for Greater Minnesota Designation","Eligible Greater MN","Eligible Regional Park",FALSE,2018-07-16,532,"Weekly StreetLight"
"Frazee park","Eligible for Greater Minnesota Designation","Eligible Greater MN","Eligible Regional Park",FALSE,2018-07-23,1162,"Weekly StreetLight"
"Frazee park","Eligible for Greater Minnesota Designation","Eligible Greater MN","Eligible Regional Park",FALSE,2018-07-30,301,"Weekly StreetLight"
"Frazee park","Eligible for Greater Minnesota Designation","Eligible Greater MN","Eligible Regional Park",FALSE,2018-08-06,301,"Weekly StreetLight"
"Frazee park","Eligible for Greater Minnesota Designation","Eligible Greater MN","Eligible Regional Park",FALSE,2018-08-13,602,"Weekly StreetLight"
"Frazee park","Eligible for Greater Minnesota Designation","Eligible Greater MN","Eligible Regional Park",FALSE,2018-08-20,203,"Weekly StreetLight"
"Frazee park","Eligible for Greater Minnesota Designation","Eligible Greater MN","Eligible Regional Park",FALSE,2018-08-27,98,"Weekly StreetLight"
"Frazee park","Eligible for Greater Minnesota Designation","Eligible Greater MN","Eligible Regional Park",FALSE,2018-09-03,588,"Weekly StreetLight"
"Frazee park","Eligible for Greater Minnesota Designation","Eligible Greater MN","Eligible Regional Park",FALSE,2018-09-10,147,"Biweekly StreetLight"
"Frazee park","Eligible for Greater Minnesota Designation","Eligible Greater MN","Eligible Regional Park",FALSE,2018-09-17,294,"Weekly StreetLight"
"Frazee park","Eligible for Greater Minnesota Designation","Eligible Greater MN","Eligible Regional Park",FALSE,2018-09-24,49,"Biweekly StreetLight"
"Frazee park","Eligible for Greater Minnesota Designation","Eligible Greater MN","Eligible Regional Park",FALSE,2018-10-01,98,"Weekly StreetLight"
"Frazee park","Eligible for Greater Minnesota Designation","Eligible Greater MN","Eligible Regional Park",FALSE,2018-10-08,98,"Weekly StreetLight"
"Frazee park","Eligible for Greater Minnesota Designation","Eligible Greater MN","Eligible Regional Park",FALSE,2018-10-15,392,"Weekly StreetLight"
"Frazee park","Eligible for Greater Minnesota Designation","Eligible Greater MN","Eligible Regional Park",FALSE,2018-10-22,294,"Weekly StreetLight"
"Frazee park","Eligible for Greater Minnesota Designation","Eligible Greater MN","Eligible Regional Park",FALSE,2018-10-29,91,"Weekly StreetLight"
"Frazee park","Eligible for Greater Minnesota Designation","Eligible Greater MN","Eligible Regional Park",FALSE,2018-11-05,49,"Biweekly StreetLight"
"Frazee park","Eligible for Greater Minnesota Designation","Eligible Greater MN","Eligible Regional Park",FALSE,2018-11-12,91,"Weekly StreetLight"
"Frazee park","Eligible for Greater Minnesota Designation","Eligible Greater MN","Eligible Regional Park",FALSE,2018-11-19,91,"Weekly StreetLight"
"Frazee park","Eligible for Greater Minnesota Designation","Eligible Greater MN","Eligible Regional Park",FALSE,2018-11-26,182,"Weekly StreetLight"
"Frazee park","Eligible for Greater Minnesota Designation","Eligible Greater MN","Eligible Regional Park",FALSE,2018-12-03,266,"Weekly StreetLight"
"Frazee park","Eligible for Greater Minnesota Designation","Eligible Greater MN","Eligible Regional Park",FALSE,2018-12-10,175,"Weekly StreetLight"
"Frazee park","Eligible for Greater Minnesota Designation","Eligible Greater MN","Eligible Regional Park",FALSE,2018-12-17,91,"Weekly StreetLight"
"Frazee park","Eligible for Greater Minnesota Designation","Eligible Greater MN","Eligible Regional Park",FALSE,2018-12-24,91,"Weekly StreetLight"
"Frazee park","Eligible for Greater Minnesota Designation","Eligible Greater MN","Eligible Regional Park",FALSE,2018-12-31,294,"Weekly StreetLight"
"Frazee park","Eligible for Greater Minnesota Designation","Eligible Greater MN","Eligible Regional Park",FALSE,2019-01-07,371,"Weekly StreetLight"
"Frazee park","Eligible for Greater Minnesota Designation","Eligible Greater MN","Eligible Regional Park",FALSE,2019-01-14,371,"Weekly StreetLight"
"Frazee park","Eligible for Greater Minnesota Designation","Eligible Greater MN","Eligible Regional Park",FALSE,2019-01-21,371,"Weekly StreetLight"
"Frazee park","Eligible for Greater Minnesota Designation","Eligible Greater MN","Eligible Regional Park",FALSE,2019-01-28,273,"Weekly StreetLight"
"Frazee park","Eligible for Greater Minnesota Designation","Eligible Greater MN","Eligible Regional Park",FALSE,2019-02-04,574,"Weekly StreetLight"
"Frazee park","Eligible for Greater Minnesota Designation","Eligible Greater MN","Eligible Regional Park",FALSE,2019-02-11,651,"Weekly StreetLight"
"Frazee park","Eligible for Greater Minnesota Designation","Eligible Greater MN","Eligible Regional Park",FALSE,2019-02-18,490,"Weekly StreetLight"
"Frazee park","Eligible for Greater Minnesota Designation","Eligible Greater MN","Eligible Regional Park",FALSE,2019-02-25,455,"Weekly StreetLight"
"Frazee park","Eligible for Greater Minnesota Designation","Eligible Greater MN","Eligible Regional Park",FALSE,2019-03-04,336,"Weekly StreetLight"
"Frazee park","Eligible for Greater Minnesota Designation","Eligible Greater MN","Eligible Regional Park",FALSE,2019-03-11,210,"Weekly StreetLight"
"Frazee park","Eligible for Greater Minnesota Designation","Eligible Greater MN","Eligible Regional Park",FALSE,2019-03-18,511,"Weekly StreetLight"
"Frazee park","Eligible for Greater Minnesota Designation","Eligible Greater MN","Eligible Regional Park",FALSE,2019-03-25,420,"Weekly StreetLight"
"Frazee park","Eligible for Greater Minnesota Designation","Eligible Greater MN","Eligible Regional Park",FALSE,2019-04-01,315,"Weekly StreetLight"
"Frazee park","Eligible for Greater Minnesota Designation","Eligible Greater MN","Eligible Regional Park",FALSE,2019-04-08,77,"Weekly StreetLight"
"Frazee park","Eligible for Greater Minnesota Designation","Eligible Greater MN","Eligible Regional Park",FALSE,2019-04-15,357,"Weekly StreetLight"
"Frazee park","Eligible for Greater Minnesota Designation","Eligible Greater MN","Eligible Regional Park",FALSE,2019-04-22,1022,"Weekly StreetLight"
"Frazee park","Eligible for Greater Minnesota Designation","Eligible Greater MN","Eligible Regional Park",FALSE,2019-04-29,756,"Weekly StreetLight"
"Frazee park","Eligible for Greater Minnesota Designation","Eligible Greater MN","Eligible Regional Park",FALSE,2019-05-06,868,"Weekly StreetLight"
"Frazee park","Eligible for Greater Minnesota Designation","Eligible Greater MN","Eligible Regional Park",FALSE,2019-05-13,175,"Weekly StreetLight"
"Frazee park","Eligible for Greater Minnesota Designation","Eligible Greater MN","Eligible Regional Park",FALSE,2019-05-20,490,"Weekly StreetLight"
"Frazee park","Eligible for Greater Minnesota Designation","Eligible Greater MN","Eligible Regional Park",FALSE,2019-05-27,385,"Weekly StreetLight"
"Frazee park","Eligible for Greater Minnesota Designation","Eligible Greater MN","Eligible Regional Park",FALSE,2019-06-03,427,"Weekly StreetLight"
"Frazee park","Eligible for Greater Minnesota Designation","Eligible Greater MN","Eligible Regional Park",FALSE,2019-06-10,329,"Weekly StreetLight"
"Frazee park","Eligible for Greater Minnesota Designation","Eligible Greater MN","Eligible Regional Park",FALSE,2019-06-17,196,"Weekly StreetLight"
"Frazee park","Eligible for Greater Minnesota Designation","Eligible Greater MN","Eligible Regional Park",FALSE,2019-06-24,161,"Weekly StreetLight"
"Frazee park","Eligible for Greater Minnesota Designation","Eligible Greater MN","Eligible Regional Park",FALSE,2019-07-01,336,"Weekly StreetLight"
"Frazee park","Eligible for Greater Minnesota Designation","Eligible Greater MN","Eligible Regional Park",FALSE,2019-07-08,427,"Weekly StreetLight"
"Frazee park","Eligible for Greater Minnesota Designation","Eligible Greater MN","Eligible Regional Park",FALSE,2019-07-15,518,"Weekly StreetLight"
"Frazee park","Eligible for Greater Minnesota Designation","Eligible Greater MN","Eligible Regional Park",FALSE,2019-07-22,581,"Weekly StreetLight"
"Frazee park","Eligible for Greater Minnesota Designation","Eligible Greater MN","Eligible Regional Park",FALSE,2019-07-29,154,"Weekly StreetLight"
"Frazee park","Eligible for Greater Minnesota Designation","Eligible Greater MN","Eligible Regional Park",FALSE,2019-08-05,364,"Weekly StreetLight"
"Frazee park","Eligible for Greater Minnesota Designation","Eligible Greater MN","Eligible Regional Park",FALSE,2019-08-12,364,"Weekly StreetLight"
"Frazee park","Eligible for Greater Minnesota Designation","Eligible Greater MN","Eligible Regional Park",FALSE,2019-08-19,182,"Weekly StreetLight"
"Frazee park","Eligible for Greater Minnesota Designation","Eligible Greater MN","Eligible Regional Park",FALSE,2019-08-26,210,"Weekly StreetLight"
"Frazee park","Eligible for Greater Minnesota Designation","Eligible Greater MN","Eligible Regional Park",FALSE,2019-09-02,252,"Weekly StreetLight"
"Frazee park","Eligible for Greater Minnesota Designation","Eligible Greater MN","Eligible Regional Park",FALSE,2019-09-09,280,"Weekly StreetLight"
"Frazee park","Eligible for Greater Minnesota Designation","Eligible Greater MN","Eligible Regional Park",FALSE,2019-09-16,217,"Weekly StreetLight"
"Frazee park","Eligible for Greater Minnesota Designation","Eligible Greater MN","Eligible Regional Park",FALSE,2019-09-23,217,"Weekly StreetLight"
"Frazee park","Eligible for Greater Minnesota Designation","Eligible Greater MN","Eligible Regional Park",FALSE,2019-09-30,196,"Weekly StreetLight"
"Frazee park","Eligible for Greater Minnesota Designation","Eligible Greater MN","Eligible Regional Park",FALSE,2019-10-07,273,"Weekly StreetLight"
"Frazee park","Eligible for Greater Minnesota Designation","Eligible Greater MN","Eligible Regional Park",FALSE,2019-10-14,308,"Weekly StreetLight"
"Frazee park","Eligible for Greater Minnesota Designation","Eligible Greater MN","Eligible Regional Park",FALSE,2019-10-21,273,"Weekly StreetLight"
"Frazee park","Eligible for Greater Minnesota Designation","Eligible Greater MN","Eligible Regional Park",FALSE,2019-10-28,273,"Weekly StreetLight"
"Frazee park","Eligible for Greater Minnesota Designation","Eligible Greater MN","Eligible Regional Park",FALSE,2019-11-04,238,"Weekly StreetLight"
"Frazee park","Eligible for Greater Minnesota Designation","Eligible Greater MN","Eligible Regional Park",FALSE,2019-11-11,133,"Weekly StreetLight"
"Frazee park","Eligible for Greater Minnesota Designation","Eligible Greater MN","Eligible Regional Park",FALSE,2019-11-18,133,"Weekly StreetLight"
"Frazee park","Eligible for Greater Minnesota Designation","Eligible Greater MN","Eligible Regional Park",FALSE,2019-11-25,168,"Weekly StreetLight"
"Frazee park","Eligible for Greater Minnesota Designation","Eligible Greater MN","Eligible Regional Park",FALSE,2019-12-02,189,"Weekly StreetLight"
"Frazee park","Eligible for Greater Minnesota Designation","Eligible Greater MN","Eligible Regional Park",FALSE,2019-12-09,280,"Weekly StreetLight"
"Frazee park","Eligible for Greater Minnesota Designation","Eligible Greater MN","Eligible Regional Park",FALSE,2019-12-16,462,"Weekly StreetLight"
"Frazee park","Eligible for Greater Minnesota Designation","Eligible Greater MN","Eligible Regional Park",FALSE,2019-12-23,189,"Weekly StreetLight"
"Frazee park","Eligible for Greater Minnesota Designation","Eligible Greater MN","Eligible Regional Park",FALSE,2019-12-30,392,"Weekly StreetLight"
"Frazee park","Eligible for Greater Minnesota Designation","Eligible Greater MN","Eligible Regional Park",FALSE,2020-01-06,357,"Weekly StreetLight"
"Frazee park","Eligible for Greater Minnesota Designation","Eligible Greater MN","Eligible Regional Park",FALSE,2020-01-13,140,"Weekly StreetLight"
"Frazee park","Eligible for Greater Minnesota Designation","Eligible Greater MN","Eligible Regional Park",FALSE,2020-01-20,245,"Weekly StreetLight"
"Frazee park","Eligible for Greater Minnesota Designation","Eligible Greater MN","Eligible Regional Park",FALSE,2020-01-27,301,"Weekly StreetLight"
"Frazee park","Eligible for Greater Minnesota Designation","Eligible Greater MN","Eligible Regional Park",FALSE,2020-02-03,196,"Weekly StreetLight"
"Frazee park","Eligible for Greater Minnesota Designation","Eligible Greater MN","Eligible Regional Park",FALSE,2020-02-10,245,"Weekly StreetLight"
"Frazee park","Eligible for Greater Minnesota Designation","Eligible Greater MN","Eligible Regional Park",FALSE,2020-02-17,350,"Weekly StreetLight"
"Frazee park","Eligible for Greater Minnesota Designation","Eligible Greater MN","Eligible Regional Park",FALSE,2020-02-24,245,"Weekly StreetLight"
"Frazee park","Eligible for Greater Minnesota Designation","Eligible Greater MN","Eligible Regional Park",FALSE,2020-03-02,315,"Weekly StreetLight"
"Frazee park","Eligible for Greater Minnesota Designation","Eligible Greater MN","Eligible Regional Park",FALSE,2020-03-09,315,"Weekly StreetLight"
"Frazee park","Eligible for Greater Minnesota Designation","Eligible Greater MN","Eligible Regional Park",FALSE,2020-03-16,147,"Weekly StreetLight"
"Frazee park","Eligible for Greater Minnesota Designation","Eligible Greater MN","Eligible Regional Park",FALSE,2020-03-23,147,"Weekly StreetLight"
"Frazee park","Eligible for Greater Minnesota Designation","Eligible Greater MN","Eligible Regional Park",FALSE,2020-03-30,28,"Weekly StreetLight"
"Frazee park","Eligible for Greater Minnesota Designation","Eligible Greater MN","Eligible Regional Park",FALSE,2020-04-06,63,"Weekly StreetLight"
"Frazee park","Eligible for Greater Minnesota Designation","Eligible Greater MN","Eligible Regional Park",FALSE,2020-04-13,154,"Weekly StreetLight"
"Frazee park","Eligible for Greater Minnesota Designation","Eligible Greater MN","Eligible Regional Park",FALSE,2020-04-20,280,"Weekly StreetLight"
"Frazee park","Eligible for Greater Minnesota Designation","Eligible Greater MN","Eligible Regional Park",FALSE,2020-04-27,322,"Weekly StreetLight"
"Frazee park","Eligible for Greater Minnesota Designation","Eligible Greater MN","Eligible Regional Park",FALSE,2020-05-04,189,"Weekly StreetLight"
"Frazee park","Eligible for Greater Minnesota Designation","Eligible Greater MN","Eligible Regional Park",FALSE,2020-05-11,133,"Weekly StreetLight"
"Frazee park","Eligible for Greater Minnesota Designation","Eligible Greater MN","Eligible Regional Park",FALSE,2020-05-18,217,"Weekly StreetLight"
"Frazee park","Eligible for Greater Minnesota Designation","Eligible Greater MN","Eligible Regional Park",FALSE,2020-05-25,133,"Weekly StreetLight"
"Frazee park","Eligible for Greater Minnesota Designation","Eligible Greater MN","Eligible Regional Park",FALSE,2020-06-01,105,"Weekly StreetLight"
"Frazee park","Eligible for Greater Minnesota Designation","Eligible Greater MN","Eligible Regional Park",FALSE,2020-06-08,315,"Weekly StreetLight"
"Frazee park","Eligible for Greater Minnesota Designation","Eligible Greater MN","Eligible Regional Park",FALSE,2020-06-15,392,"Weekly StreetLight"
"Frazee park","Eligible for Greater Minnesota Designation","Eligible Greater MN","Eligible Regional Park",FALSE,2020-06-22,259,"Weekly StreetLight"
"Frazee park","Eligible for Greater Minnesota Designation","Eligible Greater MN","Eligible Regional Park",FALSE,2020-06-29,126,"Weekly StreetLight"
"Frazee park","Eligible for Greater Minnesota Designation","Eligible Greater MN","Eligible Regional Park",FALSE,2020-07-06,343,"Weekly StreetLight"
"Frazee park","Eligible for Greater Minnesota Designation","Eligible Greater MN","Eligible Regional Park",FALSE,2020-07-13,224,"Weekly StreetLight"
"Frazee park","Eligible for Greater Minnesota Designation","Eligible Greater MN","Eligible Regional Park",FALSE,2020-07-20,126,"Weekly StreetLight"
"Frazee park","Eligible for Greater Minnesota Designation","Eligible Greater MN","Eligible Regional Park",FALSE,2020-07-27,378,"Weekly StreetLight"
"Frazee park","Eligible for Greater Minnesota Designation","Eligible Greater MN","Eligible Regional Park",FALSE,2020-08-03,133,"Weekly StreetLight"
"Frazee park","Eligible for Greater Minnesota Designation","Eligible Greater MN","Eligible Regional Park",FALSE,2020-08-10,133,"Weekly StreetLight"
"Frazee park","Eligible for Greater Minnesota Designation","Eligible Greater MN","Eligible Regional Park",FALSE,2020-08-17,189,"Weekly StreetLight"
"Frazee park","Eligible for Greater Minnesota Designation","Eligible Greater MN","Eligible Regional Park",FALSE,2020-08-24,133,"Weekly StreetLight"
"Frazee park","Eligible for Greater Minnesota Designation","Eligible Greater MN","Eligible Regional Park",FALSE,2020-08-31,119,"Weekly StreetLight"
"Frazee park","Eligible for Greater Minnesota Designation","Eligible Greater MN","Eligible Regional Park",FALSE,2020-09-07,322,"Weekly StreetLight"
"Frazee park","Eligible for Greater Minnesota Designation","Eligible Greater MN","Eligible Regional Park",FALSE,2020-09-14,119,"Weekly StreetLight"
"Frazee park","Eligible for Greater Minnesota Designation","Eligible Greater MN","Eligible Regional Park",FALSE,2020-09-21,56,"Weekly StreetLight"
"Frazee park","Eligible for Greater Minnesota Designation","Eligible Greater MN","Eligible Regional Park",FALSE,2020-09-28,175,"Weekly StreetLight"
"Frazee park","Eligible for Greater Minnesota Designation","Eligible Greater MN","Eligible Regional Park",FALSE,2020-10-05,448,"Weekly StreetLight"
"Frazee park","Eligible for Greater Minnesota Designation","Eligible Greater MN","Eligible Regional Park",FALSE,2020-10-12,238,"Weekly StreetLight"
"Frazee park","Eligible for Greater Minnesota Designation","Eligible Greater MN","Eligible Regional Park",FALSE,2020-10-19,56,"Weekly StreetLight"
"Frazee park","Eligible for Greater Minnesota Designation","Eligible Greater MN","Eligible Regional Park",FALSE,2020-10-26,532,"Weekly StreetLight"
"Frazee park","Eligible for Greater Minnesota Designation","Eligible Greater MN","Eligible Regional Park",FALSE,2020-11-02,294,"Weekly StreetLight"
"Frazee park","Eligible for Greater Minnesota Designation","Eligible Greater MN","Eligible Regional Park",FALSE,2020-11-09,56,"Weekly StreetLight"
"Frazee park","Eligible for Greater Minnesota Designation","Eligible Greater MN","Eligible Regional Park",FALSE,2020-11-16,210,"Weekly StreetLight"
"Frazee park","Eligible for Greater Minnesota Designation","Eligible Greater MN","Eligible Regional Park",FALSE,2020-11-23,119,"Weekly StreetLight"
"Frazee park","Eligible for Greater Minnesota Designation","Eligible Greater MN","Eligible Regional Park",FALSE,2020-11-30,175,"Weekly StreetLight"
"Frazee park","Eligible for Greater Minnesota Designation","Eligible Greater MN","Eligible Regional Park",FALSE,2020-12-07,175,"Weekly StreetLight"
"Frazee park","Eligible for Greater Minnesota Designation","Eligible Greater MN","Eligible Regional Park",FALSE,2020-12-14,203,"Weekly StreetLight"
"Frazee park","Eligible for Greater Minnesota Designation","Eligible Greater MN","Eligible Regional Park",FALSE,2020-12-21,119,"Weekly StreetLight"
"Frazee park","Eligible for Greater Minnesota Designation","Eligible Greater MN","Eligible Regional Park",FALSE,2020-12-28,56,"Weekly StreetLight"
"Frazee park","Eligible for Greater Minnesota Designation","Eligible Greater MN","Eligible Regional Park",FALSE,2021-01-04,98,"Weekly StreetLight"
"Frazee park","Eligible for Greater Minnesota Designation","Eligible Greater MN","Eligible Regional Park",FALSE,2021-01-11,525,"Weekly StreetLight"
"Frazee park","Eligible for Greater Minnesota Designation","Eligible Greater MN","Eligible Regional Park",FALSE,2021-01-18,245,"Weekly StreetLight"
"Frazee park","Eligible for Greater Minnesota Designation","Eligible Greater MN","Eligible Regional Park",FALSE,2021-01-25,462,"Weekly StreetLight"
"Frazee park","Eligible for Greater Minnesota Designation","Eligible Greater MN","Eligible Regional Park",FALSE,2021-02-01,252,"Weekly StreetLight"
"Frazee park","Eligible for Greater Minnesota Designation","Eligible Greater MN","Eligible Regional Park",FALSE,2021-02-08,329,"Weekly StreetLight"
"Frazee park","Eligible for Greater Minnesota Designation","Eligible Greater MN","Eligible Regional Park",FALSE,2021-02-15,266,"Weekly StreetLight"
"Frazee park","Eligible for Greater Minnesota Designation","Eligible Greater MN","Eligible Regional Park",FALSE,2021-02-22,98,"Weekly StreetLight"
"Frazee park","Eligible for Greater Minnesota Designation","Eligible Greater MN","Eligible Regional Park",FALSE,2021-03-01,343,"Weekly StreetLight"
"Frazee park","Eligible for Greater Minnesota Designation","Eligible Greater MN","Eligible Regional Park",FALSE,2021-03-08,287,"Weekly StreetLight"
"Frazee park","Eligible for Greater Minnesota Designation","Eligible Greater MN","Eligible Regional Park",FALSE,2021-03-15,287,"Weekly StreetLight"
"Frazee park","Eligible for Greater Minnesota Designation","Eligible Greater MN","Eligible Regional Park",FALSE,2021-03-22,287,"Weekly StreetLight"
"Frazee park","Eligible for Greater Minnesota Designation","Eligible Greater MN","Eligible Regional Park",FALSE,2021-03-29,427,"Weekly StreetLight"
"Frazee park","Eligible for Greater Minnesota Designation","Eligible Greater MN","Eligible Regional Park",FALSE,2021-04-05,336,"Weekly StreetLight"
"Frazee park","Eligible for Greater Minnesota Designation","Eligible Greater MN","Eligible Regional Park",FALSE,2021-04-12,637,"Weekly StreetLight"
"Frazee park","Eligible for Greater Minnesota Designation","Eligible Greater MN","Eligible Regional Park",FALSE,2021-04-19,168,"Weekly StreetLight"
"Frazee park","Eligible for Greater Minnesota Designation","Eligible Greater MN","Eligible Regional Park",FALSE,2021-04-26,280,"Weekly StreetLight"
"Frazee park","Eligible for Greater Minnesota Designation","Eligible Greater MN","Eligible Regional Park",FALSE,2021-05-03,336,"Weekly StreetLight"
"Frazee park","Eligible for Greater Minnesota Designation","Eligible Greater MN","Eligible Regional Park",FALSE,2021-05-10,196,"Weekly StreetLight"
"Frazee park","Eligible for Greater Minnesota Designation","Eligible Greater MN","Eligible Regional Park",FALSE,2021-05-17,693,"Weekly StreetLight"
"Frazee park","Eligible for Greater Minnesota Designation","Eligible Greater MN","Eligible Regional Park",FALSE,2021-05-24,308,"Weekly StreetLight"
"Frazee park","Eligible for Greater Minnesota Designation","Eligible Greater MN","Eligible Regional Park",FALSE,2021-05-31,462,"Weekly StreetLight"
"Frazee park","Eligible for Greater Minnesota Designation","Eligible Greater MN","Eligible Regional Park",FALSE,2021-06-07,1134,"Weekly StreetLight"
"Frazee park","Eligible for Greater Minnesota Designation","Eligible Greater MN","Eligible Regional Park",FALSE,2021-06-14,490,"Weekly StreetLight"
"Frazee park","Eligible for Greater Minnesota Designation","Eligible Greater MN","Eligible Regional Park",FALSE,2021-06-21,357,"Weekly StreetLight"
"Frazee park","Eligible for Greater Minnesota Designation","Eligible Greater MN","Eligible Regional Park",FALSE,2021-06-28,777,"Weekly StreetLight"
"Frazee park","Eligible for Greater Minnesota Designation","Eligible Greater MN","Eligible Regional Park",FALSE,2021-07-05,245,"Weekly StreetLight"
"Frazee park","Eligible for Greater Minnesota Designation","Eligible Greater MN","Eligible Regional Park",FALSE,2021-07-12,322,"Weekly StreetLight"
"Frazee park","Eligible for Greater Minnesota Designation","Eligible Greater MN","Eligible Regional Park",FALSE,2021-07-19,518,"Weekly StreetLight"
"Frazee park","Eligible for Greater Minnesota Designation","Eligible Greater MN","Eligible Regional Park",FALSE,2021-07-26,322,"Weekly StreetLight"
"Frazee park","Eligible for Greater Minnesota Designation","Eligible Greater MN","Eligible Regional Park",FALSE,2021-08-02,406,"Weekly StreetLight"
"Frazee park","Eligible for Greater Minnesota Designation","Eligible Greater MN","Eligible Regional Park",FALSE,2021-08-09,357,"Weekly StreetLight"
"Frazee park","Eligible for Greater Minnesota Designation","Eligible Greater MN","Eligible Regional Park",FALSE,2021-08-16,357,"Weekly StreetLight"
"Frazee park","Eligible for Greater Minnesota Designation","Eligible Greater MN","Eligible Regional Park",FALSE,2021-08-23,280,"Weekly StreetLight"
"Frazee park","Eligible for Greater Minnesota Designation","Eligible Greater MN","Eligible Regional Park",FALSE,2021-08-30,315,"Weekly StreetLight"
"Frazee park","Eligible for Greater Minnesota Designation","Eligible Greater MN","Eligible Regional Park",FALSE,2021-09-06,350,"Weekly StreetLight"
"Frazee park","Eligible for Greater Minnesota Designation","Eligible Greater MN","Eligible Regional Park",FALSE,2021-09-13,273,"Weekly StreetLight"
"Frazee park","Eligible for Greater Minnesota Designation","Eligible Greater MN","Eligible Regional Park",FALSE,2021-09-20,273,"Weekly StreetLight"
"Frazee park","Eligible for Greater Minnesota Designation","Eligible Greater MN","Eligible Regional Park",FALSE,2021-09-27,294,"Weekly StreetLight"
"Frazee park","Eligible for Greater Minnesota Designation","Eligible Greater MN","Eligible Regional Park",FALSE,2021-10-04,756,"Weekly StreetLight"
"Frazee park","Eligible for Greater Minnesota Designation","Eligible Greater MN","Eligible Regional Park",FALSE,2021-10-11,784,"Weekly StreetLight"
"Frazee park","Eligible for Greater Minnesota Designation","Eligible Greater MN","Eligible Regional Park",FALSE,2021-10-18,539,"Weekly StreetLight"
"Frazee park","Eligible for Greater Minnesota Designation","Eligible Greater MN","Eligible Regional Park",FALSE,2021-10-25,378,"Weekly StreetLight"
"Frazee park","Eligible for Greater Minnesota Designation","Eligible Greater MN","Eligible Regional Park",FALSE,2021-11-01,252,"Weekly StreetLight"
"Frazee park","Eligible for Greater Minnesota Designation","Eligible Greater MN","Eligible Regional Park",FALSE,2021-11-08,105,"Weekly StreetLight"
"Frazee park","Eligible for Greater Minnesota Designation","Eligible Greater MN","Eligible Regional Park",FALSE,2021-11-15,203,"Weekly StreetLight"
"Frazee park","Eligible for Greater Minnesota Designation","Eligible Greater MN","Eligible Regional Park",FALSE,2021-11-22,308,"Weekly StreetLight"
"Frazee park","Eligible for Greater Minnesota Designation","Eligible Greater MN","Eligible Regional Park",FALSE,2021-11-29,280,"Weekly StreetLight"
"Frazee park","Eligible for Greater Minnesota Designation","Eligible Greater MN","Eligible Regional Park",FALSE,2021-12-06,161,"Weekly StreetLight"
"Frazee park","Eligible for Greater Minnesota Designation","Eligible Greater MN","Eligible Regional Park",FALSE,2021-12-13,161,"Weekly StreetLight"
"Frazee park","Eligible for Greater Minnesota Designation","Eligible Greater MN","Eligible Regional Park",FALSE,2021-12-20,252,"Weekly StreetLight"
"Frazee park","Eligible for Greater Minnesota Designation","Eligible Greater MN","Eligible Regional Park",FALSE,2021-12-27,182,"Weekly StreetLight"
"Gateway to the North park","Eligible for Greater Minnesota Designation","Eligible Greater MN","Eligible Regional Park",FALSE,2017-11-27,728,"Weekly StreetLight"
"Gateway to the North park","Eligible for Greater Minnesota Designation","Eligible Greater MN","Eligible Regional Park",FALSE,2017-12-04,1071,"Weekly StreetLight"
"Gateway to the North park","Eligible for Greater Minnesota Designation","Eligible Greater MN","Eligible Regional Park",FALSE,2017-12-11,595,"Weekly StreetLight"
"Gateway to the North park","Eligible for Greater Minnesota Designation","Eligible Greater MN","Eligible Regional Park",FALSE,2017-12-18,357,"Weekly StreetLight"
"Gateway to the North park","Eligible for Greater Minnesota Designation","Eligible Greater MN","Eligible Regional Park",FALSE,2017-12-25,476,"Weekly StreetLight"
"Gateway to the North park","Eligible for Greater Minnesota Designation","Eligible Greater MN","Eligible Regional Park",FALSE,2018-01-01,560,"Weekly StreetLight"
"Gateway to the North park","Eligible for Greater Minnesota Designation","Eligible Greater MN","Eligible Regional Park",FALSE,2018-01-08,336,"Weekly StreetLight"
"Gateway to the North park","Eligible for Greater Minnesota Designation","Eligible Greater MN","Eligible Regional Park",FALSE,2018-01-15,224,"Weekly StreetLight"
"Gateway to the North park","Eligible for Greater Minnesota Designation","Eligible Greater MN","Eligible Regional Park",FALSE,2018-01-22,448,"Weekly StreetLight"
"Gateway to the North park","Eligible for Greater Minnesota Designation","Eligible Greater MN","Eligible Regional Park",FALSE,2018-01-29,217,"Weekly StreetLight"
"Gateway to the North park","Eligible for Greater Minnesota Designation","Eligible Greater MN","Eligible Regional Park",FALSE,2018-02-05,742,"Weekly StreetLight"
"Gateway to the North park","Eligible for Greater Minnesota Designation","Eligible Greater MN","Eligible Regional Park",FALSE,2018-02-12,525,"Weekly StreetLight"
"Gateway to the North park","Eligible for Greater Minnesota Designation","Eligible Greater MN","Eligible Regional Park",FALSE,2018-02-19,525,"Weekly StreetLight"
"Gateway to the North park","Eligible for Greater Minnesota Designation","Eligible Greater MN","Eligible Regional Park",FALSE,2018-02-26,49,"Biweekly StreetLight"
"Gateway to the North park","Eligible for Greater Minnesota Designation","Eligible Greater MN","Eligible Regional Park",FALSE,2018-03-05,98,"Weekly StreetLight"
"Gateway to the North park","Eligible for Greater Minnesota Designation","Eligible Greater MN","Eligible Regional Park",FALSE,2018-03-12,196,"Weekly StreetLight"
"Gateway to the North park","Eligible for Greater Minnesota Designation","Eligible Greater MN","Eligible Regional Park",FALSE,2018-03-19,98,"Weekly StreetLight"
"Gateway to the North park","Eligible for Greater Minnesota Designation","Eligible Greater MN","Eligible Regional Park",FALSE,2018-03-26,98,"Weekly StreetLight"
"Gateway to the North park","Eligible for Greater Minnesota Designation","Eligible Greater MN","Eligible Regional Park",FALSE,2018-04-02,287,"Weekly StreetLight"
"Gateway to the North park","Eligible for Greater Minnesota Designation","Eligible Greater MN","Eligible Regional Park",FALSE,2018-04-09,385,"Weekly StreetLight"
"Gateway to the North park","Eligible for Greater Minnesota Designation","Eligible Greater MN","Eligible Regional Park",FALSE,2018-04-16,672,"Weekly StreetLight"
"Gateway to the North park","Eligible for Greater Minnesota Designation","Eligible Greater MN","Eligible Regional Park",FALSE,2018-04-23,1337,"Weekly StreetLight"
"Gateway to the North park","Eligible for Greater Minnesota Designation","Eligible Greater MN","Eligible Regional Park",FALSE,2018-04-30,1470,"Weekly StreetLight"
"Gateway to the North park","Eligible for Greater Minnesota Designation","Eligible Greater MN","Eligible Regional Park",FALSE,2018-05-07,1491,"Weekly StreetLight"
"Gateway to the North park","Eligible for Greater Minnesota Designation","Eligible Greater MN","Eligible Regional Park",FALSE,2018-05-14,1561,"Weekly StreetLight"
"Gateway to the North park","Eligible for Greater Minnesota Designation","Eligible Greater MN","Eligible Regional Park",FALSE,2018-05-21,1491,"Weekly StreetLight"
"Gateway to the North park","Eligible for Greater Minnesota Designation","Eligible Greater MN","Eligible Regional Park",FALSE,2018-05-28,2338,"Weekly StreetLight"
"Gateway to the North park","Eligible for Greater Minnesota Designation","Eligible Greater MN","Eligible Regional Park",FALSE,2018-06-04,1862,"Weekly StreetLight"
"Gateway to the North park","Eligible for Greater Minnesota Designation","Eligible Greater MN","Eligible Regional Park",FALSE,2018-06-11,1442,"Weekly StreetLight"
"Gateway to the North park","Eligible for Greater Minnesota Designation","Eligible Greater MN","Eligible Regional Park",FALSE,2018-06-18,2198,"Weekly StreetLight"
"Gateway to the North park","Eligible for Greater Minnesota Designation","Eligible Greater MN","Eligible Regional Park",FALSE,2018-06-25,1183,"Weekly StreetLight"
"Gateway to the North park","Eligible for Greater Minnesota Designation","Eligible Greater MN","Eligible Regional Park",FALSE,2018-07-02,2576,"Weekly StreetLight"
"Gateway to the North park","Eligible for Greater Minnesota Designation","Eligible Greater MN","Eligible Regional Park",FALSE,2018-07-09,1995,"Weekly StreetLight"
"Gateway to the North park","Eligible for Greater Minnesota Designation","Eligible Greater MN","Eligible Regional Park",FALSE,2018-07-16,749,"Weekly StreetLight"
"Gateway to the North park","Eligible for Greater Minnesota Designation","Eligible Greater MN","Eligible Regional Park",FALSE,2018-07-23,1414,"Weekly StreetLight"
"Gateway to the North park","Eligible for Greater Minnesota Designation","Eligible Greater MN","Eligible Regional Park",FALSE,2018-07-30,1932,"Weekly StreetLight"
"Gateway to the North park","Eligible for Greater Minnesota Designation","Eligible Greater MN","Eligible Regional Park",FALSE,2018-08-06,1687,"Weekly StreetLight"
"Gateway to the North park","Eligible for Greater Minnesota Designation","Eligible Greater MN","Eligible Regional Park",FALSE,2018-08-13,1603,"Weekly StreetLight"
"Gateway to the North park","Eligible for Greater Minnesota Designation","Eligible Greater MN","Eligible Regional Park",FALSE,2018-08-20,1603,"Weekly StreetLight"
"Gateway to the North park","Eligible for Greater Minnesota Designation","Eligible Greater MN","Eligible Regional Park",FALSE,2018-08-27,1162,"Weekly StreetLight"
"Gateway to the North park","Eligible for Greater Minnesota Designation","Eligible Greater MN","Eligible Regional Park",FALSE,2018-09-03,1134,"Weekly StreetLight"
"Gateway to the North park","Eligible for Greater Minnesota Designation","Eligible Greater MN","Eligible Regional Park",FALSE,2018-09-10,1379,"Weekly StreetLight"
"Gateway to the North park","Eligible for Greater Minnesota Designation","Eligible Greater MN","Eligible Regional Park",FALSE,2018-09-17,1302,"Weekly StreetLight"
"Gateway to the North park","Eligible for Greater Minnesota Designation","Eligible Greater MN","Eligible Regional Park",FALSE,2018-09-24,973,"Weekly StreetLight"
"Gateway to the North park","Eligible for Greater Minnesota Designation","Eligible Greater MN","Eligible Regional Park",FALSE,2018-10-01,889,"Weekly StreetLight"
"Gateway to the North park","Eligible for Greater Minnesota Designation","Eligible Greater MN","Eligible Regional Park",FALSE,2018-10-08,322,"Weekly StreetLight"
"Gateway to the North park","Eligible for Greater Minnesota Designation","Eligible Greater MN","Eligible Regional Park",FALSE,2018-10-15,1778,"Weekly StreetLight"
"Gateway to the North park","Eligible for Greater Minnesota Designation","Eligible Greater MN","Eligible Regional Park",FALSE,2018-10-22,1050,"Weekly StreetLight"
"Gateway to the North park","Eligible for Greater Minnesota Designation","Eligible Greater MN","Eligible Regional Park",FALSE,2018-10-29,539,"Weekly StreetLight"
"Gateway to the North park","Eligible for Greater Minnesota Designation","Eligible Greater MN","Eligible Regional Park",FALSE,2018-11-05,826,"Weekly StreetLight"
"Gateway to the North park","Eligible for Greater Minnesota Designation","Eligible Greater MN","Eligible Regional Park",FALSE,2018-11-12,448,"Weekly StreetLight"
"Gateway to the North park","Eligible for Greater Minnesota Designation","Eligible Greater MN","Eligible Regional Park",FALSE,2018-11-19,826,"Weekly StreetLight"
"Gateway to the North park","Eligible for Greater Minnesota Designation","Eligible Greater MN","Eligible Regional Park",FALSE,2018-11-26,1442,"Weekly StreetLight"
"Gateway to the North park","Eligible for Greater Minnesota Designation","Eligible Greater MN","Eligible Regional Park",FALSE,2018-12-03,483,"Weekly StreetLight"
"Gateway to the North park","Eligible for Greater Minnesota Designation","Eligible Greater MN","Eligible Regional Park",FALSE,2018-12-10,483,"Weekly StreetLight"
"Gateway to the North park","Eligible for Greater Minnesota Designation","Eligible Greater MN","Eligible Regional Park",FALSE,2018-12-17,1379,"Weekly StreetLight"
"Gateway to the North park","Eligible for Greater Minnesota Designation","Eligible Greater MN","Eligible Regional Park",FALSE,2018-12-24,826,"Weekly StreetLight"
"Gateway to the North park","Eligible for Greater Minnesota Designation","Eligible Greater MN","Eligible Regional Park",FALSE,2018-12-31,553,"Weekly StreetLight"
"Gateway to the North park","Eligible for Greater Minnesota Designation","Eligible Greater MN","Eligible Regional Park",FALSE,2019-01-07,518,"Weekly StreetLight"
"Gateway to the North park","Eligible for Greater Minnesota Designation","Eligible Greater MN","Eligible Regional Park",FALSE,2019-01-14,427,"Weekly StreetLight"
"Gateway to the North park","Eligible for Greater Minnesota Designation","Eligible Greater MN","Eligible Regional Park",FALSE,2019-01-21,273,"Weekly StreetLight"
"Gateway to the North park","Eligible for Greater Minnesota Designation","Eligible Greater MN","Eligible Regional Park",FALSE,2019-01-28,476,"Weekly StreetLight"
"Gateway to the North park","Eligible for Greater Minnesota Designation","Eligible Greater MN","Eligible Regional Park",FALSE,2019-02-04,168,"Weekly StreetLight"
"Gateway to the North park","Eligible for Greater Minnesota Designation","Eligible Greater MN","Eligible Regional Park",FALSE,2019-02-11,567,"Weekly StreetLight"
"Gateway to the North park","Eligible for Greater Minnesota Designation","Eligible Greater MN","Eligible Regional Park",FALSE,2019-02-18,266,"Weekly StreetLight"
"Gateway to the North park","Eligible for Greater Minnesota Designation","Eligible Greater MN","Eligible Regional Park",FALSE,2019-02-25,371,"Weekly StreetLight"
"Gateway to the North park","Eligible for Greater Minnesota Designation","Eligible Greater MN","Eligible Regional Park",FALSE,2019-03-04,210,"Weekly StreetLight"
"Gateway to the North park","Eligible for Greater Minnesota Designation","Eligible Greater MN","Eligible Regional Park",FALSE,2019-03-11,280,"Weekly StreetLight"
"Gateway to the North park","Eligible for Greater Minnesota Designation","Eligible Greater MN","Eligible Regional Park",FALSE,2019-03-18,175,"Weekly StreetLight"
"Gateway to the North park","Eligible for Greater Minnesota Designation","Eligible Greater MN","Eligible Regional Park",FALSE,2019-03-25,588,"Weekly StreetLight"
"Gateway to the North park","Eligible for Greater Minnesota Designation","Eligible Greater MN","Eligible Regional Park",FALSE,2019-04-01,497,"Weekly StreetLight"
"Gateway to the North park","Eligible for Greater Minnesota Designation","Eligible Greater MN","Eligible Regional Park",FALSE,2019-04-08,728,"Weekly StreetLight"
"Gateway to the North park","Eligible for Greater Minnesota Designation","Eligible Greater MN","Eligible Regional Park",FALSE,2019-04-15,1092,"Weekly StreetLight"
"Gateway to the North park","Eligible for Greater Minnesota Designation","Eligible Greater MN","Eligible Regional Park",FALSE,2019-04-22,1029,"Weekly StreetLight"
"Gateway to the North park","Eligible for Greater Minnesota Designation","Eligible Greater MN","Eligible Regional Park",FALSE,2019-04-29,959,"Weekly StreetLight"
"Gateway to the North park","Eligible for Greater Minnesota Designation","Eligible Greater MN","Eligible Regional Park",FALSE,2019-05-06,1162,"Weekly StreetLight"
"Gateway to the North park","Eligible for Greater Minnesota Designation","Eligible Greater MN","Eligible Regional Park",FALSE,2019-05-13,1512,"Weekly StreetLight"
"Gateway to the North park","Eligible for Greater Minnesota Designation","Eligible Greater MN","Eligible Regional Park",FALSE,2019-05-20,1918,"Weekly StreetLight"
"Gateway to the North park","Eligible for Greater Minnesota Designation","Eligible Greater MN","Eligible Regional Park",FALSE,2019-05-27,1827,"Weekly StreetLight"
"Gateway to the North park","Eligible for Greater Minnesota Designation","Eligible Greater MN","Eligible Regional Park",FALSE,2019-06-03,1148,"Weekly StreetLight"
"Gateway to the North park","Eligible for Greater Minnesota Designation","Eligible Greater MN","Eligible Regional Park",FALSE,2019-06-10,987,"Weekly StreetLight"
"Gateway to the North park","Eligible for Greater Minnesota Designation","Eligible Greater MN","Eligible Regional Park",FALSE,2019-06-17,1232,"Weekly StreetLight"
"Gateway to the North park","Eligible for Greater Minnesota Designation","Eligible Greater MN","Eligible Regional Park",FALSE,2019-06-24,1099,"Weekly StreetLight"
"Gateway to the North park","Eligible for Greater Minnesota Designation","Eligible Greater MN","Eligible Regional Park",FALSE,2019-07-01,952,"Weekly StreetLight"
"Gateway to the North park","Eligible for Greater Minnesota Designation","Eligible Greater MN","Eligible Regional Park",FALSE,2019-07-08,1267,"Weekly StreetLight"
"Gateway to the North park","Eligible for Greater Minnesota Designation","Eligible Greater MN","Eligible Regional Park",FALSE,2019-07-15,1043,"Weekly StreetLight"
"Gateway to the North park","Eligible for Greater Minnesota Designation","Eligible Greater MN","Eligible Regional Park",FALSE,2019-07-22,1092,"Weekly StreetLight"
"Gateway to the North park","Eligible for Greater Minnesota Designation","Eligible Greater MN","Eligible Regional Park",FALSE,2019-07-29,861,"Weekly StreetLight"
"Gateway to the North park","Eligible for Greater Minnesota Designation","Eligible Greater MN","Eligible Regional Park",FALSE,2019-08-05,1015,"Weekly StreetLight"
"Gateway to the North park","Eligible for Greater Minnesota Designation","Eligible Greater MN","Eligible Regional Park",FALSE,2019-08-12,987,"Weekly StreetLight"
"Gateway to the North park","Eligible for Greater Minnesota Designation","Eligible Greater MN","Eligible Regional Park",FALSE,2019-08-19,1414,"Weekly StreetLight"
"Gateway to the North park","Eligible for Greater Minnesota Designation","Eligible Greater MN","Eligible Regional Park",FALSE,2019-08-26,833,"Weekly StreetLight"
"Gateway to the North park","Eligible for Greater Minnesota Designation","Eligible Greater MN","Eligible Regional Park",FALSE,2019-09-02,959,"Weekly StreetLight"
"Gateway to the North park","Eligible for Greater Minnesota Designation","Eligible Greater MN","Eligible Regional Park",FALSE,2019-09-09,490,"Weekly StreetLight"
"Gateway to the North park","Eligible for Greater Minnesota Designation","Eligible Greater MN","Eligible Regional Park",FALSE,2019-09-16,637,"Weekly StreetLight"
"Gateway to the North park","Eligible for Greater Minnesota Designation","Eligible Greater MN","Eligible Regional Park",FALSE,2019-09-23,665,"Weekly StreetLight"
"Gateway to the North park","Eligible for Greater Minnesota Designation","Eligible Greater MN","Eligible Regional Park",FALSE,2019-09-30,161,"Weekly StreetLight"
"Gateway to the North park","Eligible for Greater Minnesota Designation","Eligible Greater MN","Eligible Regional Park",FALSE,2019-10-07,707,"Weekly StreetLight"
"Gateway to the North park","Eligible for Greater Minnesota Designation","Eligible Greater MN","Eligible Regional Park",FALSE,2019-10-14,567,"Weekly StreetLight"
"Gateway to the North park","Eligible for Greater Minnesota Designation","Eligible Greater MN","Eligible Regional Park",FALSE,2019-10-21,462,"Weekly StreetLight"
"Gateway to the North park","Eligible for Greater Minnesota Designation","Eligible Greater MN","Eligible Regional Park",FALSE,2019-10-28,357,"Weekly StreetLight"
"Gateway to the North park","Eligible for Greater Minnesota Designation","Eligible Greater MN","Eligible Regional Park",FALSE,2019-11-04,140,"Weekly StreetLight"
"Gateway to the North park","Eligible for Greater Minnesota Designation","Eligible Greater MN","Eligible Regional Park",FALSE,2019-11-11,56,"Weekly StreetLight"
"Gateway to the North park","Eligible for Greater Minnesota Designation","Eligible Greater MN","Eligible Regional Park",FALSE,2019-11-18,168,"Weekly StreetLight"
"Gateway to the North park","Eligible for Greater Minnesota Designation","Eligible Greater MN","Eligible Regional Park",FALSE,2019-11-25,56,"Weekly StreetLight"
"Gateway to the North park","Eligible for Greater Minnesota Designation","Eligible Greater MN","Eligible Regional Park",FALSE,2019-12-02,406,"Weekly StreetLight"
"Gateway to the North park","Eligible for Greater Minnesota Designation","Eligible Greater MN","Eligible Regional Park",FALSE,2019-12-09,77,"Weekly StreetLight"
"Gateway to the North park","Eligible for Greater Minnesota Designation","Eligible Greater MN","Eligible Regional Park",FALSE,2019-12-16,406,"Weekly StreetLight"
"Gateway to the North park","Eligible for Greater Minnesota Designation","Eligible Greater MN","Eligible Regional Park",FALSE,2019-12-23,462,"Weekly StreetLight"
"Gateway to the North park","Eligible for Greater Minnesota Designation","Eligible Greater MN","Eligible Regional Park",FALSE,2019-12-30,161,"Weekly StreetLight"
"Gateway to the North park","Eligible for Greater Minnesota Designation","Eligible Greater MN","Eligible Regional Park",FALSE,2020-01-06,252,"Weekly StreetLight"
"Gateway to the North park","Eligible for Greater Minnesota Designation","Eligible Greater MN","Eligible Regional Park",FALSE,2020-01-13,161,"Weekly StreetLight"
"Gateway to the North park","Eligible for Greater Minnesota Designation","Eligible Greater MN","Eligible Regional Park",FALSE,2020-01-20,504,"Weekly StreetLight"
"Gateway to the North park","Eligible for Greater Minnesota Designation","Eligible Greater MN","Eligible Regional Park",FALSE,2020-01-27,301,"Weekly StreetLight"
"Gateway to the North park","Eligible for Greater Minnesota Designation","Eligible Greater MN","Eligible Regional Park",FALSE,2020-02-03,287,"Weekly StreetLight"
"Gateway to the North park","Eligible for Greater Minnesota Designation","Eligible Greater MN","Eligible Regional Park",FALSE,2020-02-10,63,"Weekly StreetLight"
"Gateway to the North park","Eligible for Greater Minnesota Designation","Eligible Greater MN","Eligible Regional Park",FALSE,2020-02-17,266,"Weekly StreetLight"
"Gateway to the North park","Eligible for Greater Minnesota Designation","Eligible Greater MN","Eligible Regional Park",FALSE,2020-02-24,147,"Weekly StreetLight"
"Gateway to the North park","Eligible for Greater Minnesota Designation","Eligible Greater MN","Eligible Regional Park",FALSE,2020-03-02,602,"Weekly StreetLight"
"Gateway to the North park","Eligible for Greater Minnesota Designation","Eligible Greater MN","Eligible Regional Park",FALSE,2020-03-09,378,"Weekly StreetLight"
"Gateway to the North park","Eligible for Greater Minnesota Designation","Eligible Greater MN","Eligible Regional Park",FALSE,2020-03-16,175,"Weekly StreetLight"
"Gateway to the North park","Eligible for Greater Minnesota Designation","Eligible Greater MN","Eligible Regional Park",FALSE,2020-03-23,546,"Weekly StreetLight"
"Gateway to the North park","Eligible for Greater Minnesota Designation","Eligible Greater MN","Eligible Regional Park",FALSE,2020-03-30,665,"Weekly StreetLight"
"Gateway to the North park","Eligible for Greater Minnesota Designation","Eligible Greater MN","Eligible Regional Park",FALSE,2020-04-06,770,"Weekly StreetLight"
"Gateway to the North park","Eligible for Greater Minnesota Designation","Eligible Greater MN","Eligible Regional Park",FALSE,2020-04-13,749,"Weekly StreetLight"
"Gateway to the North park","Eligible for Greater Minnesota Designation","Eligible Greater MN","Eligible Regional Park",FALSE,2020-04-20,1162,"Weekly StreetLight"
"Gateway to the North park","Eligible for Greater Minnesota Designation","Eligible Greater MN","Eligible Regional Park",FALSE,2020-04-27,1050,"Weekly StreetLight"
"Gateway to the North park","Eligible for Greater Minnesota Designation","Eligible Greater MN","Eligible Regional Park",FALSE,2020-05-04,1113,"Weekly StreetLight"
"Gateway to the North park","Eligible for Greater Minnesota Designation","Eligible Greater MN","Eligible Regional Park",FALSE,2020-05-11,987,"Weekly StreetLight"
"Gateway to the North park","Eligible for Greater Minnesota Designation","Eligible Greater MN","Eligible Regional Park",FALSE,2020-05-18,1260,"Weekly StreetLight"
"Gateway to the North park","Eligible for Greater Minnesota Designation","Eligible Greater MN","Eligible Regional Park",FALSE,2020-05-25,2100,"Weekly StreetLight"
"Gateway to the North park","Eligible for Greater Minnesota Designation","Eligible Greater MN","Eligible Regional Park",FALSE,2020-06-01,1729,"Weekly StreetLight"
"Gateway to the North park","Eligible for Greater Minnesota Designation","Eligible Greater MN","Eligible Regional Park",FALSE,2020-06-08,1596,"Weekly StreetLight"
"Gateway to the North park","Eligible for Greater Minnesota Designation","Eligible Greater MN","Eligible Regional Park",FALSE,2020-06-15,1533,"Weekly StreetLight"
"Gateway to the North park","Eligible for Greater Minnesota Designation","Eligible Greater MN","Eligible Regional Park",FALSE,2020-06-22,1645,"Weekly StreetLight"
"Gateway to the North park","Eligible for Greater Minnesota Designation","Eligible Greater MN","Eligible Regional Park",FALSE,2020-06-29,1288,"Weekly StreetLight"
"Gateway to the North park","Eligible for Greater Minnesota Designation","Eligible Greater MN","Eligible Regional Park",FALSE,2020-07-06,1337,"Weekly StreetLight"
"Gateway to the North park","Eligible for Greater Minnesota Designation","Eligible Greater MN","Eligible Regional Park",FALSE,2020-07-13,2296,"Weekly StreetLight"
"Gateway to the North park","Eligible for Greater Minnesota Designation","Eligible Greater MN","Eligible Regional Park",FALSE,2020-07-20,1421,"Weekly StreetLight"
"Gateway to the North park","Eligible for Greater Minnesota Designation","Eligible Greater MN","Eligible Regional Park",FALSE,2020-07-27,1659,"Weekly StreetLight"
"Gateway to the North park","Eligible for Greater Minnesota Designation","Eligible Greater MN","Eligible Regional Park",FALSE,2020-08-03,1526,"Weekly StreetLight"
"Gateway to the North park","Eligible for Greater Minnesota Designation","Eligible Greater MN","Eligible Regional Park",FALSE,2020-08-10,1162,"Weekly StreetLight"
"Gateway to the North park","Eligible for Greater Minnesota Designation","Eligible Greater MN","Eligible Regional Park",FALSE,2020-08-17,1736,"Weekly StreetLight"
"Gateway to the North park","Eligible for Greater Minnesota Designation","Eligible Greater MN","Eligible Regional Park",FALSE,2020-08-24,1309,"Weekly StreetLight"
"Gateway to the North park","Eligible for Greater Minnesota Designation","Eligible Greater MN","Eligible Regional Park",FALSE,2020-08-31,1057,"Weekly StreetLight"
"Gateway to the North park","Eligible for Greater Minnesota Designation","Eligible Greater MN","Eligible Regional Park",FALSE,2020-09-07,1309,"Weekly StreetLight"
"Gateway to the North park","Eligible for Greater Minnesota Designation","Eligible Greater MN","Eligible Regional Park",FALSE,2020-09-14,1309,"Weekly StreetLight"
"Gateway to the North park","Eligible for Greater Minnesota Designation","Eligible Greater MN","Eligible Regional Park",FALSE,2020-09-21,1246,"Weekly StreetLight"
"Gateway to the North park","Eligible for Greater Minnesota Designation","Eligible Greater MN","Eligible Regional Park",FALSE,2020-09-28,1211,"Weekly StreetLight"
"Gateway to the North park","Eligible for Greater Minnesota Designation","Eligible Greater MN","Eligible Regional Park",FALSE,2020-10-05,1596,"Weekly StreetLight"
"Gateway to the North park","Eligible for Greater Minnesota Designation","Eligible Greater MN","Eligible Regional Park",FALSE,2020-10-12,1113,"Weekly StreetLight"
"Gateway to the North park","Eligible for Greater Minnesota Designation","Eligible Greater MN","Eligible Regional Park",FALSE,2020-10-19,385,"Weekly StreetLight"
"Gateway to the North park","Eligible for Greater Minnesota Designation","Eligible Greater MN","Eligible Regional Park",FALSE,2020-10-26,469,"Weekly StreetLight"
"Gateway to the North park","Eligible for Greater Minnesota Designation","Eligible Greater MN","Eligible Regional Park",FALSE,2020-11-02,763,"Weekly StreetLight"
"Gateway to the North park","Eligible for Greater Minnesota Designation","Eligible Greater MN","Eligible Regional Park",FALSE,2020-11-09,252,"Weekly StreetLight"
"Gateway to the North park","Eligible for Greater Minnesota Designation","Eligible Greater MN","Eligible Regional Park",FALSE,2020-11-16,105,"Weekly StreetLight"
"Gateway to the North park","Eligible for Greater Minnesota Designation","Eligible Greater MN","Eligible Regional Park",FALSE,2020-11-23,532,"Weekly StreetLight"
"Gateway to the North park","Eligible for Greater Minnesota Designation","Eligible Greater MN","Eligible Regional Park",FALSE,2020-11-30,630,"Weekly StreetLight"
"Gateway to the North park","Eligible for Greater Minnesota Designation","Eligible Greater MN","Eligible Regional Park",FALSE,2020-12-07,623,"Weekly StreetLight"
"Gateway to the North park","Eligible for Greater Minnesota Designation","Eligible Greater MN","Eligible Regional Park",FALSE,2020-12-14,301,"Weekly StreetLight"
"Gateway to the North park","Eligible for Greater Minnesota Designation","Eligible Greater MN","Eligible Regional Park",FALSE,2020-12-21,329,"Weekly StreetLight"
"Gateway to the North park","Eligible for Greater Minnesota Designation","Eligible Greater MN","Eligible Regional Park",FALSE,2020-12-28,798,"Weekly StreetLight"
"Gateway to the North park","Eligible for Greater Minnesota Designation","Eligible Greater MN","Eligible Regional Park",FALSE,2021-01-04,630,"Weekly StreetLight"
"Gateway to the North park","Eligible for Greater Minnesota Designation","Eligible Greater MN","Eligible Regional Park",FALSE,2021-01-11,609,"Weekly StreetLight"
"Gateway to the North park","Eligible for Greater Minnesota Designation","Eligible Greater MN","Eligible Regional Park",FALSE,2021-01-18,504,"Weekly StreetLight"
"Gateway to the North park","Eligible for Greater Minnesota Designation","Eligible Greater MN","Eligible Regional Park",FALSE,2021-01-25,329,"Weekly StreetLight"
"Gateway to the North park","Eligible for Greater Minnesota Designation","Eligible Greater MN","Eligible Regional Park",FALSE,2021-02-01,434,"Weekly StreetLight"
"Gateway to the North park","Eligible for Greater Minnesota Designation","Eligible Greater MN","Eligible Regional Park",FALSE,2021-02-08,119,"Weekly StreetLight"
"Gateway to the North park","Eligible for Greater Minnesota Designation","Eligible Greater MN","Eligible Regional Park",FALSE,2021-02-15,483,"Weekly StreetLight"
"Gateway to the North park","Eligible for Greater Minnesota Designation","Eligible Greater MN","Eligible Regional Park",FALSE,2021-02-22,623,"Weekly StreetLight"
"Gateway to the North park","Eligible for Greater Minnesota Designation","Eligible Greater MN","Eligible Regional Park",FALSE,2021-03-01,504,"Weekly StreetLight"
"Gateway to the North park","Eligible for Greater Minnesota Designation","Eligible Greater MN","Eligible Regional Park",FALSE,2021-03-08,560,"Weekly StreetLight"
"Gateway to the North park","Eligible for Greater Minnesota Designation","Eligible Greater MN","Eligible Regional Park",FALSE,2021-03-15,714,"Weekly StreetLight"
"Gateway to the North park","Eligible for Greater Minnesota Designation","Eligible Greater MN","Eligible Regional Park",FALSE,2021-03-22,525,"Weekly StreetLight"
"Gateway to the North park","Eligible for Greater Minnesota Designation","Eligible Greater MN","Eligible Regional Park",FALSE,2021-03-29,693,"Weekly StreetLight"
"Gateway to the North park","Eligible for Greater Minnesota Designation","Eligible Greater MN","Eligible Regional Park",FALSE,2021-04-05,777,"Weekly StreetLight"
"Gateway to the North park","Eligible for Greater Minnesota Designation","Eligible Greater MN","Eligible Regional Park",FALSE,2021-04-12,875,"Weekly StreetLight"
"Gateway to the North park","Eligible for Greater Minnesota Designation","Eligible Greater MN","Eligible Regional Park",FALSE,2021-04-19,728,"Weekly StreetLight"
"Gateway to the North park","Eligible for Greater Minnesota Designation","Eligible Greater MN","Eligible Regional Park",FALSE,2021-04-26,1358,"Weekly StreetLight"
"Gateway to the North park","Eligible for Greater Minnesota Designation","Eligible Greater MN","Eligible Regional Park",FALSE,2021-05-03,2604,"Weekly StreetLight"
"Gateway to the North park","Eligible for Greater Minnesota Designation","Eligible Greater MN","Eligible Regional Park",FALSE,2021-05-10,2275,"Weekly StreetLight"
"Gateway to the North park","Eligible for Greater Minnesota Designation","Eligible Greater MN","Eligible Regional Park",FALSE,2021-05-17,1428,"Weekly StreetLight"
"Gateway to the North park","Eligible for Greater Minnesota Designation","Eligible Greater MN","Eligible Regional Park",FALSE,2021-05-24,1197,"Weekly StreetLight"
"Gateway to the North park","Eligible for Greater Minnesota Designation","Eligible Greater MN","Eligible Regional Park",FALSE,2021-05-31,2345,"Weekly StreetLight"
"Gateway to the North park","Eligible for Greater Minnesota Designation","Eligible Greater MN","Eligible Regional Park",FALSE,2021-06-07,2212,"Weekly StreetLight"
"Gateway to the North park","Eligible for Greater Minnesota Designation","Eligible Greater MN","Eligible Regional Park",FALSE,2021-06-14,1673,"Weekly StreetLight"
"Gateway to the North park","Eligible for Greater Minnesota Designation","Eligible Greater MN","Eligible Regional Park",FALSE,2021-06-21,1218,"Weekly StreetLight"
"Gateway to the North park","Eligible for Greater Minnesota Designation","Eligible Greater MN","Eligible Regional Park",FALSE,2021-06-28,1456,"Weekly StreetLight"
"Gateway to the North park","Eligible for Greater Minnesota Designation","Eligible Greater MN","Eligible Regional Park",FALSE,2021-07-05,1771,"Weekly StreetLight"
"Gateway to the North park","Eligible for Greater Minnesota Designation","Eligible Greater MN","Eligible Regional Park",FALSE,2021-07-12,1421,"Weekly StreetLight"
"Gateway to the North park","Eligible for Greater Minnesota Designation","Eligible Greater MN","Eligible Regional Park",FALSE,2021-07-19,1379,"Weekly StreetLight"
"Gateway to the North park","Eligible for Greater Minnesota Designation","Eligible Greater MN","Eligible Regional Park",FALSE,2021-07-26,1120,"Weekly StreetLight"
"Gateway to the North park","Eligible for Greater Minnesota Designation","Eligible Greater MN","Eligible Regional Park",FALSE,2021-08-02,1190,"Weekly StreetLight"
"Gateway to the North park","Eligible for Greater Minnesota Designation","Eligible Greater MN","Eligible Regional Park",FALSE,2021-08-09,1519,"Weekly StreetLight"
"Gateway to the North park","Eligible for Greater Minnesota Designation","Eligible Greater MN","Eligible Regional Park",FALSE,2021-08-16,1694,"Weekly StreetLight"
"Gateway to the North park","Eligible for Greater Minnesota Designation","Eligible Greater MN","Eligible Regional Park",FALSE,2021-08-23,1757,"Weekly StreetLight"
"Gateway to the North park","Eligible for Greater Minnesota Designation","Eligible Greater MN","Eligible Regional Park",FALSE,2021-08-30,840,"Weekly StreetLight"
"Gateway to the North park","Eligible for Greater Minnesota Designation","Eligible Greater MN","Eligible Regional Park",FALSE,2021-09-06,1617,"Weekly StreetLight"
"Gateway to the North park","Eligible for Greater Minnesota Designation","Eligible Greater MN","Eligible Regional Park",FALSE,2021-09-13,1442,"Weekly StreetLight"
"Gateway to the North park","Eligible for Greater Minnesota Designation","Eligible Greater MN","Eligible Regional Park",FALSE,2021-09-20,1463,"Weekly StreetLight"
"Gateway to the North park","Eligible for Greater Minnesota Designation","Eligible Greater MN","Eligible Regional Park",FALSE,2021-09-27,1015,"Weekly StreetLight"
"Gateway to the North park","Eligible for Greater Minnesota Designation","Eligible Greater MN","Eligible Regional Park",FALSE,2021-10-04,1015,"Weekly StreetLight"
"Gateway to the North park","Eligible for Greater Minnesota Designation","Eligible Greater MN","Eligible Regional Park",FALSE,2021-10-11,945,"Weekly StreetLight"
"Gateway to the North park","Eligible for Greater Minnesota Designation","Eligible Greater MN","Eligible Regional Park",FALSE,2021-10-18,1057,"Weekly StreetLight"
"Gateway to the North park","Eligible for Greater Minnesota Designation","Eligible Greater MN","Eligible Regional Park",FALSE,2021-10-25,539,"Weekly StreetLight"
"Gateway to the North park","Eligible for Greater Minnesota Designation","Eligible Greater MN","Eligible Regional Park",FALSE,2021-11-01,483,"Weekly StreetLight"
"Gateway to the North park","Eligible for Greater Minnesota Designation","Eligible Greater MN","Eligible Regional Park",FALSE,2021-11-08,504,"Weekly StreetLight"
"Gateway to the North park","Eligible for Greater Minnesota Designation","Eligible Greater MN","Eligible Regional Park",FALSE,2021-11-15,350,"Weekly StreetLight"
"Gateway to the North park","Eligible for Greater Minnesota Designation","Eligible Greater MN","Eligible Regional Park",FALSE,2021-11-22,616,"Weekly StreetLight"
"Gateway to the North park","Eligible for Greater Minnesota Designation","Eligible Greater MN","Eligible Regional Park",FALSE,2021-11-29,616,"Weekly StreetLight"
"Gateway to the North park","Eligible for Greater Minnesota Designation","Eligible Greater MN","Eligible Regional Park",FALSE,2021-12-06,427,"Weekly StreetLight"
"Gateway to the North park","Eligible for Greater Minnesota Designation","Eligible Greater MN","Eligible Regional Park",FALSE,2021-12-13,469,"Weekly StreetLight"
"Gateway to the North park","Eligible for Greater Minnesota Designation","Eligible Greater MN","Eligible Regional Park",FALSE,2021-12-20,532,"Weekly StreetLight"
"Gateway to the North park","Eligible for Greater Minnesota Designation","Eligible Greater MN","Eligible Regional Park",FALSE,2021-12-27,385,"Weekly StreetLight"
"Grand Marais Recreation Area","Eligible for Greater Minnesota Designation","Eligible Greater MN","Eligible Regional Park",FALSE,2017-11-27,1246,"Weekly StreetLight"
"Grand Marais Recreation Area","Eligible for Greater Minnesota Designation","Eligible Greater MN","Eligible Regional Park",FALSE,2017-12-04,861,"Weekly StreetLight"
"Grand Marais Recreation Area","Eligible for Greater Minnesota Designation","Eligible Greater MN","Eligible Regional Park",FALSE,2017-12-11,287,"Weekly StreetLight"
"Grand Marais Recreation Area","Eligible for Greater Minnesota Designation","Eligible Greater MN","Eligible Regional Park",FALSE,2017-12-18,861,"Weekly StreetLight"
"Grand Marais Recreation Area","Eligible for Greater Minnesota Designation","Eligible Greater MN","Eligible Regional Park",FALSE,2017-12-25,287,"Weekly StreetLight"
"Grand Marais Recreation Area","Eligible for Greater Minnesota Designation","Eligible Greater MN","Eligible Regional Park",FALSE,2018-01-01,3409,"Weekly StreetLight"
"Grand Marais Recreation Area","Eligible for Greater Minnesota Designation","Eligible Greater MN","Eligible Regional Park",FALSE,2018-01-08,2555,"Weekly StreetLight"
"Grand Marais Recreation Area","Eligible for Greater Minnesota Designation","Eligible Greater MN","Eligible Regional Park",FALSE,2018-01-15,854,"Weekly StreetLight"
"Grand Marais Recreation Area","Eligible for Greater Minnesota Designation","Eligible Greater MN","Eligible Regional Park",FALSE,2018-01-22,567,"Weekly StreetLight"
"Grand Marais Recreation Area","Eligible for Greater Minnesota Designation","Eligible Greater MN","Eligible Regional Park",FALSE,2018-01-29,2212,"Weekly StreetLight"
"Grand Marais Recreation Area","Eligible for Greater Minnesota Designation","Eligible Greater MN","Eligible Regional Park",FALSE,2018-02-05,2156,"Weekly StreetLight"
"Grand Marais Recreation Area","Eligible for Greater Minnesota Designation","Eligible Greater MN","Eligible Regional Park",FALSE,2018-02-12,4522,"Weekly StreetLight"
"Grand Marais Recreation Area","Eligible for Greater Minnesota Designation","Eligible Greater MN","Eligible Regional Park",FALSE,2018-02-19,2800,"Weekly StreetLight"
"Grand Marais Recreation Area","Eligible for Greater Minnesota Designation","Eligible Greater MN","Eligible Regional Park",FALSE,2018-02-26,1204,"Weekly StreetLight"
"Grand Marais Recreation Area","Eligible for Greater Minnesota Designation","Eligible Greater MN","Eligible Regional Park",FALSE,2018-03-05,2317,"Weekly StreetLight"
"Grand Marais Recreation Area","Eligible for Greater Minnesota Designation","Eligible Greater MN","Eligible Regional Park",FALSE,2018-03-12,2128,"Weekly StreetLight"
"Grand Marais Recreation Area","Eligible for Greater Minnesota Designation","Eligible Greater MN","Eligible Regional Park",FALSE,2018-03-19,3094,"Weekly StreetLight"
"Grand Marais Recreation Area","Eligible for Greater Minnesota Designation","Eligible Greater MN","Eligible Regional Park",FALSE,2018-03-26,2128,"Weekly StreetLight"
"Grand Marais Recreation Area","Eligible for Greater Minnesota Designation","Eligible Greater MN","Eligible Regional Park",FALSE,2018-04-02,679,"Weekly StreetLight"
"Grand Marais Recreation Area","Eligible for Greater Minnesota Designation","Eligible Greater MN","Eligible Regional Park",FALSE,2018-04-09,2499,"Weekly StreetLight"
"Grand Marais Recreation Area","Eligible for Greater Minnesota Designation","Eligible Greater MN","Eligible Regional Park",FALSE,2018-04-16,2730,"Weekly StreetLight"
"Grand Marais Recreation Area","Eligible for Greater Minnesota Designation","Eligible Greater MN","Eligible Regional Park",FALSE,2018-04-23,7042,"Weekly StreetLight"
"Grand Marais Recreation Area","Eligible for Greater Minnesota Designation","Eligible Greater MN","Eligible Regional Park",FALSE,2018-04-30,4872,"Weekly StreetLight"
"Grand Marais Recreation Area","Eligible for Greater Minnesota Designation","Eligible Greater MN","Eligible Regional Park",FALSE,2018-05-07,2485,"Weekly StreetLight"
"Grand Marais Recreation Area","Eligible for Greater Minnesota Designation","Eligible Greater MN","Eligible Regional Park",FALSE,2018-05-14,3451,"Weekly StreetLight"
"Grand Marais Recreation Area","Eligible for Greater Minnesota Designation","Eligible Greater MN","Eligible Regional Park",FALSE,2018-05-21,8148,"Weekly StreetLight"
"Grand Marais Recreation Area","Eligible for Greater Minnesota Designation","Eligible Greater MN","Eligible Regional Park",FALSE,2018-05-28,5747,"Weekly StreetLight"
"Grand Marais Recreation Area","Eligible for Greater Minnesota Designation","Eligible Greater MN","Eligible Regional Park",FALSE,2018-06-04,5796,"Weekly StreetLight"
"Grand Marais Recreation Area","Eligible for Greater Minnesota Designation","Eligible Greater MN","Eligible Regional Park",FALSE,2018-06-11,8204,"Weekly StreetLight"
"Grand Marais Recreation Area","Eligible for Greater Minnesota Designation","Eligible Greater MN","Eligible Regional Park",FALSE,2018-06-18,9408,"Weekly StreetLight"
"Grand Marais Recreation Area","Eligible for Greater Minnesota Designation","Eligible Greater MN","Eligible Regional Park",FALSE,2018-06-25,7364,"Weekly StreetLight"
"Grand Marais Recreation Area","Eligible for Greater Minnesota Designation","Eligible Greater MN","Eligible Regional Park",FALSE,2018-07-02,12215,"Weekly StreetLight"
"Grand Marais Recreation Area","Eligible for Greater Minnesota Designation","Eligible Greater MN","Eligible Regional Park",FALSE,2018-07-09,10479,"Weekly StreetLight"
"Grand Marais Recreation Area","Eligible for Greater Minnesota Designation","Eligible Greater MN","Eligible Regional Park",FALSE,2018-07-16,10150,"Weekly StreetLight"
"Grand Marais Recreation Area","Eligible for Greater Minnesota Designation","Eligible Greater MN","Eligible Regional Park",FALSE,2018-07-23,14028,"Weekly StreetLight"
"Grand Marais Recreation Area","Eligible for Greater Minnesota Designation","Eligible Greater MN","Eligible Regional Park",FALSE,2018-07-30,13937,"Weekly StreetLight"
"Grand Marais Recreation Area","Eligible for Greater Minnesota Designation","Eligible Greater MN","Eligible Regional Park",FALSE,2018-08-06,11921,"Weekly StreetLight"
"Grand Marais Recreation Area","Eligible for Greater Minnesota Designation","Eligible Greater MN","Eligible Regional Park",FALSE,2018-08-13,11004,"Weekly StreetLight"
"Grand Marais Recreation Area","Eligible for Greater Minnesota Designation","Eligible Greater MN","Eligible Regional Park",FALSE,2018-08-20,10654,"Weekly StreetLight"
"Grand Marais Recreation Area","Eligible for Greater Minnesota Designation","Eligible Greater MN","Eligible Regional Park",FALSE,2018-08-27,12369,"Weekly StreetLight"
"Grand Marais Recreation Area","Eligible for Greater Minnesota Designation","Eligible Greater MN","Eligible Regional Park",FALSE,2018-09-03,11592,"Weekly StreetLight"
"Grand Marais Recreation Area","Eligible for Greater Minnesota Designation","Eligible Greater MN","Eligible Regional Park",FALSE,2018-09-10,8743,"Weekly StreetLight"
"Grand Marais Recreation Area","Eligible for Greater Minnesota Designation","Eligible Greater MN","Eligible Regional Park",FALSE,2018-09-17,8281,"Weekly StreetLight"
"Grand Marais Recreation Area","Eligible for Greater Minnesota Designation","Eligible Greater MN","Eligible Regional Park",FALSE,2018-09-24,9205,"Weekly StreetLight"
"Grand Marais Recreation Area","Eligible for Greater Minnesota Designation","Eligible Greater MN","Eligible Regional Park",FALSE,2018-10-01,7133,"Weekly StreetLight"
"Grand Marais Recreation Area","Eligible for Greater Minnesota Designation","Eligible Greater MN","Eligible Regional Park",FALSE,2018-10-08,4060,"Weekly StreetLight"
"Grand Marais Recreation Area","Eligible for Greater Minnesota Designation","Eligible Greater MN","Eligible Regional Park",FALSE,2018-10-15,7245,"Weekly StreetLight"
"Grand Marais Recreation Area","Eligible for Greater Minnesota Designation","Eligible Greater MN","Eligible Regional Park",FALSE,2018-10-22,2198,"Weekly StreetLight"
"Grand Marais Recreation Area","Eligible for Greater Minnesota Designation","Eligible Greater MN","Eligible Regional Park",FALSE,2018-10-29,6181,"Weekly StreetLight"
"Grand Marais Recreation Area","Eligible for Greater Minnesota Designation","Eligible Greater MN","Eligible Regional Park",FALSE,2018-11-05,2730,"Weekly StreetLight"
"Grand Marais Recreation Area","Eligible for Greater Minnesota Designation","Eligible Greater MN","Eligible Regional Park",FALSE,2018-11-12,4095,"Weekly StreetLight"
"Grand Marais Recreation Area","Eligible for Greater Minnesota Designation","Eligible Greater MN","Eligible Regional Park",FALSE,2018-11-19,2338,"Weekly StreetLight"
"Grand Marais Recreation Area","Eligible for Greater Minnesota Designation","Eligible Greater MN","Eligible Regional Park",FALSE,2018-11-26,2765,"Weekly StreetLight"
"Grand Marais Recreation Area","Eligible for Greater Minnesota Designation","Eligible Greater MN","Eligible Regional Park",FALSE,2018-12-03,1274,"Weekly StreetLight"
"Grand Marais Recreation Area","Eligible for Greater Minnesota Designation","Eligible Greater MN","Eligible Regional Park",FALSE,2018-12-10,2128,"Weekly StreetLight"
"Grand Marais Recreation Area","Eligible for Greater Minnesota Designation","Eligible Greater MN","Eligible Regional Park",FALSE,2018-12-17,1274,"Weekly StreetLight"
"Grand Marais Recreation Area","Eligible for Greater Minnesota Designation","Eligible Greater MN","Eligible Regional Park",FALSE,2018-12-24,2338,"Weekly StreetLight"
"Grand Marais Recreation Area","Eligible for Greater Minnesota Designation","Eligible Greater MN","Eligible Regional Park",FALSE,2018-12-31,1708,"Weekly StreetLight"
"Grand Marais Recreation Area","Eligible for Greater Minnesota Designation","Eligible Greater MN","Eligible Regional Park",FALSE,2019-01-07,1337,"Weekly StreetLight"
"Grand Marais Recreation Area","Eligible for Greater Minnesota Designation","Eligible Greater MN","Eligible Regional Park",FALSE,2019-01-14,1141,"Weekly StreetLight"
"Grand Marais Recreation Area","Eligible for Greater Minnesota Designation","Eligible Greater MN","Eligible Regional Park",FALSE,2019-01-21,1274,"Weekly StreetLight"
"Grand Marais Recreation Area","Eligible for Greater Minnesota Designation","Eligible Greater MN","Eligible Regional Park",FALSE,2019-01-28,350,"Weekly StreetLight"
"Grand Marais Recreation Area","Eligible for Greater Minnesota Designation","Eligible Greater MN","Eligible Regional Park",FALSE,2019-02-04,1288,"Weekly StreetLight"
"Grand Marais Recreation Area","Eligible for Greater Minnesota Designation","Eligible Greater MN","Eligible Regional Park",FALSE,2019-02-11,1001,"Weekly StreetLight"
"Grand Marais Recreation Area","Eligible for Greater Minnesota Designation","Eligible Greater MN","Eligible Regional Park",FALSE,2019-02-18,861,"Weekly StreetLight"
"Grand Marais Recreation Area","Eligible for Greater Minnesota Designation","Eligible Greater MN","Eligible Regional Park",FALSE,2019-02-25,1169,"Weekly StreetLight"
"Grand Marais Recreation Area","Eligible for Greater Minnesota Designation","Eligible Greater MN","Eligible Regional Park",FALSE,2019-03-04,679,"Weekly StreetLight"
"Grand Marais Recreation Area","Eligible for Greater Minnesota Designation","Eligible Greater MN","Eligible Regional Park",FALSE,2019-03-11,826,"Weekly StreetLight"
"Grand Marais Recreation Area","Eligible for Greater Minnesota Designation","Eligible Greater MN","Eligible Regional Park",FALSE,2019-03-18,826,"Weekly StreetLight"
"Grand Marais Recreation Area","Eligible for Greater Minnesota Designation","Eligible Greater MN","Eligible Regional Park",FALSE,2019-03-25,756,"Weekly StreetLight"
"Grand Marais Recreation Area","Eligible for Greater Minnesota Designation","Eligible Greater MN","Eligible Regional Park",FALSE,2019-04-01,770,"Weekly StreetLight"
"Grand Marais Recreation Area","Eligible for Greater Minnesota Designation","Eligible Greater MN","Eligible Regional Park",FALSE,2019-04-08,602,"Weekly StreetLight"
"Grand Marais Recreation Area","Eligible for Greater Minnesota Designation","Eligible Greater MN","Eligible Regional Park",FALSE,2019-04-15,1799,"Weekly StreetLight"
"Grand Marais Recreation Area","Eligible for Greater Minnesota Designation","Eligible Greater MN","Eligible Regional Park",FALSE,2019-04-22,1540,"Weekly StreetLight"
"Grand Marais Recreation Area","Eligible for Greater Minnesota Designation","Eligible Greater MN","Eligible Regional Park",FALSE,2019-04-29,1708,"Weekly StreetLight"
"Grand Marais Recreation Area","Eligible for Greater Minnesota Designation","Eligible Greater MN","Eligible Regional Park",FALSE,2019-05-06,2849,"Weekly StreetLight"
"Grand Marais Recreation Area","Eligible for Greater Minnesota Designation","Eligible Greater MN","Eligible Regional Park",FALSE,2019-05-13,2058,"Weekly StreetLight"
"Grand Marais Recreation Area","Eligible for Greater Minnesota Designation","Eligible Greater MN","Eligible Regional Park",FALSE,2019-05-20,5992,"Weekly StreetLight"
"Grand Marais Recreation Area","Eligible for Greater Minnesota Designation","Eligible Greater MN","Eligible Regional Park",FALSE,2019-05-27,5677,"Weekly StreetLight"
"Grand Marais Recreation Area","Eligible for Greater Minnesota Designation","Eligible Greater MN","Eligible Regional Park",FALSE,2019-06-03,4025,"Weekly StreetLight"
"Grand Marais Recreation Area","Eligible for Greater Minnesota Designation","Eligible Greater MN","Eligible Regional Park",FALSE,2019-06-10,8099,"Weekly StreetLight"
"Grand Marais Recreation Area","Eligible for Greater Minnesota Designation","Eligible Greater MN","Eligible Regional Park",FALSE,2019-06-17,9030,"Weekly StreetLight"
"Grand Marais Recreation Area","Eligible for Greater Minnesota Designation","Eligible Greater MN","Eligible Regional Park",FALSE,2019-06-24,8407,"Weekly StreetLight"
"Grand Marais Recreation Area","Eligible for Greater Minnesota Designation","Eligible Greater MN","Eligible Regional Park",FALSE,2019-07-01,9548,"Weekly StreetLight"
"Grand Marais Recreation Area","Eligible for Greater Minnesota Designation","Eligible Greater MN","Eligible Regional Park",FALSE,2019-07-08,8589,"Weekly StreetLight"
"Grand Marais Recreation Area","Eligible for Greater Minnesota Designation","Eligible Greater MN","Eligible Regional Park",FALSE,2019-07-15,8008,"Weekly StreetLight"
"Grand Marais Recreation Area","Eligible for Greater Minnesota Designation","Eligible Greater MN","Eligible Regional Park",FALSE,2019-07-22,9611,"Weekly StreetLight"
"Grand Marais Recreation Area","Eligible for Greater Minnesota Designation","Eligible Greater MN","Eligible Regional Park",FALSE,2019-07-29,13993,"Weekly StreetLight"
"Grand Marais Recreation Area","Eligible for Greater Minnesota Designation","Eligible Greater MN","Eligible Regional Park",FALSE,2019-08-05,9303,"Weekly StreetLight"
"Grand Marais Recreation Area","Eligible for Greater Minnesota Designation","Eligible Greater MN","Eligible Regional Park",FALSE,2019-08-12,8736,"Weekly StreetLight"
"Grand Marais Recreation Area","Eligible for Greater Minnesota Designation","Eligible Greater MN","Eligible Regional Park",FALSE,2019-08-19,6587,"Weekly StreetLight"
"Grand Marais Recreation Area","Eligible for Greater Minnesota Designation","Eligible Greater MN","Eligible Regional Park",FALSE,2019-08-26,6566,"Weekly StreetLight"
"Grand Marais Recreation Area","Eligible for Greater Minnesota Designation","Eligible Greater MN","Eligible Regional Park",FALSE,2019-09-02,6223,"Weekly StreetLight"
"Grand Marais Recreation Area","Eligible for Greater Minnesota Designation","Eligible Greater MN","Eligible Regional Park",FALSE,2019-09-09,6748,"Weekly StreetLight"
"Grand Marais Recreation Area","Eligible for Greater Minnesota Designation","Eligible Greater MN","Eligible Regional Park",FALSE,2019-09-16,9639,"Weekly StreetLight"
"Grand Marais Recreation Area","Eligible for Greater Minnesota Designation","Eligible Greater MN","Eligible Regional Park",FALSE,2019-09-23,6790,"Weekly StreetLight"
"Grand Marais Recreation Area","Eligible for Greater Minnesota Designation","Eligible Greater MN","Eligible Regional Park",FALSE,2019-09-30,3878,"Weekly StreetLight"
"Grand Marais Recreation Area","Eligible for Greater Minnesota Designation","Eligible Greater MN","Eligible Regional Park",FALSE,2019-10-07,3430,"Weekly StreetLight"
"Grand Marais Recreation Area","Eligible for Greater Minnesota Designation","Eligible Greater MN","Eligible Regional Park",FALSE,2019-10-14,4711,"Weekly StreetLight"
"Grand Marais Recreation Area","Eligible for Greater Minnesota Designation","Eligible Greater MN","Eligible Regional Park",FALSE,2019-10-21,868,"Weekly StreetLight"
"Grand Marais Recreation Area","Eligible for Greater Minnesota Designation","Eligible Greater MN","Eligible Regional Park",FALSE,2019-10-28,581,"Weekly StreetLight"
"Grand Marais Recreation Area","Eligible for Greater Minnesota Designation","Eligible Greater MN","Eligible Regional Park",FALSE,2019-11-04,1274,"Weekly StreetLight"
"Grand Marais Recreation Area","Eligible for Greater Minnesota Designation","Eligible Greater MN","Eligible Regional Park",FALSE,2019-11-11,847,"Weekly StreetLight"
"Grand Marais Recreation Area","Eligible for Greater Minnesota Designation","Eligible Greater MN","Eligible Regional Park",FALSE,2019-11-18,1631,"Weekly StreetLight"
"Grand Marais Recreation Area","Eligible for Greater Minnesota Designation","Eligible Greater MN","Eligible Regional Park",FALSE,2019-11-25,1120,"Weekly StreetLight"
"Grand Marais Recreation Area","Eligible for Greater Minnesota Designation","Eligible Greater MN","Eligible Regional Park",FALSE,2019-12-02,1071,"Weekly StreetLight"
"Grand Marais Recreation Area","Eligible for Greater Minnesota Designation","Eligible Greater MN","Eligible Regional Park",FALSE,2019-12-09,1071,"Weekly StreetLight"
"Grand Marais Recreation Area","Eligible for Greater Minnesota Designation","Eligible Greater MN","Eligible Regional Park",FALSE,2019-12-16,693,"Weekly StreetLight"
"Grand Marais Recreation Area","Eligible for Greater Minnesota Designation","Eligible Greater MN","Eligible Regional Park",FALSE,2019-12-23,756,"Weekly StreetLight"
"Grand Marais Recreation Area","Eligible for Greater Minnesota Designation","Eligible Greater MN","Eligible Regional Park",FALSE,2019-12-30,875,"Weekly StreetLight"
"Grand Marais Recreation Area","Eligible for Greater Minnesota Designation","Eligible Greater MN","Eligible Regional Park",FALSE,2020-01-06,742,"Weekly StreetLight"
"Grand Marais Recreation Area","Eligible for Greater Minnesota Designation","Eligible Greater MN","Eligible Regional Park",FALSE,2020-01-13,742,"Weekly StreetLight"
"Grand Marais Recreation Area","Eligible for Greater Minnesota Designation","Eligible Greater MN","Eligible Regional Park",FALSE,2020-01-20,511,"Weekly StreetLight"
"Grand Marais Recreation Area","Eligible for Greater Minnesota Designation","Eligible Greater MN","Eligible Regional Park",FALSE,2020-01-27,791,"Weekly StreetLight"
"Grand Marais Recreation Area","Eligible for Greater Minnesota Designation","Eligible Greater MN","Eligible Regional Park",FALSE,2020-02-03,770,"Weekly StreetLight"
"Grand Marais Recreation Area","Eligible for Greater Minnesota Designation","Eligible Greater MN","Eligible Regional Park",FALSE,2020-02-10,721,"Weekly StreetLight"
"Grand Marais Recreation Area","Eligible for Greater Minnesota Designation","Eligible Greater MN","Eligible Regional Park",FALSE,2020-02-17,994,"Weekly StreetLight"
"Grand Marais Recreation Area","Eligible for Greater Minnesota Designation","Eligible Greater MN","Eligible Regional Park",FALSE,2020-02-24,672,"Weekly StreetLight"
"Grand Marais Recreation Area","Eligible for Greater Minnesota Designation","Eligible Greater MN","Eligible Regional Park",FALSE,2020-03-02,1568,"Weekly StreetLight"
"Grand Marais Recreation Area","Eligible for Greater Minnesota Designation","Eligible Greater MN","Eligible Regional Park",FALSE,2020-03-09,728,"Weekly StreetLight"
"Grand Marais Recreation Area","Eligible for Greater Minnesota Designation","Eligible Greater MN","Eligible Regional Park",FALSE,2020-03-16,728,"Weekly StreetLight"
"Grand Marais Recreation Area","Eligible for Greater Minnesota Designation","Eligible Greater MN","Eligible Regional Park",FALSE,2020-03-23,301,"Weekly StreetLight"
"Grand Marais Recreation Area","Eligible for Greater Minnesota Designation","Eligible Greater MN","Eligible Regional Park",FALSE,2020-03-30,777,"Weekly StreetLight"
"Grand Marais Recreation Area","Eligible for Greater Minnesota Designation","Eligible Greater MN","Eligible Regional Park",FALSE,2020-04-06,1414,"Weekly StreetLight"
"Grand Marais Recreation Area","Eligible for Greater Minnesota Designation","Eligible Greater MN","Eligible Regional Park",FALSE,2020-04-13,1708,"Weekly StreetLight"
"Grand Marais Recreation Area","Eligible for Greater Minnesota Designation","Eligible Greater MN","Eligible Regional Park",FALSE,2020-04-20,1785,"Weekly StreetLight"
"Grand Marais Recreation Area","Eligible for Greater Minnesota Designation","Eligible Greater MN","Eligible Regional Park",FALSE,2020-04-27,1827,"Weekly StreetLight"
"Grand Marais Recreation Area","Eligible for Greater Minnesota Designation","Eligible Greater MN","Eligible Regional Park",FALSE,2020-05-04,987,"Weekly StreetLight"
"Grand Marais Recreation Area","Eligible for Greater Minnesota Designation","Eligible Greater MN","Eligible Regional Park",FALSE,2020-05-11,1603,"Weekly StreetLight"
"Grand Marais Recreation Area","Eligible for Greater Minnesota Designation","Eligible Greater MN","Eligible Regional Park",FALSE,2020-05-18,2646,"Weekly StreetLight"
"Grand Marais Recreation Area","Eligible for Greater Minnesota Designation","Eligible Greater MN","Eligible Regional Park",FALSE,2020-05-25,2527,"Weekly StreetLight"
"Grand Marais Recreation Area","Eligible for Greater Minnesota Designation","Eligible Greater MN","Eligible Regional Park",FALSE,2020-06-01,3367,"Weekly StreetLight"
"Grand Marais Recreation Area","Eligible for Greater Minnesota Designation","Eligible Greater MN","Eligible Regional Park",FALSE,2020-06-08,3570,"Weekly StreetLight"
"Grand Marais Recreation Area","Eligible for Greater Minnesota Designation","Eligible Greater MN","Eligible Regional Park",FALSE,2020-06-15,7966,"Weekly StreetLight"
"Grand Marais Recreation Area","Eligible for Greater Minnesota Designation","Eligible Greater MN","Eligible Regional Park",FALSE,2020-06-22,9324,"Weekly StreetLight"
"Grand Marais Recreation Area","Eligible for Greater Minnesota Designation","Eligible Greater MN","Eligible Regional Park",FALSE,2020-06-29,13811,"Weekly StreetLight"
"Grand Marais Recreation Area","Eligible for Greater Minnesota Designation","Eligible Greater MN","Eligible Regional Park",FALSE,2020-07-06,9597,"Weekly StreetLight"
"Grand Marais Recreation Area","Eligible for Greater Minnesota Designation","Eligible Greater MN","Eligible Regional Park",FALSE,2020-07-13,8239,"Weekly StreetLight"
"Grand Marais Recreation Area","Eligible for Greater Minnesota Designation","Eligible Greater MN","Eligible Regional Park",FALSE,2020-07-20,8736,"Weekly StreetLight"
"Grand Marais Recreation Area","Eligible for Greater Minnesota Designation","Eligible Greater MN","Eligible Regional Park",FALSE,2020-07-27,8281,"Weekly StreetLight"
"Grand Marais Recreation Area","Eligible for Greater Minnesota Designation","Eligible Greater MN","Eligible Regional Park",FALSE,2020-08-03,11431,"Weekly StreetLight"
"Grand Marais Recreation Area","Eligible for Greater Minnesota Designation","Eligible Greater MN","Eligible Regional Park",FALSE,2020-08-10,12320,"Weekly StreetLight"
"Grand Marais Recreation Area","Eligible for Greater Minnesota Designation","Eligible Greater MN","Eligible Regional Park",FALSE,2020-08-17,9975,"Weekly StreetLight"
"Grand Marais Recreation Area","Eligible for Greater Minnesota Designation","Eligible Greater MN","Eligible Regional Park",FALSE,2020-08-24,9695,"Weekly StreetLight"
"Grand Marais Recreation Area","Eligible for Greater Minnesota Designation","Eligible Greater MN","Eligible Regional Park",FALSE,2020-08-31,8281,"Weekly StreetLight"
"Grand Marais Recreation Area","Eligible for Greater Minnesota Designation","Eligible Greater MN","Eligible Regional Park",FALSE,2020-09-07,7329,"Weekly StreetLight"
"Grand Marais Recreation Area","Eligible for Greater Minnesota Designation","Eligible Greater MN","Eligible Regional Park",FALSE,2020-09-14,4802,"Weekly StreetLight"
"Grand Marais Recreation Area","Eligible for Greater Minnesota Designation","Eligible Greater MN","Eligible Regional Park",FALSE,2020-09-21,5446,"Weekly StreetLight"
"Grand Marais Recreation Area","Eligible for Greater Minnesota Designation","Eligible Greater MN","Eligible Regional Park",FALSE,2020-09-28,6587,"Weekly StreetLight"
"Grand Marais Recreation Area","Eligible for Greater Minnesota Designation","Eligible Greater MN","Eligible Regional Park",FALSE,2020-10-05,4935,"Weekly StreetLight"
"Grand Marais Recreation Area","Eligible for Greater Minnesota Designation","Eligible Greater MN","Eligible Regional Park",FALSE,2020-10-12,3871,"Weekly StreetLight"
"Grand Marais Recreation Area","Eligible for Greater Minnesota Designation","Eligible Greater MN","Eligible Regional Park",FALSE,2020-10-19,1344,"Weekly StreetLight"
"Grand Marais Recreation Area","Eligible for Greater Minnesota Designation","Eligible Greater MN","Eligible Regional Park",FALSE,2020-10-26,1183,"Weekly StreetLight"
"Grand Marais Recreation Area","Eligible for Greater Minnesota Designation","Eligible Greater MN","Eligible Regional Park",FALSE,2020-11-02,952,"Weekly StreetLight"
"Grand Marais Recreation Area","Eligible for Greater Minnesota Designation","Eligible Greater MN","Eligible Regional Park",FALSE,2020-11-09,1120,"Weekly StreetLight"
"Grand Marais Recreation Area","Eligible for Greater Minnesota Designation","Eligible Greater MN","Eligible Regional Park",FALSE,2020-11-16,1379,"Weekly StreetLight"
"Grand Marais Recreation Area","Eligible for Greater Minnesota Designation","Eligible Greater MN","Eligible Regional Park",FALSE,2020-11-23,777,"Weekly StreetLight"
"Grand Marais Recreation Area","Eligible for Greater Minnesota Designation","Eligible Greater MN","Eligible Regional Park",FALSE,2020-11-30,616,"Weekly StreetLight"
"Grand Marais Recreation Area","Eligible for Greater Minnesota Designation","Eligible Greater MN","Eligible Regional Park",FALSE,2020-12-07,847,"Weekly StreetLight"
"Grand Marais Recreation Area","Eligible for Greater Minnesota Designation","Eligible Greater MN","Eligible Regional Park",FALSE,2020-12-14,770,"Weekly StreetLight"
"Grand Marais Recreation Area","Eligible for Greater Minnesota Designation","Eligible Greater MN","Eligible Regional Park",FALSE,2020-12-21,1624,"Weekly StreetLight"
"Grand Marais Recreation Area","Eligible for Greater Minnesota Designation","Eligible Greater MN","Eligible Regional Park",FALSE,2020-12-28,1309,"Weekly StreetLight"
"Grand Marais Recreation Area","Eligible for Greater Minnesota Designation","Eligible Greater MN","Eligible Regional Park",FALSE,2021-01-04,546,"Weekly StreetLight"
"Grand Marais Recreation Area","Eligible for Greater Minnesota Designation","Eligible Greater MN","Eligible Regional Park",FALSE,2021-01-11,399,"Weekly StreetLight"
"Grand Marais Recreation Area","Eligible for Greater Minnesota Designation","Eligible Greater MN","Eligible Regional Park",FALSE,2021-01-18,448,"Weekly StreetLight"
"Grand Marais Recreation Area","Eligible for Greater Minnesota Designation","Eligible Greater MN","Eligible Regional Park",FALSE,2021-01-25,798,"Weekly StreetLight"
"Grand Marais Recreation Area","Eligible for Greater Minnesota Designation","Eligible Greater MN","Eligible Regional Park",FALSE,2021-02-01,560,"Weekly StreetLight"
"Grand Marais Recreation Area","Eligible for Greater Minnesota Designation","Eligible Greater MN","Eligible Regional Park",FALSE,2021-02-08,840,"Weekly StreetLight"
"Grand Marais Recreation Area","Eligible for Greater Minnesota Designation","Eligible Greater MN","Eligible Regional Park",FALSE,2021-02-15,280,"Weekly StreetLight"
"Grand Marais Recreation Area","Eligible for Greater Minnesota Designation","Eligible Greater MN","Eligible Regional Park",FALSE,2021-02-22,469,"Weekly StreetLight"
"Grand Marais Recreation Area","Eligible for Greater Minnesota Designation","Eligible Greater MN","Eligible Regional Park",FALSE,2021-03-01,511,"Weekly StreetLight"
"Grand Marais Recreation Area","Eligible for Greater Minnesota Designation","Eligible Greater MN","Eligible Regional Park",FALSE,2021-03-08,791,"Weekly StreetLight"
"Grand Marais Recreation Area","Eligible for Greater Minnesota Designation","Eligible Greater MN","Eligible Regional Park",FALSE,2021-03-15,700,"Weekly StreetLight"
"Grand Marais Recreation Area","Eligible for Greater Minnesota Designation","Eligible Greater MN","Eligible Regional Park",FALSE,2021-03-22,602,"Weekly StreetLight"
"Grand Marais Recreation Area","Eligible for Greater Minnesota Designation","Eligible Greater MN","Eligible Regional Park",FALSE,2021-03-29,567,"Weekly StreetLight"
"Grand Marais Recreation Area","Eligible for Greater Minnesota Designation","Eligible Greater MN","Eligible Regional Park",FALSE,2021-04-05,840,"Weekly StreetLight"
"Grand Marais Recreation Area","Eligible for Greater Minnesota Designation","Eligible Greater MN","Eligible Regional Park",FALSE,2021-04-12,1008,"Weekly StreetLight"
"Grand Marais Recreation Area","Eligible for Greater Minnesota Designation","Eligible Greater MN","Eligible Regional Park",FALSE,2021-04-19,588,"Weekly StreetLight"
"Grand Marais Recreation Area","Eligible for Greater Minnesota Designation","Eligible Greater MN","Eligible Regional Park",FALSE,2021-04-26,2688,"Weekly StreetLight"
"Grand Marais Recreation Area","Eligible for Greater Minnesota Designation","Eligible Greater MN","Eligible Regional Park",FALSE,2021-05-03,2296,"Weekly StreetLight"
"Grand Marais Recreation Area","Eligible for Greater Minnesota Designation","Eligible Greater MN","Eligible Regional Park",FALSE,2021-05-10,1757,"Weekly StreetLight"
"Grand Marais Recreation Area","Eligible for Greater Minnesota Designation","Eligible Greater MN","Eligible Regional Park",FALSE,2021-05-17,5061,"Weekly StreetLight"
"Grand Marais Recreation Area","Eligible for Greater Minnesota Designation","Eligible Greater MN","Eligible Regional Park",FALSE,2021-05-24,9044,"Weekly StreetLight"
"Grand Marais Recreation Area","Eligible for Greater Minnesota Designation","Eligible Greater MN","Eligible Regional Park",FALSE,2021-05-31,5509,"Weekly StreetLight"
"Grand Marais Recreation Area","Eligible for Greater Minnesota Designation","Eligible Greater MN","Eligible Regional Park",FALSE,2021-06-07,6356,"Weekly StreetLight"
"Grand Marais Recreation Area","Eligible for Greater Minnesota Designation","Eligible Greater MN","Eligible Regional Park",FALSE,2021-06-14,7966,"Weekly StreetLight"
"Grand Marais Recreation Area","Eligible for Greater Minnesota Designation","Eligible Greater MN","Eligible Regional Park",FALSE,2021-06-21,6307,"Weekly StreetLight"
"Grand Marais Recreation Area","Eligible for Greater Minnesota Designation","Eligible Greater MN","Eligible Regional Park",FALSE,2021-06-28,8771,"Weekly StreetLight"
"Grand Marais Recreation Area","Eligible for Greater Minnesota Designation","Eligible Greater MN","Eligible Regional Park",FALSE,2021-07-05,9478,"Weekly StreetLight"
"Grand Marais Recreation Area","Eligible for Greater Minnesota Designation","Eligible Greater MN","Eligible Regional Park",FALSE,2021-07-12,8771,"Weekly StreetLight"
"Grand Marais Recreation Area","Eligible for Greater Minnesota Designation","Eligible Greater MN","Eligible Regional Park",FALSE,2021-07-19,9086,"Weekly StreetLight"
"Grand Marais Recreation Area","Eligible for Greater Minnesota Designation","Eligible Greater MN","Eligible Regional Park",FALSE,2021-07-26,9408,"Weekly StreetLight"
"Grand Marais Recreation Area","Eligible for Greater Minnesota Designation","Eligible Greater MN","Eligible Regional Park",FALSE,2021-08-02,11683,"Weekly StreetLight"
"Grand Marais Recreation Area","Eligible for Greater Minnesota Designation","Eligible Greater MN","Eligible Regional Park",FALSE,2021-08-09,9520,"Weekly StreetLight"
"Grand Marais Recreation Area","Eligible for Greater Minnesota Designation","Eligible Greater MN","Eligible Regional Park",FALSE,2021-08-16,6965,"Weekly StreetLight"
"Grand Marais Recreation Area","Eligible for Greater Minnesota Designation","Eligible Greater MN","Eligible Regional Park",FALSE,2021-08-23,5103,"Weekly StreetLight"
"Grand Marais Recreation Area","Eligible for Greater Minnesota Designation","Eligible Greater MN","Eligible Regional Park",FALSE,2021-08-30,7938,"Weekly StreetLight"
"Grand Marais Recreation Area","Eligible for Greater Minnesota Designation","Eligible Greater MN","Eligible Regional Park",FALSE,2021-09-06,6027,"Weekly StreetLight"
"Grand Marais Recreation Area","Eligible for Greater Minnesota Designation","Eligible Greater MN","Eligible Regional Park",FALSE,2021-09-13,6321,"Weekly StreetLight"
"Grand Marais Recreation Area","Eligible for Greater Minnesota Designation","Eligible Greater MN","Eligible Regional Park",FALSE,2021-09-20,6783,"Weekly StreetLight"
"Grand Marais Recreation Area","Eligible for Greater Minnesota Designation","Eligible Greater MN","Eligible Regional Park",FALSE,2021-09-27,4396,"Weekly StreetLight"
"Grand Marais Recreation Area","Eligible for Greater Minnesota Designation","Eligible Greater MN","Eligible Regional Park",FALSE,2021-10-04,2163,"Weekly StreetLight"
"Grand Marais Recreation Area","Eligible for Greater Minnesota Designation","Eligible Greater MN","Eligible Regional Park",FALSE,2021-10-11,2982,"Weekly StreetLight"
"Grand Marais Recreation Area","Eligible for Greater Minnesota Designation","Eligible Greater MN","Eligible Regional Park",FALSE,2021-10-18,6664,"Weekly StreetLight"
"Grand Marais Recreation Area","Eligible for Greater Minnesota Designation","Eligible Greater MN","Eligible Regional Park",FALSE,2021-10-25,1624,"Weekly StreetLight"
"Grand Marais Recreation Area","Eligible for Greater Minnesota Designation","Eligible Greater MN","Eligible Regional Park",FALSE,2021-11-01,1491,"Weekly StreetLight"
"Grand Marais Recreation Area","Eligible for Greater Minnesota Designation","Eligible Greater MN","Eligible Regional Park",FALSE,2021-11-08,1596,"Weekly StreetLight"
"Grand Marais Recreation Area","Eligible for Greater Minnesota Designation","Eligible Greater MN","Eligible Regional Park",FALSE,2021-11-15,1295,"Weekly StreetLight"
"Grand Marais Recreation Area","Eligible for Greater Minnesota Designation","Eligible Greater MN","Eligible Regional Park",FALSE,2021-11-22,1988,"Weekly StreetLight"
"Grand Marais Recreation Area","Eligible for Greater Minnesota Designation","Eligible Greater MN","Eligible Regional Park",FALSE,2021-11-29,882,"Weekly StreetLight"
"Grand Marais Recreation Area","Eligible for Greater Minnesota Designation","Eligible Greater MN","Eligible Regional Park",FALSE,2021-12-06,938,"Weekly StreetLight"
"Grand Marais Recreation Area","Eligible for Greater Minnesota Designation","Eligible Greater MN","Eligible Regional Park",FALSE,2021-12-13,1316,"Weekly StreetLight"
"Grand Marais Recreation Area","Eligible for Greater Minnesota Designation","Eligible Greater MN","Eligible Regional Park",FALSE,2021-12-20,1596,"Weekly StreetLight"
"Grand Marais Recreation Area","Eligible for Greater Minnesota Designation","Eligible Greater MN","Eligible Regional Park",FALSE,2021-12-27,987,"Weekly StreetLight"
"Hok Si La Park","Eligible for Greater Minnesota Designation","Eligible Greater MN","Eligible Regional Park",FALSE,2017-11-27,504,"Weekly StreetLight"
"Hok Si La Park","Eligible for Greater Minnesota Designation","Eligible Greater MN","Eligible Regional Park",FALSE,2017-12-04,105,"Weekly StreetLight"
"Hok Si La Park","Eligible for Greater Minnesota Designation","Eligible Greater MN","Eligible Regional Park",FALSE,2017-12-11,511,"Weekly StreetLight"
"Hok Si La Park","Eligible for Greater Minnesota Designation","Eligible Greater MN","Eligible Regional Park",FALSE,2017-12-18,308,"Weekly StreetLight"
"Hok Si La Park","Eligible for Greater Minnesota Designation","Eligible Greater MN","Eligible Regional Park",FALSE,2017-12-25,406,"Weekly StreetLight"
"Hok Si La Park","Eligible for Greater Minnesota Designation","Eligible Greater MN","Eligible Regional Park",FALSE,2018-01-01,392,"Weekly StreetLight"
"Hok Si La Park","Eligible for Greater Minnesota Designation","Eligible Greater MN","Eligible Regional Park",FALSE,2018-01-08,294,"Weekly StreetLight"
"Hok Si La Park","Eligible for Greater Minnesota Designation","Eligible Greater MN","Eligible Regional Park",FALSE,2018-01-15,392,"Weekly StreetLight"
"Hok Si La Park","Eligible for Greater Minnesota Designation","Eligible Greater MN","Eligible Regional Park",FALSE,2018-01-22,196,"Weekly StreetLight"
"Hok Si La Park","Eligible for Greater Minnesota Designation","Eligible Greater MN","Eligible Regional Park",FALSE,2018-01-29,448,"Weekly StreetLight"
"Hok Si La Park","Eligible for Greater Minnesota Designation","Eligible Greater MN","Eligible Regional Park",FALSE,2018-02-05,357,"Weekly StreetLight"
"Hok Si La Park","Eligible for Greater Minnesota Designation","Eligible Greater MN","Eligible Regional Park",FALSE,2018-02-12,266,"Weekly StreetLight"
"Hok Si La Park","Eligible for Greater Minnesota Designation","Eligible Greater MN","Eligible Regional Park",FALSE,2018-02-19,448,"Weekly StreetLight"
"Hok Si La Park","Eligible for Greater Minnesota Designation","Eligible Greater MN","Eligible Regional Park",FALSE,2018-02-26,700,"Weekly StreetLight"
"Hok Si La Park","Eligible for Greater Minnesota Designation","Eligible Greater MN","Eligible Regional Park",FALSE,2018-03-05,168,"Weekly StreetLight"
"Hok Si La Park","Eligible for Greater Minnesota Designation","Eligible Greater MN","Eligible Regional Park",FALSE,2018-03-12,497,"Weekly StreetLight"
"Hok Si La Park","Eligible for Greater Minnesota Designation","Eligible Greater MN","Eligible Regional Park",FALSE,2018-03-19,497,"Weekly StreetLight"
"Hok Si La Park","Eligible for Greater Minnesota Designation","Eligible Greater MN","Eligible Regional Park",FALSE,2018-03-26,833,"Weekly StreetLight"
"Hok Si La Park","Eligible for Greater Minnesota Designation","Eligible Greater MN","Eligible Regional Park",FALSE,2018-04-02,1449,"Weekly StreetLight"
"Hok Si La Park","Eligible for Greater Minnesota Designation","Eligible Greater MN","Eligible Regional Park",FALSE,2018-04-09,259,"Weekly StreetLight"
"Hok Si La Park","Eligible for Greater Minnesota Designation","Eligible Greater MN","Eligible Regional Park",FALSE,2018-04-16,595,"Weekly StreetLight"
"Hok Si La Park","Eligible for Greater Minnesota Designation","Eligible Greater MN","Eligible Regional Park",FALSE,2018-04-23,595,"Weekly StreetLight"
"Hok Si La Park","Eligible for Greater Minnesota Designation","Eligible Greater MN","Eligible Regional Park",FALSE,2018-04-30,770,"Weekly StreetLight"
"Hok Si La Park","Eligible for Greater Minnesota Designation","Eligible Greater MN","Eligible Regional Park",FALSE,2018-05-07,686,"Weekly StreetLight"
"Hok Si La Park","Eligible for Greater Minnesota Designation","Eligible Greater MN","Eligible Regional Park",FALSE,2018-05-14,1176,"Weekly StreetLight"
"Hok Si La Park","Eligible for Greater Minnesota Designation","Eligible Greater MN","Eligible Regional Park",FALSE,2018-05-21,2422,"Weekly StreetLight"
"Hok Si La Park","Eligible for Greater Minnesota Designation","Eligible Greater MN","Eligible Regional Park",FALSE,2018-05-28,2765,"Weekly StreetLight"
"Hok Si La Park","Eligible for Greater Minnesota Designation","Eligible Greater MN","Eligible Regional Park",FALSE,2018-06-04,854,"Weekly StreetLight"
"Hok Si La Park","Eligible for Greater Minnesota Designation","Eligible Greater MN","Eligible Regional Park",FALSE,2018-06-11,2688,"Weekly StreetLight"
"Hok Si La Park","Eligible for Greater Minnesota Designation","Eligible Greater MN","Eligible Regional Park",FALSE,2018-06-18,3724,"Weekly StreetLight"
"Hok Si La Park","Eligible for Greater Minnesota Designation","Eligible Greater MN","Eligible Regional Park",FALSE,2018-06-25,1785,"Weekly StreetLight"
"Hok Si La Park","Eligible for Greater Minnesota Designation","Eligible Greater MN","Eligible Regional Park",FALSE,2018-07-02,3290,"Weekly StreetLight"
"Hok Si La Park","Eligible for Greater Minnesota Designation","Eligible Greater MN","Eligible Regional Park",FALSE,2018-07-09,2597,"Weekly StreetLight"
"Hok Si La Park","Eligible for Greater Minnesota Designation","Eligible Greater MN","Eligible Regional Park",FALSE,2018-07-16,2534,"Weekly StreetLight"
"Hok Si La Park","Eligible for Greater Minnesota Designation","Eligible Greater MN","Eligible Regional Park",FALSE,2018-07-23,3164,"Weekly StreetLight"
"Hok Si La Park","Eligible for Greater Minnesota Designation","Eligible Greater MN","Eligible Regional Park",FALSE,2018-07-30,3038,"Weekly StreetLight"
"Hok Si La Park","Eligible for Greater Minnesota Designation","Eligible Greater MN","Eligible Regional Park",FALSE,2018-08-06,2226,"Weekly StreetLight"
"Hok Si La Park","Eligible for Greater Minnesota Designation","Eligible Greater MN","Eligible Regional Park",FALSE,2018-08-13,2345,"Weekly StreetLight"
"Hok Si La Park","Eligible for Greater Minnesota Designation","Eligible Greater MN","Eligible Regional Park",FALSE,2018-08-20,2772,"Weekly StreetLight"
"Hok Si La Park","Eligible for Greater Minnesota Designation","Eligible Greater MN","Eligible Regional Park",FALSE,2018-08-27,1631,"Weekly StreetLight"
"Hok Si La Park","Eligible for Greater Minnesota Designation","Eligible Greater MN","Eligible Regional Park",FALSE,2018-09-03,1141,"Weekly StreetLight"
"Hok Si La Park","Eligible for Greater Minnesota Designation","Eligible Greater MN","Eligible Regional Park",FALSE,2018-09-10,742,"Weekly StreetLight"
"Hok Si La Park","Eligible for Greater Minnesota Designation","Eligible Greater MN","Eligible Regional Park",FALSE,2018-09-17,1715,"Weekly StreetLight"
"Hok Si La Park","Eligible for Greater Minnesota Designation","Eligible Greater MN","Eligible Regional Park",FALSE,2018-09-24,798,"Weekly StreetLight"
"Hok Si La Park","Eligible for Greater Minnesota Designation","Eligible Greater MN","Eligible Regional Park",FALSE,2018-10-01,637,"Weekly StreetLight"
"Hok Si La Park","Eligible for Greater Minnesota Designation","Eligible Greater MN","Eligible Regional Park",FALSE,2018-10-08,868,"Weekly StreetLight"
"Hok Si La Park","Eligible for Greater Minnesota Designation","Eligible Greater MN","Eligible Regional Park",FALSE,2018-10-15,1918,"Weekly StreetLight"
"Hok Si La Park","Eligible for Greater Minnesota Designation","Eligible Greater MN","Eligible Regional Park",FALSE,2018-10-22,350,"Weekly StreetLight"
"Hok Si La Park","Eligible for Greater Minnesota Designation","Eligible Greater MN","Eligible Regional Park",FALSE,2018-10-29,294,"Weekly StreetLight"
"Hok Si La Park","Eligible for Greater Minnesota Designation","Eligible Greater MN","Eligible Regional Park",FALSE,2018-11-05,707,"Weekly StreetLight"
"Hok Si La Park","Eligible for Greater Minnesota Designation","Eligible Greater MN","Eligible Regional Park",FALSE,2018-11-12,175,"Weekly StreetLight"
"Hok Si La Park","Eligible for Greater Minnesota Designation","Eligible Greater MN","Eligible Regional Park",FALSE,2018-11-19,294,"Weekly StreetLight"
"Hok Si La Park","Eligible for Greater Minnesota Designation","Eligible Greater MN","Eligible Regional Park",FALSE,2018-11-26,84,"Biweekly StreetLight"
"Hok Si La Park","Eligible for Greater Minnesota Designation","Eligible Greater MN","Eligible Regional Park",FALSE,2018-12-03,175,"Weekly StreetLight"
"Hok Si La Park","Eligible for Greater Minnesota Designation","Eligible Greater MN","Eligible Regional Park",FALSE,2018-12-10,462,"Weekly StreetLight"
"Hok Si La Park","Eligible for Greater Minnesota Designation","Eligible Greater MN","Eligible Regional Park",FALSE,2018-12-17,462,"Weekly StreetLight"
"Hok Si La Park","Eligible for Greater Minnesota Designation","Eligible Greater MN","Eligible Regional Park",FALSE,2018-12-24,406,"Weekly StreetLight"
"Hok Si La Park","Eligible for Greater Minnesota Designation","Eligible Greater MN","Eligible Regional Park",FALSE,2018-12-31,217,"Weekly StreetLight"
"Hok Si La Park","Eligible for Greater Minnesota Designation","Eligible Greater MN","Eligible Regional Park",FALSE,2019-01-07,371,"Weekly StreetLight"
"Hok Si La Park","Eligible for Greater Minnesota Designation","Eligible Greater MN","Eligible Regional Park",FALSE,2019-01-14,280,"Weekly StreetLight"
"Hok Si La Park","Eligible for Greater Minnesota Designation","Eligible Greater MN","Eligible Regional Park",FALSE,2019-01-21,126,"Weekly StreetLight"
"Hok Si La Park","Eligible for Greater Minnesota Designation","Eligible Greater MN","Eligible Regional Park",FALSE,2019-01-28,616,"Weekly StreetLight"
"Hok Si La Park","Eligible for Greater Minnesota Designation","Eligible Greater MN","Eligible Regional Park",FALSE,2019-02-04,105,"Weekly StreetLight"
"Hok Si La Park","Eligible for Greater Minnesota Designation","Eligible Greater MN","Eligible Regional Park",FALSE,2019-02-11,378,"Weekly StreetLight"
"Hok Si La Park","Eligible for Greater Minnesota Designation","Eligible Greater MN","Eligible Regional Park",FALSE,2019-02-18,245,"Weekly StreetLight"
"Hok Si La Park","Eligible for Greater Minnesota Designation","Eligible Greater MN","Eligible Regional Park",FALSE,2019-02-25,308,"Weekly StreetLight"
"Hok Si La Park","Eligible for Greater Minnesota Designation","Eligible Greater MN","Eligible Regional Park",FALSE,2019-03-04,378,"Weekly StreetLight"
"Hok Si La Park","Eligible for Greater Minnesota Designation","Eligible Greater MN","Eligible Regional Park",FALSE,2019-03-11,140,"Weekly StreetLight"
"Hok Si La Park","Eligible for Greater Minnesota Designation","Eligible Greater MN","Eligible Regional Park",FALSE,2019-03-18,448,"Weekly StreetLight"
"Hok Si La Park","Eligible for Greater Minnesota Designation","Eligible Greater MN","Eligible Regional Park",FALSE,2019-03-25,581,"Weekly StreetLight"
"Hok Si La Park","Eligible for Greater Minnesota Designation","Eligible Greater MN","Eligible Regional Park",FALSE,2019-04-01,259,"Weekly StreetLight"
"Hok Si La Park","Eligible for Greater Minnesota Designation","Eligible Greater MN","Eligible Regional Park",FALSE,2019-04-08,196,"Weekly StreetLight"
"Hok Si La Park","Eligible for Greater Minnesota Designation","Eligible Greater MN","Eligible Regional Park",FALSE,2019-04-15,546,"Weekly StreetLight"
"Hok Si La Park","Eligible for Greater Minnesota Designation","Eligible Greater MN","Eligible Regional Park",FALSE,2019-04-22,455,"Weekly StreetLight"
"Hok Si La Park","Eligible for Greater Minnesota Designation","Eligible Greater MN","Eligible Regional Park",FALSE,2019-04-29,588,"Weekly StreetLight"
"Hok Si La Park","Eligible for Greater Minnesota Designation","Eligible Greater MN","Eligible Regional Park",FALSE,2019-05-06,770,"Weekly StreetLight"
"Hok Si La Park","Eligible for Greater Minnesota Designation","Eligible Greater MN","Eligible Regional Park",FALSE,2019-05-13,1225,"Weekly StreetLight"
"Hok Si La Park","Eligible for Greater Minnesota Designation","Eligible Greater MN","Eligible Regional Park",FALSE,2019-05-20,1820,"Weekly StreetLight"
"Hok Si La Park","Eligible for Greater Minnesota Designation","Eligible Greater MN","Eligible Regional Park",FALSE,2019-05-27,1694,"Weekly StreetLight"
"Hok Si La Park","Eligible for Greater Minnesota Designation","Eligible Greater MN","Eligible Regional Park",FALSE,2019-06-03,2408,"Weekly StreetLight"
"Hok Si La Park","Eligible for Greater Minnesota Designation","Eligible Greater MN","Eligible Regional Park",FALSE,2019-06-10,1407,"Weekly StreetLight"
"Hok Si La Park","Eligible for Greater Minnesota Designation","Eligible Greater MN","Eligible Regional Park",FALSE,2019-06-17,1918,"Weekly StreetLight"
"Hok Si La Park","Eligible for Greater Minnesota Designation","Eligible Greater MN","Eligible Regional Park",FALSE,2019-06-24,2625,"Weekly StreetLight"
"Hok Si La Park","Eligible for Greater Minnesota Designation","Eligible Greater MN","Eligible Regional Park",FALSE,2019-07-01,4018,"Weekly StreetLight"
"Hok Si La Park","Eligible for Greater Minnesota Designation","Eligible Greater MN","Eligible Regional Park",FALSE,2019-07-08,3535,"Weekly StreetLight"
"Hok Si La Park","Eligible for Greater Minnesota Designation","Eligible Greater MN","Eligible Regional Park",FALSE,2019-07-15,2009,"Weekly StreetLight"
"Hok Si La Park","Eligible for Greater Minnesota Designation","Eligible Greater MN","Eligible Regional Park",FALSE,2019-07-22,2254,"Weekly StreetLight"
"Hok Si La Park","Eligible for Greater Minnesota Designation","Eligible Greater MN","Eligible Regional Park",FALSE,2019-07-29,2653,"Weekly StreetLight"
"Hok Si La Park","Eligible for Greater Minnesota Designation","Eligible Greater MN","Eligible Regional Park",FALSE,2019-08-05,2534,"Weekly StreetLight"
"Hok Si La Park","Eligible for Greater Minnesota Designation","Eligible Greater MN","Eligible Regional Park",FALSE,2019-08-12,1785,"Weekly StreetLight"
"Hok Si La Park","Eligible for Greater Minnesota Designation","Eligible Greater MN","Eligible Regional Park",FALSE,2019-08-19,3332,"Weekly StreetLight"
"Hok Si La Park","Eligible for Greater Minnesota Designation","Eligible Greater MN","Eligible Regional Park",FALSE,2019-08-26,1505,"Weekly StreetLight"
"Hok Si La Park","Eligible for Greater Minnesota Designation","Eligible Greater MN","Eligible Regional Park",FALSE,2019-09-02,1358,"Weekly StreetLight"
"Hok Si La Park","Eligible for Greater Minnesota Designation","Eligible Greater MN","Eligible Regional Park",FALSE,2019-09-09,721,"Weekly StreetLight"
"Hok Si La Park","Eligible for Greater Minnesota Designation","Eligible Greater MN","Eligible Regional Park",FALSE,2019-09-16,2569,"Weekly StreetLight"
"Hok Si La Park","Eligible for Greater Minnesota Designation","Eligible Greater MN","Eligible Regional Park",FALSE,2019-09-23,1155,"Weekly StreetLight"
"Hok Si La Park","Eligible for Greater Minnesota Designation","Eligible Greater MN","Eligible Regional Park",FALSE,2019-09-30,469,"Weekly StreetLight"
"Hok Si La Park","Eligible for Greater Minnesota Designation","Eligible Greater MN","Eligible Regional Park",FALSE,2019-10-07,560,"Weekly StreetLight"
"Hok Si La Park","Eligible for Greater Minnesota Designation","Eligible Greater MN","Eligible Regional Park",FALSE,2019-10-14,840,"Weekly StreetLight"
"Hok Si La Park","Eligible for Greater Minnesota Designation","Eligible Greater MN","Eligible Regional Park",FALSE,2019-10-21,308,"Weekly StreetLight"
"Hok Si La Park","Eligible for Greater Minnesota Designation","Eligible Greater MN","Eligible Regional Park",FALSE,2019-10-28,259,"Weekly StreetLight"
"Hok Si La Park","Eligible for Greater Minnesota Designation","Eligible Greater MN","Eligible Regional Park",FALSE,2019-11-04,259,"Weekly StreetLight"
"Hok Si La Park","Eligible for Greater Minnesota Designation","Eligible Greater MN","Eligible Regional Park",FALSE,2019-11-11,203,"Weekly StreetLight"
"Hok Si La Park","Eligible for Greater Minnesota Designation","Eligible Greater MN","Eligible Regional Park",FALSE,2019-11-18,455,"Weekly StreetLight"
"Hok Si La Park","Eligible for Greater Minnesota Designation","Eligible Greater MN","Eligible Regional Park",FALSE,2019-11-25,140,"Weekly StreetLight"
"Hok Si La Park","Eligible for Greater Minnesota Designation","Eligible Greater MN","Eligible Regional Park",FALSE,2019-12-02,350,"Weekly StreetLight"
"Hok Si La Park","Eligible for Greater Minnesota Designation","Eligible Greater MN","Eligible Regional Park",FALSE,2019-12-09,406,"Weekly StreetLight"
"Hok Si La Park","Eligible for Greater Minnesota Designation","Eligible Greater MN","Eligible Regional Park",FALSE,2019-12-16,133,"Weekly StreetLight"
"Hok Si La Park","Eligible for Greater Minnesota Designation","Eligible Greater MN","Eligible Regional Park",FALSE,2019-12-23,245,"Weekly StreetLight"
"Hok Si La Park","Eligible for Greater Minnesota Designation","Eligible Greater MN","Eligible Regional Park",FALSE,2019-12-30,98,"Weekly StreetLight"
"Hok Si La Park","Eligible for Greater Minnesota Designation","Eligible Greater MN","Eligible Regional Park",FALSE,2020-01-06,49,"Weekly StreetLight"
"Hok Si La Park","Eligible for Greater Minnesota Designation","Eligible Greater MN","Eligible Regional Park",FALSE,2020-01-13,28,"Weekly StreetLight"
"Hok Si La Park","Eligible for Greater Minnesota Designation","Eligible Greater MN","Eligible Regional Park",FALSE,2020-01-20,294,"Weekly StreetLight"
"Hok Si La Park","Eligible for Greater Minnesota Designation","Eligible Greater MN","Eligible Regional Park",FALSE,2020-01-27,336,"Weekly StreetLight"
"Hok Si La Park","Eligible for Greater Minnesota Designation","Eligible Greater MN","Eligible Regional Park",FALSE,2020-02-03,91,"Weekly StreetLight"
"Hok Si La Park","Eligible for Greater Minnesota Designation","Eligible Greater MN","Eligible Regional Park",FALSE,2020-02-10,161,"Weekly StreetLight"
"Hok Si La Park","Eligible for Greater Minnesota Designation","Eligible Greater MN","Eligible Regional Park",FALSE,2020-02-17,273,"Weekly StreetLight"
"Hok Si La Park","Eligible for Greater Minnesota Designation","Eligible Greater MN","Eligible Regional Park",FALSE,2020-02-24,252,"Weekly StreetLight"
"Hok Si La Park","Eligible for Greater Minnesota Designation","Eligible Greater MN","Eligible Regional Park",FALSE,2020-03-02,154,"Weekly StreetLight"
"Hok Si La Park","Eligible for Greater Minnesota Designation","Eligible Greater MN","Eligible Regional Park",FALSE,2020-03-09,77,"Weekly StreetLight"
"Hok Si La Park","Eligible for Greater Minnesota Designation","Eligible Greater MN","Eligible Regional Park",FALSE,2020-03-16,259,"Weekly StreetLight"
"Hok Si La Park","Eligible for Greater Minnesota Designation","Eligible Greater MN","Eligible Regional Park",FALSE,2020-03-23,336,"Weekly StreetLight"
"Hok Si La Park","Eligible for Greater Minnesota Designation","Eligible Greater MN","Eligible Regional Park",FALSE,2020-03-30,378,"Weekly StreetLight"
"Hok Si La Park","Eligible for Greater Minnesota Designation","Eligible Greater MN","Eligible Regional Park",FALSE,2020-04-06,539,"Weekly StreetLight"
"Hok Si La Park","Eligible for Greater Minnesota Designation","Eligible Greater MN","Eligible Regional Park",FALSE,2020-04-13,924,"Weekly StreetLight"
"Hok Si La Park","Eligible for Greater Minnesota Designation","Eligible Greater MN","Eligible Regional Park",FALSE,2020-04-20,1141,"Weekly StreetLight"
"Hok Si La Park","Eligible for Greater Minnesota Designation","Eligible Greater MN","Eligible Regional Park",FALSE,2020-04-27,1204,"Weekly StreetLight"
"Hok Si La Park","Eligible for Greater Minnesota Designation","Eligible Greater MN","Eligible Regional Park",FALSE,2020-05-04,644,"Weekly StreetLight"
"Hok Si La Park","Eligible for Greater Minnesota Designation","Eligible Greater MN","Eligible Regional Park",FALSE,2020-05-11,1099,"Weekly StreetLight"
"Hok Si La Park","Eligible for Greater Minnesota Designation","Eligible Greater MN","Eligible Regional Park",FALSE,2020-05-18,1127,"Weekly StreetLight"
"Hok Si La Park","Eligible for Greater Minnesota Designation","Eligible Greater MN","Eligible Regional Park",FALSE,2020-05-25,2226,"Weekly StreetLight"
"Hok Si La Park","Eligible for Greater Minnesota Designation","Eligible Greater MN","Eligible Regional Park",FALSE,2020-06-01,3710,"Weekly StreetLight"
"Hok Si La Park","Eligible for Greater Minnesota Designation","Eligible Greater MN","Eligible Regional Park",FALSE,2020-06-08,2359,"Weekly StreetLight"
"Hok Si La Park","Eligible for Greater Minnesota Designation","Eligible Greater MN","Eligible Regional Park",FALSE,2020-06-15,2275,"Weekly StreetLight"
"Hok Si La Park","Eligible for Greater Minnesota Designation","Eligible Greater MN","Eligible Regional Park",FALSE,2020-06-22,3360,"Weekly StreetLight"
"Hok Si La Park","Eligible for Greater Minnesota Designation","Eligible Greater MN","Eligible Regional Park",FALSE,2020-06-29,4522,"Weekly StreetLight"
"Hok Si La Park","Eligible for Greater Minnesota Designation","Eligible Greater MN","Eligible Regional Park",FALSE,2020-07-06,2828,"Weekly StreetLight"
"Hok Si La Park","Eligible for Greater Minnesota Designation","Eligible Greater MN","Eligible Regional Park",FALSE,2020-07-13,3458,"Weekly StreetLight"
"Hok Si La Park","Eligible for Greater Minnesota Designation","Eligible Greater MN","Eligible Regional Park",FALSE,2020-07-20,2695,"Weekly StreetLight"
"Hok Si La Park","Eligible for Greater Minnesota Designation","Eligible Greater MN","Eligible Regional Park",FALSE,2020-07-27,2562,"Weekly StreetLight"
"Hok Si La Park","Eligible for Greater Minnesota Designation","Eligible Greater MN","Eligible Regional Park",FALSE,2020-08-03,1946,"Weekly StreetLight"
"Hok Si La Park","Eligible for Greater Minnesota Designation","Eligible Greater MN","Eligible Regional Park",FALSE,2020-08-10,2660,"Weekly StreetLight"
"Hok Si La Park","Eligible for Greater Minnesota Designation","Eligible Greater MN","Eligible Regional Park",FALSE,2020-08-17,3633,"Weekly StreetLight"
"Hok Si La Park","Eligible for Greater Minnesota Designation","Eligible Greater MN","Eligible Regional Park",FALSE,2020-08-24,2072,"Weekly StreetLight"
"Hok Si La Park","Eligible for Greater Minnesota Designation","Eligible Greater MN","Eligible Regional Park",FALSE,2020-08-31,2380,"Weekly StreetLight"
"Hok Si La Park","Eligible for Greater Minnesota Designation","Eligible Greater MN","Eligible Regional Park",FALSE,2020-09-07,973,"Weekly StreetLight"
"Hok Si La Park","Eligible for Greater Minnesota Designation","Eligible Greater MN","Eligible Regional Park",FALSE,2020-09-14,840,"Weekly StreetLight"
"Hok Si La Park","Eligible for Greater Minnesota Designation","Eligible Greater MN","Eligible Regional Park",FALSE,2020-09-21,1099,"Weekly StreetLight"
"Hok Si La Park","Eligible for Greater Minnesota Designation","Eligible Greater MN","Eligible Regional Park",FALSE,2020-09-28,791,"Weekly StreetLight"
"Hok Si La Park","Eligible for Greater Minnesota Designation","Eligible Greater MN","Eligible Regional Park",FALSE,2020-10-05,1155,"Weekly StreetLight"
"Hok Si La Park","Eligible for Greater Minnesota Designation","Eligible Greater MN","Eligible Regional Park",FALSE,2020-10-12,798,"Weekly StreetLight"
"Hok Si La Park","Eligible for Greater Minnesota Designation","Eligible Greater MN","Eligible Regional Park",FALSE,2020-10-19,182,"Weekly StreetLight"
"Hok Si La Park","Eligible for Greater Minnesota Designation","Eligible Greater MN","Eligible Regional Park",FALSE,2020-10-26,189,"Weekly StreetLight"
"Hok Si La Park","Eligible for Greater Minnesota Designation","Eligible Greater MN","Eligible Regional Park",FALSE,2020-11-02,693,"Weekly StreetLight"
"Hok Si La Park","Eligible for Greater Minnesota Designation","Eligible Greater MN","Eligible Regional Park",FALSE,2020-11-09,91,"Weekly StreetLight"
"Hok Si La Park","Eligible for Greater Minnesota Designation","Eligible Greater MN","Eligible Regional Park",FALSE,2020-11-16,119,"Weekly StreetLight"
"Hok Si La Park","Eligible for Greater Minnesota Designation","Eligible Greater MN","Eligible Regional Park",FALSE,2020-11-23,329,"Weekly StreetLight"
"Hok Si La Park","Eligible for Greater Minnesota Designation","Eligible Greater MN","Eligible Regional Park",FALSE,2020-11-30,364,"Weekly StreetLight"
"Hok Si La Park","Eligible for Greater Minnesota Designation","Eligible Greater MN","Eligible Regional Park",FALSE,2020-12-07,182,"Weekly StreetLight"
"Hok Si La Park","Eligible for Greater Minnesota Designation","Eligible Greater MN","Eligible Regional Park",FALSE,2020-12-14,210,"Weekly StreetLight"
"Hok Si La Park","Eligible for Greater Minnesota Designation","Eligible Greater MN","Eligible Regional Park",FALSE,2020-12-21,364,"Weekly StreetLight"
"Hok Si La Park","Eligible for Greater Minnesota Designation","Eligible Greater MN","Eligible Regional Park",FALSE,2020-12-28,476,"Weekly StreetLight"
"Hok Si La Park","Eligible for Greater Minnesota Designation","Eligible Greater MN","Eligible Regional Park",FALSE,2021-01-04,385,"Weekly StreetLight"
"Hok Si La Park","Eligible for Greater Minnesota Designation","Eligible Greater MN","Eligible Regional Park",FALSE,2021-01-11,266,"Weekly StreetLight"
"Hok Si La Park","Eligible for Greater Minnesota Designation","Eligible Greater MN","Eligible Regional Park",FALSE,2021-01-18,182,"Weekly StreetLight"
"Hok Si La Park","Eligible for Greater Minnesota Designation","Eligible Greater MN","Eligible Regional Park",FALSE,2021-01-25,364,"Weekly StreetLight"
"Hok Si La Park","Eligible for Greater Minnesota Designation","Eligible Greater MN","Eligible Regional Park",FALSE,2021-02-01,133,"Weekly StreetLight"
"Hok Si La Park","Eligible for Greater Minnesota Designation","Eligible Greater MN","Eligible Regional Park",FALSE,2021-02-08,21,"Weekly StreetLight"
"Hok Si La Park","Eligible for Greater Minnesota Designation","Eligible Greater MN","Eligible Regional Park",FALSE,2021-02-15,231,"Weekly StreetLight"
"Hok Si La Park","Eligible for Greater Minnesota Designation","Eligible Greater MN","Eligible Regional Park",FALSE,2021-02-22,231,"Weekly StreetLight"
"Hok Si La Park","Eligible for Greater Minnesota Designation","Eligible Greater MN","Eligible Regional Park",FALSE,2021-03-01,329,"Weekly StreetLight"
"Hok Si La Park","Eligible for Greater Minnesota Designation","Eligible Greater MN","Eligible Regional Park",FALSE,2021-03-08,630,"Weekly StreetLight"
"Hok Si La Park","Eligible for Greater Minnesota Designation","Eligible Greater MN","Eligible Regional Park",FALSE,2021-03-15,406,"Weekly StreetLight"
"Hok Si La Park","Eligible for Greater Minnesota Designation","Eligible Greater MN","Eligible Regional Park",FALSE,2021-03-22,287,"Weekly StreetLight"
"Hok Si La Park","Eligible for Greater Minnesota Designation","Eligible Greater MN","Eligible Regional Park",FALSE,2021-03-29,882,"Weekly StreetLight"
"Hok Si La Park","Eligible for Greater Minnesota Designation","Eligible Greater MN","Eligible Regional Park",FALSE,2021-04-05,420,"Weekly StreetLight"
"Hok Si La Park","Eligible for Greater Minnesota Designation","Eligible Greater MN","Eligible Regional Park",FALSE,2021-04-12,448,"Weekly StreetLight"
"Hok Si La Park","Eligible for Greater Minnesota Designation","Eligible Greater MN","Eligible Regional Park",FALSE,2021-04-19,476,"Weekly StreetLight"
"Hok Si La Park","Eligible for Greater Minnesota Designation","Eligible Greater MN","Eligible Regional Park",FALSE,2021-04-26,658,"Weekly StreetLight"
"Hok Si La Park","Eligible for Greater Minnesota Designation","Eligible Greater MN","Eligible Regional Park",FALSE,2021-05-03,651,"Weekly StreetLight"
"Hok Si La Park","Eligible for Greater Minnesota Designation","Eligible Greater MN","Eligible Regional Park",FALSE,2021-05-10,1274,"Weekly StreetLight"
"Hok Si La Park","Eligible for Greater Minnesota Designation","Eligible Greater MN","Eligible Regional Park",FALSE,2021-05-17,1106,"Weekly StreetLight"
"Hok Si La Park","Eligible for Greater Minnesota Designation","Eligible Greater MN","Eligible Regional Park",FALSE,2021-05-24,1785,"Weekly StreetLight"
"Hok Si La Park","Eligible for Greater Minnesota Designation","Eligible Greater MN","Eligible Regional Park",FALSE,2021-05-31,3556,"Weekly StreetLight"
"Hok Si La Park","Eligible for Greater Minnesota Designation","Eligible Greater MN","Eligible Regional Park",FALSE,2021-06-07,2877,"Weekly StreetLight"
"Hok Si La Park","Eligible for Greater Minnesota Designation","Eligible Greater MN","Eligible Regional Park",FALSE,2021-06-14,2261,"Weekly StreetLight"
"Hok Si La Park","Eligible for Greater Minnesota Designation","Eligible Greater MN","Eligible Regional Park",FALSE,2021-06-21,1666,"Weekly StreetLight"
"Hok Si La Park","Eligible for Greater Minnesota Designation","Eligible Greater MN","Eligible Regional Park",FALSE,2021-06-28,3731,"Weekly StreetLight"
"Hok Si La Park","Eligible for Greater Minnesota Designation","Eligible Greater MN","Eligible Regional Park",FALSE,2021-07-05,2051,"Weekly StreetLight"
"Hok Si La Park","Eligible for Greater Minnesota Designation","Eligible Greater MN","Eligible Regional Park",FALSE,2021-07-12,2023,"Weekly StreetLight"
"Hok Si La Park","Eligible for Greater Minnesota Designation","Eligible Greater MN","Eligible Regional Park",FALSE,2021-07-19,2149,"Weekly StreetLight"
"Hok Si La Park","Eligible for Greater Minnesota Designation","Eligible Greater MN","Eligible Regional Park",FALSE,2021-07-26,2184,"Weekly StreetLight"
"Hok Si La Park","Eligible for Greater Minnesota Designation","Eligible Greater MN","Eligible Regional Park",FALSE,2021-08-02,1911,"Weekly StreetLight"
"Hok Si La Park","Eligible for Greater Minnesota Designation","Eligible Greater MN","Eligible Regional Park",FALSE,2021-08-09,2555,"Weekly StreetLight"
"Hok Si La Park","Eligible for Greater Minnesota Designation","Eligible Greater MN","Eligible Regional Park",FALSE,2021-08-16,1883,"Weekly StreetLight"
"Hok Si La Park","Eligible for Greater Minnesota Designation","Eligible Greater MN","Eligible Regional Park",FALSE,2021-08-23,2611,"Weekly StreetLight"
"Hok Si La Park","Eligible for Greater Minnesota Designation","Eligible Greater MN","Eligible Regional Park",FALSE,2021-08-30,2450,"Weekly StreetLight"
"Hok Si La Park","Eligible for Greater Minnesota Designation","Eligible Greater MN","Eligible Regional Park",FALSE,2021-09-06,1680,"Weekly StreetLight"
"Hok Si La Park","Eligible for Greater Minnesota Designation","Eligible Greater MN","Eligible Regional Park",FALSE,2021-09-13,917,"Weekly StreetLight"
"Hok Si La Park","Eligible for Greater Minnesota Designation","Eligible Greater MN","Eligible Regional Park",FALSE,2021-09-20,2996,"Weekly StreetLight"
"Hok Si La Park","Eligible for Greater Minnesota Designation","Eligible Greater MN","Eligible Regional Park",FALSE,2021-09-27,847,"Weekly StreetLight"
"Hok Si La Park","Eligible for Greater Minnesota Designation","Eligible Greater MN","Eligible Regional Park",FALSE,2021-10-04,1456,"Weekly StreetLight"
"Hok Si La Park","Eligible for Greater Minnesota Designation","Eligible Greater MN","Eligible Regional Park",FALSE,2021-10-11,931,"Weekly StreetLight"
"Hok Si La Park","Eligible for Greater Minnesota Designation","Eligible Greater MN","Eligible Regional Park",FALSE,2021-10-18,651,"Weekly StreetLight"
"Hok Si La Park","Eligible for Greater Minnesota Designation","Eligible Greater MN","Eligible Regional Park",FALSE,2021-10-25,854,"Weekly StreetLight"
"Hok Si La Park","Eligible for Greater Minnesota Designation","Eligible Greater MN","Eligible Regional Park",FALSE,2021-11-01,210,"Weekly StreetLight"
"Hok Si La Park","Eligible for Greater Minnesota Designation","Eligible Greater MN","Eligible Regional Park",FALSE,2021-11-08,210,"Weekly StreetLight"
"Hok Si La Park","Eligible for Greater Minnesota Designation","Eligible Greater MN","Eligible Regional Park",FALSE,2021-11-15,133,"Weekly StreetLight"
"Hok Si La Park","Eligible for Greater Minnesota Designation","Eligible Greater MN","Eligible Regional Park",FALSE,2021-11-22,210,"Weekly StreetLight"
"Hok Si La Park","Eligible for Greater Minnesota Designation","Eligible Greater MN","Eligible Regional Park",FALSE,2021-11-29,154,"Weekly StreetLight"
"Hok Si La Park","Eligible for Greater Minnesota Designation","Eligible Greater MN","Eligible Regional Park",FALSE,2021-12-06,126,"Weekly StreetLight"
"Hok Si La Park","Eligible for Greater Minnesota Designation","Eligible Greater MN","Eligible Regional Park",FALSE,2021-12-13,28,"Weekly StreetLight"
"Hok Si La Park","Eligible for Greater Minnesota Designation","Eligible Greater MN","Eligible Regional Park",FALSE,2021-12-20,77,"Weekly StreetLight"
"Hok Si La Park","Eligible for Greater Minnesota Designation","Eligible Greater MN","Eligible Regional Park",FALSE,2021-12-27,147,"Weekly StreetLight"
"Ney Nature Center","Eligible for Greater Minnesota Designation","Eligible Greater MN","Eligible Regional Park",FALSE,2017-11-27,63,"Biweekly StreetLight"
"Ney Nature Center","Eligible for Greater Minnesota Designation","Eligible Greater MN","Eligible Regional Park",FALSE,2017-12-04,133,"Weekly StreetLight"
"Ney Nature Center","Eligible for Greater Minnesota Designation","Eligible Greater MN","Eligible Regional Park",FALSE,2017-12-11,63,"Biweekly StreetLight"
"Ney Nature Center","Eligible for Greater Minnesota Designation","Eligible Greater MN","Eligible Regional Park",FALSE,2017-12-18,133,"Weekly StreetLight"
"Ney Nature Center","Eligible for Greater Minnesota Designation","Eligible Greater MN","Eligible Regional Park",FALSE,2017-12-25,63,"Biweekly StreetLight"
"Ney Nature Center","Eligible for Greater Minnesota Designation","Eligible Greater MN","Eligible Regional Park",FALSE,2018-01-01,133,"Weekly StreetLight"
"Ney Nature Center","Eligible for Greater Minnesota Designation","Eligible Greater MN","Eligible Regional Park",FALSE,2018-01-08,133,"Weekly StreetLight"
"Ney Nature Center","Eligible for Greater Minnesota Designation","Eligible Greater MN","Eligible Regional Park",FALSE,2018-01-15,133,"Weekly StreetLight"
"Ney Nature Center","Eligible for Greater Minnesota Designation","Eligible Greater MN","Eligible Regional Park",FALSE,2018-01-22,392,"Weekly StreetLight"
"Ney Nature Center","Eligible for Greater Minnesota Designation","Eligible Greater MN","Eligible Regional Park",FALSE,2018-01-29,126,"Weekly StreetLight"
"Ney Nature Center","Eligible for Greater Minnesota Designation","Eligible Greater MN","Eligible Regional Park",FALSE,2018-02-05,252,"Weekly StreetLight"
"Ney Nature Center","Eligible for Greater Minnesota Designation","Eligible Greater MN","Eligible Regional Park",FALSE,2018-02-12,203,"Imputed"
"Ney Nature Center","Eligible for Greater Minnesota Designation","Eligible Greater MN","Eligible Regional Park",FALSE,2018-02-19,161,"Imputed"
"Ney Nature Center","Eligible for Greater Minnesota Designation","Eligible Greater MN","Eligible Regional Park",FALSE,2018-02-26,105,"Imputed"
"Ney Nature Center","Eligible for Greater Minnesota Designation","Eligible Greater MN","Eligible Regional Park",FALSE,2018-03-05,56,"Biweekly StreetLight"
"Ney Nature Center","Eligible for Greater Minnesota Designation","Eligible Greater MN","Eligible Regional Park",FALSE,2018-03-12,112,"Weekly StreetLight"
"Ney Nature Center","Eligible for Greater Minnesota Designation","Eligible Greater MN","Eligible Regional Park",FALSE,2018-03-19,84,"Imputed"
"Ney Nature Center","Eligible for Greater Minnesota Designation","Eligible Greater MN","Eligible Regional Park",FALSE,2018-03-26,77,"Imputed"
"Ney Nature Center","Eligible for Greater Minnesota Designation","Eligible Greater MN","Eligible Regional Park",FALSE,2018-04-02,56,"Biweekly StreetLight"
"Ney Nature Center","Eligible for Greater Minnesota Designation","Eligible Greater MN","Eligible Regional Park",FALSE,2018-04-09,105,"Weekly StreetLight"
"Ney Nature Center","Eligible for Greater Minnesota Designation","Eligible Greater MN","Eligible Regional Park",FALSE,2018-04-16,56,"Biweekly StreetLight"
"Ney Nature Center","Eligible for Greater Minnesota Designation","Eligible Greater MN","Eligible Regional Park",FALSE,2018-04-23,105,"Weekly StreetLight"
"Ney Nature Center","Eligible for Greater Minnesota Designation","Eligible Greater MN","Eligible Regional Park",FALSE,2018-04-30,91,"Weekly StreetLight"
"Ney Nature Center","Eligible for Greater Minnesota Designation","Eligible Greater MN","Eligible Regional Park",FALSE,2018-05-07,546,"Weekly StreetLight"
"Ney Nature Center","Eligible for Greater Minnesota Designation","Eligible Greater MN","Eligible Regional Park",FALSE,2018-05-14,273,"Weekly StreetLight"
"Ney Nature Center","Eligible for Greater Minnesota Designation","Eligible Greater MN","Eligible Regional Park",FALSE,2018-05-21,91,"Weekly StreetLight"
"Ney Nature Center","Eligible for Greater Minnesota Designation","Eligible Greater MN","Eligible Regional Park",FALSE,2018-05-28,413,"Weekly StreetLight"
"Ney Nature Center","Eligible for Greater Minnesota Designation","Eligible Greater MN","Eligible Regional Park",FALSE,2018-06-04,308,"Weekly StreetLight"
"Ney Nature Center","Eligible for Greater Minnesota Designation","Eligible Greater MN","Eligible Regional Park",FALSE,2018-06-11,210,"Weekly StreetLight"
"Ney Nature Center","Eligible for Greater Minnesota Designation","Eligible Greater MN","Eligible Regional Park",FALSE,2018-06-18,308,"Weekly StreetLight"
"Ney Nature Center","Eligible for Greater Minnesota Designation","Eligible Greater MN","Eligible Regional Park",FALSE,2018-06-25,623,"Weekly StreetLight"
"Ney Nature Center","Eligible for Greater Minnesota Designation","Eligible Greater MN","Eligible Regional Park",FALSE,2018-07-02,420,"Imputed"
"Ney Nature Center","Eligible for Greater Minnesota Designation","Eligible Greater MN","Eligible Regional Park",FALSE,2018-07-09,364,"Imputed"
"Ney Nature Center","Eligible for Greater Minnesota Designation","Eligible Greater MN","Eligible Regional Park",FALSE,2018-07-16,287,"Imputed"
"Ney Nature Center","Eligible for Greater Minnesota Designation","Eligible Greater MN","Eligible Regional Park",FALSE,2018-07-23,140,"Biweekly StreetLight"
"Ney Nature Center","Eligible for Greater Minnesota Designation","Eligible Greater MN","Eligible Regional Park",FALSE,2018-07-30,280,"Weekly StreetLight"
"Ney Nature Center","Eligible for Greater Minnesota Designation","Eligible Greater MN","Eligible Regional Park",FALSE,2018-08-06,658,"Weekly StreetLight"
"Ney Nature Center","Eligible for Greater Minnesota Designation","Eligible Greater MN","Eligible Regional Park",FALSE,2018-08-13,91,"Weekly StreetLight"
"Ney Nature Center","Eligible for Greater Minnesota Designation","Eligible Greater MN","Eligible Regional Park",FALSE,2018-08-20,189,"Weekly StreetLight"
"Ney Nature Center","Eligible for Greater Minnesota Designation","Eligible Greater MN","Eligible Regional Park",FALSE,2018-08-27,273,"Weekly StreetLight"
"Ney Nature Center","Eligible for Greater Minnesota Designation","Eligible Greater MN","Eligible Regional Park",FALSE,2018-09-03,175,"Weekly StreetLight"
"Ney Nature Center","Eligible for Greater Minnesota Designation","Eligible Greater MN","Eligible Regional Park",FALSE,2018-09-10,175,"Weekly StreetLight"
"Ney Nature Center","Eligible for Greater Minnesota Designation","Eligible Greater MN","Eligible Regional Park",FALSE,2018-09-17,714,"Weekly StreetLight"
"Ney Nature Center","Eligible for Greater Minnesota Designation","Eligible Greater MN","Eligible Regional Park",FALSE,2018-09-24,623,"Weekly StreetLight"
"Ney Nature Center","Eligible for Greater Minnesota Designation","Eligible Greater MN","Eligible Regional Park",FALSE,2018-10-01,910,"Weekly StreetLight"
"Ney Nature Center","Eligible for Greater Minnesota Designation","Eligible Greater MN","Eligible Regional Park",FALSE,2018-10-08,168,"Weekly StreetLight"
"Ney Nature Center","Eligible for Greater Minnesota Designation","Eligible Greater MN","Eligible Regional Park",FALSE,2018-10-15,245,"Weekly StreetLight"
"Ney Nature Center","Eligible for Greater Minnesota Designation","Eligible Greater MN","Eligible Regional Park",FALSE,2018-10-22,168,"Weekly StreetLight"
"Ney Nature Center","Eligible for Greater Minnesota Designation","Eligible Greater MN","Eligible Regional Park",FALSE,2018-10-29,168,"Weekly StreetLight"
"Ney Nature Center","Eligible for Greater Minnesota Designation","Eligible Greater MN","Eligible Regional Park",FALSE,2018-11-05,84,"Biweekly StreetLight"
"Ney Nature Center","Eligible for Greater Minnesota Designation","Eligible Greater MN","Eligible Regional Park",FALSE,2018-11-12,168,"Weekly StreetLight"
"Ney Nature Center","Eligible for Greater Minnesota Designation","Eligible Greater MN","Eligible Regional Park",FALSE,2018-11-19,168,"Weekly StreetLight"
"Ney Nature Center","Eligible for Greater Minnesota Designation","Eligible Greater MN","Eligible Regional Park",FALSE,2018-11-26,42,"Biweekly StreetLight"
"Ney Nature Center","Eligible for Greater Minnesota Designation","Eligible Greater MN","Eligible Regional Park",FALSE,2018-12-03,77,"Weekly StreetLight"
"Ney Nature Center","Eligible for Greater Minnesota Designation","Eligible Greater MN","Eligible Regional Park",FALSE,2018-12-10,42,"Biweekly StreetLight"
"Ney Nature Center","Eligible for Greater Minnesota Designation","Eligible Greater MN","Eligible Regional Park",FALSE,2018-12-17,77,"Weekly StreetLight"
"Ney Nature Center","Eligible for Greater Minnesota Designation","Eligible Greater MN","Eligible Regional Park",FALSE,2018-12-24,63,"Biweekly StreetLight"
"Ney Nature Center","Eligible for Greater Minnesota Designation","Eligible Greater MN","Eligible Regional Park",FALSE,2018-12-31,126,"Weekly StreetLight"
"Ney Nature Center","Eligible for Greater Minnesota Designation","Eligible Greater MN","Eligible Regional Park",FALSE,2019-01-07,126,"Weekly StreetLight"
"Ney Nature Center","Eligible for Greater Minnesota Designation","Eligible Greater MN","Eligible Regional Park",FALSE,2019-01-14,77,"Imputed"
"Ney Nature Center","Eligible for Greater Minnesota Designation","Eligible Greater MN","Eligible Regional Park",FALSE,2019-01-21,14,"Biweekly StreetLight"
"Ney Nature Center","Eligible for Greater Minnesota Designation","Eligible Greater MN","Eligible Regional Park",FALSE,2019-01-28,28,"Weekly StreetLight"
"Ney Nature Center","Eligible for Greater Minnesota Designation","Eligible Greater MN","Eligible Regional Park",FALSE,2019-02-04,35,"Weekly StreetLight"
"Ney Nature Center","Eligible for Greater Minnesota Designation","Eligible Greater MN","Eligible Regional Park",FALSE,2019-02-11,322,"Weekly StreetLight"
"Ney Nature Center","Eligible for Greater Minnesota Designation","Eligible Greater MN","Eligible Regional Park",FALSE,2019-02-18,63,"Weekly StreetLight"
"Ney Nature Center","Eligible for Greater Minnesota Designation","Eligible Greater MN","Eligible Regional Park",FALSE,2019-02-25,217,"Weekly StreetLight"
"Ney Nature Center","Eligible for Greater Minnesota Designation","Eligible Greater MN","Eligible Regional Park",FALSE,2019-03-04,63,"Weekly StreetLight"
"Ney Nature Center","Eligible for Greater Minnesota Designation","Eligible Greater MN","Eligible Regional Park",FALSE,2019-03-11,154,"Weekly StreetLight"
"Ney Nature Center","Eligible for Greater Minnesota Designation","Eligible Greater MN","Eligible Regional Park",FALSE,2019-03-18,91,"Weekly StreetLight"
"Ney Nature Center","Eligible for Greater Minnesota Designation","Eligible Greater MN","Eligible Regional Park",FALSE,2019-03-25,105,"Imputed"
"Ney Nature Center","Eligible for Greater Minnesota Designation","Eligible Greater MN","Eligible Regional Park",FALSE,2019-04-01,56,"Biweekly StreetLight"
"Ney Nature Center","Eligible for Greater Minnesota Designation","Eligible Greater MN","Eligible Regional Park",FALSE,2019-04-08,119,"Weekly StreetLight"
"Ney Nature Center","Eligible for Greater Minnesota Designation","Eligible Greater MN","Eligible Regional Park",FALSE,2019-04-15,119,"Weekly StreetLight"
"Ney Nature Center","Eligible for Greater Minnesota Designation","Eligible Greater MN","Eligible Regional Park",FALSE,2019-04-22,203,"Weekly StreetLight"
"Ney Nature Center","Eligible for Greater Minnesota Designation","Eligible Greater MN","Eligible Regional Park",FALSE,2019-04-29,133,"Weekly StreetLight"
"Ney Nature Center","Eligible for Greater Minnesota Designation","Eligible Greater MN","Eligible Regional Park",FALSE,2019-05-06,350,"Weekly StreetLight"
"Ney Nature Center","Eligible for Greater Minnesota Designation","Eligible Greater MN","Eligible Regional Park",FALSE,2019-05-13,322,"Weekly StreetLight"
"Ney Nature Center","Eligible for Greater Minnesota Designation","Eligible Greater MN","Eligible Regional Park",FALSE,2019-05-20,588,"Weekly StreetLight"
"Ney Nature Center","Eligible for Greater Minnesota Designation","Eligible Greater MN","Eligible Regional Park",FALSE,2019-05-27,455,"Weekly StreetLight"
"Ney Nature Center","Eligible for Greater Minnesota Designation","Eligible Greater MN","Eligible Regional Park",FALSE,2019-06-03,147,"Weekly StreetLight"
"Ney Nature Center","Eligible for Greater Minnesota Designation","Eligible Greater MN","Eligible Regional Park",FALSE,2019-06-10,315,"Weekly StreetLight"
"Ney Nature Center","Eligible for Greater Minnesota Designation","Eligible Greater MN","Eligible Regional Park",FALSE,2019-06-17,70,"Weekly StreetLight"
"Ney Nature Center","Eligible for Greater Minnesota Designation","Eligible Greater MN","Eligible Regional Park",FALSE,2019-06-24,98,"Weekly StreetLight"
"Ney Nature Center","Eligible for Greater Minnesota Designation","Eligible Greater MN","Eligible Regional Park",FALSE,2019-07-01,119,"Weekly StreetLight"
"Ney Nature Center","Eligible for Greater Minnesota Designation","Eligible Greater MN","Eligible Regional Park",FALSE,2019-07-08,119,"Weekly StreetLight"
"Ney Nature Center","Eligible for Greater Minnesota Designation","Eligible Greater MN","Eligible Regional Park",FALSE,2019-07-15,350,"Weekly StreetLight"
"Ney Nature Center","Eligible for Greater Minnesota Designation","Eligible Greater MN","Eligible Regional Park",FALSE,2019-07-22,231,"Weekly StreetLight"
"Ney Nature Center","Eligible for Greater Minnesota Designation","Eligible Greater MN","Eligible Regional Park",FALSE,2019-07-29,112,"Weekly StreetLight"
"Ney Nature Center","Eligible for Greater Minnesota Designation","Eligible Greater MN","Eligible Regional Park",FALSE,2019-08-05,203,"Weekly StreetLight"
"Ney Nature Center","Eligible for Greater Minnesota Designation","Eligible Greater MN","Eligible Regional Park",FALSE,2019-08-12,154,"Weekly StreetLight"
"Ney Nature Center","Eligible for Greater Minnesota Designation","Eligible Greater MN","Eligible Regional Park",FALSE,2019-08-19,224,"Weekly StreetLight"
"Ney Nature Center","Eligible for Greater Minnesota Designation","Eligible Greater MN","Eligible Regional Park",FALSE,2019-08-26,672,"Weekly StreetLight"
"Ney Nature Center","Eligible for Greater Minnesota Designation","Eligible Greater MN","Eligible Regional Park",FALSE,2019-09-02,112,"Weekly StreetLight"
"Ney Nature Center","Eligible for Greater Minnesota Designation","Eligible Greater MN","Eligible Regional Park",FALSE,2019-09-09,399,"Weekly StreetLight"
"Ney Nature Center","Eligible for Greater Minnesota Designation","Eligible Greater MN","Eligible Regional Park",FALSE,2019-09-16,175,"Weekly StreetLight"
"Ney Nature Center","Eligible for Greater Minnesota Designation","Eligible Greater MN","Eligible Regional Park",FALSE,2019-09-23,399,"Weekly StreetLight"
"Ney Nature Center","Eligible for Greater Minnesota Designation","Eligible Greater MN","Eligible Regional Park",FALSE,2019-09-30,140,"Weekly StreetLight"
"Ney Nature Center","Eligible for Greater Minnesota Designation","Eligible Greater MN","Eligible Regional Park",FALSE,2019-10-07,189,"Weekly StreetLight"
"Ney Nature Center","Eligible for Greater Minnesota Designation","Eligible Greater MN","Eligible Regional Park",FALSE,2019-10-14,574,"Weekly StreetLight"
"Ney Nature Center","Eligible for Greater Minnesota Designation","Eligible Greater MN","Eligible Regional Park",FALSE,2019-10-21,784,"Weekly StreetLight"
"Ney Nature Center","Eligible for Greater Minnesota Designation","Eligible Greater MN","Eligible Regional Park",FALSE,2019-10-28,245,"Weekly StreetLight"
"Ney Nature Center","Eligible for Greater Minnesota Designation","Eligible Greater MN","Eligible Regional Park",FALSE,2019-11-04,49,"Weekly StreetLight"
"Ney Nature Center","Eligible for Greater Minnesota Designation","Eligible Greater MN","Eligible Regional Park",FALSE,2019-11-11,77,"Weekly StreetLight"
"Ney Nature Center","Eligible for Greater Minnesota Designation","Eligible Greater MN","Eligible Regional Park",FALSE,2019-11-18,147,"Weekly StreetLight"
"Ney Nature Center","Eligible for Greater Minnesota Designation","Eligible Greater MN","Eligible Regional Park",FALSE,2019-11-25,98,"Weekly StreetLight"
"Ney Nature Center","Eligible for Greater Minnesota Designation","Eligible Greater MN","Eligible Regional Park",FALSE,2019-12-02,21,"Weekly StreetLight"
"Ney Nature Center","Eligible for Greater Minnesota Designation","Eligible Greater MN","Eligible Regional Park",FALSE,2019-12-09,280,"Weekly StreetLight"
"Ney Nature Center","Eligible for Greater Minnesota Designation","Eligible Greater MN","Eligible Regional Park",FALSE,2019-12-16,119,"Weekly StreetLight"
"Ney Nature Center","Eligible for Greater Minnesota Designation","Eligible Greater MN","Eligible Regional Park",FALSE,2019-12-23,21,"Weekly StreetLight"
"Ney Nature Center","Eligible for Greater Minnesota Designation","Eligible Greater MN","Eligible Regional Park",FALSE,2019-12-30,84,"Weekly StreetLight"
"Ney Nature Center","Eligible for Greater Minnesota Designation","Eligible Greater MN","Eligible Regional Park",FALSE,2020-01-06,14,"Biweekly StreetLight"
"Ney Nature Center","Eligible for Greater Minnesota Designation","Eligible Greater MN","Eligible Regional Park",FALSE,2020-01-13,21,"Weekly StreetLight"
"Ney Nature Center","Eligible for Greater Minnesota Designation","Eligible Greater MN","Eligible Regional Park",FALSE,2020-01-20,175,"Weekly StreetLight"
"Ney Nature Center","Eligible for Greater Minnesota Designation","Eligible Greater MN","Eligible Regional Park",FALSE,2020-01-27,378,"Weekly StreetLight"
"Ney Nature Center","Eligible for Greater Minnesota Designation","Eligible Greater MN","Eligible Regional Park",FALSE,2020-02-03,168,"Weekly StreetLight"
"Ney Nature Center","Eligible for Greater Minnesota Designation","Eligible Greater MN","Eligible Regional Park",FALSE,2020-02-10,280,"Weekly StreetLight"
"Ney Nature Center","Eligible for Greater Minnesota Designation","Eligible Greater MN","Eligible Regional Park",FALSE,2020-02-17,147,"Weekly StreetLight"
"Ney Nature Center","Eligible for Greater Minnesota Designation","Eligible Greater MN","Eligible Regional Park",FALSE,2020-02-24,98,"Weekly StreetLight"
"Ney Nature Center","Eligible for Greater Minnesota Designation","Eligible Greater MN","Eligible Regional Park",FALSE,2020-03-02,70,"Weekly StreetLight"
"Ney Nature Center","Eligible for Greater Minnesota Designation","Eligible Greater MN","Eligible Regional Park",FALSE,2020-03-09,21,"Weekly StreetLight"
"Ney Nature Center","Eligible for Greater Minnesota Designation","Eligible Greater MN","Eligible Regional Park",FALSE,2020-03-16,70,"Weekly StreetLight"
"Ney Nature Center","Eligible for Greater Minnesota Designation","Eligible Greater MN","Eligible Regional Park",FALSE,2020-03-23,182,"Weekly StreetLight"
"Ney Nature Center","Eligible for Greater Minnesota Designation","Eligible Greater MN","Eligible Regional Park",FALSE,2020-03-30,476,"Weekly StreetLight"
"Ney Nature Center","Eligible for Greater Minnesota Designation","Eligible Greater MN","Eligible Regional Park",FALSE,2020-04-06,329,"Weekly StreetLight"
"Ney Nature Center","Eligible for Greater Minnesota Designation","Eligible Greater MN","Eligible Regional Park",FALSE,2020-04-13,427,"Weekly StreetLight"
"Ney Nature Center","Eligible for Greater Minnesota Designation","Eligible Greater MN","Eligible Regional Park",FALSE,2020-04-20,399,"Weekly StreetLight"
"Ney Nature Center","Eligible for Greater Minnesota Designation","Eligible Greater MN","Eligible Regional Park",FALSE,2020-04-27,525,"Weekly StreetLight"
"Ney Nature Center","Eligible for Greater Minnesota Designation","Eligible Greater MN","Eligible Regional Park",FALSE,2020-05-04,308,"Weekly StreetLight"
"Ney Nature Center","Eligible for Greater Minnesota Designation","Eligible Greater MN","Eligible Regional Park",FALSE,2020-05-11,336,"Weekly StreetLight"
"Ney Nature Center","Eligible for Greater Minnesota Designation","Eligible Greater MN","Eligible Regional Park",FALSE,2020-05-18,140,"Weekly StreetLight"
"Ney Nature Center","Eligible for Greater Minnesota Designation","Eligible Greater MN","Eligible Regional Park",FALSE,2020-05-25,336,"Weekly StreetLight"
"Ney Nature Center","Eligible for Greater Minnesota Designation","Eligible Greater MN","Eligible Regional Park",FALSE,2020-06-01,196,"Weekly StreetLight"
"Ney Nature Center","Eligible for Greater Minnesota Designation","Eligible Greater MN","Eligible Regional Park",FALSE,2020-06-08,490,"Weekly StreetLight"
"Ney Nature Center","Eligible for Greater Minnesota Designation","Eligible Greater MN","Eligible Regional Park",FALSE,2020-06-15,147,"Weekly StreetLight"
"Ney Nature Center","Eligible for Greater Minnesota Designation","Eligible Greater MN","Eligible Regional Park",FALSE,2020-06-22,126,"Weekly StreetLight"
"Ney Nature Center","Eligible for Greater Minnesota Designation","Eligible Greater MN","Eligible Regional Park",FALSE,2020-06-29,154,"Weekly StreetLight"
"Ney Nature Center","Eligible for Greater Minnesota Designation","Eligible Greater MN","Eligible Regional Park",FALSE,2020-07-06,266,"Weekly StreetLight"
"Ney Nature Center","Eligible for Greater Minnesota Designation","Eligible Greater MN","Eligible Regional Park",FALSE,2020-07-13,525,"Weekly StreetLight"
"Ney Nature Center","Eligible for Greater Minnesota Designation","Eligible Greater MN","Eligible Regional Park",FALSE,2020-07-20,21,"Weekly StreetLight"
"Ney Nature Center","Eligible for Greater Minnesota Designation","Eligible Greater MN","Eligible Regional Park",FALSE,2020-07-27,91,"Weekly StreetLight"
"Ney Nature Center","Eligible for Greater Minnesota Designation","Eligible Greater MN","Eligible Regional Park",FALSE,2020-08-03,238,"Weekly StreetLight"
"Ney Nature Center","Eligible for Greater Minnesota Designation","Eligible Greater MN","Eligible Regional Park",FALSE,2020-08-10,112,"Weekly StreetLight"
"Ney Nature Center","Eligible for Greater Minnesota Designation","Eligible Greater MN","Eligible Regional Park",FALSE,2020-08-17,154,"Weekly StreetLight"
"Ney Nature Center","Eligible for Greater Minnesota Designation","Eligible Greater MN","Eligible Regional Park",FALSE,2020-08-24,658,"Weekly StreetLight"
"Ney Nature Center","Eligible for Greater Minnesota Designation","Eligible Greater MN","Eligible Regional Park",FALSE,2020-08-31,1204,"Weekly StreetLight"
"Ney Nature Center","Eligible for Greater Minnesota Designation","Eligible Greater MN","Eligible Regional Park",FALSE,2020-09-07,420,"Weekly StreetLight"
"Ney Nature Center","Eligible for Greater Minnesota Designation","Eligible Greater MN","Eligible Regional Park",FALSE,2020-09-14,420,"Weekly StreetLight"
"Ney Nature Center","Eligible for Greater Minnesota Designation","Eligible Greater MN","Eligible Regional Park",FALSE,2020-09-21,959,"Weekly StreetLight"
"Ney Nature Center","Eligible for Greater Minnesota Designation","Eligible Greater MN","Eligible Regional Park",FALSE,2020-09-28,1715,"Weekly StreetLight"
"Ney Nature Center","Eligible for Greater Minnesota Designation","Eligible Greater MN","Eligible Regional Park",FALSE,2020-10-05,1421,"Weekly StreetLight"
"Ney Nature Center","Eligible for Greater Minnesota Designation","Eligible Greater MN","Eligible Regional Park",FALSE,2020-10-12,315,"Weekly StreetLight"
"Ney Nature Center","Eligible for Greater Minnesota Designation","Eligible Greater MN","Eligible Regional Park",FALSE,2020-10-19,168,"Weekly StreetLight"
"Ney Nature Center","Eligible for Greater Minnesota Designation","Eligible Greater MN","Eligible Regional Park",FALSE,2020-10-26,168,"Weekly StreetLight"
"Ney Nature Center","Eligible for Greater Minnesota Designation","Eligible Greater MN","Eligible Regional Park",FALSE,2020-11-02,420,"Weekly StreetLight"
"Ney Nature Center","Eligible for Greater Minnesota Designation","Eligible Greater MN","Eligible Regional Park",FALSE,2020-11-09,49,"Weekly StreetLight"
"Ney Nature Center","Eligible for Greater Minnesota Designation","Eligible Greater MN","Eligible Regional Park",FALSE,2020-11-16,154,"Weekly StreetLight"
"Ney Nature Center","Eligible for Greater Minnesota Designation","Eligible Greater MN","Eligible Regional Park",FALSE,2020-11-23,553,"Weekly StreetLight"
"Ney Nature Center","Eligible for Greater Minnesota Designation","Eligible Greater MN","Eligible Regional Park",FALSE,2020-11-30,266,"Weekly StreetLight"
"Ney Nature Center","Eligible for Greater Minnesota Designation","Eligible Greater MN","Eligible Regional Park",FALSE,2020-12-07,322,"Weekly StreetLight"
"Ney Nature Center","Eligible for Greater Minnesota Designation","Eligible Greater MN","Eligible Regional Park",FALSE,2020-12-14,483,"Weekly StreetLight"
"Ney Nature Center","Eligible for Greater Minnesota Designation","Eligible Greater MN","Eligible Regional Park",FALSE,2020-12-21,623,"Weekly StreetLight"
"Ney Nature Center","Eligible for Greater Minnesota Designation","Eligible Greater MN","Eligible Regional Park",FALSE,2020-12-28,798,"Weekly StreetLight"
"Ney Nature Center","Eligible for Greater Minnesota Designation","Eligible Greater MN","Eligible Regional Park",FALSE,2021-01-04,329,"Weekly StreetLight"
"Ney Nature Center","Eligible for Greater Minnesota Designation","Eligible Greater MN","Eligible Regional Park",FALSE,2021-01-11,210,"Weekly StreetLight"
"Ney Nature Center","Eligible for Greater Minnesota Designation","Eligible Greater MN","Eligible Regional Park",FALSE,2021-01-18,294,"Weekly StreetLight"
"Ney Nature Center","Eligible for Greater Minnesota Designation","Eligible Greater MN","Eligible Regional Park",FALSE,2021-01-25,735,"Weekly StreetLight"
"Ney Nature Center","Eligible for Greater Minnesota Designation","Eligible Greater MN","Eligible Regional Park",FALSE,2021-02-01,308,"Weekly StreetLight"
"Ney Nature Center","Eligible for Greater Minnesota Designation","Eligible Greater MN","Eligible Regional Park",FALSE,2021-02-08,259,"Biweekly StreetLight"
"Ney Nature Center","Eligible for Greater Minnesota Designation","Eligible Greater MN","Eligible Regional Park",FALSE,2021-02-15,511,"Weekly StreetLight"
"Ney Nature Center","Eligible for Greater Minnesota Designation","Eligible Greater MN","Eligible Regional Park",FALSE,2021-02-22,203,"Weekly StreetLight"
"Ney Nature Center","Eligible for Greater Minnesota Designation","Eligible Greater MN","Eligible Regional Park",FALSE,2021-03-01,49,"Weekly StreetLight"
"Ney Nature Center","Eligible for Greater Minnesota Designation","Eligible Greater MN","Eligible Regional Park",FALSE,2021-03-08,140,"Weekly StreetLight"
"Ney Nature Center","Eligible for Greater Minnesota Designation","Eligible Greater MN","Eligible Regional Park",FALSE,2021-03-15,189,"Weekly StreetLight"
"Ney Nature Center","Eligible for Greater Minnesota Designation","Eligible Greater MN","Eligible Regional Park",FALSE,2021-03-22,294,"Weekly StreetLight"
"Ney Nature Center","Eligible for Greater Minnesota Designation","Eligible Greater MN","Eligible Regional Park",FALSE,2021-03-29,287,"Weekly StreetLight"
"Ney Nature Center","Eligible for Greater Minnesota Designation","Eligible Greater MN","Eligible Regional Park",FALSE,2021-04-05,70,"Weekly StreetLight"
"Ney Nature Center","Eligible for Greater Minnesota Designation","Eligible Greater MN","Eligible Regional Park",FALSE,2021-04-12,406,"Weekly StreetLight"
"Ney Nature Center","Eligible for Greater Minnesota Designation","Eligible Greater MN","Eligible Regional Park",FALSE,2021-04-19,238,"Weekly StreetLight"
"Ney Nature Center","Eligible for Greater Minnesota Designation","Eligible Greater MN","Eligible Regional Park",FALSE,2021-04-26,147,"Weekly StreetLight"
"Ney Nature Center","Eligible for Greater Minnesota Designation","Eligible Greater MN","Eligible Regional Park",FALSE,2021-05-03,273,"Weekly StreetLight"
"Ney Nature Center","Eligible for Greater Minnesota Designation","Eligible Greater MN","Eligible Regional Park",FALSE,2021-05-10,245,"Weekly StreetLight"
"Ney Nature Center","Eligible for Greater Minnesota Designation","Eligible Greater MN","Eligible Regional Park",FALSE,2021-05-17,420,"Weekly StreetLight"
"Ney Nature Center","Eligible for Greater Minnesota Designation","Eligible Greater MN","Eligible Regional Park",FALSE,2021-05-24,791,"Weekly StreetLight"
"Ney Nature Center","Eligible for Greater Minnesota Designation","Eligible Greater MN","Eligible Regional Park",FALSE,2021-05-31,280,"Weekly StreetLight"
"Ney Nature Center","Eligible for Greater Minnesota Designation","Eligible Greater MN","Eligible Regional Park",FALSE,2021-06-07,119,"Weekly StreetLight"
"Ney Nature Center","Eligible for Greater Minnesota Designation","Eligible Greater MN","Eligible Regional Park",FALSE,2021-06-14,49,"Weekly StreetLight"
"Ney Nature Center","Eligible for Greater Minnesota Designation","Eligible Greater MN","Eligible Regional Park",FALSE,2021-06-21,91,"Weekly StreetLight"
"Ney Nature Center","Eligible for Greater Minnesota Designation","Eligible Greater MN","Eligible Regional Park",FALSE,2021-06-28,70,"Weekly StreetLight"
"Ney Nature Center","Eligible for Greater Minnesota Designation","Eligible Greater MN","Eligible Regional Park",FALSE,2021-07-05,161,"Weekly StreetLight"
"Ney Nature Center","Eligible for Greater Minnesota Designation","Eligible Greater MN","Eligible Regional Park",FALSE,2021-07-12,112,"Weekly StreetLight"
"Ney Nature Center","Eligible for Greater Minnesota Designation","Eligible Greater MN","Eligible Regional Park",FALSE,2021-07-19,112,"Weekly StreetLight"
"Ney Nature Center","Eligible for Greater Minnesota Designation","Eligible Greater MN","Eligible Regional Park",FALSE,2021-07-26,133,"Weekly StreetLight"
"Ney Nature Center","Eligible for Greater Minnesota Designation","Eligible Greater MN","Eligible Regional Park",FALSE,2021-08-02,154,"Weekly StreetLight"
"Ney Nature Center","Eligible for Greater Minnesota Designation","Eligible Greater MN","Eligible Regional Park",FALSE,2021-08-09,238,"Weekly StreetLight"
"Ney Nature Center","Eligible for Greater Minnesota Designation","Eligible Greater MN","Eligible Regional Park",FALSE,2021-08-16,280,"Weekly StreetLight"
"Ney Nature Center","Eligible for Greater Minnesota Designation","Eligible Greater MN","Eligible Regional Park",FALSE,2021-08-23,952,"Weekly StreetLight"
"Ney Nature Center","Eligible for Greater Minnesota Designation","Eligible Greater MN","Eligible Regional Park",FALSE,2021-08-30,385,"Weekly StreetLight"
"Ney Nature Center","Eligible for Greater Minnesota Designation","Eligible Greater MN","Eligible Regional Park",FALSE,2021-09-06,574,"Weekly StreetLight"
"Ney Nature Center","Eligible for Greater Minnesota Designation","Eligible Greater MN","Eligible Regional Park",FALSE,2021-09-13,595,"Weekly StreetLight"
"Ney Nature Center","Eligible for Greater Minnesota Designation","Eligible Greater MN","Eligible Regional Park",FALSE,2021-09-20,252,"Weekly StreetLight"
"Ney Nature Center","Eligible for Greater Minnesota Designation","Eligible Greater MN","Eligible Regional Park",FALSE,2021-09-27,175,"Weekly StreetLight"
"Ney Nature Center","Eligible for Greater Minnesota Designation","Eligible Greater MN","Eligible Regional Park",FALSE,2021-10-04,693,"Weekly StreetLight"
"Ney Nature Center","Eligible for Greater Minnesota Designation","Eligible Greater MN","Eligible Regional Park",FALSE,2021-10-11,168,"Weekly StreetLight"
"Ney Nature Center","Eligible for Greater Minnesota Designation","Eligible Greater MN","Eligible Regional Park",FALSE,2021-10-18,294,"Weekly StreetLight"
"Ney Nature Center","Eligible for Greater Minnesota Designation","Eligible Greater MN","Eligible Regional Park",FALSE,2021-10-25,147,"Weekly StreetLight"
"Ney Nature Center","Eligible for Greater Minnesota Designation","Eligible Greater MN","Eligible Regional Park",FALSE,2021-11-01,154,"Weekly StreetLight"
"Ney Nature Center","Eligible for Greater Minnesota Designation","Eligible Greater MN","Eligible Regional Park",FALSE,2021-11-08,42,"Weekly StreetLight"
"Ney Nature Center","Eligible for Greater Minnesota Designation","Eligible Greater MN","Eligible Regional Park",FALSE,2021-11-15,154,"Weekly StreetLight"
"Ney Nature Center","Eligible for Greater Minnesota Designation","Eligible Greater MN","Eligible Regional Park",FALSE,2021-11-22,196,"Weekly StreetLight"
"Ney Nature Center","Eligible for Greater Minnesota Designation","Eligible Greater MN","Eligible Regional Park",FALSE,2021-11-29,42,"Weekly StreetLight"
"Ney Nature Center","Eligible for Greater Minnesota Designation","Eligible Greater MN","Eligible Regional Park",FALSE,2021-12-06,70,"Weekly StreetLight"
"Ney Nature Center","Eligible for Greater Minnesota Designation","Eligible Greater MN","Eligible Regional Park",FALSE,2021-12-13,49,"Weekly StreetLight"
"Ney Nature Center","Eligible for Greater Minnesota Designation","Eligible Greater MN","Eligible Regional Park",FALSE,2021-12-20,49,"Weekly StreetLight"
"Ney Nature Center","Eligible for Greater Minnesota Designation","Eligible Greater MN","Eligible Regional Park",FALSE,2021-12-27,21,"Weekly StreetLight"
"Northerly Park","Eligible for Greater Minnesota Designation","Eligible Greater MN","Eligible Regional Park",FALSE,2017-11-27,91,"Imputed"
"Northerly Park","Eligible for Greater Minnesota Designation","Eligible Greater MN","Eligible Regional Park",FALSE,2017-12-04,91,"Imputed"
"Northerly Park","Eligible for Greater Minnesota Designation","Eligible Greater MN","Eligible Regional Park",FALSE,2017-12-11,91,"Imputed"
"Northerly Park","Eligible for Greater Minnesota Designation","Eligible Greater MN","Eligible Regional Park",FALSE,2017-12-18,91,"Imputed"
"Northerly Park","Eligible for Greater Minnesota Designation","Eligible Greater MN","Eligible Regional Park",FALSE,2017-12-25,91,"Imputed"
"Northerly Park","Eligible for Greater Minnesota Designation","Eligible Greater MN","Eligible Regional Park",FALSE,2018-01-01,91,"Imputed"
"Northerly Park","Eligible for Greater Minnesota Designation","Eligible Greater MN","Eligible Regional Park",FALSE,2018-01-08,91,"Imputed"
"Northerly Park","Eligible for Greater Minnesota Designation","Eligible Greater MN","Eligible Regional Park",FALSE,2018-01-15,91,"Imputed"
"Northerly Park","Eligible for Greater Minnesota Designation","Eligible Greater MN","Eligible Regional Park",FALSE,2018-01-22,91,"Imputed"
"Northerly Park","Eligible for Greater Minnesota Designation","Eligible Greater MN","Eligible Regional Park",FALSE,2018-01-29,84,"Imputed"
"Northerly Park","Eligible for Greater Minnesota Designation","Eligible Greater MN","Eligible Regional Park",FALSE,2018-02-05,91,"Imputed"
"Northerly Park","Eligible for Greater Minnesota Designation","Eligible Greater MN","Eligible Regional Park",FALSE,2018-02-12,70,"Biweekly StreetLight"
"Northerly Park","Eligible for Greater Minnesota Designation","Eligible Greater MN","Eligible Regional Park",FALSE,2018-02-19,133,"Weekly StreetLight"
"Northerly Park","Eligible for Greater Minnesota Designation","Eligible Greater MN","Eligible Regional Park",FALSE,2018-02-26,63,"Biweekly StreetLight"
"Northerly Park","Eligible for Greater Minnesota Designation","Eligible Greater MN","Eligible Regional Park",FALSE,2018-03-05,119,"Weekly StreetLight"
"Northerly Park","Eligible for Greater Minnesota Designation","Eligible Greater MN","Eligible Regional Park",FALSE,2018-03-12,105,"Imputed"
"Northerly Park","Eligible for Greater Minnesota Designation","Eligible Greater MN","Eligible Regional Park",FALSE,2018-03-19,105,"Imputed"
"Northerly Park","Eligible for Greater Minnesota Designation","Eligible Greater MN","Eligible Regional Park",FALSE,2018-03-26,98,"Imputed"
"Northerly Park","Eligible for Greater Minnesota Designation","Eligible Greater MN","Eligible Regional Park",FALSE,2018-04-02,98,"Imputed"
"Northerly Park","Eligible for Greater Minnesota Designation","Eligible Greater MN","Eligible Regional Park",FALSE,2018-04-09,91,"Imputed"
"Northerly Park","Eligible for Greater Minnesota Designation","Eligible Greater MN","Eligible Regional Park",FALSE,2018-04-16,84,"Imputed"
"Northerly Park","Eligible for Greater Minnesota Designation","Eligible Greater MN","Eligible Regional Park",FALSE,2018-04-23,77,"Imputed"
"Northerly Park","Eligible for Greater Minnesota Designation","Eligible Greater MN","Eligible Regional Park",FALSE,2018-04-30,77,"Imputed"
"Northerly Park","Eligible for Greater Minnesota Designation","Eligible Greater MN","Eligible Regional Park",FALSE,2018-05-07,70,"Imputed"
"Northerly Park","Eligible for Greater Minnesota Designation","Eligible Greater MN","Eligible Regional Park",FALSE,2018-05-14,77,"Imputed"
"Northerly Park","Eligible for Greater Minnesota Designation","Eligible Greater MN","Eligible Regional Park",FALSE,2018-05-21,56,"Biweekly StreetLight"
"Northerly Park","Eligible for Greater Minnesota Designation","Eligible Greater MN","Eligible Regional Park",FALSE,2018-05-28,112,"Weekly StreetLight"
"Northerly Park","Eligible for Greater Minnesota Designation","Eligible Greater MN","Eligible Regional Park",FALSE,2018-06-04,56,"Biweekly StreetLight"
"Northerly Park","Eligible for Greater Minnesota Designation","Eligible Greater MN","Eligible Regional Park",FALSE,2018-06-11,112,"Weekly StreetLight"
"Northerly Park","Eligible for Greater Minnesota Designation","Eligible Greater MN","Eligible Regional Park",FALSE,2018-06-18,217,"Weekly StreetLight"
"Northerly Park","Eligible for Greater Minnesota Designation","Eligible Greater MN","Eligible Regional Park",FALSE,2018-06-25,112,"Imputed"
"Northerly Park","Eligible for Greater Minnesota Designation","Eligible Greater MN","Eligible Regional Park",FALSE,2018-07-02,49,"Biweekly StreetLight"
"Northerly Park","Eligible for Greater Minnesota Designation","Eligible Greater MN","Eligible Regional Park",FALSE,2018-07-09,105,"Weekly StreetLight"
"Northerly Park","Eligible for Greater Minnesota Designation","Eligible Greater MN","Eligible Regional Park",FALSE,2018-07-16,49,"Biweekly StreetLight"
"Northerly Park","Eligible for Greater Minnesota Designation","Eligible Greater MN","Eligible Regional Park",FALSE,2018-07-23,105,"Weekly StreetLight"
"Northerly Park","Eligible for Greater Minnesota Designation","Eligible Greater MN","Eligible Regional Park",FALSE,2018-07-30,112,"Weekly StreetLight"
"Northerly Park","Eligible for Greater Minnesota Designation","Eligible Greater MN","Eligible Regional Park",FALSE,2018-08-06,98,"Imputed"
"Northerly Park","Eligible for Greater Minnesota Designation","Eligible Greater MN","Eligible Regional Park",FALSE,2018-08-13,98,"Imputed"
"Northerly Park","Eligible for Greater Minnesota Designation","Eligible Greater MN","Eligible Regional Park",FALSE,2018-08-20,98,"Imputed"
"Northerly Park","Eligible for Greater Minnesota Designation","Eligible Greater MN","Eligible Regional Park",FALSE,2018-08-27,84,"Imputed"
"Northerly Park","Eligible for Greater Minnesota Designation","Eligible Greater MN","Eligible Regional Park",FALSE,2018-09-03,70,"Imputed"
"Northerly Park","Eligible for Greater Minnesota Designation","Eligible Greater MN","Eligible Regional Park",FALSE,2018-09-10,70,"Imputed"
"Northerly Park","Eligible for Greater Minnesota Designation","Eligible Greater MN","Eligible Regional Park",FALSE,2018-09-17,56,"Biweekly StreetLight"
"Northerly Park","Eligible for Greater Minnesota Designation","Eligible Greater MN","Eligible Regional Park",FALSE,2018-09-24,105,"Weekly StreetLight"
"Northerly Park","Eligible for Greater Minnesota Designation","Eligible Greater MN","Eligible Regional Park",FALSE,2018-10-01,91,"Imputed"
"Northerly Park","Eligible for Greater Minnesota Designation","Eligible Greater MN","Eligible Regional Park",FALSE,2018-10-08,91,"Imputed"
"Northerly Park","Eligible for Greater Minnesota Designation","Eligible Greater MN","Eligible Regional Park",FALSE,2018-10-15,91,"Imputed"
"Northerly Park","Eligible for Greater Minnesota Designation","Eligible Greater MN","Eligible Regional Park",FALSE,2018-10-22,91,"Imputed"
"Northerly Park","Eligible for Greater Minnesota Designation","Eligible Greater MN","Eligible Regional Park",FALSE,2018-10-29,91,"Imputed"
"Northerly Park","Eligible for Greater Minnesota Designation","Eligible Greater MN","Eligible Regional Park",FALSE,2018-11-05,91,"Imputed"
"Northerly Park","Eligible for Greater Minnesota Designation","Eligible Greater MN","Eligible Regional Park",FALSE,2018-11-12,63,"Imputed"
"Northerly Park","Eligible for Greater Minnesota Designation","Eligible Greater MN","Eligible Regional Park",FALSE,2018-11-19,28,"Imputed"
"Northerly Park","Eligible for Greater Minnesota Designation","Eligible Greater MN","Eligible Regional Park",FALSE,2018-11-26,28,"Imputed"
"Northerly Park","Eligible for Greater Minnesota Designation","Eligible Greater MN","Eligible Regional Park",FALSE,2018-12-03,28,"Imputed"
"Northerly Park","Eligible for Greater Minnesota Designation","Eligible Greater MN","Eligible Regional Park",FALSE,2018-12-10,28,"Imputed"
"Northerly Park","Eligible for Greater Minnesota Designation","Eligible Greater MN","Eligible Regional Park",FALSE,2018-12-17,28,"Imputed"
"Northerly Park","Eligible for Greater Minnesota Designation","Eligible Greater MN","Eligible Regional Park",FALSE,2018-12-24,28,"Imputed"
"Northerly Park","Eligible for Greater Minnesota Designation","Eligible Greater MN","Eligible Regional Park",FALSE,2018-12-31,21,"Biweekly StreetLight"
"Northerly Park","Eligible for Greater Minnesota Designation","Eligible Greater MN","Eligible Regional Park",FALSE,2019-01-07,35,"Weekly StreetLight"
"Northerly Park","Eligible for Greater Minnesota Designation","Eligible Greater MN","Eligible Regional Park",FALSE,2019-01-14,21,"Biweekly StreetLight"
"Northerly Park","Eligible for Greater Minnesota Designation","Eligible Greater MN","Eligible Regional Park",FALSE,2019-01-21,35,"Weekly StreetLight"
"Northerly Park","Eligible for Greater Minnesota Designation","Eligible Greater MN","Eligible Regional Park",FALSE,2019-01-28,28,"Imputed"
"Northerly Park","Eligible for Greater Minnesota Designation","Eligible Greater MN","Eligible Regional Park",FALSE,2019-02-04,28,"Imputed"
"Northerly Park","Eligible for Greater Minnesota Designation","Eligible Greater MN","Eligible Regional Park",FALSE,2019-02-11,28,"Imputed"
"Northerly Park","Eligible for Greater Minnesota Designation","Eligible Greater MN","Eligible Regional Park",FALSE,2019-02-18,21,"Biweekly StreetLight"
"Northerly Park","Eligible for Greater Minnesota Designation","Eligible Greater MN","Eligible Regional Park",FALSE,2019-02-25,49,"Weekly StreetLight"
"Northerly Park","Eligible for Greater Minnesota Designation","Eligible Greater MN","Eligible Regional Park",FALSE,2019-03-04,49,"Imputed"
"Northerly Park","Eligible for Greater Minnesota Designation","Eligible Greater MN","Eligible Regional Park",FALSE,2019-03-11,49,"Biweekly StreetLight"
"Northerly Park","Eligible for Greater Minnesota Designation","Eligible Greater MN","Eligible Regional Park",FALSE,2019-03-18,91,"Weekly StreetLight"
"Northerly Park","Eligible for Greater Minnesota Designation","Eligible Greater MN","Eligible Regional Park",FALSE,2019-03-25,63,"Imputed"
"Northerly Park","Eligible for Greater Minnesota Designation","Eligible Greater MN","Eligible Regional Park",FALSE,2019-04-01,56,"Imputed"
"Northerly Park","Eligible for Greater Minnesota Designation","Eligible Greater MN","Eligible Regional Park",FALSE,2019-04-08,35,"Imputed"
"Northerly Park","Eligible for Greater Minnesota Designation","Eligible Greater MN","Eligible Regional Park",FALSE,2019-04-15,21,"Biweekly StreetLight"
"Northerly Park","Eligible for Greater Minnesota Designation","Eligible Greater MN","Eligible Regional Park",FALSE,2019-04-22,42,"Weekly StreetLight"
"Northerly Park","Eligible for Greater Minnesota Designation","Eligible Greater MN","Eligible Regional Park",FALSE,2019-04-29,35,"Imputed"
"Northerly Park","Eligible for Greater Minnesota Designation","Eligible Greater MN","Eligible Regional Park",FALSE,2019-05-06,35,"Imputed"
"Northerly Park","Eligible for Greater Minnesota Designation","Eligible Greater MN","Eligible Regional Park",FALSE,2019-05-13,35,"Imputed"
"Northerly Park","Eligible for Greater Minnesota Designation","Eligible Greater MN","Eligible Regional Park",FALSE,2019-05-20,21,"Biweekly StreetLight"
"Northerly Park","Eligible for Greater Minnesota Designation","Eligible Greater MN","Eligible Regional Park",FALSE,2019-05-27,42,"Weekly StreetLight"
"Northerly Park","Eligible for Greater Minnesota Designation","Eligible Greater MN","Eligible Regional Park",FALSE,2019-06-03,77,"Weekly StreetLight"
"Northerly Park","Eligible for Greater Minnesota Designation","Eligible Greater MN","Eligible Regional Park",FALSE,2019-06-10,56,"Biweekly StreetLight"
"Northerly Park","Eligible for Greater Minnesota Designation","Eligible Greater MN","Eligible Regional Park",FALSE,2019-06-17,119,"Weekly StreetLight"
"Northerly Park","Eligible for Greater Minnesota Designation","Eligible Greater MN","Eligible Regional Park",FALSE,2019-06-24,77,"Imputed"
"Northerly Park","Eligible for Greater Minnesota Designation","Eligible Greater MN","Eligible Regional Park",FALSE,2019-07-01,63,"Imputed"
"Northerly Park","Eligible for Greater Minnesota Designation","Eligible Greater MN","Eligible Regional Park",FALSE,2019-07-08,35,"Biweekly StreetLight"
"Northerly Park","Eligible for Greater Minnesota Designation","Eligible Greater MN","Eligible Regional Park",FALSE,2019-07-15,70,"Weekly StreetLight"
"Northerly Park","Eligible for Greater Minnesota Designation","Eligible Greater MN","Eligible Regional Park",FALSE,2019-07-22,35,"Biweekly StreetLight"
"Northerly Park","Eligible for Greater Minnesota Designation","Eligible Greater MN","Eligible Regional Park",FALSE,2019-07-29,70,"Weekly StreetLight"
"Northerly Park","Eligible for Greater Minnesota Designation","Eligible Greater MN","Eligible Regional Park",FALSE,2019-08-05,35,"Biweekly StreetLight"
"Northerly Park","Eligible for Greater Minnesota Designation","Eligible Greater MN","Eligible Regional Park",FALSE,2019-08-12,77,"Weekly StreetLight"
"Northerly Park","Eligible for Greater Minnesota Designation","Eligible Greater MN","Eligible Regional Park",FALSE,2019-08-19,49,"Imputed"
"Northerly Park","Eligible for Greater Minnesota Designation","Eligible Greater MN","Eligible Regional Park",FALSE,2019-08-26,21,"Biweekly StreetLight"
"Northerly Park","Eligible for Greater Minnesota Designation","Eligible Greater MN","Eligible Regional Park",FALSE,2019-09-02,35,"Weekly StreetLight"
"Northerly Park","Eligible for Greater Minnesota Designation","Eligible Greater MN","Eligible Regional Park",FALSE,2019-09-09,35,"Biweekly StreetLight"
"Northerly Park","Eligible for Greater Minnesota Designation","Eligible Greater MN","Eligible Regional Park",FALSE,2019-09-16,70,"Weekly StreetLight"
"Northerly Park","Eligible for Greater Minnesota Designation","Eligible Greater MN","Eligible Regional Park",FALSE,2019-09-23,49,"Imputed"
"Northerly Park","Eligible for Greater Minnesota Designation","Eligible Greater MN","Eligible Regional Park",FALSE,2019-09-30,42,"Imputed"
"Northerly Park","Eligible for Greater Minnesota Designation","Eligible Greater MN","Eligible Regional Park",FALSE,2019-10-07,35,"Imputed"
"Northerly Park","Eligible for Greater Minnesota Designation","Eligible Greater MN","Eligible Regional Park",FALSE,2019-10-14,21,"Biweekly StreetLight"
"Northerly Park","Eligible for Greater Minnesota Designation","Eligible Greater MN","Eligible Regional Park",FALSE,2019-10-21,42,"Weekly StreetLight"
"Northerly Park","Eligible for Greater Minnesota Designation","Eligible Greater MN","Eligible Regional Park",FALSE,2019-10-28,35,"Imputed"
"Northerly Park","Eligible for Greater Minnesota Designation","Eligible Greater MN","Eligible Regional Park",FALSE,2019-11-04,35,"Imputed"
"Northerly Park","Eligible for Greater Minnesota Designation","Eligible Greater MN","Eligible Regional Park",FALSE,2019-11-11,35,"Imputed"
"Northerly Park","Eligible for Greater Minnesota Designation","Eligible Greater MN","Eligible Regional Park",FALSE,2019-11-18,35,"Imputed"
"Northerly Park","Eligible for Greater Minnesota Designation","Eligible Greater MN","Eligible Regional Park",FALSE,2019-11-25,28,"Imputed"
"Northerly Park","Eligible for Greater Minnesota Designation","Eligible Greater MN","Eligible Regional Park",FALSE,2019-12-02,21,"Imputed"
"Northerly Park","Eligible for Greater Minnesota Designation","Eligible Greater MN","Eligible Regional Park",FALSE,2019-12-09,21,"Imputed"
"Northerly Park","Eligible for Greater Minnesota Designation","Eligible Greater MN","Eligible Regional Park",FALSE,2019-12-16,21,"Imputed"
"Northerly Park","Eligible for Greater Minnesota Designation","Eligible Greater MN","Eligible Regional Park",FALSE,2019-12-23,21,"Imputed"
"Northerly Park","Eligible for Greater Minnesota Designation","Eligible Greater MN","Eligible Regional Park",FALSE,2019-12-30,14,"Biweekly StreetLight"
"Northerly Park","Eligible for Greater Minnesota Designation","Eligible Greater MN","Eligible Regional Park",FALSE,2020-01-06,28,"Weekly StreetLight"
"Northerly Park","Eligible for Greater Minnesota Designation","Eligible Greater MN","Eligible Regional Park",FALSE,2020-01-13,14,"Biweekly StreetLight"
"Northerly Park","Eligible for Greater Minnesota Designation","Eligible Greater MN","Eligible Regional Park",FALSE,2020-01-20,28,"Weekly StreetLight"
"Northerly Park","Eligible for Greater Minnesota Designation","Eligible Greater MN","Eligible Regional Park",FALSE,2020-01-27,21,"Imputed"
"Northerly Park","Eligible for Greater Minnesota Designation","Eligible Greater MN","Eligible Regional Park",FALSE,2020-02-03,14,"Biweekly StreetLight"
"Northerly Park","Eligible for Greater Minnesota Designation","Eligible Greater MN","Eligible Regional Park",FALSE,2020-02-10,28,"Weekly StreetLight"
"Northerly Park","Eligible for Greater Minnesota Designation","Eligible Greater MN","Eligible Regional Park",FALSE,2020-02-17,14,"Biweekly StreetLight"
"Northerly Park","Eligible for Greater Minnesota Designation","Eligible Greater MN","Eligible Regional Park",FALSE,2020-02-24,28,"Weekly StreetLight"
"Northerly Park","Eligible for Greater Minnesota Designation","Eligible Greater MN","Eligible Regional Park",FALSE,2020-03-02,21,"Imputed"
"Northerly Park","Eligible for Greater Minnesota Designation","Eligible Greater MN","Eligible Regional Park",FALSE,2020-03-09,21,"Imputed"
"Northerly Park","Eligible for Greater Minnesota Designation","Eligible Greater MN","Eligible Regional Park",FALSE,2020-03-16,21,"Imputed"
"Northerly Park","Eligible for Greater Minnesota Designation","Eligible Greater MN","Eligible Regional Park",FALSE,2020-03-23,21,"Imputed"
"Northerly Park","Eligible for Greater Minnesota Designation","Eligible Greater MN","Eligible Regional Park",FALSE,2020-03-30,21,"Imputed"
"Northerly Park","Eligible for Greater Minnesota Designation","Eligible Greater MN","Eligible Regional Park",FALSE,2020-04-06,21,"Imputed"
"Northerly Park","Eligible for Greater Minnesota Designation","Eligible Greater MN","Eligible Regional Park",FALSE,2020-04-13,21,"Imputed"
"Northerly Park","Eligible for Greater Minnesota Designation","Eligible Greater MN","Eligible Regional Park",FALSE,2020-04-20,21,"Imputed"
"Northerly Park","Eligible for Greater Minnesota Designation","Eligible Greater MN","Eligible Regional Park",FALSE,2020-04-27,21,"Imputed"
"Northerly Park","Eligible for Greater Minnesota Designation","Eligible Greater MN","Eligible Regional Park",FALSE,2020-05-04,21,"Imputed"
"Northerly Park","Eligible for Greater Minnesota Designation","Eligible Greater MN","Eligible Regional Park",FALSE,2020-05-11,21,"Imputed"
"Northerly Park","Eligible for Greater Minnesota Designation","Eligible Greater MN","Eligible Regional Park",FALSE,2020-05-18,21,"Imputed"
"Northerly Park","Eligible for Greater Minnesota Designation","Eligible Greater MN","Eligible Regional Park",FALSE,2020-05-25,21,"Imputed"
"Northerly Park","Eligible for Greater Minnesota Designation","Eligible Greater MN","Eligible Regional Park",FALSE,2020-06-01,21,"Imputed"
"Northerly Park","Eligible for Greater Minnesota Designation","Eligible Greater MN","Eligible Regional Park",FALSE,2020-06-08,21,"Imputed"
"Northerly Park","Eligible for Greater Minnesota Designation","Eligible Greater MN","Eligible Regional Park",FALSE,2020-06-15,21,"Imputed"
"Northerly Park","Eligible for Greater Minnesota Designation","Eligible Greater MN","Eligible Regional Park",FALSE,2020-06-22,28,"Imputed"
"Northerly Park","Eligible for Greater Minnesota Designation","Eligible Greater MN","Eligible Regional Park",FALSE,2020-06-29,28,"Imputed"
"Northerly Park","Eligible for Greater Minnesota Designation","Eligible Greater MN","Eligible Regional Park",FALSE,2020-07-06,28,"Imputed"
"Northerly Park","Eligible for Greater Minnesota Designation","Eligible Greater MN","Eligible Regional Park",FALSE,2020-07-13,28,"Imputed"
"Northerly Park","Eligible for Greater Minnesota Designation","Eligible Greater MN","Eligible Regional Park",FALSE,2020-07-20,28,"Imputed"
"Northerly Park","Eligible for Greater Minnesota Designation","Eligible Greater MN","Eligible Regional Park",FALSE,2020-07-27,28,"Imputed"
"Northerly Park","Eligible for Greater Minnesota Designation","Eligible Greater MN","Eligible Regional Park",FALSE,2020-08-03,28,"Imputed"
"Northerly Park","Eligible for Greater Minnesota Designation","Eligible Greater MN","Eligible Regional Park",FALSE,2020-08-10,28,"Imputed"
"Northerly Park","Eligible for Greater Minnesota Designation","Eligible Greater MN","Eligible Regional Park",FALSE,2020-08-17,28,"Imputed"
"Northerly Park","Eligible for Greater Minnesota Designation","Eligible Greater MN","Eligible Regional Park",FALSE,2020-08-24,28,"Imputed"
"Northerly Park","Eligible for Greater Minnesota Designation","Eligible Greater MN","Eligible Regional Park",FALSE,2020-08-31,28,"Imputed"
"Northerly Park","Eligible for Greater Minnesota Designation","Eligible Greater MN","Eligible Regional Park",FALSE,2020-09-07,28,"Imputed"
"Northerly Park","Eligible for Greater Minnesota Designation","Eligible Greater MN","Eligible Regional Park",FALSE,2020-09-14,28,"Imputed"
"Northerly Park","Eligible for Greater Minnesota Designation","Eligible Greater MN","Eligible Regional Park",FALSE,2020-09-21,28,"Imputed"
"Northerly Park","Eligible for Greater Minnesota Designation","Eligible Greater MN","Eligible Regional Park",FALSE,2020-09-28,28,"Imputed"
"Northerly Park","Eligible for Greater Minnesota Designation","Eligible Greater MN","Eligible Regional Park",FALSE,2020-10-05,28,"Imputed"
"Northerly Park","Eligible for Greater Minnesota Designation","Eligible Greater MN","Eligible Regional Park",FALSE,2020-10-12,21,"Biweekly StreetLight"
"Northerly Park","Eligible for Greater Minnesota Designation","Eligible Greater MN","Eligible Regional Park",FALSE,2020-10-19,35,"Weekly StreetLight"
"Northerly Park","Eligible for Greater Minnesota Designation","Eligible Greater MN","Eligible Regional Park",FALSE,2020-10-26,28,"Imputed"
"Northerly Park","Eligible for Greater Minnesota Designation","Eligible Greater MN","Eligible Regional Park",FALSE,2020-11-02,21,"Biweekly StreetLight"
"Northerly Park","Eligible for Greater Minnesota Designation","Eligible Greater MN","Eligible Regional Park",FALSE,2020-11-09,35,"Weekly StreetLight"
"Northerly Park","Eligible for Greater Minnesota Designation","Eligible Greater MN","Eligible Regional Park",FALSE,2020-11-16,21,"Biweekly StreetLight"
"Northerly Park","Eligible for Greater Minnesota Designation","Eligible Greater MN","Eligible Regional Park",FALSE,2020-11-23,35,"Weekly StreetLight"
"Northerly Park","Eligible for Greater Minnesota Designation","Eligible Greater MN","Eligible Regional Park",FALSE,2020-11-30,28,"Imputed"
"Northerly Park","Eligible for Greater Minnesota Designation","Eligible Greater MN","Eligible Regional Park",FALSE,2020-12-07,28,"Imputed"
"Northerly Park","Eligible for Greater Minnesota Designation","Eligible Greater MN","Eligible Regional Park",FALSE,2020-12-14,28,"Imputed"
"Northerly Park","Eligible for Greater Minnesota Designation","Eligible Greater MN","Eligible Regional Park",FALSE,2020-12-21,28,"Imputed"
"Northerly Park","Eligible for Greater Minnesota Designation","Eligible Greater MN","Eligible Regional Park",FALSE,2020-12-28,28,"Imputed"
"Northerly Park","Eligible for Greater Minnesota Designation","Eligible Greater MN","Eligible Regional Park",FALSE,2021-01-04,28,"Imputed"
"Northerly Park","Eligible for Greater Minnesota Designation","Eligible Greater MN","Eligible Regional Park",FALSE,2021-01-11,28,"Imputed"
"Northerly Park","Eligible for Greater Minnesota Designation","Eligible Greater MN","Eligible Regional Park",FALSE,2021-01-18,28,"Imputed"
"Northerly Park","Eligible for Greater Minnesota Designation","Eligible Greater MN","Eligible Regional Park",FALSE,2021-01-25,28,"Imputed"
"Northerly Park","Eligible for Greater Minnesota Designation","Eligible Greater MN","Eligible Regional Park",FALSE,2021-02-01,28,"Imputed"
"Northerly Park","Eligible for Greater Minnesota Designation","Eligible Greater MN","Eligible Regional Park",FALSE,2021-02-08,28,"Imputed"
"Northerly Park","Eligible for Greater Minnesota Designation","Eligible Greater MN","Eligible Regional Park",FALSE,2021-02-15,28,"Imputed"
"Northerly Park","Eligible for Greater Minnesota Designation","Eligible Greater MN","Eligible Regional Park",FALSE,2021-02-22,28,"Imputed"
"Northerly Park","Eligible for Greater Minnesota Designation","Eligible Greater MN","Eligible Regional Park",FALSE,2021-03-01,28,"Imputed"
"Northerly Park","Eligible for Greater Minnesota Designation","Eligible Greater MN","Eligible Regional Park",FALSE,2021-03-08,28,"Imputed"
"Northerly Park","Eligible for Greater Minnesota Designation","Eligible Greater MN","Eligible Regional Park",FALSE,2021-03-15,28,"Imputed"
"Northerly Park","Eligible for Greater Minnesota Designation","Eligible Greater MN","Eligible Regional Park",FALSE,2021-03-22,28,"Imputed"
"Northerly Park","Eligible for Greater Minnesota Designation","Eligible Greater MN","Eligible Regional Park",FALSE,2021-03-29,28,"Imputed"
"Northerly Park","Eligible for Greater Minnesota Designation","Eligible Greater MN","Eligible Regional Park",FALSE,2021-04-05,28,"Imputed"
"Northerly Park","Eligible for Greater Minnesota Designation","Eligible Greater MN","Eligible Regional Park",FALSE,2021-04-12,28,"Imputed"
"Northerly Park","Eligible for Greater Minnesota Designation","Eligible Greater MN","Eligible Regional Park",FALSE,2021-04-19,28,"Imputed"
"Northerly Park","Eligible for Greater Minnesota Designation","Eligible Greater MN","Eligible Regional Park",FALSE,2021-04-26,28,"Imputed"
"Northerly Park","Eligible for Greater Minnesota Designation","Eligible Greater MN","Eligible Regional Park",FALSE,2021-05-03,28,"Imputed"
"Northerly Park","Eligible for Greater Minnesota Designation","Eligible Greater MN","Eligible Regional Park",FALSE,2021-05-10,21,"Biweekly StreetLight"
"Northerly Park","Eligible for Greater Minnesota Designation","Eligible Greater MN","Eligible Regional Park",FALSE,2021-05-17,35,"Weekly StreetLight"
"Northerly Park","Eligible for Greater Minnesota Designation","Eligible Greater MN","Eligible Regional Park",FALSE,2021-05-24,28,"Imputed"
"Northerly Park","Eligible for Greater Minnesota Designation","Eligible Greater MN","Eligible Regional Park",FALSE,2021-05-31,28,"Imputed"
"Northerly Park","Eligible for Greater Minnesota Designation","Eligible Greater MN","Eligible Regional Park",FALSE,2021-06-07,28,"Imputed"
"Northerly Park","Eligible for Greater Minnesota Designation","Eligible Greater MN","Eligible Regional Park",FALSE,2021-06-14,28,"Imputed"
"Northerly Park","Eligible for Greater Minnesota Designation","Eligible Greater MN","Eligible Regional Park",FALSE,2021-06-21,28,"Imputed"
"Northerly Park","Eligible for Greater Minnesota Designation","Eligible Greater MN","Eligible Regional Park",FALSE,2021-06-28,28,"Imputed"
"Northerly Park","Eligible for Greater Minnesota Designation","Eligible Greater MN","Eligible Regional Park",FALSE,2021-07-05,35,"Imputed"
"Northerly Park","Eligible for Greater Minnesota Designation","Eligible Greater MN","Eligible Regional Park",FALSE,2021-07-12,49,"Imputed"
"Northerly Park","Eligible for Greater Minnesota Designation","Eligible Greater MN","Eligible Regional Park",FALSE,2021-07-19,49,"Imputed"
"Northerly Park","Eligible for Greater Minnesota Designation","Eligible Greater MN","Eligible Regional Park",FALSE,2021-07-26,49,"Imputed"
"Northerly Park","Eligible for Greater Minnesota Designation","Eligible Greater MN","Eligible Regional Park",FALSE,2021-08-02,49,"Imputed"
"Northerly Park","Eligible for Greater Minnesota Designation","Eligible Greater MN","Eligible Regional Park",FALSE,2021-08-09,49,"Imputed"
"Northerly Park","Eligible for Greater Minnesota Designation","Eligible Greater MN","Eligible Regional Park",FALSE,2021-08-16,49,"Imputed"
"Northerly Park","Eligible for Greater Minnesota Designation","Eligible Greater MN","Eligible Regional Park",FALSE,2021-08-23,35,"Biweekly StreetLight"
"Northerly Park","Eligible for Greater Minnesota Designation","Eligible Greater MN","Eligible Regional Park",FALSE,2021-08-30,70,"Weekly StreetLight"
"Northerly Park","Eligible for Greater Minnesota Designation","Eligible Greater MN","Eligible Regional Park",FALSE,2021-09-06,56,"Imputed"
"Northerly Park","Eligible for Greater Minnesota Designation","Eligible Greater MN","Eligible Regional Park",FALSE,2021-09-13,56,"Imputed"
"Northerly Park","Eligible for Greater Minnesota Designation","Eligible Greater MN","Eligible Regional Park",FALSE,2021-09-20,56,"Imputed"
"Northerly Park","Eligible for Greater Minnesota Designation","Eligible Greater MN","Eligible Regional Park",FALSE,2021-09-27,56,"Imputed"
"Northerly Park","Eligible for Greater Minnesota Designation","Eligible Greater MN","Eligible Regional Park",FALSE,2021-10-04,56,"Imputed"
"Northerly Park","Eligible for Greater Minnesota Designation","Eligible Greater MN","Eligible Regional Park",FALSE,2021-10-11,56,"Imputed"
"Northerly Park","Eligible for Greater Minnesota Designation","Eligible Greater MN","Eligible Regional Park",FALSE,2021-10-18,56,"Imputed"
"Northerly Park","Eligible for Greater Minnesota Designation","Eligible Greater MN","Eligible Regional Park",FALSE,2021-10-25,56,"Imputed"
"Northerly Park","Eligible for Greater Minnesota Designation","Eligible Greater MN","Eligible Regional Park",FALSE,2021-11-01,56,"Imputed"
"Northerly Park","Eligible for Greater Minnesota Designation","Eligible Greater MN","Eligible Regional Park",FALSE,2021-11-08,56,"Imputed"
"Northerly Park","Eligible for Greater Minnesota Designation","Eligible Greater MN","Eligible Regional Park",FALSE,2021-11-15,56,"Imputed"
"Northerly Park","Eligible for Greater Minnesota Designation","Eligible Greater MN","Eligible Regional Park",FALSE,2021-11-22,56,"Imputed"
"Northerly Park","Eligible for Greater Minnesota Designation","Eligible Greater MN","Eligible Regional Park",FALSE,2021-11-29,56,"Imputed"
"Northerly Park","Eligible for Greater Minnesota Designation","Eligible Greater MN","Eligible Regional Park",FALSE,2021-12-06,56,"Imputed"
"Northerly Park","Eligible for Greater Minnesota Designation","Eligible Greater MN","Eligible Regional Park",FALSE,2021-12-13,56,"Imputed"
"Northerly Park","Eligible for Greater Minnesota Designation","Eligible Greater MN","Eligible Regional Park",FALSE,2021-12-20,56,"Imputed"
"Northerly Park","Eligible for Greater Minnesota Designation","Eligible Greater MN","Eligible Regional Park",FALSE,2021-12-27,56,"Imputed"
"Pine Valley Recreation Area","Eligible for Greater Minnesota Designation","Eligible Greater MN","Eligible Regional Park",FALSE,2017-11-27,3913,"Weekly StreetLight"
"Pine Valley Recreation Area","Eligible for Greater Minnesota Designation","Eligible Greater MN","Eligible Regional Park",FALSE,2017-12-04,6279,"Weekly StreetLight"
"Pine Valley Recreation Area","Eligible for Greater Minnesota Designation","Eligible Greater MN","Eligible Regional Park",FALSE,2017-12-11,5432,"Weekly StreetLight"
"Pine Valley Recreation Area","Eligible for Greater Minnesota Designation","Eligible Greater MN","Eligible Regional Park",FALSE,2017-12-18,4466,"Weekly StreetLight"
"Pine Valley Recreation Area","Eligible for Greater Minnesota Designation","Eligible Greater MN","Eligible Regional Park",FALSE,2017-12-25,5432,"Weekly StreetLight"
"Pine Valley Recreation Area","Eligible for Greater Minnesota Designation","Eligible Greater MN","Eligible Regional Park",FALSE,2018-01-01,4480,"Weekly StreetLight"
"Pine Valley Recreation Area","Eligible for Greater Minnesota Designation","Eligible Greater MN","Eligible Regional Park",FALSE,2018-01-08,3696,"Weekly StreetLight"
"Pine Valley Recreation Area","Eligible for Greater Minnesota Designation","Eligible Greater MN","Eligible Regional Park",FALSE,2018-01-15,3808,"Weekly StreetLight"
"Pine Valley Recreation Area","Eligible for Greater Minnesota Designation","Eligible Greater MN","Eligible Regional Park",FALSE,2018-01-22,3696,"Weekly StreetLight"
"Pine Valley Recreation Area","Eligible for Greater Minnesota Designation","Eligible Greater MN","Eligible Regional Park",FALSE,2018-01-29,4571,"Weekly StreetLight"
"Pine Valley Recreation Area","Eligible for Greater Minnesota Designation","Eligible Greater MN","Eligible Regional Park",FALSE,2018-02-05,3969,"Weekly StreetLight"
"Pine Valley Recreation Area","Eligible for Greater Minnesota Designation","Eligible Greater MN","Eligible Regional Park",FALSE,2018-02-12,4067,"Weekly StreetLight"
"Pine Valley Recreation Area","Eligible for Greater Minnesota Designation","Eligible Greater MN","Eligible Regional Park",FALSE,2018-02-19,3654,"Weekly StreetLight"
"Pine Valley Recreation Area","Eligible for Greater Minnesota Designation","Eligible Greater MN","Eligible Regional Park",FALSE,2018-02-26,2898,"Weekly StreetLight"
"Pine Valley Recreation Area","Eligible for Greater Minnesota Designation","Eligible Greater MN","Eligible Regional Park",FALSE,2018-03-05,3612,"Weekly StreetLight"
"Pine Valley Recreation Area","Eligible for Greater Minnesota Designation","Eligible Greater MN","Eligible Regional Park",FALSE,2018-03-12,3234,"Weekly StreetLight"
"Pine Valley Recreation Area","Eligible for Greater Minnesota Designation","Eligible Greater MN","Eligible Regional Park",FALSE,2018-03-19,3801,"Weekly StreetLight"
"Pine Valley Recreation Area","Eligible for Greater Minnesota Designation","Eligible Greater MN","Eligible Regional Park",FALSE,2018-03-26,2856,"Weekly StreetLight"
"Pine Valley Recreation Area","Eligible for Greater Minnesota Designation","Eligible Greater MN","Eligible Regional Park",FALSE,2018-04-02,3276,"Weekly StreetLight"
"Pine Valley Recreation Area","Eligible for Greater Minnesota Designation","Eligible Greater MN","Eligible Regional Park",FALSE,2018-04-09,3661,"Weekly StreetLight"
"Pine Valley Recreation Area","Eligible for Greater Minnesota Designation","Eligible Greater MN","Eligible Regional Park",FALSE,2018-04-16,2793,"Weekly StreetLight"
"Pine Valley Recreation Area","Eligible for Greater Minnesota Designation","Eligible Greater MN","Eligible Regional Park",FALSE,2018-04-23,2793,"Weekly StreetLight"
"Pine Valley Recreation Area","Eligible for Greater Minnesota Designation","Eligible Greater MN","Eligible Regional Park",FALSE,2018-04-30,2996,"Weekly StreetLight"
"Pine Valley Recreation Area","Eligible for Greater Minnesota Designation","Eligible Greater MN","Eligible Regional Park",FALSE,2018-05-07,1379,"Weekly StreetLight"
"Pine Valley Recreation Area","Eligible for Greater Minnesota Designation","Eligible Greater MN","Eligible Regional Park",FALSE,2018-05-14,1526,"Weekly StreetLight"
"Pine Valley Recreation Area","Eligible for Greater Minnesota Designation","Eligible Greater MN","Eligible Regional Park",FALSE,2018-05-21,1449,"Weekly StreetLight"
"Pine Valley Recreation Area","Eligible for Greater Minnesota Designation","Eligible Greater MN","Eligible Regional Park",FALSE,2018-05-28,2345,"Weekly StreetLight"
"Pine Valley Recreation Area","Eligible for Greater Minnesota Designation","Eligible Greater MN","Eligible Regional Park",FALSE,2018-06-04,2660,"Weekly StreetLight"
"Pine Valley Recreation Area","Eligible for Greater Minnesota Designation","Eligible Greater MN","Eligible Regional Park",FALSE,2018-06-11,2212,"Weekly StreetLight"
"Pine Valley Recreation Area","Eligible for Greater Minnesota Designation","Eligible Greater MN","Eligible Regional Park",FALSE,2018-06-18,735,"Weekly StreetLight"
"Pine Valley Recreation Area","Eligible for Greater Minnesota Designation","Eligible Greater MN","Eligible Regional Park",FALSE,2018-06-25,2730,"Weekly StreetLight"
"Pine Valley Recreation Area","Eligible for Greater Minnesota Designation","Eligible Greater MN","Eligible Regional Park",FALSE,2018-07-02,1141,"Weekly StreetLight"
"Pine Valley Recreation Area","Eligible for Greater Minnesota Designation","Eligible Greater MN","Eligible Regional Park",FALSE,2018-07-09,2002,"Weekly StreetLight"
"Pine Valley Recreation Area","Eligible for Greater Minnesota Designation","Eligible Greater MN","Eligible Regional Park",FALSE,2018-07-16,3570,"Weekly StreetLight"
"Pine Valley Recreation Area","Eligible for Greater Minnesota Designation","Eligible Greater MN","Eligible Regional Park",FALSE,2018-07-23,2359,"Weekly StreetLight"
"Pine Valley Recreation Area","Eligible for Greater Minnesota Designation","Eligible Greater MN","Eligible Regional Park",FALSE,2018-07-30,2044,"Weekly StreetLight"
"Pine Valley Recreation Area","Eligible for Greater Minnesota Designation","Eligible Greater MN","Eligible Regional Park",FALSE,2018-08-06,2170,"Weekly StreetLight"
"Pine Valley Recreation Area","Eligible for Greater Minnesota Designation","Eligible Greater MN","Eligible Regional Park",FALSE,2018-08-13,1610,"Weekly StreetLight"
"Pine Valley Recreation Area","Eligible for Greater Minnesota Designation","Eligible Greater MN","Eligible Regional Park",FALSE,2018-08-20,2660,"Weekly StreetLight"
"Pine Valley Recreation Area","Eligible for Greater Minnesota Designation","Eligible Greater MN","Eligible Regional Park",FALSE,2018-08-27,2534,"Weekly StreetLight"
"Pine Valley Recreation Area","Eligible for Greater Minnesota Designation","Eligible Greater MN","Eligible Regional Park",FALSE,2018-09-03,1582,"Weekly StreetLight"
"Pine Valley Recreation Area","Eligible for Greater Minnesota Designation","Eligible Greater MN","Eligible Regional Park",FALSE,2018-09-10,2520,"Weekly StreetLight"
"Pine Valley Recreation Area","Eligible for Greater Minnesota Designation","Eligible Greater MN","Eligible Regional Park",FALSE,2018-09-17,2520,"Weekly StreetLight"
"Pine Valley Recreation Area","Eligible for Greater Minnesota Designation","Eligible Greater MN","Eligible Regional Park",FALSE,2018-09-24,2954,"Weekly StreetLight"
"Pine Valley Recreation Area","Eligible for Greater Minnesota Designation","Eligible Greater MN","Eligible Regional Park",FALSE,2018-10-01,4032,"Weekly StreetLight"
"Pine Valley Recreation Area","Eligible for Greater Minnesota Designation","Eligible Greater MN","Eligible Regional Park",FALSE,2018-10-08,4550,"Weekly StreetLight"
"Pine Valley Recreation Area","Eligible for Greater Minnesota Designation","Eligible Greater MN","Eligible Regional Park",FALSE,2018-10-15,3584,"Weekly StreetLight"
"Pine Valley Recreation Area","Eligible for Greater Minnesota Designation","Eligible Greater MN","Eligible Regional Park",FALSE,2018-10-22,4627,"Weekly StreetLight"
"Pine Valley Recreation Area","Eligible for Greater Minnesota Designation","Eligible Greater MN","Eligible Regional Park",FALSE,2018-10-29,3311,"Weekly StreetLight"
"Pine Valley Recreation Area","Eligible for Greater Minnesota Designation","Eligible Greater MN","Eligible Regional Park",FALSE,2018-11-05,5166,"Weekly StreetLight"
"Pine Valley Recreation Area","Eligible for Greater Minnesota Designation","Eligible Greater MN","Eligible Regional Park",FALSE,2018-11-12,5236,"Weekly StreetLight"
"Pine Valley Recreation Area","Eligible for Greater Minnesota Designation","Eligible Greater MN","Eligible Regional Park",FALSE,2018-11-19,4522,"Weekly StreetLight"
"Pine Valley Recreation Area","Eligible for Greater Minnesota Designation","Eligible Greater MN","Eligible Regional Park",FALSE,2018-11-26,3990,"Weekly StreetLight"
"Pine Valley Recreation Area","Eligible for Greater Minnesota Designation","Eligible Greater MN","Eligible Regional Park",FALSE,2018-12-03,4935,"Weekly StreetLight"
"Pine Valley Recreation Area","Eligible for Greater Minnesota Designation","Eligible Greater MN","Eligible Regional Park",FALSE,2018-12-10,4676,"Weekly StreetLight"
"Pine Valley Recreation Area","Eligible for Greater Minnesota Designation","Eligible Greater MN","Eligible Regional Park",FALSE,2018-12-17,4347,"Weekly StreetLight"
"Pine Valley Recreation Area","Eligible for Greater Minnesota Designation","Eligible Greater MN","Eligible Regional Park",FALSE,2018-12-24,5194,"Weekly StreetLight"
"Pine Valley Recreation Area","Eligible for Greater Minnesota Designation","Eligible Greater MN","Eligible Regional Park",FALSE,2018-12-31,11935,"Weekly StreetLight"
"Pine Valley Recreation Area","Eligible for Greater Minnesota Designation","Eligible Greater MN","Eligible Regional Park",FALSE,2019-01-07,12852,"Weekly StreetLight"
"Pine Valley Recreation Area","Eligible for Greater Minnesota Designation","Eligible Greater MN","Eligible Regional Park",FALSE,2019-01-14,11361,"Weekly StreetLight"
"Pine Valley Recreation Area","Eligible for Greater Minnesota Designation","Eligible Greater MN","Eligible Regional Park",FALSE,2019-01-21,11830,"Weekly StreetLight"
"Pine Valley Recreation Area","Eligible for Greater Minnesota Designation","Eligible Greater MN","Eligible Regional Park",FALSE,2019-01-28,9317,"Weekly StreetLight"
"Pine Valley Recreation Area","Eligible for Greater Minnesota Designation","Eligible Greater MN","Eligible Regional Park",FALSE,2019-02-04,9842,"Weekly StreetLight"
"Pine Valley Recreation Area","Eligible for Greater Minnesota Designation","Eligible Greater MN","Eligible Regional Park",FALSE,2019-02-11,8694,"Weekly StreetLight"
"Pine Valley Recreation Area","Eligible for Greater Minnesota Designation","Eligible Greater MN","Eligible Regional Park",FALSE,2019-02-18,5558,"Weekly StreetLight"
"Pine Valley Recreation Area","Eligible for Greater Minnesota Designation","Eligible Greater MN","Eligible Regional Park",FALSE,2019-02-25,7350,"Weekly StreetLight"
"Pine Valley Recreation Area","Eligible for Greater Minnesota Designation","Eligible Greater MN","Eligible Regional Park",FALSE,2019-03-04,5593,"Weekly StreetLight"
"Pine Valley Recreation Area","Eligible for Greater Minnesota Designation","Eligible Greater MN","Eligible Regional Park",FALSE,2019-03-11,7042,"Weekly StreetLight"
"Pine Valley Recreation Area","Eligible for Greater Minnesota Designation","Eligible Greater MN","Eligible Regional Park",FALSE,2019-03-18,7308,"Weekly StreetLight"
"Pine Valley Recreation Area","Eligible for Greater Minnesota Designation","Eligible Greater MN","Eligible Regional Park",FALSE,2019-03-25,2961,"Weekly StreetLight"
"Pine Valley Recreation Area","Eligible for Greater Minnesota Designation","Eligible Greater MN","Eligible Regional Park",FALSE,2019-04-01,3864,"Weekly StreetLight"
"Pine Valley Recreation Area","Eligible for Greater Minnesota Designation","Eligible Greater MN","Eligible Regional Park",FALSE,2019-04-08,4333,"Weekly StreetLight"
"Pine Valley Recreation Area","Eligible for Greater Minnesota Designation","Eligible Greater MN","Eligible Regional Park",FALSE,2019-04-15,4081,"Weekly StreetLight"
"Pine Valley Recreation Area","Eligible for Greater Minnesota Designation","Eligible Greater MN","Eligible Regional Park",FALSE,2019-04-22,5180,"Weekly StreetLight"
"Pine Valley Recreation Area","Eligible for Greater Minnesota Designation","Eligible Greater MN","Eligible Regional Park",FALSE,2019-04-29,3556,"Weekly StreetLight"
"Pine Valley Recreation Area","Eligible for Greater Minnesota Designation","Eligible Greater MN","Eligible Regional Park",FALSE,2019-05-06,2149,"Weekly StreetLight"
"Pine Valley Recreation Area","Eligible for Greater Minnesota Designation","Eligible Greater MN","Eligible Regional Park",FALSE,2019-05-13,2842,"Weekly StreetLight"
"Pine Valley Recreation Area","Eligible for Greater Minnesota Designation","Eligible Greater MN","Eligible Regional Park",FALSE,2019-05-20,2814,"Weekly StreetLight"
"Pine Valley Recreation Area","Eligible for Greater Minnesota Designation","Eligible Greater MN","Eligible Regional Park",FALSE,2019-05-27,4746,"Weekly StreetLight"
"Pine Valley Recreation Area","Eligible for Greater Minnesota Designation","Eligible Greater MN","Eligible Regional Park",FALSE,2019-06-03,3591,"Weekly StreetLight"
"Pine Valley Recreation Area","Eligible for Greater Minnesota Designation","Eligible Greater MN","Eligible Regional Park",FALSE,2019-06-10,3465,"Weekly StreetLight"
"Pine Valley Recreation Area","Eligible for Greater Minnesota Designation","Eligible Greater MN","Eligible Regional Park",FALSE,2019-06-17,3906,"Weekly StreetLight"
"Pine Valley Recreation Area","Eligible for Greater Minnesota Designation","Eligible Greater MN","Eligible Regional Park",FALSE,2019-06-24,4998,"Weekly StreetLight"
"Pine Valley Recreation Area","Eligible for Greater Minnesota Designation","Eligible Greater MN","Eligible Regional Park",FALSE,2019-07-01,2051,"Weekly StreetLight"
"Pine Valley Recreation Area","Eligible for Greater Minnesota Designation","Eligible Greater MN","Eligible Regional Park",FALSE,2019-07-08,3689,"Weekly StreetLight"
"Pine Valley Recreation Area","Eligible for Greater Minnesota Designation","Eligible Greater MN","Eligible Regional Park",FALSE,2019-07-15,8043,"Weekly StreetLight"
"Pine Valley Recreation Area","Eligible for Greater Minnesota Designation","Eligible Greater MN","Eligible Regional Park",FALSE,2019-07-22,3339,"Weekly StreetLight"
"Pine Valley Recreation Area","Eligible for Greater Minnesota Designation","Eligible Greater MN","Eligible Regional Park",FALSE,2019-07-29,3234,"Weekly StreetLight"
"Pine Valley Recreation Area","Eligible for Greater Minnesota Designation","Eligible Greater MN","Eligible Regional Park",FALSE,2019-08-05,2163,"Weekly StreetLight"
"Pine Valley Recreation Area","Eligible for Greater Minnesota Designation","Eligible Greater MN","Eligible Regional Park",FALSE,2019-08-12,3423,"Weekly StreetLight"
"Pine Valley Recreation Area","Eligible for Greater Minnesota Designation","Eligible Greater MN","Eligible Regional Park",FALSE,2019-08-19,3010,"Weekly StreetLight"
"Pine Valley Recreation Area","Eligible for Greater Minnesota Designation","Eligible Greater MN","Eligible Regional Park",FALSE,2019-08-26,3031,"Weekly StreetLight"
"Pine Valley Recreation Area","Eligible for Greater Minnesota Designation","Eligible Greater MN","Eligible Regional Park",FALSE,2019-09-02,4956,"Weekly StreetLight"
"Pine Valley Recreation Area","Eligible for Greater Minnesota Designation","Eligible Greater MN","Eligible Regional Park",FALSE,2019-09-09,4851,"Weekly StreetLight"
"Pine Valley Recreation Area","Eligible for Greater Minnesota Designation","Eligible Greater MN","Eligible Regional Park",FALSE,2019-09-16,3283,"Weekly StreetLight"
"Pine Valley Recreation Area","Eligible for Greater Minnesota Designation","Eligible Greater MN","Eligible Regional Park",FALSE,2019-09-23,6244,"Weekly StreetLight"
"Pine Valley Recreation Area","Eligible for Greater Minnesota Designation","Eligible Greater MN","Eligible Regional Park",FALSE,2019-09-30,7735,"Weekly StreetLight"
"Pine Valley Recreation Area","Eligible for Greater Minnesota Designation","Eligible Greater MN","Eligible Regional Park",FALSE,2019-10-07,6594,"Weekly StreetLight"
"Pine Valley Recreation Area","Eligible for Greater Minnesota Designation","Eligible Greater MN","Eligible Regional Park",FALSE,2019-10-14,5642,"Weekly StreetLight"
"Pine Valley Recreation Area","Eligible for Greater Minnesota Designation","Eligible Greater MN","Eligible Regional Park",FALSE,2019-10-21,7714,"Weekly StreetLight"
"Pine Valley Recreation Area","Eligible for Greater Minnesota Designation","Eligible Greater MN","Eligible Regional Park",FALSE,2019-10-28,10227,"Weekly StreetLight"
"Pine Valley Recreation Area","Eligible for Greater Minnesota Designation","Eligible Greater MN","Eligible Regional Park",FALSE,2019-11-04,10136,"Weekly StreetLight"
"Pine Valley Recreation Area","Eligible for Greater Minnesota Designation","Eligible Greater MN","Eligible Regional Park",FALSE,2019-11-11,11571,"Weekly StreetLight"
"Pine Valley Recreation Area","Eligible for Greater Minnesota Designation","Eligible Greater MN","Eligible Regional Park",FALSE,2019-11-18,12999,"Weekly StreetLight"
"Pine Valley Recreation Area","Eligible for Greater Minnesota Designation","Eligible Greater MN","Eligible Regional Park",FALSE,2019-11-25,7042,"Weekly StreetLight"
"Pine Valley Recreation Area","Eligible for Greater Minnesota Designation","Eligible Greater MN","Eligible Regional Park",FALSE,2019-12-02,11459,"Weekly StreetLight"
"Pine Valley Recreation Area","Eligible for Greater Minnesota Designation","Eligible Greater MN","Eligible Regional Park",FALSE,2019-12-09,9933,"Weekly StreetLight"
"Pine Valley Recreation Area","Eligible for Greater Minnesota Designation","Eligible Greater MN","Eligible Regional Park",FALSE,2019-12-16,9982,"Weekly StreetLight"
"Pine Valley Recreation Area","Eligible for Greater Minnesota Designation","Eligible Greater MN","Eligible Regional Park",FALSE,2019-12-23,8127,"Weekly StreetLight"
"Pine Valley Recreation Area","Eligible for Greater Minnesota Designation","Eligible Greater MN","Eligible Regional Park",FALSE,2019-12-30,12733,"Weekly StreetLight"
"Pine Valley Recreation Area","Eligible for Greater Minnesota Designation","Eligible Greater MN","Eligible Regional Park",FALSE,2020-01-06,13237,"Weekly StreetLight"
"Pine Valley Recreation Area","Eligible for Greater Minnesota Designation","Eligible Greater MN","Eligible Regional Park",FALSE,2020-01-13,13083,"Weekly StreetLight"
"Pine Valley Recreation Area","Eligible for Greater Minnesota Designation","Eligible Greater MN","Eligible Regional Park",FALSE,2020-01-20,11907,"Weekly StreetLight"
"Pine Valley Recreation Area","Eligible for Greater Minnesota Designation","Eligible Greater MN","Eligible Regional Park",FALSE,2020-01-27,11424,"Weekly StreetLight"
"Pine Valley Recreation Area","Eligible for Greater Minnesota Designation","Eligible Greater MN","Eligible Regional Park",FALSE,2020-02-03,11235,"Weekly StreetLight"
"Pine Valley Recreation Area","Eligible for Greater Minnesota Designation","Eligible Greater MN","Eligible Regional Park",FALSE,2020-02-10,9450,"Weekly StreetLight"
"Pine Valley Recreation Area","Eligible for Greater Minnesota Designation","Eligible Greater MN","Eligible Regional Park",FALSE,2020-02-17,7252,"Weekly StreetLight"
"Pine Valley Recreation Area","Eligible for Greater Minnesota Designation","Eligible Greater MN","Eligible Regional Park",FALSE,2020-02-24,11326,"Weekly StreetLight"
"Pine Valley Recreation Area","Eligible for Greater Minnesota Designation","Eligible Greater MN","Eligible Regional Park",FALSE,2020-03-02,4487,"Weekly StreetLight"
"Pine Valley Recreation Area","Eligible for Greater Minnesota Designation","Eligible Greater MN","Eligible Regional Park",FALSE,2020-03-09,3262,"Weekly StreetLight"
"Pine Valley Recreation Area","Eligible for Greater Minnesota Designation","Eligible Greater MN","Eligible Regional Park",FALSE,2020-03-16,1498,"Weekly StreetLight"
"Pine Valley Recreation Area","Eligible for Greater Minnesota Designation","Eligible Greater MN","Eligible Regional Park",FALSE,2020-03-23,1960,"Weekly StreetLight"
"Pine Valley Recreation Area","Eligible for Greater Minnesota Designation","Eligible Greater MN","Eligible Regional Park",FALSE,2020-03-30,1288,"Weekly StreetLight"
"Pine Valley Recreation Area","Eligible for Greater Minnesota Designation","Eligible Greater MN","Eligible Regional Park",FALSE,2020-04-06,1092,"Weekly StreetLight"
"Pine Valley Recreation Area","Eligible for Greater Minnesota Designation","Eligible Greater MN","Eligible Regional Park",FALSE,2020-04-13,1967,"Weekly StreetLight"
"Pine Valley Recreation Area","Eligible for Greater Minnesota Designation","Eligible Greater MN","Eligible Regional Park",FALSE,2020-04-20,2380,"Weekly StreetLight"
"Pine Valley Recreation Area","Eligible for Greater Minnesota Designation","Eligible Greater MN","Eligible Regional Park",FALSE,2020-04-27,2324,"Weekly StreetLight"
"Pine Valley Recreation Area","Eligible for Greater Minnesota Designation","Eligible Greater MN","Eligible Regional Park",FALSE,2020-05-04,2380,"Weekly StreetLight"
"Pine Valley Recreation Area","Eligible for Greater Minnesota Designation","Eligible Greater MN","Eligible Regional Park",FALSE,2020-05-11,2527,"Weekly StreetLight"
"Pine Valley Recreation Area","Eligible for Greater Minnesota Designation","Eligible Greater MN","Eligible Regional Park",FALSE,2020-05-18,2842,"Weekly StreetLight"
"Pine Valley Recreation Area","Eligible for Greater Minnesota Designation","Eligible Greater MN","Eligible Regional Park",FALSE,2020-05-25,2618,"Weekly StreetLight"
"Pine Valley Recreation Area","Eligible for Greater Minnesota Designation","Eligible Greater MN","Eligible Regional Park",FALSE,2020-06-01,3766,"Weekly StreetLight"
"Pine Valley Recreation Area","Eligible for Greater Minnesota Designation","Eligible Greater MN","Eligible Regional Park",FALSE,2020-06-08,3332,"Weekly StreetLight"
"Pine Valley Recreation Area","Eligible for Greater Minnesota Designation","Eligible Greater MN","Eligible Regional Park",FALSE,2020-06-15,4781,"Weekly StreetLight"
"Pine Valley Recreation Area","Eligible for Greater Minnesota Designation","Eligible Greater MN","Eligible Regional Park",FALSE,2020-06-22,3955,"Weekly StreetLight"
"Pine Valley Recreation Area","Eligible for Greater Minnesota Designation","Eligible Greater MN","Eligible Regional Park",FALSE,2020-06-29,2352,"Weekly StreetLight"
"Pine Valley Recreation Area","Eligible for Greater Minnesota Designation","Eligible Greater MN","Eligible Regional Park",FALSE,2020-07-06,4543,"Weekly StreetLight"
"Pine Valley Recreation Area","Eligible for Greater Minnesota Designation","Eligible Greater MN","Eligible Regional Park",FALSE,2020-07-13,4564,"Weekly StreetLight"
"Pine Valley Recreation Area","Eligible for Greater Minnesota Designation","Eligible Greater MN","Eligible Regional Park",FALSE,2020-07-20,4522,"Weekly StreetLight"
"Pine Valley Recreation Area","Eligible for Greater Minnesota Designation","Eligible Greater MN","Eligible Regional Park",FALSE,2020-07-27,3052,"Weekly StreetLight"
"Pine Valley Recreation Area","Eligible for Greater Minnesota Designation","Eligible Greater MN","Eligible Regional Park",FALSE,2020-08-03,2569,"Weekly StreetLight"
"Pine Valley Recreation Area","Eligible for Greater Minnesota Designation","Eligible Greater MN","Eligible Regional Park",FALSE,2020-08-10,3780,"Weekly StreetLight"
"Pine Valley Recreation Area","Eligible for Greater Minnesota Designation","Eligible Greater MN","Eligible Regional Park",FALSE,2020-08-17,3031,"Weekly StreetLight"
"Pine Valley Recreation Area","Eligible for Greater Minnesota Designation","Eligible Greater MN","Eligible Regional Park",FALSE,2020-08-24,3080,"Weekly StreetLight"
"Pine Valley Recreation Area","Eligible for Greater Minnesota Designation","Eligible Greater MN","Eligible Regional Park",FALSE,2020-08-31,4214,"Weekly StreetLight"
"Pine Valley Recreation Area","Eligible for Greater Minnesota Designation","Eligible Greater MN","Eligible Regional Park",FALSE,2020-09-07,5208,"Weekly StreetLight"
"Pine Valley Recreation Area","Eligible for Greater Minnesota Designation","Eligible Greater MN","Eligible Regional Park",FALSE,2020-09-14,6251,"Weekly StreetLight"
"Pine Valley Recreation Area","Eligible for Greater Minnesota Designation","Eligible Greater MN","Eligible Regional Park",FALSE,2020-09-21,6041,"Weekly StreetLight"
"Pine Valley Recreation Area","Eligible for Greater Minnesota Designation","Eligible Greater MN","Eligible Regional Park",FALSE,2020-09-28,4585,"Weekly StreetLight"
"Pine Valley Recreation Area","Eligible for Greater Minnesota Designation","Eligible Greater MN","Eligible Regional Park",FALSE,2020-10-05,6013,"Weekly StreetLight"
"Pine Valley Recreation Area","Eligible for Greater Minnesota Designation","Eligible Greater MN","Eligible Regional Park",FALSE,2020-10-12,4445,"Weekly StreetLight"
"Pine Valley Recreation Area","Eligible for Greater Minnesota Designation","Eligible Greater MN","Eligible Regional Park",FALSE,2020-10-19,8008,"Weekly StreetLight"
"Pine Valley Recreation Area","Eligible for Greater Minnesota Designation","Eligible Greater MN","Eligible Regional Park",FALSE,2020-10-26,6006,"Weekly StreetLight"
"Pine Valley Recreation Area","Eligible for Greater Minnesota Designation","Eligible Greater MN","Eligible Regional Park",FALSE,2020-11-02,6153,"Weekly StreetLight"
"Pine Valley Recreation Area","Eligible for Greater Minnesota Designation","Eligible Greater MN","Eligible Regional Park",FALSE,2020-11-09,6237,"Weekly StreetLight"
"Pine Valley Recreation Area","Eligible for Greater Minnesota Designation","Eligible Greater MN","Eligible Regional Park",FALSE,2020-11-16,6454,"Weekly StreetLight"
"Pine Valley Recreation Area","Eligible for Greater Minnesota Designation","Eligible Greater MN","Eligible Regional Park",FALSE,2020-11-23,1449,"Weekly StreetLight"
"Pine Valley Recreation Area","Eligible for Greater Minnesota Designation","Eligible Greater MN","Eligible Regional Park",FALSE,2020-11-30,2268,"Weekly StreetLight"
"Pine Valley Recreation Area","Eligible for Greater Minnesota Designation","Eligible Greater MN","Eligible Regional Park",FALSE,2020-12-07,1876,"Weekly StreetLight"
"Pine Valley Recreation Area","Eligible for Greater Minnesota Designation","Eligible Greater MN","Eligible Regional Park",FALSE,2020-12-14,2261,"Weekly StreetLight"
"Pine Valley Recreation Area","Eligible for Greater Minnesota Designation","Eligible Greater MN","Eligible Regional Park",FALSE,2020-12-21,1876,"Weekly StreetLight"
"Pine Valley Recreation Area","Eligible for Greater Minnesota Designation","Eligible Greater MN","Eligible Regional Park",FALSE,2020-12-28,3073,"Weekly StreetLight"
"Pine Valley Recreation Area","Eligible for Greater Minnesota Designation","Eligible Greater MN","Eligible Regional Park",FALSE,2021-01-04,7329,"Weekly StreetLight"
"Pine Valley Recreation Area","Eligible for Greater Minnesota Designation","Eligible Greater MN","Eligible Regional Park",FALSE,2021-01-11,9184,"Weekly StreetLight"
"Pine Valley Recreation Area","Eligible for Greater Minnesota Designation","Eligible Greater MN","Eligible Regional Park",FALSE,2021-01-18,11109,"Weekly StreetLight"
"Pine Valley Recreation Area","Eligible for Greater Minnesota Designation","Eligible Greater MN","Eligible Regional Park",FALSE,2021-01-25,10500,"Weekly StreetLight"
"Pine Valley Recreation Area","Eligible for Greater Minnesota Designation","Eligible Greater MN","Eligible Regional Park",FALSE,2021-02-01,9016,"Weekly StreetLight"
"Pine Valley Recreation Area","Eligible for Greater Minnesota Designation","Eligible Greater MN","Eligible Regional Park",FALSE,2021-02-08,7875,"Weekly StreetLight"
"Pine Valley Recreation Area","Eligible for Greater Minnesota Designation","Eligible Greater MN","Eligible Regional Park",FALSE,2021-02-15,9765,"Weekly StreetLight"
"Pine Valley Recreation Area","Eligible for Greater Minnesota Designation","Eligible Greater MN","Eligible Regional Park",FALSE,2021-02-22,9513,"Weekly StreetLight"
"Pine Valley Recreation Area","Eligible for Greater Minnesota Designation","Eligible Greater MN","Eligible Regional Park",FALSE,2021-03-01,9765,"Weekly StreetLight"
"Pine Valley Recreation Area","Eligible for Greater Minnesota Designation","Eligible Greater MN","Eligible Regional Park",FALSE,2021-03-08,9520,"Weekly StreetLight"
"Pine Valley Recreation Area","Eligible for Greater Minnesota Designation","Eligible Greater MN","Eligible Regional Park",FALSE,2021-03-15,10339,"Weekly StreetLight"
"Pine Valley Recreation Area","Eligible for Greater Minnesota Designation","Eligible Greater MN","Eligible Regional Park",FALSE,2021-03-22,5502,"Weekly StreetLight"
"Pine Valley Recreation Area","Eligible for Greater Minnesota Designation","Eligible Greater MN","Eligible Regional Park",FALSE,2021-03-29,4277,"Weekly StreetLight"
"Pine Valley Recreation Area","Eligible for Greater Minnesota Designation","Eligible Greater MN","Eligible Regional Park",FALSE,2021-04-05,4725,"Weekly StreetLight"
"Pine Valley Recreation Area","Eligible for Greater Minnesota Designation","Eligible Greater MN","Eligible Regional Park",FALSE,2021-04-12,5600,"Weekly StreetLight"
"Pine Valley Recreation Area","Eligible for Greater Minnesota Designation","Eligible Greater MN","Eligible Regional Park",FALSE,2021-04-19,4375,"Weekly StreetLight"
"Pine Valley Recreation Area","Eligible for Greater Minnesota Designation","Eligible Greater MN","Eligible Regional Park",FALSE,2021-04-26,6125,"Weekly StreetLight"
"Pine Valley Recreation Area","Eligible for Greater Minnesota Designation","Eligible Greater MN","Eligible Regional Park",FALSE,2021-05-03,4396,"Weekly StreetLight"
"Pine Valley Recreation Area","Eligible for Greater Minnesota Designation","Eligible Greater MN","Eligible Regional Park",FALSE,2021-05-10,3220,"Weekly StreetLight"
"Pine Valley Recreation Area","Eligible for Greater Minnesota Designation","Eligible Greater MN","Eligible Regional Park",FALSE,2021-05-17,3451,"Weekly StreetLight"
"Pine Valley Recreation Area","Eligible for Greater Minnesota Designation","Eligible Greater MN","Eligible Regional Park",FALSE,2021-05-24,2744,"Weekly StreetLight"
"Pine Valley Recreation Area","Eligible for Greater Minnesota Designation","Eligible Greater MN","Eligible Regional Park",FALSE,2021-05-31,2632,"Weekly StreetLight"
"Pine Valley Recreation Area","Eligible for Greater Minnesota Designation","Eligible Greater MN","Eligible Regional Park",FALSE,2021-06-07,3199,"Weekly StreetLight"
"Pine Valley Recreation Area","Eligible for Greater Minnesota Designation","Eligible Greater MN","Eligible Regional Park",FALSE,2021-06-14,4130,"Weekly StreetLight"
"Pine Valley Recreation Area","Eligible for Greater Minnesota Designation","Eligible Greater MN","Eligible Regional Park",FALSE,2021-06-21,4130,"Weekly StreetLight"
"Pine Valley Recreation Area","Eligible for Greater Minnesota Designation","Eligible Greater MN","Eligible Regional Park",FALSE,2021-06-28,3815,"Weekly StreetLight"
"Pine Valley Recreation Area","Eligible for Greater Minnesota Designation","Eligible Greater MN","Eligible Regional Park",FALSE,2021-07-05,2464,"Weekly StreetLight"
"Pine Valley Recreation Area","Eligible for Greater Minnesota Designation","Eligible Greater MN","Eligible Regional Park",FALSE,2021-07-12,7245,"Weekly StreetLight"
"Pine Valley Recreation Area","Eligible for Greater Minnesota Designation","Eligible Greater MN","Eligible Regional Park",FALSE,2021-07-19,3780,"Weekly StreetLight"
"Pine Valley Recreation Area","Eligible for Greater Minnesota Designation","Eligible Greater MN","Eligible Regional Park",FALSE,2021-07-26,6034,"Weekly StreetLight"
"Pine Valley Recreation Area","Eligible for Greater Minnesota Designation","Eligible Greater MN","Eligible Regional Park",FALSE,2021-08-02,2282,"Weekly StreetLight"
"Pine Valley Recreation Area","Eligible for Greater Minnesota Designation","Eligible Greater MN","Eligible Regional Park",FALSE,2021-08-09,2625,"Weekly StreetLight"
"Pine Valley Recreation Area","Eligible for Greater Minnesota Designation","Eligible Greater MN","Eligible Regional Park",FALSE,2021-08-16,3199,"Weekly StreetLight"
"Pine Valley Recreation Area","Eligible for Greater Minnesota Designation","Eligible Greater MN","Eligible Regional Park",FALSE,2021-08-23,2191,"Weekly StreetLight"
"Pine Valley Recreation Area","Eligible for Greater Minnesota Designation","Eligible Greater MN","Eligible Regional Park",FALSE,2021-08-30,3150,"Weekly StreetLight"
"Pine Valley Recreation Area","Eligible for Greater Minnesota Designation","Eligible Greater MN","Eligible Regional Park",FALSE,2021-09-06,5803,"Weekly StreetLight"
"Pine Valley Recreation Area","Eligible for Greater Minnesota Designation","Eligible Greater MN","Eligible Regional Park",FALSE,2021-09-13,5299,"Weekly StreetLight"
"Pine Valley Recreation Area","Eligible for Greater Minnesota Designation","Eligible Greater MN","Eligible Regional Park",FALSE,2021-09-20,4508,"Weekly StreetLight"
"Pine Valley Recreation Area","Eligible for Greater Minnesota Designation","Eligible Greater MN","Eligible Regional Park",FALSE,2021-09-27,5866,"Weekly StreetLight"
"Pine Valley Recreation Area","Eligible for Greater Minnesota Designation","Eligible Greater MN","Eligible Regional Park",FALSE,2021-10-04,5320,"Weekly StreetLight"
"Pine Valley Recreation Area","Eligible for Greater Minnesota Designation","Eligible Greater MN","Eligible Regional Park",FALSE,2021-10-11,5439,"Weekly StreetLight"
"Pine Valley Recreation Area","Eligible for Greater Minnesota Designation","Eligible Greater MN","Eligible Regional Park",FALSE,2021-10-18,5551,"Weekly StreetLight"
"Pine Valley Recreation Area","Eligible for Greater Minnesota Designation","Eligible Greater MN","Eligible Regional Park",FALSE,2021-10-25,5208,"Weekly StreetLight"
"Pine Valley Recreation Area","Eligible for Greater Minnesota Designation","Eligible Greater MN","Eligible Regional Park",FALSE,2021-11-01,4725,"Weekly StreetLight"
"Pine Valley Recreation Area","Eligible for Greater Minnesota Designation","Eligible Greater MN","Eligible Regional Park",FALSE,2021-11-08,5005,"Weekly StreetLight"
"Pine Valley Recreation Area","Eligible for Greater Minnesota Designation","Eligible Greater MN","Eligible Regional Park",FALSE,2021-11-15,6685,"Weekly StreetLight"
"Pine Valley Recreation Area","Eligible for Greater Minnesota Designation","Eligible Greater MN","Eligible Regional Park",FALSE,2021-11-22,5005,"Weekly StreetLight"
"Pine Valley Recreation Area","Eligible for Greater Minnesota Designation","Eligible Greater MN","Eligible Regional Park",FALSE,2021-11-29,6335,"Weekly StreetLight"
"Pine Valley Recreation Area","Eligible for Greater Minnesota Designation","Eligible Greater MN","Eligible Regional Park",FALSE,2021-12-06,5656,"Weekly StreetLight"
"Pine Valley Recreation Area","Eligible for Greater Minnesota Designation","Eligible Greater MN","Eligible Regional Park",FALSE,2021-12-13,6510,"Weekly StreetLight"
"Pine Valley Recreation Area","Eligible for Greater Minnesota Designation","Eligible Greater MN","Eligible Regional Park",FALSE,2021-12-20,3157,"Weekly StreetLight"
"Pine Valley Recreation Area","Eligible for Greater Minnesota Designation","Eligible Greater MN","Eligible Regional Park",FALSE,2021-12-27,5810,"Weekly StreetLight"
"River Bluffs Park","Eligible for Greater Minnesota Designation","Eligible Greater MN","Eligible Regional Park",FALSE,2017-11-27,266,"Weekly StreetLight"
"River Bluffs Park","Eligible for Greater Minnesota Designation","Eligible Greater MN","Eligible Regional Park",FALSE,2017-12-04,259,"Imputed"
"River Bluffs Park","Eligible for Greater Minnesota Designation","Eligible Greater MN","Eligible Regional Park",FALSE,2017-12-11,238,"Imputed"
"River Bluffs Park","Eligible for Greater Minnesota Designation","Eligible Greater MN","Eligible Regional Park",FALSE,2017-12-18,189,"Imputed"
"River Bluffs Park","Eligible for Greater Minnesota Designation","Eligible Greater MN","Eligible Regional Park",FALSE,2017-12-25,105,"Imputed"
"River Bluffs Park","Eligible for Greater Minnesota Designation","Eligible Greater MN","Eligible Regional Park",FALSE,2018-01-01,56,"Imputed"
"River Bluffs Park","Eligible for Greater Minnesota Designation","Eligible Greater MN","Eligible Regional Park",FALSE,2018-01-08,63,"Imputed"
"River Bluffs Park","Eligible for Greater Minnesota Designation","Eligible Greater MN","Eligible Regional Park",FALSE,2018-01-15,42,"Biweekly StreetLight"
"River Bluffs Park","Eligible for Greater Minnesota Designation","Eligible Greater MN","Eligible Regional Park",FALSE,2018-01-22,77,"Weekly StreetLight"
"River Bluffs Park","Eligible for Greater Minnesota Designation","Eligible Greater MN","Eligible Regional Park",FALSE,2018-01-29,77,"Weekly StreetLight"
"River Bluffs Park","Eligible for Greater Minnesota Designation","Eligible Greater MN","Eligible Regional Park",FALSE,2018-02-05,147,"Weekly StreetLight"
"River Bluffs Park","Eligible for Greater Minnesota Designation","Eligible Greater MN","Eligible Regional Park",FALSE,2018-02-12,77,"Weekly StreetLight"
"River Bluffs Park","Eligible for Greater Minnesota Designation","Eligible Greater MN","Eligible Regional Park",FALSE,2018-02-19,77,"Weekly StreetLight"
"River Bluffs Park","Eligible for Greater Minnesota Designation","Eligible Greater MN","Eligible Regional Park",FALSE,2018-02-26,77,"Weekly StreetLight"
"River Bluffs Park","Eligible for Greater Minnesota Designation","Eligible Greater MN","Eligible Regional Park",FALSE,2018-03-05,77,"Weekly StreetLight"
"River Bluffs Park","Eligible for Greater Minnesota Designation","Eligible Greater MN","Eligible Regional Park",FALSE,2018-03-12,224,"Weekly StreetLight"
"River Bluffs Park","Eligible for Greater Minnesota Designation","Eligible Greater MN","Eligible Regional Park",FALSE,2018-03-19,77,"Weekly StreetLight"
"River Bluffs Park","Eligible for Greater Minnesota Designation","Eligible Greater MN","Eligible Regional Park",FALSE,2018-03-26,112,"Biweekly StreetLight"
"River Bluffs Park","Eligible for Greater Minnesota Designation","Eligible Greater MN","Eligible Regional Park",FALSE,2018-04-02,231,"Weekly StreetLight"
"River Bluffs Park","Eligible for Greater Minnesota Designation","Eligible Greater MN","Eligible Regional Park",FALSE,2018-04-09,231,"Weekly StreetLight"
"River Bluffs Park","Eligible for Greater Minnesota Designation","Eligible Greater MN","Eligible Regional Park",FALSE,2018-04-16,77,"Weekly StreetLight"
"River Bluffs Park","Eligible for Greater Minnesota Designation","Eligible Greater MN","Eligible Regional Park",FALSE,2018-04-23,686,"Weekly StreetLight"
"River Bluffs Park","Eligible for Greater Minnesota Designation","Eligible Greater MN","Eligible Regional Park",FALSE,2018-04-30,1071,"Weekly StreetLight"
"River Bluffs Park","Eligible for Greater Minnesota Designation","Eligible Greater MN","Eligible Regional Park",FALSE,2018-05-07,1337,"Weekly StreetLight"
"River Bluffs Park","Eligible for Greater Minnesota Designation","Eligible Greater MN","Eligible Regional Park",FALSE,2018-05-14,1470,"Weekly StreetLight"
"River Bluffs Park","Eligible for Greater Minnesota Designation","Eligible Greater MN","Eligible Regional Park",FALSE,2018-05-21,1596,"Weekly StreetLight"
"River Bluffs Park","Eligible for Greater Minnesota Designation","Eligible Greater MN","Eligible Regional Park",FALSE,2018-05-28,1302,"Weekly StreetLight"
"River Bluffs Park","Eligible for Greater Minnesota Designation","Eligible Greater MN","Eligible Regional Park",FALSE,2018-06-04,2212,"Weekly StreetLight"
"River Bluffs Park","Eligible for Greater Minnesota Designation","Eligible Greater MN","Eligible Regional Park",FALSE,2018-06-11,1477,"Weekly StreetLight"
"River Bluffs Park","Eligible for Greater Minnesota Designation","Eligible Greater MN","Eligible Regional Park",FALSE,2018-06-18,2016,"Weekly StreetLight"
"River Bluffs Park","Eligible for Greater Minnesota Designation","Eligible Greater MN","Eligible Regional Park",FALSE,2018-06-25,1610,"Weekly StreetLight"
"River Bluffs Park","Eligible for Greater Minnesota Designation","Eligible Greater MN","Eligible Regional Park",FALSE,2018-07-02,1610,"Weekly StreetLight"
"River Bluffs Park","Eligible for Greater Minnesota Designation","Eligible Greater MN","Eligible Regional Park",FALSE,2018-07-09,1274,"Weekly StreetLight"
"River Bluffs Park","Eligible for Greater Minnesota Designation","Eligible Greater MN","Eligible Regional Park",FALSE,2018-07-16,539,"Weekly StreetLight"
"River Bluffs Park","Eligible for Greater Minnesota Designation","Eligible Greater MN","Eligible Regional Park",FALSE,2018-07-23,1211,"Weekly StreetLight"
"River Bluffs Park","Eligible for Greater Minnesota Designation","Eligible Greater MN","Eligible Regional Park",FALSE,2018-07-30,1904,"Weekly StreetLight"
"River Bluffs Park","Eligible for Greater Minnesota Designation","Eligible Greater MN","Eligible Regional Park",FALSE,2018-08-06,1456,"Weekly StreetLight"
"River Bluffs Park","Eligible for Greater Minnesota Designation","Eligible Greater MN","Eligible Regional Park",FALSE,2018-08-13,1092,"Weekly StreetLight"
"River Bluffs Park","Eligible for Greater Minnesota Designation","Eligible Greater MN","Eligible Regional Park",FALSE,2018-08-20,1638,"Weekly StreetLight"
"River Bluffs Park","Eligible for Greater Minnesota Designation","Eligible Greater MN","Eligible Regional Park",FALSE,2018-08-27,1547,"Weekly StreetLight"
"River Bluffs Park","Eligible for Greater Minnesota Designation","Eligible Greater MN","Eligible Regional Park",FALSE,2018-09-03,1001,"Weekly StreetLight"
"River Bluffs Park","Eligible for Greater Minnesota Designation","Eligible Greater MN","Eligible Regional Park",FALSE,2018-09-10,1617,"Weekly StreetLight"
"River Bluffs Park","Eligible for Greater Minnesota Designation","Eligible Greater MN","Eligible Regional Park",FALSE,2018-09-17,889,"Weekly StreetLight"
"River Bluffs Park","Eligible for Greater Minnesota Designation","Eligible Greater MN","Eligible Regional Park",FALSE,2018-09-24,777,"Weekly StreetLight"
"River Bluffs Park","Eligible for Greater Minnesota Designation","Eligible Greater MN","Eligible Regional Park",FALSE,2018-10-01,1001,"Weekly StreetLight"
"River Bluffs Park","Eligible for Greater Minnesota Designation","Eligible Greater MN","Eligible Regional Park",FALSE,2018-10-08,224,"Weekly StreetLight"
"River Bluffs Park","Eligible for Greater Minnesota Designation","Eligible Greater MN","Eligible Regional Park",FALSE,2018-10-15,553,"Weekly StreetLight"
"River Bluffs Park","Eligible for Greater Minnesota Designation","Eligible Greater MN","Eligible Regional Park",FALSE,2018-10-22,441,"Weekly StreetLight"
"River Bluffs Park","Eligible for Greater Minnesota Designation","Eligible Greater MN","Eligible Regional Park",FALSE,2018-10-29,602,"Weekly StreetLight"
"River Bluffs Park","Eligible for Greater Minnesota Designation","Eligible Greater MN","Eligible Regional Park",FALSE,2018-11-05,266,"Weekly StreetLight"
"River Bluffs Park","Eligible for Greater Minnesota Designation","Eligible Greater MN","Eligible Regional Park",FALSE,2018-11-12,105,"Weekly StreetLight"
"River Bluffs Park","Eligible for Greater Minnesota Designation","Eligible Greater MN","Eligible Regional Park",FALSE,2018-11-19,371,"Weekly StreetLight"
"River Bluffs Park","Eligible for Greater Minnesota Designation","Eligible Greater MN","Eligible Regional Park",FALSE,2018-11-26,105,"Weekly StreetLight"
"River Bluffs Park","Eligible for Greater Minnesota Designation","Eligible Greater MN","Eligible Regional Park",FALSE,2018-12-03,154,"Weekly StreetLight"
"River Bluffs Park","Eligible for Greater Minnesota Designation","Eligible Greater MN","Eligible Regional Park",FALSE,2018-12-10,49,"Weekly StreetLight"
"River Bluffs Park","Eligible for Greater Minnesota Designation","Eligible Greater MN","Eligible Regional Park",FALSE,2018-12-17,49,"Weekly StreetLight"
"River Bluffs Park","Eligible for Greater Minnesota Designation","Eligible Greater MN","Eligible Regional Park",FALSE,2018-12-24,49,"Weekly StreetLight"
"River Bluffs Park","Eligible for Greater Minnesota Designation","Eligible Greater MN","Eligible Regional Park",FALSE,2018-12-31,448,"Weekly StreetLight"
"River Bluffs Park","Eligible for Greater Minnesota Designation","Eligible Greater MN","Eligible Regional Park",FALSE,2019-01-07,210,"Weekly StreetLight"
"River Bluffs Park","Eligible for Greater Minnesota Designation","Eligible Greater MN","Eligible Regional Park",FALSE,2019-01-14,133,"Weekly StreetLight"
"River Bluffs Park","Eligible for Greater Minnesota Designation","Eligible Greater MN","Eligible Regional Park",FALSE,2019-01-21,210,"Weekly StreetLight"
"River Bluffs Park","Eligible for Greater Minnesota Designation","Eligible Greater MN","Eligible Regional Park",FALSE,2019-01-28,133,"Biweekly StreetLight"
"River Bluffs Park","Eligible for Greater Minnesota Designation","Eligible Greater MN","Eligible Regional Park",FALSE,2019-02-04,259,"Weekly StreetLight"
"River Bluffs Park","Eligible for Greater Minnesota Designation","Eligible Greater MN","Eligible Regional Park",FALSE,2019-02-11,28,"Weekly StreetLight"
"River Bluffs Park","Eligible for Greater Minnesota Designation","Eligible Greater MN","Eligible Regional Park",FALSE,2019-02-18,231,"Weekly StreetLight"
"River Bluffs Park","Eligible for Greater Minnesota Designation","Eligible Greater MN","Eligible Regional Park",FALSE,2019-02-25,147,"Weekly StreetLight"
"River Bluffs Park","Eligible for Greater Minnesota Designation","Eligible Greater MN","Eligible Regional Park",FALSE,2019-03-04,315,"Weekly StreetLight"
"River Bluffs Park","Eligible for Greater Minnesota Designation","Eligible Greater MN","Eligible Regional Park",FALSE,2019-03-11,84,"Weekly StreetLight"
"River Bluffs Park","Eligible for Greater Minnesota Designation","Eligible Greater MN","Eligible Regional Park",FALSE,2019-03-18,259,"Weekly StreetLight"
"River Bluffs Park","Eligible for Greater Minnesota Designation","Eligible Greater MN","Eligible Regional Park",FALSE,2019-03-25,175,"Weekly StreetLight"
"River Bluffs Park","Eligible for Greater Minnesota Designation","Eligible Greater MN","Eligible Regional Park",FALSE,2019-04-01,189,"Weekly StreetLight"
"River Bluffs Park","Eligible for Greater Minnesota Designation","Eligible Greater MN","Eligible Regional Park",FALSE,2019-04-08,378,"Weekly StreetLight"
"River Bluffs Park","Eligible for Greater Minnesota Designation","Eligible Greater MN","Eligible Regional Park",FALSE,2019-04-15,651,"Weekly StreetLight"
"River Bluffs Park","Eligible for Greater Minnesota Designation","Eligible Greater MN","Eligible Regional Park",FALSE,2019-04-22,623,"Weekly StreetLight"
"River Bluffs Park","Eligible for Greater Minnesota Designation","Eligible Greater MN","Eligible Regional Park",FALSE,2019-04-29,616,"Weekly StreetLight"
"River Bluffs Park","Eligible for Greater Minnesota Designation","Eligible Greater MN","Eligible Regional Park",FALSE,2019-05-06,595,"Weekly StreetLight"
"River Bluffs Park","Eligible for Greater Minnesota Designation","Eligible Greater MN","Eligible Regional Park",FALSE,2019-05-13,623,"Weekly StreetLight"
"River Bluffs Park","Eligible for Greater Minnesota Designation","Eligible Greater MN","Eligible Regional Park",FALSE,2019-05-20,546,"Weekly StreetLight"
"River Bluffs Park","Eligible for Greater Minnesota Designation","Eligible Greater MN","Eligible Regional Park",FALSE,2019-05-27,518,"Weekly StreetLight"
"River Bluffs Park","Eligible for Greater Minnesota Designation","Eligible Greater MN","Eligible Regional Park",FALSE,2019-06-03,819,"Weekly StreetLight"
"River Bluffs Park","Eligible for Greater Minnesota Designation","Eligible Greater MN","Eligible Regional Park",FALSE,2019-06-10,938,"Weekly StreetLight"
"River Bluffs Park","Eligible for Greater Minnesota Designation","Eligible Greater MN","Eligible Regional Park",FALSE,2019-06-17,651,"Weekly StreetLight"
"River Bluffs Park","Eligible for Greater Minnesota Designation","Eligible Greater MN","Eligible Regional Park",FALSE,2019-06-24,721,"Weekly StreetLight"
"River Bluffs Park","Eligible for Greater Minnesota Designation","Eligible Greater MN","Eligible Regional Park",FALSE,2019-07-01,630,"Weekly StreetLight"
"River Bluffs Park","Eligible for Greater Minnesota Designation","Eligible Greater MN","Eligible Regional Park",FALSE,2019-07-08,413,"Weekly StreetLight"
"River Bluffs Park","Eligible for Greater Minnesota Designation","Eligible Greater MN","Eligible Regional Park",FALSE,2019-07-15,364,"Weekly StreetLight"
"River Bluffs Park","Eligible for Greater Minnesota Designation","Eligible Greater MN","Eligible Regional Park",FALSE,2019-07-22,245,"Weekly StreetLight"
"River Bluffs Park","Eligible for Greater Minnesota Designation","Eligible Greater MN","Eligible Regional Park",FALSE,2019-07-29,707,"Weekly StreetLight"
"River Bluffs Park","Eligible for Greater Minnesota Designation","Eligible Greater MN","Eligible Regional Park",FALSE,2019-08-05,630,"Weekly StreetLight"
"River Bluffs Park","Eligible for Greater Minnesota Designation","Eligible Greater MN","Eligible Regional Park",FALSE,2019-08-12,581,"Weekly StreetLight"
"River Bluffs Park","Eligible for Greater Minnesota Designation","Eligible Greater MN","Eligible Regional Park",FALSE,2019-08-19,441,"Weekly StreetLight"
"River Bluffs Park","Eligible for Greater Minnesota Designation","Eligible Greater MN","Eligible Regional Park",FALSE,2019-08-26,560,"Weekly StreetLight"
"River Bluffs Park","Eligible for Greater Minnesota Designation","Eligible Greater MN","Eligible Regional Park",FALSE,2019-09-02,413,"Weekly StreetLight"
"River Bluffs Park","Eligible for Greater Minnesota Designation","Eligible Greater MN","Eligible Regional Park",FALSE,2019-09-09,441,"Weekly StreetLight"
"River Bluffs Park","Eligible for Greater Minnesota Designation","Eligible Greater MN","Eligible Regional Park",FALSE,2019-09-16,462,"Weekly StreetLight"
"River Bluffs Park","Eligible for Greater Minnesota Designation","Eligible Greater MN","Eligible Regional Park",FALSE,2019-09-23,588,"Weekly StreetLight"
"River Bluffs Park","Eligible for Greater Minnesota Designation","Eligible Greater MN","Eligible Regional Park",FALSE,2019-09-30,364,"Weekly StreetLight"
"River Bluffs Park","Eligible for Greater Minnesota Designation","Eligible Greater MN","Eligible Regional Park",FALSE,2019-10-07,238,"Weekly StreetLight"
"River Bluffs Park","Eligible for Greater Minnesota Designation","Eligible Greater MN","Eligible Regional Park",FALSE,2019-10-14,343,"Weekly StreetLight"
"River Bluffs Park","Eligible for Greater Minnesota Designation","Eligible Greater MN","Eligible Regional Park",FALSE,2019-10-21,364,"Weekly StreetLight"
"River Bluffs Park","Eligible for Greater Minnesota Designation","Eligible Greater MN","Eligible Regional Park",FALSE,2019-10-28,371,"Weekly StreetLight"
"River Bluffs Park","Eligible for Greater Minnesota Designation","Eligible Greater MN","Eligible Regional Park",FALSE,2019-11-04,371,"Weekly StreetLight"
"River Bluffs Park","Eligible for Greater Minnesota Designation","Eligible Greater MN","Eligible Regional Park",FALSE,2019-11-11,189,"Weekly StreetLight"
"River Bluffs Park","Eligible for Greater Minnesota Designation","Eligible Greater MN","Eligible Regional Park",FALSE,2019-11-18,189,"Weekly StreetLight"
"River Bluffs Park","Eligible for Greater Minnesota Designation","Eligible Greater MN","Eligible Regional Park",FALSE,2019-11-25,77,"Weekly StreetLight"
"River Bluffs Park","Eligible for Greater Minnesota Designation","Eligible Greater MN","Eligible Regional Park",FALSE,2019-12-02,126,"Weekly StreetLight"
"River Bluffs Park","Eligible for Greater Minnesota Designation","Eligible Greater MN","Eligible Regional Park",FALSE,2019-12-09,154,"Weekly StreetLight"
"River Bluffs Park","Eligible for Greater Minnesota Designation","Eligible Greater MN","Eligible Regional Park",FALSE,2019-12-16,77,"Weekly StreetLight"
"River Bluffs Park","Eligible for Greater Minnesota Designation","Eligible Greater MN","Eligible Regional Park",FALSE,2019-12-23,77,"Weekly StreetLight"
"River Bluffs Park","Eligible for Greater Minnesota Designation","Eligible Greater MN","Eligible Regional Park",FALSE,2019-12-30,189,"Weekly StreetLight"
"River Bluffs Park","Eligible for Greater Minnesota Designation","Eligible Greater MN","Eligible Regional Park",FALSE,2020-01-06,21,"Weekly StreetLight"
"River Bluffs Park","Eligible for Greater Minnesota Designation","Eligible Greater MN","Eligible Regional Park",FALSE,2020-01-13,91,"Weekly StreetLight"
"River Bluffs Park","Eligible for Greater Minnesota Designation","Eligible Greater MN","Eligible Regional Park",FALSE,2020-01-20,91,"Weekly StreetLight"
"River Bluffs Park","Eligible for Greater Minnesota Designation","Eligible Greater MN","Eligible Regional Park",FALSE,2020-01-27,161,"Weekly StreetLight"
"River Bluffs Park","Eligible for Greater Minnesota Designation","Eligible Greater MN","Eligible Regional Park",FALSE,2020-02-03,42,"Weekly StreetLight"
"River Bluffs Park","Eligible for Greater Minnesota Designation","Eligible Greater MN","Eligible Regional Park",FALSE,2020-02-10,63,"Weekly StreetLight"
"River Bluffs Park","Eligible for Greater Minnesota Designation","Eligible Greater MN","Eligible Regional Park",FALSE,2020-02-17,63,"Weekly StreetLight"
"River Bluffs Park","Eligible for Greater Minnesota Designation","Eligible Greater MN","Eligible Regional Park",FALSE,2020-02-24,133,"Weekly StreetLight"
"River Bluffs Park","Eligible for Greater Minnesota Designation","Eligible Greater MN","Eligible Regional Park",FALSE,2020-03-02,126,"Weekly StreetLight"
"River Bluffs Park","Eligible for Greater Minnesota Designation","Eligible Greater MN","Eligible Regional Park",FALSE,2020-03-09,329,"Weekly StreetLight"
"River Bluffs Park","Eligible for Greater Minnesota Designation","Eligible Greater MN","Eligible Regional Park",FALSE,2020-03-16,175,"Weekly StreetLight"
"River Bluffs Park","Eligible for Greater Minnesota Designation","Eligible Greater MN","Eligible Regional Park",FALSE,2020-03-23,154,"Weekly StreetLight"
"River Bluffs Park","Eligible for Greater Minnesota Designation","Eligible Greater MN","Eligible Regional Park",FALSE,2020-03-30,210,"Weekly StreetLight"
"River Bluffs Park","Eligible for Greater Minnesota Designation","Eligible Greater MN","Eligible Regional Park",FALSE,2020-04-06,637,"Weekly StreetLight"
"River Bluffs Park","Eligible for Greater Minnesota Designation","Eligible Greater MN","Eligible Regional Park",FALSE,2020-04-13,693,"Weekly StreetLight"
"River Bluffs Park","Eligible for Greater Minnesota Designation","Eligible Greater MN","Eligible Regional Park",FALSE,2020-04-20,1071,"Weekly StreetLight"
"River Bluffs Park","Eligible for Greater Minnesota Designation","Eligible Greater MN","Eligible Regional Park",FALSE,2020-04-27,819,"Weekly StreetLight"
"River Bluffs Park","Eligible for Greater Minnesota Designation","Eligible Greater MN","Eligible Regional Park",FALSE,2020-05-04,994,"Weekly StreetLight"
"River Bluffs Park","Eligible for Greater Minnesota Designation","Eligible Greater MN","Eligible Regional Park",FALSE,2020-05-11,770,"Weekly StreetLight"
"River Bluffs Park","Eligible for Greater Minnesota Designation","Eligible Greater MN","Eligible Regional Park",FALSE,2020-05-18,1022,"Weekly StreetLight"
"River Bluffs Park","Eligible for Greater Minnesota Designation","Eligible Greater MN","Eligible Regional Park",FALSE,2020-05-25,742,"Weekly StreetLight"
"River Bluffs Park","Eligible for Greater Minnesota Designation","Eligible Greater MN","Eligible Regional Park",FALSE,2020-06-01,588,"Weekly StreetLight"
"River Bluffs Park","Eligible for Greater Minnesota Designation","Eligible Greater MN","Eligible Regional Park",FALSE,2020-06-08,805,"Weekly StreetLight"
"River Bluffs Park","Eligible for Greater Minnesota Designation","Eligible Greater MN","Eligible Regional Park",FALSE,2020-06-15,644,"Weekly StreetLight"
"River Bluffs Park","Eligible for Greater Minnesota Designation","Eligible Greater MN","Eligible Regional Park",FALSE,2020-06-22,833,"Weekly StreetLight"
"River Bluffs Park","Eligible for Greater Minnesota Designation","Eligible Greater MN","Eligible Regional Park",FALSE,2020-06-29,553,"Weekly StreetLight"
"River Bluffs Park","Eligible for Greater Minnesota Designation","Eligible Greater MN","Eligible Regional Park",FALSE,2020-07-06,616,"Weekly StreetLight"
"River Bluffs Park","Eligible for Greater Minnesota Designation","Eligible Greater MN","Eligible Regional Park",FALSE,2020-07-13,1134,"Weekly StreetLight"
"River Bluffs Park","Eligible for Greater Minnesota Designation","Eligible Greater MN","Eligible Regional Park",FALSE,2020-07-20,462,"Weekly StreetLight"
"River Bluffs Park","Eligible for Greater Minnesota Designation","Eligible Greater MN","Eligible Regional Park",FALSE,2020-07-27,553,"Weekly StreetLight"
"River Bluffs Park","Eligible for Greater Minnesota Designation","Eligible Greater MN","Eligible Regional Park",FALSE,2020-08-03,777,"Weekly StreetLight"
"River Bluffs Park","Eligible for Greater Minnesota Designation","Eligible Greater MN","Eligible Regional Park",FALSE,2020-08-10,350,"Weekly StreetLight"
"River Bluffs Park","Eligible for Greater Minnesota Designation","Eligible Greater MN","Eligible Regional Park",FALSE,2020-08-17,805,"Weekly StreetLight"
"River Bluffs Park","Eligible for Greater Minnesota Designation","Eligible Greater MN","Eligible Regional Park",FALSE,2020-08-24,700,"Weekly StreetLight"
"River Bluffs Park","Eligible for Greater Minnesota Designation","Eligible Greater MN","Eligible Regional Park",FALSE,2020-08-31,777,"Weekly StreetLight"
"River Bluffs Park","Eligible for Greater Minnesota Designation","Eligible Greater MN","Eligible Regional Park",FALSE,2020-09-07,518,"Weekly StreetLight"
"River Bluffs Park","Eligible for Greater Minnesota Designation","Eligible Greater MN","Eligible Regional Park",FALSE,2020-09-14,406,"Weekly StreetLight"
"River Bluffs Park","Eligible for Greater Minnesota Designation","Eligible Greater MN","Eligible Regional Park",FALSE,2020-09-21,868,"Weekly StreetLight"
"River Bluffs Park","Eligible for Greater Minnesota Designation","Eligible Greater MN","Eligible Regional Park",FALSE,2020-09-28,609,"Weekly StreetLight"
"River Bluffs Park","Eligible for Greater Minnesota Designation","Eligible Greater MN","Eligible Regional Park",FALSE,2020-10-05,693,"Weekly StreetLight"
"River Bluffs Park","Eligible for Greater Minnesota Designation","Eligible Greater MN","Eligible Regional Park",FALSE,2020-10-12,406,"Weekly StreetLight"
"River Bluffs Park","Eligible for Greater Minnesota Designation","Eligible Greater MN","Eligible Regional Park",FALSE,2020-10-19,287,"Weekly StreetLight"
"River Bluffs Park","Eligible for Greater Minnesota Designation","Eligible Greater MN","Eligible Regional Park",FALSE,2020-10-26,287,"Weekly StreetLight"
"River Bluffs Park","Eligible for Greater Minnesota Designation","Eligible Greater MN","Eligible Regional Park",FALSE,2020-11-02,861,"Weekly StreetLight"
"River Bluffs Park","Eligible for Greater Minnesota Designation","Eligible Greater MN","Eligible Regional Park",FALSE,2020-11-09,119,"Weekly StreetLight"
"River Bluffs Park","Eligible for Greater Minnesota Designation","Eligible Greater MN","Eligible Regional Park",FALSE,2020-11-16,266,"Weekly StreetLight"
"River Bluffs Park","Eligible for Greater Minnesota Designation","Eligible Greater MN","Eligible Regional Park",FALSE,2020-11-23,182,"Weekly StreetLight"
"River Bluffs Park","Eligible for Greater Minnesota Designation","Eligible Greater MN","Eligible Regional Park",FALSE,2020-11-30,336,"Weekly StreetLight"
"River Bluffs Park","Eligible for Greater Minnesota Designation","Eligible Greater MN","Eligible Regional Park",FALSE,2020-12-07,154,"Weekly StreetLight"
"River Bluffs Park","Eligible for Greater Minnesota Designation","Eligible Greater MN","Eligible Regional Park",FALSE,2020-12-14,182,"Weekly StreetLight"
"River Bluffs Park","Eligible for Greater Minnesota Designation","Eligible Greater MN","Eligible Regional Park",FALSE,2020-12-21,308,"Weekly StreetLight"
"River Bluffs Park","Eligible for Greater Minnesota Designation","Eligible Greater MN","Eligible Regional Park",FALSE,2020-12-28,70,"Weekly StreetLight"
"River Bluffs Park","Eligible for Greater Minnesota Designation","Eligible Greater MN","Eligible Regional Park",FALSE,2021-01-04,126,"Weekly StreetLight"
"River Bluffs Park","Eligible for Greater Minnesota Designation","Eligible Greater MN","Eligible Regional Park",FALSE,2021-01-11,210,"Weekly StreetLight"
"River Bluffs Park","Eligible for Greater Minnesota Designation","Eligible Greater MN","Eligible Regional Park",FALSE,2021-01-18,147,"Weekly StreetLight"
"River Bluffs Park","Eligible for Greater Minnesota Designation","Eligible Greater MN","Eligible Regional Park",FALSE,2021-01-25,63,"Weekly StreetLight"
"River Bluffs Park","Eligible for Greater Minnesota Designation","Eligible Greater MN","Eligible Regional Park",FALSE,2021-02-01,21,"Weekly StreetLight"
"River Bluffs Park","Eligible for Greater Minnesota Designation","Eligible Greater MN","Eligible Regional Park",FALSE,2021-02-08,63,"Weekly StreetLight"
"River Bluffs Park","Eligible for Greater Minnesota Designation","Eligible Greater MN","Eligible Regional Park",FALSE,2021-02-15,147,"Weekly StreetLight"
"River Bluffs Park","Eligible for Greater Minnesota Designation","Eligible Greater MN","Eligible Regional Park",FALSE,2021-02-22,126,"Weekly StreetLight"
"River Bluffs Park","Eligible for Greater Minnesota Designation","Eligible Greater MN","Eligible Regional Park",FALSE,2021-03-01,203,"Weekly StreetLight"
"River Bluffs Park","Eligible for Greater Minnesota Designation","Eligible Greater MN","Eligible Regional Park",FALSE,2021-03-08,259,"Weekly StreetLight"
"River Bluffs Park","Eligible for Greater Minnesota Designation","Eligible Greater MN","Eligible Regional Park",FALSE,2021-03-15,238,"Weekly StreetLight"
"River Bluffs Park","Eligible for Greater Minnesota Designation","Eligible Greater MN","Eligible Regional Park",FALSE,2021-03-22,343,"Weekly StreetLight"
"River Bluffs Park","Eligible for Greater Minnesota Designation","Eligible Greater MN","Eligible Regional Park",FALSE,2021-03-29,539,"Weekly StreetLight"
"River Bluffs Park","Eligible for Greater Minnesota Designation","Eligible Greater MN","Eligible Regional Park",FALSE,2021-04-05,602,"Weekly StreetLight"
"River Bluffs Park","Eligible for Greater Minnesota Designation","Eligible Greater MN","Eligible Regional Park",FALSE,2021-04-12,343,"Weekly StreetLight"
"River Bluffs Park","Eligible for Greater Minnesota Designation","Eligible Greater MN","Eligible Regional Park",FALSE,2021-04-19,693,"Weekly StreetLight"
"River Bluffs Park","Eligible for Greater Minnesota Designation","Eligible Greater MN","Eligible Regional Park",FALSE,2021-04-26,637,"Weekly StreetLight"
"River Bluffs Park","Eligible for Greater Minnesota Designation","Eligible Greater MN","Eligible Regional Park",FALSE,2021-05-03,784,"Weekly StreetLight"
"River Bluffs Park","Eligible for Greater Minnesota Designation","Eligible Greater MN","Eligible Regional Park",FALSE,2021-05-10,784,"Weekly StreetLight"
"River Bluffs Park","Eligible for Greater Minnesota Designation","Eligible Greater MN","Eligible Regional Park",FALSE,2021-05-17,441,"Weekly StreetLight"
"River Bluffs Park","Eligible for Greater Minnesota Designation","Eligible Greater MN","Eligible Regional Park",FALSE,2021-05-24,1036,"Weekly StreetLight"
"River Bluffs Park","Eligible for Greater Minnesota Designation","Eligible Greater MN","Eligible Regional Park",FALSE,2021-05-31,791,"Weekly StreetLight"
"River Bluffs Park","Eligible for Greater Minnesota Designation","Eligible Greater MN","Eligible Regional Park",FALSE,2021-06-07,238,"Weekly StreetLight"
"River Bluffs Park","Eligible for Greater Minnesota Designation","Eligible Greater MN","Eligible Regional Park",FALSE,2021-06-14,539,"Weekly StreetLight"
"River Bluffs Park","Eligible for Greater Minnesota Designation","Eligible Greater MN","Eligible Regional Park",FALSE,2021-06-21,119,"Weekly StreetLight"
"River Bluffs Park","Eligible for Greater Minnesota Designation","Eligible Greater MN","Eligible Regional Park",FALSE,2021-06-28,749,"Weekly StreetLight"
"River Bluffs Park","Eligible for Greater Minnesota Designation","Eligible Greater MN","Eligible Regional Park",FALSE,2021-07-05,266,"Weekly StreetLight"
"River Bluffs Park","Eligible for Greater Minnesota Designation","Eligible Greater MN","Eligible Regional Park",FALSE,2021-07-12,714,"Weekly StreetLight"
"River Bluffs Park","Eligible for Greater Minnesota Designation","Eligible Greater MN","Eligible Regional Park",FALSE,2021-07-19,686,"Weekly StreetLight"
"River Bluffs Park","Eligible for Greater Minnesota Designation","Eligible Greater MN","Eligible Regional Park",FALSE,2021-07-26,567,"Weekly StreetLight"
"River Bluffs Park","Eligible for Greater Minnesota Designation","Eligible Greater MN","Eligible Regional Park",FALSE,2021-08-02,567,"Weekly StreetLight"
"River Bluffs Park","Eligible for Greater Minnesota Designation","Eligible Greater MN","Eligible Regional Park",FALSE,2021-08-09,504,"Weekly StreetLight"
"River Bluffs Park","Eligible for Greater Minnesota Designation","Eligible Greater MN","Eligible Regional Park",FALSE,2021-08-16,357,"Weekly StreetLight"
"River Bluffs Park","Eligible for Greater Minnesota Designation","Eligible Greater MN","Eligible Regional Park",FALSE,2021-08-23,294,"Weekly StreetLight"
"River Bluffs Park","Eligible for Greater Minnesota Designation","Eligible Greater MN","Eligible Regional Park",FALSE,2021-08-30,721,"Weekly StreetLight"
"River Bluffs Park","Eligible for Greater Minnesota Designation","Eligible Greater MN","Eligible Regional Park",FALSE,2021-09-06,700,"Weekly StreetLight"
"River Bluffs Park","Eligible for Greater Minnesota Designation","Eligible Greater MN","Eligible Regional Park",FALSE,2021-09-13,189,"Weekly StreetLight"
"River Bluffs Park","Eligible for Greater Minnesota Designation","Eligible Greater MN","Eligible Regional Park",FALSE,2021-09-20,378,"Weekly StreetLight"
"River Bluffs Park","Eligible for Greater Minnesota Designation","Eligible Greater MN","Eligible Regional Park",FALSE,2021-09-27,126,"Weekly StreetLight"
"River Bluffs Park","Eligible for Greater Minnesota Designation","Eligible Greater MN","Eligible Regional Park",FALSE,2021-10-04,560,"Weekly StreetLight"
"River Bluffs Park","Eligible for Greater Minnesota Designation","Eligible Greater MN","Eligible Regional Park",FALSE,2021-10-11,238,"Weekly StreetLight"
"River Bluffs Park","Eligible for Greater Minnesota Designation","Eligible Greater MN","Eligible Regional Park",FALSE,2021-10-18,945,"Weekly StreetLight"
"River Bluffs Park","Eligible for Greater Minnesota Designation","Eligible Greater MN","Eligible Regional Park",FALSE,2021-10-25,651,"Weekly StreetLight"
"River Bluffs Park","Eligible for Greater Minnesota Designation","Eligible Greater MN","Eligible Regional Park",FALSE,2021-11-01,1295,"Weekly StreetLight"
"River Bluffs Park","Eligible for Greater Minnesota Designation","Eligible Greater MN","Eligible Regional Park",FALSE,2021-11-08,546,"Weekly StreetLight"
"River Bluffs Park","Eligible for Greater Minnesota Designation","Eligible Greater MN","Eligible Regional Park",FALSE,2021-11-15,630,"Weekly StreetLight"
"River Bluffs Park","Eligible for Greater Minnesota Designation","Eligible Greater MN","Eligible Regional Park",FALSE,2021-11-22,518,"Weekly StreetLight"
"River Bluffs Park","Eligible for Greater Minnesota Designation","Eligible Greater MN","Eligible Regional Park",FALSE,2021-11-29,833,"Weekly StreetLight"
"River Bluffs Park","Eligible for Greater Minnesota Designation","Eligible Greater MN","Eligible Regional Park",FALSE,2021-12-06,420,"Weekly StreetLight"
"River Bluffs Park","Eligible for Greater Minnesota Designation","Eligible Greater MN","Eligible Regional Park",FALSE,2021-12-13,252,"Weekly StreetLight"
"River Bluffs Park","Eligible for Greater Minnesota Designation","Eligible Greater MN","Eligible Regional Park",FALSE,2021-12-20,280,"Weekly StreetLight"
"River Bluffs Park","Eligible for Greater Minnesota Designation","Eligible Greater MN","Eligible Regional Park",FALSE,2021-12-27,378,"Weekly StreetLight"
"Root River Park","Eligible for Greater Minnesota Designation","Eligible Greater MN","Eligible Regional Park",FALSE,2017-11-27,49,"Biweekly StreetLight"
"Root River Park","Eligible for Greater Minnesota Designation","Eligible Greater MN","Eligible Regional Park",FALSE,2017-12-04,105,"Weekly StreetLight"
"Root River Park","Eligible for Greater Minnesota Designation","Eligible Greater MN","Eligible Regional Park",FALSE,2017-12-11,203,"Weekly StreetLight"
"Root River Park","Eligible for Greater Minnesota Designation","Eligible Greater MN","Eligible Regional Park",FALSE,2017-12-18,105,"Weekly StreetLight"
"Root River Park","Eligible for Greater Minnesota Designation","Eligible Greater MN","Eligible Regional Park",FALSE,2017-12-25,105,"Weekly StreetLight"
"Root River Park","Eligible for Greater Minnesota Designation","Eligible Greater MN","Eligible Regional Park",FALSE,2018-01-01,98,"Weekly StreetLight"
"Root River Park","Eligible for Greater Minnesota Designation","Eligible Greater MN","Eligible Regional Park",FALSE,2018-01-08,196,"Weekly StreetLight"
"Root River Park","Eligible for Greater Minnesota Designation","Eligible Greater MN","Eligible Regional Park",FALSE,2018-01-15,196,"Weekly StreetLight"
"Root River Park","Eligible for Greater Minnesota Designation","Eligible Greater MN","Eligible Regional Park",FALSE,2018-01-22,392,"Weekly StreetLight"
"Root River Park","Eligible for Greater Minnesota Designation","Eligible Greater MN","Eligible Regional Park",FALSE,2018-01-29,294,"Imputed"
"Root River Park","Eligible for Greater Minnesota Designation","Eligible Greater MN","Eligible Regional Park",FALSE,2018-02-05,308,"Imputed"
"Root River Park","Eligible for Greater Minnesota Designation","Eligible Greater MN","Eligible Regional Park",FALSE,2018-02-12,329,"Imputed"
"Root River Park","Eligible for Greater Minnesota Designation","Eligible Greater MN","Eligible Regional Park",FALSE,2018-02-19,329,"Imputed"
"Root River Park","Eligible for Greater Minnesota Designation","Eligible Greater MN","Eligible Regional Park",FALSE,2018-02-26,266,"Imputed"
"Root River Park","Eligible for Greater Minnesota Designation","Eligible Greater MN","Eligible Regional Park",FALSE,2018-03-05,175,"Imputed"
"Root River Park","Eligible for Greater Minnesota Designation","Eligible Greater MN","Eligible Regional Park",FALSE,2018-03-12,105,"Imputed"
"Root River Park","Eligible for Greater Minnesota Designation","Eligible Greater MN","Eligible Regional Park",FALSE,2018-03-19,105,"Imputed"
"Root River Park","Eligible for Greater Minnesota Designation","Eligible Greater MN","Eligible Regional Park",FALSE,2018-03-26,105,"Imputed"
"Root River Park","Eligible for Greater Minnesota Designation","Eligible Greater MN","Eligible Regional Park",FALSE,2018-04-02,98,"Imputed"
"Root River Park","Eligible for Greater Minnesota Designation","Eligible Greater MN","Eligible Regional Park",FALSE,2018-04-09,77,"Biweekly StreetLight"
"Root River Park","Eligible for Greater Minnesota Designation","Eligible Greater MN","Eligible Regional Park",FALSE,2018-04-16,161,"Weekly StreetLight"
"Root River Park","Eligible for Greater Minnesota Designation","Eligible Greater MN","Eligible Regional Park",FALSE,2018-04-23,126,"Imputed"
"Root River Park","Eligible for Greater Minnesota Designation","Eligible Greater MN","Eligible Regional Park",FALSE,2018-04-30,56,"Biweekly StreetLight"
"Root River Park","Eligible for Greater Minnesota Designation","Eligible Greater MN","Eligible Regional Park",FALSE,2018-05-07,119,"Weekly StreetLight"
"Root River Park","Eligible for Greater Minnesota Designation","Eligible Greater MN","Eligible Regional Park",FALSE,2018-05-14,294,"Weekly StreetLight"
"Root River Park","Eligible for Greater Minnesota Designation","Eligible Greater MN","Eligible Regional Park",FALSE,2018-05-21,238,"Weekly StreetLight"
"Root River Park","Eligible for Greater Minnesota Designation","Eligible Greater MN","Eligible Regional Park",FALSE,2018-05-28,63,"Weekly StreetLight"
"Root River Park","Eligible for Greater Minnesota Designation","Eligible Greater MN","Eligible Regional Park",FALSE,2018-06-04,133,"Weekly StreetLight"
"Root River Park","Eligible for Greater Minnesota Designation","Eligible Greater MN","Eligible Regional Park",FALSE,2018-06-11,35,"Biweekly StreetLight"
"Root River Park","Eligible for Greater Minnesota Designation","Eligible Greater MN","Eligible Regional Park",FALSE,2018-06-18,63,"Weekly StreetLight"
"Root River Park","Eligible for Greater Minnesota Designation","Eligible Greater MN","Eligible Regional Park",FALSE,2018-06-25,63,"Weekly StreetLight"
"Root River Park","Eligible for Greater Minnesota Designation","Eligible Greater MN","Eligible Regional Park",FALSE,2018-07-02,133,"Weekly StreetLight"
"Root River Park","Eligible for Greater Minnesota Designation","Eligible Greater MN","Eligible Regional Park",FALSE,2018-07-09,70,"Weekly StreetLight"
"Root River Park","Eligible for Greater Minnesota Designation","Eligible Greater MN","Eligible Regional Park",FALSE,2018-07-16,70,"Weekly StreetLight"
"Root River Park","Eligible for Greater Minnesota Designation","Eligible Greater MN","Eligible Regional Park",FALSE,2018-07-23,133,"Weekly StreetLight"
"Root River Park","Eligible for Greater Minnesota Designation","Eligible Greater MN","Eligible Regional Park",FALSE,2018-07-30,28,"Biweekly StreetLight"
"Root River Park","Eligible for Greater Minnesota Designation","Eligible Greater MN","Eligible Regional Park",FALSE,2018-08-06,63,"Weekly StreetLight"
"Root River Park","Eligible for Greater Minnesota Designation","Eligible Greater MN","Eligible Regional Park",FALSE,2018-08-13,63,"Weekly StreetLight"
"Root River Park","Eligible for Greater Minnesota Designation","Eligible Greater MN","Eligible Regional Park",FALSE,2018-08-20,98,"Biweekly StreetLight"
"Root River Park","Eligible for Greater Minnesota Designation","Eligible Greater MN","Eligible Regional Park",FALSE,2018-08-27,196,"Weekly StreetLight"
"Root River Park","Eligible for Greater Minnesota Designation","Eligible Greater MN","Eligible Regional Park",FALSE,2018-09-03,196,"Weekly StreetLight"
"Root River Park","Eligible for Greater Minnesota Designation","Eligible Greater MN","Eligible Regional Park",FALSE,2018-09-10,196,"Weekly StreetLight"
"Root River Park","Eligible for Greater Minnesota Designation","Eligible Greater MN","Eligible Regional Park",FALSE,2018-09-17,133,"Weekly StreetLight"
"Root River Park","Eligible for Greater Minnesota Designation","Eligible Greater MN","Eligible Regional Park",FALSE,2018-09-24,329,"Weekly StreetLight"
"Root River Park","Eligible for Greater Minnesota Designation","Eligible Greater MN","Eligible Regional Park",FALSE,2018-10-01,266,"Weekly StreetLight"
"Root River Park","Eligible for Greater Minnesota Designation","Eligible Greater MN","Eligible Regional Park",FALSE,2018-10-08,203,"Weekly StreetLight"
"Root River Park","Eligible for Greater Minnesota Designation","Eligible Greater MN","Eligible Regional Park",FALSE,2018-10-15,133,"Weekly StreetLight"
"Root River Park","Eligible for Greater Minnesota Designation","Eligible Greater MN","Eligible Regional Park",FALSE,2018-10-22,70,"Weekly StreetLight"
"Root River Park","Eligible for Greater Minnesota Designation","Eligible Greater MN","Eligible Regional Park",FALSE,2018-10-29,63,"Weekly StreetLight"
"Root River Park","Eligible for Greater Minnesota Designation","Eligible Greater MN","Eligible Regional Park",FALSE,2018-11-05,63,"Weekly StreetLight"
"Root River Park","Eligible for Greater Minnesota Designation","Eligible Greater MN","Eligible Regional Park",FALSE,2018-11-12,35,"Biweekly StreetLight"
"Root River Park","Eligible for Greater Minnesota Designation","Eligible Greater MN","Eligible Regional Park",FALSE,2018-11-19,63,"Weekly StreetLight"
"Root River Park","Eligible for Greater Minnesota Designation","Eligible Greater MN","Eligible Regional Park",FALSE,2018-11-26,63,"Weekly StreetLight"
"Root River Park","Eligible for Greater Minnesota Designation","Eligible Greater MN","Eligible Regional Park",FALSE,2018-12-03,63,"Imputed"
"Root River Park","Eligible for Greater Minnesota Designation","Eligible Greater MN","Eligible Regional Park",FALSE,2018-12-10,63,"Imputed"
"Root River Park","Eligible for Greater Minnesota Designation","Eligible Greater MN","Eligible Regional Park",FALSE,2018-12-17,35,"Biweekly StreetLight"
"Root River Park","Eligible for Greater Minnesota Designation","Eligible Greater MN","Eligible Regional Park",FALSE,2018-12-24,63,"Weekly StreetLight"
"Root River Park","Eligible for Greater Minnesota Designation","Eligible Greater MN","Eligible Regional Park",FALSE,2018-12-31,196,"Weekly StreetLight"
"Root River Park","Eligible for Greater Minnesota Designation","Eligible Greater MN","Eligible Regional Park",FALSE,2019-01-07,56,"Weekly StreetLight"
"Root River Park","Eligible for Greater Minnesota Designation","Eligible Greater MN","Eligible Regional Park",FALSE,2019-01-14,84,"Weekly StreetLight"
"Root River Park","Eligible for Greater Minnesota Designation","Eligible Greater MN","Eligible Regional Park",FALSE,2019-01-21,84,"Weekly StreetLight"
"Root River Park","Eligible for Greater Minnesota Designation","Eligible Greater MN","Eligible Regional Park",FALSE,2019-01-28,35,"Weekly StreetLight"
"Root River Park","Eligible for Greater Minnesota Designation","Eligible Greater MN","Eligible Regional Park",FALSE,2019-02-04,35,"Biweekly StreetLight"
"Root River Park","Eligible for Greater Minnesota Designation","Eligible Greater MN","Eligible Regional Park",FALSE,2019-02-11,63,"Weekly StreetLight"
"Root River Park","Eligible for Greater Minnesota Designation","Eligible Greater MN","Eligible Regional Park",FALSE,2019-02-18,161,"Weekly StreetLight"
"Root River Park","Eligible for Greater Minnesota Designation","Eligible Greater MN","Eligible Regional Park",FALSE,2019-02-25,63,"Weekly StreetLight"
"Root River Park","Eligible for Greater Minnesota Designation","Eligible Greater MN","Eligible Regional Park",FALSE,2019-03-04,28,"Weekly StreetLight"
"Root River Park","Eligible for Greater Minnesota Designation","Eligible Greater MN","Eligible Regional Park",FALSE,2019-03-11,56,"Weekly StreetLight"
"Root River Park","Eligible for Greater Minnesota Designation","Eligible Greater MN","Eligible Regional Park",FALSE,2019-03-18,175,"Weekly StreetLight"
"Root River Park","Eligible for Greater Minnesota Designation","Eligible Greater MN","Eligible Regional Park",FALSE,2019-03-25,147,"Weekly StreetLight"
"Root River Park","Eligible for Greater Minnesota Designation","Eligible Greater MN","Eligible Regional Park",FALSE,2019-04-01,168,"Weekly StreetLight"
"Root River Park","Eligible for Greater Minnesota Designation","Eligible Greater MN","Eligible Regional Park",FALSE,2019-04-08,140,"Weekly StreetLight"
"Root River Park","Eligible for Greater Minnesota Designation","Eligible Greater MN","Eligible Regional Park",FALSE,2019-04-15,112,"Weekly StreetLight"
"Root River Park","Eligible for Greater Minnesota Designation","Eligible Greater MN","Eligible Regional Park",FALSE,2019-04-22,252,"Weekly StreetLight"
"Root River Park","Eligible for Greater Minnesota Designation","Eligible Greater MN","Eligible Regional Park",FALSE,2019-04-29,273,"Weekly StreetLight"
"Root River Park","Eligible for Greater Minnesota Designation","Eligible Greater MN","Eligible Regional Park",FALSE,2019-05-06,518,"Weekly StreetLight"
"Root River Park","Eligible for Greater Minnesota Designation","Eligible Greater MN","Eligible Regional Park",FALSE,2019-05-13,273,"Weekly StreetLight"
"Root River Park","Eligible for Greater Minnesota Designation","Eligible Greater MN","Eligible Regional Park",FALSE,2019-05-20,112,"Weekly StreetLight"
"Root River Park","Eligible for Greater Minnesota Designation","Eligible Greater MN","Eligible Regional Park",FALSE,2019-05-27,84,"Weekly StreetLight"
"Root River Park","Eligible for Greater Minnesota Designation","Eligible Greater MN","Eligible Regional Park",FALSE,2019-06-03,147,"Weekly StreetLight"
"Root River Park","Eligible for Greater Minnesota Designation","Eligible Greater MN","Eligible Regional Park",FALSE,2019-06-10,112,"Weekly StreetLight"
"Root River Park","Eligible for Greater Minnesota Designation","Eligible Greater MN","Eligible Regional Park",FALSE,2019-06-17,287,"Weekly StreetLight"
"Root River Park","Eligible for Greater Minnesota Designation","Eligible Greater MN","Eligible Regional Park",FALSE,2019-06-24,112,"Weekly StreetLight"
"Root River Park","Eligible for Greater Minnesota Designation","Eligible Greater MN","Eligible Regional Park",FALSE,2019-07-01,28,"Weekly StreetLight"
"Root River Park","Eligible for Greater Minnesota Designation","Eligible Greater MN","Eligible Regional Park",FALSE,2019-07-08,105,"Weekly StreetLight"
"Root River Park","Eligible for Greater Minnesota Designation","Eligible Greater MN","Eligible Regional Park",FALSE,2019-07-15,56,"Weekly StreetLight"
"Root River Park","Eligible for Greater Minnesota Designation","Eligible Greater MN","Eligible Regional Park",FALSE,2019-07-22,133,"Weekly StreetLight"
"Root River Park","Eligible for Greater Minnesota Designation","Eligible Greater MN","Eligible Regional Park",FALSE,2019-07-29,294,"Weekly StreetLight"
"Root River Park","Eligible for Greater Minnesota Designation","Eligible Greater MN","Eligible Regional Park",FALSE,2019-08-05,210,"Weekly StreetLight"
"Root River Park","Eligible for Greater Minnesota Designation","Eligible Greater MN","Eligible Regional Park",FALSE,2019-08-12,63,"Biweekly StreetLight"
"Root River Park","Eligible for Greater Minnesota Designation","Eligible Greater MN","Eligible Regional Park",FALSE,2019-08-19,133,"Weekly StreetLight"
"Root River Park","Eligible for Greater Minnesota Designation","Eligible Greater MN","Eligible Regional Park",FALSE,2019-08-26,161,"Weekly StreetLight"
"Root River Park","Eligible for Greater Minnesota Designation","Eligible Greater MN","Eligible Regional Park",FALSE,2019-09-02,112,"Weekly StreetLight"
"Root River Park","Eligible for Greater Minnesota Designation","Eligible Greater MN","Eligible Regional Park",FALSE,2019-09-09,140,"Weekly StreetLight"
"Root River Park","Eligible for Greater Minnesota Designation","Eligible Greater MN","Eligible Regional Park",FALSE,2019-09-16,70,"Weekly StreetLight"
"Root River Park","Eligible for Greater Minnesota Designation","Eligible Greater MN","Eligible Regional Park",FALSE,2019-09-23,112,"Weekly StreetLight"
"Root River Park","Eligible for Greater Minnesota Designation","Eligible Greater MN","Eligible Regional Park",FALSE,2019-09-30,119,"Weekly StreetLight"
"Root River Park","Eligible for Greater Minnesota Designation","Eligible Greater MN","Eligible Regional Park",FALSE,2019-10-07,49,"Weekly StreetLight"
"Root River Park","Eligible for Greater Minnesota Designation","Eligible Greater MN","Eligible Regional Park",FALSE,2019-10-14,245,"Weekly StreetLight"
"Root River Park","Eligible for Greater Minnesota Designation","Eligible Greater MN","Eligible Regional Park",FALSE,2019-10-21,49,"Weekly StreetLight"
"Root River Park","Eligible for Greater Minnesota Designation","Eligible Greater MN","Eligible Regional Park",FALSE,2019-10-28,98,"Weekly StreetLight"
"Root River Park","Eligible for Greater Minnesota Designation","Eligible Greater MN","Eligible Regional Park",FALSE,2019-11-04,28,"Weekly StreetLight"
"Root River Park","Eligible for Greater Minnesota Designation","Eligible Greater MN","Eligible Regional Park",FALSE,2019-11-11,28,"Weekly StreetLight"
"Root River Park","Eligible for Greater Minnesota Designation","Eligible Greater MN","Eligible Regional Park",FALSE,2019-11-18,35,"Imputed"
"Root River Park","Eligible for Greater Minnesota Designation","Eligible Greater MN","Eligible Regional Park",FALSE,2019-11-25,21,"Biweekly StreetLight"
"Root River Park","Eligible for Greater Minnesota Designation","Eligible Greater MN","Eligible Regional Park",FALSE,2019-12-02,49,"Weekly StreetLight"
"Root River Park","Eligible for Greater Minnesota Designation","Eligible Greater MN","Eligible Regional Park",FALSE,2019-12-09,35,"Imputed"
"Root River Park","Eligible for Greater Minnesota Designation","Eligible Greater MN","Eligible Regional Park",FALSE,2019-12-16,35,"Imputed"
"Root River Park","Eligible for Greater Minnesota Designation","Eligible Greater MN","Eligible Regional Park",FALSE,2019-12-23,14,"Biweekly StreetLight"
"Root River Park","Eligible for Greater Minnesota Designation","Eligible Greater MN","Eligible Regional Park",FALSE,2019-12-30,21,"Weekly StreetLight"
"Root River Park","Eligible for Greater Minnesota Designation","Eligible Greater MN","Eligible Regional Park",FALSE,2020-01-06,91,"Weekly StreetLight"
"Root River Park","Eligible for Greater Minnesota Designation","Eligible Greater MN","Eligible Regional Park",FALSE,2020-01-13,70,"Weekly StreetLight"
"Root River Park","Eligible for Greater Minnesota Designation","Eligible Greater MN","Eligible Regional Park",FALSE,2020-01-20,21,"Weekly StreetLight"
"Root River Park","Eligible for Greater Minnesota Designation","Eligible Greater MN","Eligible Regional Park",FALSE,2020-01-27,84,"Weekly StreetLight"
"Root River Park","Eligible for Greater Minnesota Designation","Eligible Greater MN","Eligible Regional Park",FALSE,2020-02-03,98,"Weekly StreetLight"
"Root River Park","Eligible for Greater Minnesota Designation","Eligible Greater MN","Eligible Regional Park",FALSE,2020-02-10,42,"Weekly StreetLight"
"Root River Park","Eligible for Greater Minnesota Designation","Eligible Greater MN","Eligible Regional Park",FALSE,2020-02-17,119,"Weekly StreetLight"
"Root River Park","Eligible for Greater Minnesota Designation","Eligible Greater MN","Eligible Regional Park",FALSE,2020-02-24,21,"Weekly StreetLight"
"Root River Park","Eligible for Greater Minnesota Designation","Eligible Greater MN","Eligible Regional Park",FALSE,2020-03-02,91,"Weekly StreetLight"
"Root River Park","Eligible for Greater Minnesota Designation","Eligible Greater MN","Eligible Regional Park",FALSE,2020-03-09,91,"Weekly StreetLight"
"Root River Park","Eligible for Greater Minnesota Designation","Eligible Greater MN","Eligible Regional Park",FALSE,2020-03-16,203,"Weekly StreetLight"
"Root River Park","Eligible for Greater Minnesota Designation","Eligible Greater MN","Eligible Regional Park",FALSE,2020-03-23,21,"Weekly StreetLight"
"Root River Park","Eligible for Greater Minnesota Designation","Eligible Greater MN","Eligible Regional Park",FALSE,2020-03-30,427,"Weekly StreetLight"
"Root River Park","Eligible for Greater Minnesota Designation","Eligible Greater MN","Eligible Regional Park",FALSE,2020-04-06,658,"Weekly StreetLight"
"Root River Park","Eligible for Greater Minnesota Designation","Eligible Greater MN","Eligible Regional Park",FALSE,2020-04-13,301,"Weekly StreetLight"
"Root River Park","Eligible for Greater Minnesota Designation","Eligible Greater MN","Eligible Regional Park",FALSE,2020-04-20,784,"Weekly StreetLight"
"Root River Park","Eligible for Greater Minnesota Designation","Eligible Greater MN","Eligible Regional Park",FALSE,2020-04-27,686,"Weekly StreetLight"
"Root River Park","Eligible for Greater Minnesota Designation","Eligible Greater MN","Eligible Regional Park",FALSE,2020-05-04,602,"Weekly StreetLight"
"Root River Park","Eligible for Greater Minnesota Designation","Eligible Greater MN","Eligible Regional Park",FALSE,2020-05-11,644,"Weekly StreetLight"
"Root River Park","Eligible for Greater Minnesota Designation","Eligible Greater MN","Eligible Regional Park",FALSE,2020-05-18,560,"Weekly StreetLight"
"Root River Park","Eligible for Greater Minnesota Designation","Eligible Greater MN","Eligible Regional Park",FALSE,2020-05-25,427,"Weekly StreetLight"
"Root River Park","Eligible for Greater Minnesota Designation","Eligible Greater MN","Eligible Regional Park",FALSE,2020-06-01,168,"Weekly StreetLight"
"Root River Park","Eligible for Greater Minnesota Designation","Eligible Greater MN","Eligible Regional Park",FALSE,2020-06-08,343,"Weekly StreetLight"
"Root River Park","Eligible for Greater Minnesota Designation","Eligible Greater MN","Eligible Regional Park",FALSE,2020-06-15,385,"Weekly StreetLight"
"Root River Park","Eligible for Greater Minnesota Designation","Eligible Greater MN","Eligible Regional Park",FALSE,2020-06-22,105,"Weekly StreetLight"
"Root River Park","Eligible for Greater Minnesota Designation","Eligible Greater MN","Eligible Regional Park",FALSE,2020-06-29,210,"Weekly StreetLight"
"Root River Park","Eligible for Greater Minnesota Designation","Eligible Greater MN","Eligible Regional Park",FALSE,2020-07-06,84,"Weekly StreetLight"
"Root River Park","Eligible for Greater Minnesota Designation","Eligible Greater MN","Eligible Regional Park",FALSE,2020-07-13,105,"Weekly StreetLight"
"Root River Park","Eligible for Greater Minnesota Designation","Eligible Greater MN","Eligible Regional Park",FALSE,2020-07-20,161,"Weekly StreetLight"
"Root River Park","Eligible for Greater Minnesota Designation","Eligible Greater MN","Eligible Regional Park",FALSE,2020-07-27,105,"Weekly StreetLight"
"Root River Park","Eligible for Greater Minnesota Designation","Eligible Greater MN","Eligible Regional Park",FALSE,2020-08-03,189,"Weekly StreetLight"
"Root River Park","Eligible for Greater Minnesota Designation","Eligible Greater MN","Eligible Regional Park",FALSE,2020-08-10,476,"Weekly StreetLight"
"Root River Park","Eligible for Greater Minnesota Designation","Eligible Greater MN","Eligible Regional Park",FALSE,2020-08-17,126,"Weekly StreetLight"
"Root River Park","Eligible for Greater Minnesota Designation","Eligible Greater MN","Eligible Regional Park",FALSE,2020-08-24,266,"Weekly StreetLight"
"Root River Park","Eligible for Greater Minnesota Designation","Eligible Greater MN","Eligible Regional Park",FALSE,2020-08-31,294,"Weekly StreetLight"
"Root River Park","Eligible for Greater Minnesota Designation","Eligible Greater MN","Eligible Regional Park",FALSE,2020-09-07,210,"Weekly StreetLight"
"Root River Park","Eligible for Greater Minnesota Designation","Eligible Greater MN","Eligible Regional Park",FALSE,2020-09-14,126,"Weekly StreetLight"
"Root River Park","Eligible for Greater Minnesota Designation","Eligible Greater MN","Eligible Regional Park",FALSE,2020-09-21,126,"Weekly StreetLight"
"Root River Park","Eligible for Greater Minnesota Designation","Eligible Greater MN","Eligible Regional Park",FALSE,2020-09-28,210,"Weekly StreetLight"
"Root River Park","Eligible for Greater Minnesota Designation","Eligible Greater MN","Eligible Regional Park",FALSE,2020-10-05,427,"Weekly StreetLight"
"Root River Park","Eligible for Greater Minnesota Designation","Eligible Greater MN","Eligible Regional Park",FALSE,2020-10-12,385,"Weekly StreetLight"
"Root River Park","Eligible for Greater Minnesota Designation","Eligible Greater MN","Eligible Regional Park",FALSE,2020-10-19,84,"Weekly StreetLight"
"Root River Park","Eligible for Greater Minnesota Designation","Eligible Greater MN","Eligible Regional Park",FALSE,2020-10-26,105,"Weekly StreetLight"
"Root River Park","Eligible for Greater Minnesota Designation","Eligible Greater MN","Eligible Regional Park",FALSE,2020-11-02,630,"Weekly StreetLight"
"Root River Park","Eligible for Greater Minnesota Designation","Eligible Greater MN","Eligible Regional Park",FALSE,2020-11-09,42,"Weekly StreetLight"
"Root River Park","Eligible for Greater Minnesota Designation","Eligible Greater MN","Eligible Regional Park",FALSE,2020-11-16,245,"Weekly StreetLight"
"Root River Park","Eligible for Greater Minnesota Designation","Eligible Greater MN","Eligible Regional Park",FALSE,2020-11-23,455,"Weekly StreetLight"
"Root River Park","Eligible for Greater Minnesota Designation","Eligible Greater MN","Eligible Regional Park",FALSE,2020-11-30,252,"Weekly StreetLight"
"Root River Park","Eligible for Greater Minnesota Designation","Eligible Greater MN","Eligible Regional Park",FALSE,2020-12-07,322,"Weekly StreetLight"
"Root River Park","Eligible for Greater Minnesota Designation","Eligible Greater MN","Eligible Regional Park",FALSE,2020-12-14,273,"Weekly StreetLight"
"Root River Park","Eligible for Greater Minnesota Designation","Eligible Greater MN","Eligible Regional Park",FALSE,2020-12-21,140,"Weekly StreetLight"
"Root River Park","Eligible for Greater Minnesota Designation","Eligible Greater MN","Eligible Regional Park",FALSE,2020-12-28,371,"Weekly StreetLight"
"Root River Park","Eligible for Greater Minnesota Designation","Eligible Greater MN","Eligible Regional Park",FALSE,2021-01-04,182,"Weekly StreetLight"
"Root River Park","Eligible for Greater Minnesota Designation","Eligible Greater MN","Eligible Regional Park",FALSE,2021-01-11,280,"Weekly StreetLight"
"Root River Park","Eligible for Greater Minnesota Designation","Eligible Greater MN","Eligible Regional Park",FALSE,2021-01-18,182,"Weekly StreetLight"
"Root River Park","Eligible for Greater Minnesota Designation","Eligible Greater MN","Eligible Regional Park",FALSE,2021-01-25,133,"Weekly StreetLight"
"Root River Park","Eligible for Greater Minnesota Designation","Eligible Greater MN","Eligible Regional Park",FALSE,2021-02-01,35,"Weekly StreetLight"
"Root River Park","Eligible for Greater Minnesota Designation","Eligible Greater MN","Eligible Regional Park",FALSE,2021-02-08,49,"Weekly StreetLight"
"Root River Park","Eligible for Greater Minnesota Designation","Eligible Greater MN","Eligible Regional Park",FALSE,2021-02-15,49,"Weekly StreetLight"
"Root River Park","Eligible for Greater Minnesota Designation","Eligible Greater MN","Eligible Regional Park",FALSE,2021-02-22,84,"Weekly StreetLight"
"Root River Park","Eligible for Greater Minnesota Designation","Eligible Greater MN","Eligible Regional Park",FALSE,2021-03-01,168,"Weekly StreetLight"
"Root River Park","Eligible for Greater Minnesota Designation","Eligible Greater MN","Eligible Regional Park",FALSE,2021-03-08,154,"Weekly StreetLight"
"Root River Park","Eligible for Greater Minnesota Designation","Eligible Greater MN","Eligible Regional Park",FALSE,2021-03-15,63,"Weekly StreetLight"
"Root River Park","Eligible for Greater Minnesota Designation","Eligible Greater MN","Eligible Regional Park",FALSE,2021-03-22,42,"Weekly StreetLight"
"Root River Park","Eligible for Greater Minnesota Designation","Eligible Greater MN","Eligible Regional Park",FALSE,2021-03-29,189,"Weekly StreetLight"
"Root River Park","Eligible for Greater Minnesota Designation","Eligible Greater MN","Eligible Regional Park",FALSE,2021-04-05,42,"Weekly StreetLight"
"Root River Park","Eligible for Greater Minnesota Designation","Eligible Greater MN","Eligible Regional Park",FALSE,2021-04-12,189,"Weekly StreetLight"
"Root River Park","Eligible for Greater Minnesota Designation","Eligible Greater MN","Eligible Regional Park",FALSE,2021-04-19,84,"Weekly StreetLight"
"Root River Park","Eligible for Greater Minnesota Designation","Eligible Greater MN","Eligible Regional Park",FALSE,2021-04-26,217,"Weekly StreetLight"
"Root River Park","Eligible for Greater Minnesota Designation","Eligible Greater MN","Eligible Regional Park",FALSE,2021-05-03,266,"Weekly StreetLight"
"Root River Park","Eligible for Greater Minnesota Designation","Eligible Greater MN","Eligible Regional Park",FALSE,2021-05-10,91,"Weekly StreetLight"
"Root River Park","Eligible for Greater Minnesota Designation","Eligible Greater MN","Eligible Regional Park",FALSE,2021-05-17,42,"Weekly StreetLight"
"Root River Park","Eligible for Greater Minnesota Designation","Eligible Greater MN","Eligible Regional Park",FALSE,2021-05-24,175,"Weekly StreetLight"
"Root River Park","Eligible for Greater Minnesota Designation","Eligible Greater MN","Eligible Regional Park",FALSE,2021-05-31,63,"Weekly StreetLight"
"Root River Park","Eligible for Greater Minnesota Designation","Eligible Greater MN","Eligible Regional Park",FALSE,2021-06-07,42,"Weekly StreetLight"
"Root River Park","Eligible for Greater Minnesota Designation","Eligible Greater MN","Eligible Regional Park",FALSE,2021-06-14,21,"Weekly StreetLight"
"Root River Park","Eligible for Greater Minnesota Designation","Eligible Greater MN","Eligible Regional Park",FALSE,2021-06-21,84,"Weekly StreetLight"
"Root River Park","Eligible for Greater Minnesota Designation","Eligible Greater MN","Eligible Regional Park",FALSE,2021-06-28,77,"Weekly StreetLight"
"Root River Park","Eligible for Greater Minnesota Designation","Eligible Greater MN","Eligible Regional Park",FALSE,2021-07-05,140,"Weekly StreetLight"
"Root River Park","Eligible for Greater Minnesota Designation","Eligible Greater MN","Eligible Regional Park",FALSE,2021-07-12,161,"Weekly StreetLight"
"Root River Park","Eligible for Greater Minnesota Designation","Eligible Greater MN","Eligible Regional Park",FALSE,2021-07-19,119,"Weekly StreetLight"
"Root River Park","Eligible for Greater Minnesota Designation","Eligible Greater MN","Eligible Regional Park",FALSE,2021-07-26,140,"Weekly StreetLight"
"Root River Park","Eligible for Greater Minnesota Designation","Eligible Greater MN","Eligible Regional Park",FALSE,2021-08-02,84,"Weekly StreetLight"
"Root River Park","Eligible for Greater Minnesota Designation","Eligible Greater MN","Eligible Regional Park",FALSE,2021-08-09,140,"Weekly StreetLight"
"Root River Park","Eligible for Greater Minnesota Designation","Eligible Greater MN","Eligible Regional Park",FALSE,2021-08-16,119,"Weekly StreetLight"
"Root River Park","Eligible for Greater Minnesota Designation","Eligible Greater MN","Eligible Regional Park",FALSE,2021-08-23,63,"Weekly StreetLight"
"Root River Park","Eligible for Greater Minnesota Designation","Eligible Greater MN","Eligible Regional Park",FALSE,2021-08-30,63,"Weekly StreetLight"
"Root River Park","Eligible for Greater Minnesota Designation","Eligible Greater MN","Eligible Regional Park",FALSE,2021-09-06,140,"Weekly StreetLight"
"Root River Park","Eligible for Greater Minnesota Designation","Eligible Greater MN","Eligible Regional Park",FALSE,2021-09-13,182,"Weekly StreetLight"
"Root River Park","Eligible for Greater Minnesota Designation","Eligible Greater MN","Eligible Regional Park",FALSE,2021-09-20,63,"Weekly StreetLight"
"Root River Park","Eligible for Greater Minnesota Designation","Eligible Greater MN","Eligible Regional Park",FALSE,2021-09-27,119,"Weekly StreetLight"
"Root River Park","Eligible for Greater Minnesota Designation","Eligible Greater MN","Eligible Regional Park",FALSE,2021-10-04,140,"Weekly StreetLight"
"Root River Park","Eligible for Greater Minnesota Designation","Eligible Greater MN","Eligible Regional Park",FALSE,2021-10-11,42,"Weekly StreetLight"
"Root River Park","Eligible for Greater Minnesota Designation","Eligible Greater MN","Eligible Regional Park",FALSE,2021-10-18,161,"Weekly StreetLight"
"Root River Park","Eligible for Greater Minnesota Designation","Eligible Greater MN","Eligible Regional Park",FALSE,2021-10-25,21,"Weekly StreetLight"
"Root River Park","Eligible for Greater Minnesota Designation","Eligible Greater MN","Eligible Regional Park",FALSE,2021-11-01,126,"Weekly StreetLight"
"Root River Park","Eligible for Greater Minnesota Designation","Eligible Greater MN","Eligible Regional Park",FALSE,2021-11-08,21,"Biweekly StreetLight"
"Root River Park","Eligible for Greater Minnesota Designation","Eligible Greater MN","Eligible Regional Park",FALSE,2021-11-15,35,"Weekly StreetLight"
"Root River Park","Eligible for Greater Minnesota Designation","Eligible Greater MN","Eligible Regional Park",FALSE,2021-11-22,56,"Weekly StreetLight"
"Root River Park","Eligible for Greater Minnesota Designation","Eligible Greater MN","Eligible Regional Park",FALSE,2021-11-29,21,"Weekly StreetLight"
"Root River Park","Eligible for Greater Minnesota Designation","Eligible Greater MN","Eligible Regional Park",FALSE,2021-12-06,56,"Weekly StreetLight"
"Root River Park","Eligible for Greater Minnesota Designation","Eligible Greater MN","Eligible Regional Park",FALSE,2021-12-13,35,"Weekly StreetLight"
"Root River Park","Eligible for Greater Minnesota Designation","Eligible Greater MN","Eligible Regional Park",FALSE,2021-12-20,56,"Weekly StreetLight"
"Root River Park","Eligible for Greater Minnesota Designation","Eligible Greater MN","Eligible Regional Park",FALSE,2021-12-27,35,"Weekly StreetLight"
"Sand Hill Recreation Area","Eligible for Greater Minnesota Designation","Eligible Greater MN","Eligible Regional Park",FALSE,2017-11-27,238,"Biweekly StreetLight"
"Sand Hill Recreation Area","Eligible for Greater Minnesota Designation","Eligible Greater MN","Eligible Regional Park",FALSE,2017-12-04,469,"Weekly StreetLight"
"Sand Hill Recreation Area","Eligible for Greater Minnesota Designation","Eligible Greater MN","Eligible Regional Park",FALSE,2017-12-11,707,"Weekly StreetLight"
"Sand Hill Recreation Area","Eligible for Greater Minnesota Designation","Eligible Greater MN","Eligible Regional Park",FALSE,2017-12-18,238,"Weekly StreetLight"
"Sand Hill Recreation Area","Eligible for Greater Minnesota Designation","Eligible Greater MN","Eligible Regional Park",FALSE,2017-12-25,238,"Weekly StreetLight"
"Sand Hill Recreation Area","Eligible for Greater Minnesota Designation","Eligible Greater MN","Eligible Regional Park",FALSE,2018-01-01,126,"Biweekly StreetLight"
"Sand Hill Recreation Area","Eligible for Greater Minnesota Designation","Eligible Greater MN","Eligible Regional Park",FALSE,2018-01-08,259,"Weekly StreetLight"
"Sand Hill Recreation Area","Eligible for Greater Minnesota Designation","Eligible Greater MN","Eligible Regional Park",FALSE,2018-01-15,126,"Biweekly StreetLight"
"Sand Hill Recreation Area","Eligible for Greater Minnesota Designation","Eligible Greater MN","Eligible Regional Park",FALSE,2018-01-22,259,"Weekly StreetLight"
"Sand Hill Recreation Area","Eligible for Greater Minnesota Designation","Eligible Greater MN","Eligible Regional Park",FALSE,2018-01-29,203,"Imputed"
"Sand Hill Recreation Area","Eligible for Greater Minnesota Designation","Eligible Greater MN","Eligible Regional Park",FALSE,2018-02-05,196,"Imputed"
"Sand Hill Recreation Area","Eligible for Greater Minnesota Designation","Eligible Greater MN","Eligible Regional Park",FALSE,2018-02-12,112,"Biweekly StreetLight"
"Sand Hill Recreation Area","Eligible for Greater Minnesota Designation","Eligible Greater MN","Eligible Regional Park",FALSE,2018-02-19,224,"Weekly StreetLight"
"Sand Hill Recreation Area","Eligible for Greater Minnesota Designation","Eligible Greater MN","Eligible Regional Park",FALSE,2018-02-26,406,"Weekly StreetLight"
"Sand Hill Recreation Area","Eligible for Greater Minnesota Designation","Eligible Greater MN","Eligible Regional Park",FALSE,2018-03-05,182,"Weekly StreetLight"
"Sand Hill Recreation Area","Eligible for Greater Minnesota Designation","Eligible Greater MN","Eligible Regional Park",FALSE,2018-03-12,182,"Weekly StreetLight"
"Sand Hill Recreation Area","Eligible for Greater Minnesota Designation","Eligible Greater MN","Eligible Regional Park",FALSE,2018-03-19,546,"Weekly StreetLight"
"Sand Hill Recreation Area","Eligible for Greater Minnesota Designation","Eligible Greater MN","Eligible Regional Park",FALSE,2018-03-26,182,"Weekly StreetLight"
"Sand Hill Recreation Area","Eligible for Greater Minnesota Designation","Eligible Greater MN","Eligible Regional Park",FALSE,2018-04-02,455,"Imputed"
"Sand Hill Recreation Area","Eligible for Greater Minnesota Designation","Eligible Greater MN","Eligible Regional Park",FALSE,2018-04-09,637,"Imputed"
"Sand Hill Recreation Area","Eligible for Greater Minnesota Designation","Eligible Greater MN","Eligible Regional Park",FALSE,2018-04-16,679,"Biweekly StreetLight"
"Sand Hill Recreation Area","Eligible for Greater Minnesota Designation","Eligible Greater MN","Eligible Regional Park",FALSE,2018-04-23,1351,"Weekly StreetLight"
"Sand Hill Recreation Area","Eligible for Greater Minnesota Designation","Eligible Greater MN","Eligible Regional Park",FALSE,2018-04-30,413,"Weekly StreetLight"
"Sand Hill Recreation Area","Eligible for Greater Minnesota Designation","Eligible Greater MN","Eligible Regional Park",FALSE,2018-05-07,308,"Weekly StreetLight"
"Sand Hill Recreation Area","Eligible for Greater Minnesota Designation","Eligible Greater MN","Eligible Regional Park",FALSE,2018-05-14,518,"Weekly StreetLight"
"Sand Hill Recreation Area","Eligible for Greater Minnesota Designation","Eligible Greater MN","Eligible Regional Park",FALSE,2018-05-21,1036,"Weekly StreetLight"
"Sand Hill Recreation Area","Eligible for Greater Minnesota Designation","Eligible Greater MN","Eligible Regional Park",FALSE,2018-05-28,1015,"Weekly StreetLight"
"Sand Hill Recreation Area","Eligible for Greater Minnesota Designation","Eligible Greater MN","Eligible Regional Park",FALSE,2018-06-04,2730,"Weekly StreetLight"
"Sand Hill Recreation Area","Eligible for Greater Minnesota Designation","Eligible Greater MN","Eligible Regional Park",FALSE,2018-06-11,1736,"Weekly StreetLight"
"Sand Hill Recreation Area","Eligible for Greater Minnesota Designation","Eligible Greater MN","Eligible Regional Park",FALSE,2018-06-18,868,"Weekly StreetLight"
"Sand Hill Recreation Area","Eligible for Greater Minnesota Designation","Eligible Greater MN","Eligible Regional Park",FALSE,2018-06-25,1736,"Weekly StreetLight"
"Sand Hill Recreation Area","Eligible for Greater Minnesota Designation","Eligible Greater MN","Eligible Regional Park",FALSE,2018-07-02,1232,"Weekly StreetLight"
"Sand Hill Recreation Area","Eligible for Greater Minnesota Designation","Eligible Greater MN","Eligible Regional Park",FALSE,2018-07-09,1358,"Weekly StreetLight"
"Sand Hill Recreation Area","Eligible for Greater Minnesota Designation","Eligible Greater MN","Eligible Regional Park",FALSE,2018-07-16,1967,"Weekly StreetLight"
"Sand Hill Recreation Area","Eligible for Greater Minnesota Designation","Eligible Greater MN","Eligible Regional Park",FALSE,2018-07-23,742,"Weekly StreetLight"
"Sand Hill Recreation Area","Eligible for Greater Minnesota Designation","Eligible Greater MN","Eligible Regional Park",FALSE,2018-07-30,1386,"Weekly StreetLight"
"Sand Hill Recreation Area","Eligible for Greater Minnesota Designation","Eligible Greater MN","Eligible Regional Park",FALSE,2018-08-06,630,"Weekly StreetLight"
"Sand Hill Recreation Area","Eligible for Greater Minnesota Designation","Eligible Greater MN","Eligible Regional Park",FALSE,2018-08-13,1008,"Weekly StreetLight"
"Sand Hill Recreation Area","Eligible for Greater Minnesota Designation","Eligible Greater MN","Eligible Regional Park",FALSE,2018-08-20,1008,"Weekly StreetLight"
"Sand Hill Recreation Area","Eligible for Greater Minnesota Designation","Eligible Greater MN","Eligible Regional Park",FALSE,2018-08-27,756,"Weekly StreetLight"
"Sand Hill Recreation Area","Eligible for Greater Minnesota Designation","Eligible Greater MN","Eligible Regional Park",FALSE,2018-09-03,511,"Weekly StreetLight"
"Sand Hill Recreation Area","Eligible for Greater Minnesota Designation","Eligible Greater MN","Eligible Regional Park",FALSE,2018-09-10,385,"Weekly StreetLight"
"Sand Hill Recreation Area","Eligible for Greater Minnesota Designation","Eligible Greater MN","Eligible Regional Park",FALSE,2018-09-17,1029,"Weekly StreetLight"
"Sand Hill Recreation Area","Eligible for Greater Minnesota Designation","Eligible Greater MN","Eligible Regional Park",FALSE,2018-09-24,1155,"Weekly StreetLight"
"Sand Hill Recreation Area","Eligible for Greater Minnesota Designation","Eligible Greater MN","Eligible Regional Park",FALSE,2018-10-01,2009,"Weekly StreetLight"
"Sand Hill Recreation Area","Eligible for Greater Minnesota Designation","Eligible Greater MN","Eligible Regional Park",FALSE,2018-10-08,2128,"Weekly StreetLight"
"Sand Hill Recreation Area","Eligible for Greater Minnesota Designation","Eligible Greater MN","Eligible Regional Park",FALSE,2018-10-15,2478,"Weekly StreetLight"
"Sand Hill Recreation Area","Eligible for Greater Minnesota Designation","Eligible Greater MN","Eligible Regional Park",FALSE,2018-10-22,1652,"Weekly StreetLight"
"Sand Hill Recreation Area","Eligible for Greater Minnesota Designation","Eligible Greater MN","Eligible Regional Park",FALSE,2018-10-29,280,"Biweekly StreetLight"
"Sand Hill Recreation Area","Eligible for Greater Minnesota Designation","Eligible Greater MN","Eligible Regional Park",FALSE,2018-11-05,553,"Weekly StreetLight"
"Sand Hill Recreation Area","Eligible for Greater Minnesota Designation","Eligible Greater MN","Eligible Regional Park",FALSE,2018-11-12,112,"Weekly StreetLight"
"Sand Hill Recreation Area","Eligible for Greater Minnesota Designation","Eligible Greater MN","Eligible Regional Park",FALSE,2018-11-19,112,"Weekly StreetLight"
"Sand Hill Recreation Area","Eligible for Greater Minnesota Designation","Eligible Greater MN","Eligible Regional Park",FALSE,2018-11-26,105,"Biweekly StreetLight"
"Sand Hill Recreation Area","Eligible for Greater Minnesota Designation","Eligible Greater MN","Eligible Regional Park",FALSE,2018-12-03,217,"Weekly StreetLight"
"Sand Hill Recreation Area","Eligible for Greater Minnesota Designation","Eligible Greater MN","Eligible Regional Park",FALSE,2018-12-10,105,"Weekly StreetLight"
"Sand Hill Recreation Area","Eligible for Greater Minnesota Designation","Eligible Greater MN","Eligible Regional Park",FALSE,2018-12-17,644,"Weekly StreetLight"
"Sand Hill Recreation Area","Eligible for Greater Minnesota Designation","Eligible Greater MN","Eligible Regional Park",FALSE,2018-12-24,105,"Weekly StreetLight"
"Sand Hill Recreation Area","Eligible for Greater Minnesota Designation","Eligible Greater MN","Eligible Regional Park",FALSE,2018-12-31,168,"Weekly StreetLight"
"Sand Hill Recreation Area","Eligible for Greater Minnesota Designation","Eligible Greater MN","Eligible Regional Park",FALSE,2019-01-07,392,"Weekly StreetLight"
"Sand Hill Recreation Area","Eligible for Greater Minnesota Designation","Eligible Greater MN","Eligible Regional Park",FALSE,2019-01-14,560,"Weekly StreetLight"
"Sand Hill Recreation Area","Eligible for Greater Minnesota Designation","Eligible Greater MN","Eligible Regional Park",FALSE,2019-01-21,168,"Weekly StreetLight"
"Sand Hill Recreation Area","Eligible for Greater Minnesota Designation","Eligible Greater MN","Eligible Regional Park",FALSE,2019-01-28,602,"Weekly StreetLight"
"Sand Hill Recreation Area","Eligible for Greater Minnesota Designation","Eligible Greater MN","Eligible Regional Park",FALSE,2019-02-04,252,"Weekly StreetLight"
"Sand Hill Recreation Area","Eligible for Greater Minnesota Designation","Eligible Greater MN","Eligible Regional Park",FALSE,2019-02-11,371,"Weekly StreetLight"
"Sand Hill Recreation Area","Eligible for Greater Minnesota Designation","Eligible Greater MN","Eligible Regional Park",FALSE,2019-02-18,749,"Weekly StreetLight"
"Sand Hill Recreation Area","Eligible for Greater Minnesota Designation","Eligible Greater MN","Eligible Regional Park",FALSE,2019-02-25,126,"Weekly StreetLight"
"Sand Hill Recreation Area","Eligible for Greater Minnesota Designation","Eligible Greater MN","Eligible Regional Park",FALSE,2019-03-04,721,"Weekly StreetLight"
"Sand Hill Recreation Area","Eligible for Greater Minnesota Designation","Eligible Greater MN","Eligible Regional Park",FALSE,2019-03-11,63,"Weekly StreetLight"
"Sand Hill Recreation Area","Eligible for Greater Minnesota Designation","Eligible Greater MN","Eligible Regional Park",FALSE,2019-03-18,329,"Weekly StreetLight"
"Sand Hill Recreation Area","Eligible for Greater Minnesota Designation","Eligible Greater MN","Eligible Regional Park",FALSE,2019-03-25,329,"Weekly StreetLight"
"Sand Hill Recreation Area","Eligible for Greater Minnesota Designation","Eligible Greater MN","Eligible Regional Park",FALSE,2019-04-01,826,"Weekly StreetLight"
"Sand Hill Recreation Area","Eligible for Greater Minnesota Designation","Eligible Greater MN","Eligible Regional Park",FALSE,2019-04-08,707,"Weekly StreetLight"
"Sand Hill Recreation Area","Eligible for Greater Minnesota Designation","Eligible Greater MN","Eligible Regional Park",FALSE,2019-04-15,651,"Weekly StreetLight"
"Sand Hill Recreation Area","Eligible for Greater Minnesota Designation","Eligible Greater MN","Eligible Regional Park",FALSE,2019-04-22,1001,"Weekly StreetLight"
"Sand Hill Recreation Area","Eligible for Greater Minnesota Designation","Eligible Greater MN","Eligible Regional Park",FALSE,2019-04-29,966,"Weekly StreetLight"
"Sand Hill Recreation Area","Eligible for Greater Minnesota Designation","Eligible Greater MN","Eligible Regional Park",FALSE,2019-05-06,1008,"Weekly StreetLight"
"Sand Hill Recreation Area","Eligible for Greater Minnesota Designation","Eligible Greater MN","Eligible Regional Park",FALSE,2019-05-13,1680,"Weekly StreetLight"
"Sand Hill Recreation Area","Eligible for Greater Minnesota Designation","Eligible Greater MN","Eligible Regional Park",FALSE,2019-05-20,861,"Weekly StreetLight"
"Sand Hill Recreation Area","Eligible for Greater Minnesota Designation","Eligible Greater MN","Eligible Regional Park",FALSE,2019-05-27,938,"Weekly StreetLight"
"Sand Hill Recreation Area","Eligible for Greater Minnesota Designation","Eligible Greater MN","Eligible Regional Park",FALSE,2019-06-03,1008,"Weekly StreetLight"
"Sand Hill Recreation Area","Eligible for Greater Minnesota Designation","Eligible Greater MN","Eligible Regional Park",FALSE,2019-06-10,826,"Weekly StreetLight"
"Sand Hill Recreation Area","Eligible for Greater Minnesota Designation","Eligible Greater MN","Eligible Regional Park",FALSE,2019-06-17,959,"Weekly StreetLight"
"Sand Hill Recreation Area","Eligible for Greater Minnesota Designation","Eligible Greater MN","Eligible Regional Park",FALSE,2019-06-24,1008,"Weekly StreetLight"
"Sand Hill Recreation Area","Eligible for Greater Minnesota Designation","Eligible Greater MN","Eligible Regional Park",FALSE,2019-07-01,1162,"Weekly StreetLight"
"Sand Hill Recreation Area","Eligible for Greater Minnesota Designation","Eligible Greater MN","Eligible Regional Park",FALSE,2019-07-08,910,"Weekly StreetLight"
"Sand Hill Recreation Area","Eligible for Greater Minnesota Designation","Eligible Greater MN","Eligible Regional Park",FALSE,2019-07-15,1204,"Weekly StreetLight"
"Sand Hill Recreation Area","Eligible for Greater Minnesota Designation","Eligible Greater MN","Eligible Regional Park",FALSE,2019-07-22,833,"Weekly StreetLight"
"Sand Hill Recreation Area","Eligible for Greater Minnesota Designation","Eligible Greater MN","Eligible Regional Park",FALSE,2019-07-29,735,"Weekly StreetLight"
"Sand Hill Recreation Area","Eligible for Greater Minnesota Designation","Eligible Greater MN","Eligible Regional Park",FALSE,2019-08-05,1337,"Weekly StreetLight"
"Sand Hill Recreation Area","Eligible for Greater Minnesota Designation","Eligible Greater MN","Eligible Regional Park",FALSE,2019-08-12,1295,"Weekly StreetLight"
"Sand Hill Recreation Area","Eligible for Greater Minnesota Designation","Eligible Greater MN","Eligible Regional Park",FALSE,2019-08-19,1750,"Weekly StreetLight"
"Sand Hill Recreation Area","Eligible for Greater Minnesota Designation","Eligible Greater MN","Eligible Regional Park",FALSE,2019-08-26,784,"Weekly StreetLight"
"Sand Hill Recreation Area","Eligible for Greater Minnesota Designation","Eligible Greater MN","Eligible Regional Park",FALSE,2019-09-02,910,"Weekly StreetLight"
"Sand Hill Recreation Area","Eligible for Greater Minnesota Designation","Eligible Greater MN","Eligible Regional Park",FALSE,2019-09-09,763,"Weekly StreetLight"
"Sand Hill Recreation Area","Eligible for Greater Minnesota Designation","Eligible Greater MN","Eligible Regional Park",FALSE,2019-09-16,525,"Weekly StreetLight"
"Sand Hill Recreation Area","Eligible for Greater Minnesota Designation","Eligible Greater MN","Eligible Regional Park",FALSE,2019-09-23,1001,"Weekly StreetLight"
"Sand Hill Recreation Area","Eligible for Greater Minnesota Designation","Eligible Greater MN","Eligible Regional Park",FALSE,2019-09-30,952,"Weekly StreetLight"
"Sand Hill Recreation Area","Eligible for Greater Minnesota Designation","Eligible Greater MN","Eligible Regional Park",FALSE,2019-10-07,1148,"Weekly StreetLight"
"Sand Hill Recreation Area","Eligible for Greater Minnesota Designation","Eligible Greater MN","Eligible Regional Park",FALSE,2019-10-14,1701,"Weekly StreetLight"
"Sand Hill Recreation Area","Eligible for Greater Minnesota Designation","Eligible Greater MN","Eligible Regional Park",FALSE,2019-10-21,1351,"Weekly StreetLight"
"Sand Hill Recreation Area","Eligible for Greater Minnesota Designation","Eligible Greater MN","Eligible Regional Park",FALSE,2019-10-28,399,"Weekly StreetLight"
"Sand Hill Recreation Area","Eligible for Greater Minnesota Designation","Eligible Greater MN","Eligible Regional Park",FALSE,2019-11-04,714,"Weekly StreetLight"
"Sand Hill Recreation Area","Eligible for Greater Minnesota Designation","Eligible Greater MN","Eligible Regional Park",FALSE,2019-11-11,511,"Weekly StreetLight"
"Sand Hill Recreation Area","Eligible for Greater Minnesota Designation","Eligible Greater MN","Eligible Regional Park",FALSE,2019-11-18,462,"Weekly StreetLight"
"Sand Hill Recreation Area","Eligible for Greater Minnesota Designation","Eligible Greater MN","Eligible Regional Park",FALSE,2019-11-25,147,"Weekly StreetLight"
"Sand Hill Recreation Area","Eligible for Greater Minnesota Designation","Eligible Greater MN","Eligible Regional Park",FALSE,2019-12-02,427,"Weekly StreetLight"
"Sand Hill Recreation Area","Eligible for Greater Minnesota Designation","Eligible Greater MN","Eligible Regional Park",FALSE,2019-12-09,287,"Weekly StreetLight"
"Sand Hill Recreation Area","Eligible for Greater Minnesota Designation","Eligible Greater MN","Eligible Regional Park",FALSE,2019-12-16,189,"Weekly StreetLight"
"Sand Hill Recreation Area","Eligible for Greater Minnesota Designation","Eligible Greater MN","Eligible Regional Park",FALSE,2019-12-23,336,"Weekly StreetLight"
"Sand Hill Recreation Area","Eligible for Greater Minnesota Designation","Eligible Greater MN","Eligible Regional Park",FALSE,2019-12-30,406,"Weekly StreetLight"
"Sand Hill Recreation Area","Eligible for Greater Minnesota Designation","Eligible Greater MN","Eligible Regional Park",FALSE,2020-01-06,126,"Weekly StreetLight"
"Sand Hill Recreation Area","Eligible for Greater Minnesota Designation","Eligible Greater MN","Eligible Regional Park",FALSE,2020-01-13,168,"Weekly StreetLight"
"Sand Hill Recreation Area","Eligible for Greater Minnesota Designation","Eligible Greater MN","Eligible Regional Park",FALSE,2020-01-20,168,"Weekly StreetLight"
"Sand Hill Recreation Area","Eligible for Greater Minnesota Designation","Eligible Greater MN","Eligible Regional Park",FALSE,2020-01-27,77,"Weekly StreetLight"
"Sand Hill Recreation Area","Eligible for Greater Minnesota Designation","Eligible Greater MN","Eligible Regional Park",FALSE,2020-02-03,91,"Biweekly StreetLight"
"Sand Hill Recreation Area","Eligible for Greater Minnesota Designation","Eligible Greater MN","Eligible Regional Park",FALSE,2020-02-10,189,"Weekly StreetLight"
"Sand Hill Recreation Area","Eligible for Greater Minnesota Designation","Eligible Greater MN","Eligible Regional Park",FALSE,2020-02-17,112,"Weekly StreetLight"
"Sand Hill Recreation Area","Eligible for Greater Minnesota Designation","Eligible Greater MN","Eligible Regional Park",FALSE,2020-02-24,112,"Weekly StreetLight"
"Sand Hill Recreation Area","Eligible for Greater Minnesota Designation","Eligible Greater MN","Eligible Regional Park",FALSE,2020-03-02,133,"Weekly StreetLight"
"Sand Hill Recreation Area","Eligible for Greater Minnesota Designation","Eligible Greater MN","Eligible Regional Park",FALSE,2020-03-09,133,"Weekly StreetLight"
"Sand Hill Recreation Area","Eligible for Greater Minnesota Designation","Eligible Greater MN","Eligible Regional Park",FALSE,2020-03-16,266,"Weekly StreetLight"
"Sand Hill Recreation Area","Eligible for Greater Minnesota Designation","Eligible Greater MN","Eligible Regional Park",FALSE,2020-03-23,133,"Weekly StreetLight"
"Sand Hill Recreation Area","Eligible for Greater Minnesota Designation","Eligible Greater MN","Eligible Regional Park",FALSE,2020-03-30,238,"Weekly StreetLight"
"Sand Hill Recreation Area","Eligible for Greater Minnesota Designation","Eligible Greater MN","Eligible Regional Park",FALSE,2020-04-06,147,"Weekly StreetLight"
"Sand Hill Recreation Area","Eligible for Greater Minnesota Designation","Eligible Greater MN","Eligible Regional Park",FALSE,2020-04-13,630,"Weekly StreetLight"
"Sand Hill Recreation Area","Eligible for Greater Minnesota Designation","Eligible Greater MN","Eligible Regional Park",FALSE,2020-04-20,1351,"Weekly StreetLight"
"Sand Hill Recreation Area","Eligible for Greater Minnesota Designation","Eligible Greater MN","Eligible Regional Park",FALSE,2020-04-27,623,"Weekly StreetLight"
"Sand Hill Recreation Area","Eligible for Greater Minnesota Designation","Eligible Greater MN","Eligible Regional Park",FALSE,2020-05-04,609,"Weekly StreetLight"
"Sand Hill Recreation Area","Eligible for Greater Minnesota Designation","Eligible Greater MN","Eligible Regional Park",FALSE,2020-05-11,917,"Weekly StreetLight"
"Sand Hill Recreation Area","Eligible for Greater Minnesota Designation","Eligible Greater MN","Eligible Regional Park",FALSE,2020-05-18,917,"Weekly StreetLight"
"Sand Hill Recreation Area","Eligible for Greater Minnesota Designation","Eligible Greater MN","Eligible Regional Park",FALSE,2020-05-25,651,"Weekly StreetLight"
"Sand Hill Recreation Area","Eligible for Greater Minnesota Designation","Eligible Greater MN","Eligible Regional Park",FALSE,2020-06-01,805,"Weekly StreetLight"
"Sand Hill Recreation Area","Eligible for Greater Minnesota Designation","Eligible Greater MN","Eligible Regional Park",FALSE,2020-06-08,1204,"Weekly StreetLight"
"Sand Hill Recreation Area","Eligible for Greater Minnesota Designation","Eligible Greater MN","Eligible Regional Park",FALSE,2020-06-15,770,"Weekly StreetLight"
"Sand Hill Recreation Area","Eligible for Greater Minnesota Designation","Eligible Greater MN","Eligible Regional Park",FALSE,2020-06-22,805,"Weekly StreetLight"
"Sand Hill Recreation Area","Eligible for Greater Minnesota Designation","Eligible Greater MN","Eligible Regional Park",FALSE,2020-06-29,630,"Weekly StreetLight"
"Sand Hill Recreation Area","Eligible for Greater Minnesota Designation","Eligible Greater MN","Eligible Regional Park",FALSE,2020-07-06,448,"Weekly StreetLight"
"Sand Hill Recreation Area","Eligible for Greater Minnesota Designation","Eligible Greater MN","Eligible Regional Park",FALSE,2020-07-13,903,"Weekly StreetLight"
"Sand Hill Recreation Area","Eligible for Greater Minnesota Designation","Eligible Greater MN","Eligible Regional Park",FALSE,2020-07-20,1421,"Weekly StreetLight"
"Sand Hill Recreation Area","Eligible for Greater Minnesota Designation","Eligible Greater MN","Eligible Regional Park",FALSE,2020-07-27,1239,"Weekly StreetLight"
"Sand Hill Recreation Area","Eligible for Greater Minnesota Designation","Eligible Greater MN","Eligible Regional Park",FALSE,2020-08-03,1645,"Weekly StreetLight"
"Sand Hill Recreation Area","Eligible for Greater Minnesota Designation","Eligible Greater MN","Eligible Regional Park",FALSE,2020-08-10,1344,"Weekly StreetLight"
"Sand Hill Recreation Area","Eligible for Greater Minnesota Designation","Eligible Greater MN","Eligible Regional Park",FALSE,2020-08-17,707,"Weekly StreetLight"
"Sand Hill Recreation Area","Eligible for Greater Minnesota Designation","Eligible Greater MN","Eligible Regional Park",FALSE,2020-08-24,637,"Weekly StreetLight"
"Sand Hill Recreation Area","Eligible for Greater Minnesota Designation","Eligible Greater MN","Eligible Regional Park",FALSE,2020-08-31,749,"Weekly StreetLight"
"Sand Hill Recreation Area","Eligible for Greater Minnesota Designation","Eligible Greater MN","Eligible Regional Park",FALSE,2020-09-07,903,"Weekly StreetLight"
"Sand Hill Recreation Area","Eligible for Greater Minnesota Designation","Eligible Greater MN","Eligible Regional Park",FALSE,2020-09-14,602,"Weekly StreetLight"
"Sand Hill Recreation Area","Eligible for Greater Minnesota Designation","Eligible Greater MN","Eligible Regional Park",FALSE,2020-09-21,784,"Weekly StreetLight"
"Sand Hill Recreation Area","Eligible for Greater Minnesota Designation","Eligible Greater MN","Eligible Regional Park",FALSE,2020-09-28,637,"Weekly StreetLight"
"Sand Hill Recreation Area","Eligible for Greater Minnesota Designation","Eligible Greater MN","Eligible Regional Park",FALSE,2020-10-05,868,"Weekly StreetLight"
"Sand Hill Recreation Area","Eligible for Greater Minnesota Designation","Eligible Greater MN","Eligible Regional Park",FALSE,2020-10-12,378,"Weekly StreetLight"
"Sand Hill Recreation Area","Eligible for Greater Minnesota Designation","Eligible Greater MN","Eligible Regional Park",FALSE,2020-10-19,378,"Weekly StreetLight"
"Sand Hill Recreation Area","Eligible for Greater Minnesota Designation","Eligible Greater MN","Eligible Regional Park",FALSE,2020-10-26,763,"Weekly StreetLight"
"Sand Hill Recreation Area","Eligible for Greater Minnesota Designation","Eligible Greater MN","Eligible Regional Park",FALSE,2020-11-02,1092,"Weekly StreetLight"
"Sand Hill Recreation Area","Eligible for Greater Minnesota Designation","Eligible Greater MN","Eligible Regional Park",FALSE,2020-11-09,742,"Weekly StreetLight"
"Sand Hill Recreation Area","Eligible for Greater Minnesota Designation","Eligible Greater MN","Eligible Regional Park",FALSE,2020-11-16,196,"Weekly StreetLight"
"Sand Hill Recreation Area","Eligible for Greater Minnesota Designation","Eligible Greater MN","Eligible Regional Park",FALSE,2020-11-23,392,"Weekly StreetLight"
"Sand Hill Recreation Area","Eligible for Greater Minnesota Designation","Eligible Greater MN","Eligible Regional Park",FALSE,2020-11-30,588,"Weekly StreetLight"
"Sand Hill Recreation Area","Eligible for Greater Minnesota Designation","Eligible Greater MN","Eligible Regional Park",FALSE,2020-12-07,378,"Weekly StreetLight"
"Sand Hill Recreation Area","Eligible for Greater Minnesota Designation","Eligible Greater MN","Eligible Regional Park",FALSE,2020-12-14,336,"Weekly StreetLight"
"Sand Hill Recreation Area","Eligible for Greater Minnesota Designation","Eligible Greater MN","Eligible Regional Park",FALSE,2020-12-21,168,"Weekly StreetLight"
"Sand Hill Recreation Area","Eligible for Greater Minnesota Designation","Eligible Greater MN","Eligible Regional Park",FALSE,2020-12-28,455,"Weekly StreetLight"
"Sand Hill Recreation Area","Eligible for Greater Minnesota Designation","Eligible Greater MN","Eligible Regional Park",FALSE,2021-01-04,357,"Weekly StreetLight"
"Sand Hill Recreation Area","Eligible for Greater Minnesota Designation","Eligible Greater MN","Eligible Regional Park",FALSE,2021-01-11,294,"Weekly StreetLight"
"Sand Hill Recreation Area","Eligible for Greater Minnesota Designation","Eligible Greater MN","Eligible Regional Park",FALSE,2021-01-18,441,"Weekly StreetLight"
"Sand Hill Recreation Area","Eligible for Greater Minnesota Designation","Eligible Greater MN","Eligible Regional Park",FALSE,2021-01-25,91,"Weekly StreetLight"
"Sand Hill Recreation Area","Eligible for Greater Minnesota Designation","Eligible Greater MN","Eligible Regional Park",FALSE,2021-02-01,91,"Weekly StreetLight"
"Sand Hill Recreation Area","Eligible for Greater Minnesota Designation","Eligible Greater MN","Eligible Regional Park",FALSE,2021-02-08,28,"Weekly StreetLight"
"Sand Hill Recreation Area","Eligible for Greater Minnesota Designation","Eligible Greater MN","Eligible Regional Park",FALSE,2021-02-15,266,"Weekly StreetLight"
"Sand Hill Recreation Area","Eligible for Greater Minnesota Designation","Eligible Greater MN","Eligible Regional Park",FALSE,2021-02-22,322,"Weekly StreetLight"
"Sand Hill Recreation Area","Eligible for Greater Minnesota Designation","Eligible Greater MN","Eligible Regional Park",FALSE,2021-03-01,154,"Weekly StreetLight"
"Sand Hill Recreation Area","Eligible for Greater Minnesota Designation","Eligible Greater MN","Eligible Regional Park",FALSE,2021-03-08,210,"Weekly StreetLight"
"Sand Hill Recreation Area","Eligible for Greater Minnesota Designation","Eligible Greater MN","Eligible Regional Park",FALSE,2021-03-15,77,"Weekly StreetLight"
"Sand Hill Recreation Area","Eligible for Greater Minnesota Designation","Eligible Greater MN","Eligible Regional Park",FALSE,2021-03-22,182,"Weekly StreetLight"
"Sand Hill Recreation Area","Eligible for Greater Minnesota Designation","Eligible Greater MN","Eligible Regional Park",FALSE,2021-03-29,616,"Weekly StreetLight"
"Sand Hill Recreation Area","Eligible for Greater Minnesota Designation","Eligible Greater MN","Eligible Regional Park",FALSE,2021-04-05,504,"Weekly StreetLight"
"Sand Hill Recreation Area","Eligible for Greater Minnesota Designation","Eligible Greater MN","Eligible Regional Park",FALSE,2021-04-12,462,"Weekly StreetLight"
"Sand Hill Recreation Area","Eligible for Greater Minnesota Designation","Eligible Greater MN","Eligible Regional Park",FALSE,2021-04-19,308,"Weekly StreetLight"
"Sand Hill Recreation Area","Eligible for Greater Minnesota Designation","Eligible Greater MN","Eligible Regional Park",FALSE,2021-04-26,462,"Weekly StreetLight"
"Sand Hill Recreation Area","Eligible for Greater Minnesota Designation","Eligible Greater MN","Eligible Regional Park",FALSE,2021-05-03,210,"Weekly StreetLight"
"Sand Hill Recreation Area","Eligible for Greater Minnesota Designation","Eligible Greater MN","Eligible Regional Park",FALSE,2021-05-10,420,"Weekly StreetLight"
"Sand Hill Recreation Area","Eligible for Greater Minnesota Designation","Eligible Greater MN","Eligible Regional Park",FALSE,2021-05-17,315,"Weekly StreetLight"
"Sand Hill Recreation Area","Eligible for Greater Minnesota Designation","Eligible Greater MN","Eligible Regional Park",FALSE,2021-05-24,175,"Weekly StreetLight"
"Sand Hill Recreation Area","Eligible for Greater Minnesota Designation","Eligible Greater MN","Eligible Regional Park",FALSE,2021-05-31,539,"Weekly StreetLight"
"Sand Hill Recreation Area","Eligible for Greater Minnesota Designation","Eligible Greater MN","Eligible Regional Park",FALSE,2021-06-07,602,"Weekly StreetLight"
"Sand Hill Recreation Area","Eligible for Greater Minnesota Designation","Eligible Greater MN","Eligible Regional Park",FALSE,2021-06-14,532,"Weekly StreetLight"
"Sand Hill Recreation Area","Eligible for Greater Minnesota Designation","Eligible Greater MN","Eligible Regional Park",FALSE,2021-06-21,637,"Weekly StreetLight"
"Sand Hill Recreation Area","Eligible for Greater Minnesota Designation","Eligible Greater MN","Eligible Regional Park",FALSE,2021-06-28,287,"Weekly StreetLight"
"Sand Hill Recreation Area","Eligible for Greater Minnesota Designation","Eligible Greater MN","Eligible Regional Park",FALSE,2021-07-05,721,"Weekly StreetLight"
"Sand Hill Recreation Area","Eligible for Greater Minnesota Designation","Eligible Greater MN","Eligible Regional Park",FALSE,2021-07-12,623,"Weekly StreetLight"
"Sand Hill Recreation Area","Eligible for Greater Minnesota Designation","Eligible Greater MN","Eligible Regional Park",FALSE,2021-07-19,595,"Weekly StreetLight"
"Sand Hill Recreation Area","Eligible for Greater Minnesota Designation","Eligible Greater MN","Eligible Regional Park",FALSE,2021-07-26,854,"Weekly StreetLight"
"Sand Hill Recreation Area","Eligible for Greater Minnesota Designation","Eligible Greater MN","Eligible Regional Park",FALSE,2021-08-02,1057,"Weekly StreetLight"
"Sand Hill Recreation Area","Eligible for Greater Minnesota Designation","Eligible Greater MN","Eligible Regional Park",FALSE,2021-08-09,833,"Weekly StreetLight"
"Sand Hill Recreation Area","Eligible for Greater Minnesota Designation","Eligible Greater MN","Eligible Regional Park",FALSE,2021-08-16,413,"Weekly StreetLight"
"Sand Hill Recreation Area","Eligible for Greater Minnesota Designation","Eligible Greater MN","Eligible Regional Park",FALSE,2021-08-23,455,"Weekly StreetLight"
"Sand Hill Recreation Area","Eligible for Greater Minnesota Designation","Eligible Greater MN","Eligible Regional Park",FALSE,2021-08-30,336,"Weekly StreetLight"
"Sand Hill Recreation Area","Eligible for Greater Minnesota Designation","Eligible Greater MN","Eligible Regional Park",FALSE,2021-09-06,483,"Weekly StreetLight"
"Sand Hill Recreation Area","Eligible for Greater Minnesota Designation","Eligible Greater MN","Eligible Regional Park",FALSE,2021-09-13,553,"Weekly StreetLight"
"Sand Hill Recreation Area","Eligible for Greater Minnesota Designation","Eligible Greater MN","Eligible Regional Park",FALSE,2021-09-20,812,"Weekly StreetLight"
"Sand Hill Recreation Area","Eligible for Greater Minnesota Designation","Eligible Greater MN","Eligible Regional Park",FALSE,2021-09-27,1421,"Weekly StreetLight"
"Sand Hill Recreation Area","Eligible for Greater Minnesota Designation","Eligible Greater MN","Eligible Regional Park",FALSE,2021-10-04,266,"Weekly StreetLight"
"Sand Hill Recreation Area","Eligible for Greater Minnesota Designation","Eligible Greater MN","Eligible Regional Park",FALSE,2021-10-11,903,"Weekly StreetLight"
"Sand Hill Recreation Area","Eligible for Greater Minnesota Designation","Eligible Greater MN","Eligible Regional Park",FALSE,2021-10-18,1281,"Weekly StreetLight"
"Sand Hill Recreation Area","Eligible for Greater Minnesota Designation","Eligible Greater MN","Eligible Regional Park",FALSE,2021-10-25,1092,"Weekly StreetLight"
"Sand Hill Recreation Area","Eligible for Greater Minnesota Designation","Eligible Greater MN","Eligible Regional Park",FALSE,2021-11-01,224,"Weekly StreetLight"
"Sand Hill Recreation Area","Eligible for Greater Minnesota Designation","Eligible Greater MN","Eligible Regional Park",FALSE,2021-11-08,98,"Weekly StreetLight"
"Sand Hill Recreation Area","Eligible for Greater Minnesota Designation","Eligible Greater MN","Eligible Regional Park",FALSE,2021-11-15,35,"Biweekly StreetLight"
"Sand Hill Recreation Area","Eligible for Greater Minnesota Designation","Eligible Greater MN","Eligible Regional Park",FALSE,2021-11-22,63,"Weekly StreetLight"
"Sand Hill Recreation Area","Eligible for Greater Minnesota Designation","Eligible Greater MN","Eligible Regional Park",FALSE,2021-11-29,63,"Weekly StreetLight"
"Sand Hill Recreation Area","Eligible for Greater Minnesota Designation","Eligible Greater MN","Eligible Regional Park",FALSE,2021-12-06,98,"Weekly StreetLight"
"Sand Hill Recreation Area","Eligible for Greater Minnesota Designation","Eligible Greater MN","Eligible Regional Park",FALSE,2021-12-13,14,"Biweekly StreetLight"
"Sand Hill Recreation Area","Eligible for Greater Minnesota Designation","Eligible Greater MN","Eligible Regional Park",FALSE,2021-12-20,35,"Weekly StreetLight"
"Sand Hill Recreation Area","Eligible for Greater Minnesota Designation","Eligible Greater MN","Eligible Regional Park",FALSE,2021-12-27,63,"Weekly StreetLight"
"Sawtooth Bluff","Eligible for Greater Minnesota Designation","Eligible Greater MN","Eligible Regional Park",FALSE,2017-11-27,2793,"Weekly StreetLight"
"Sawtooth Bluff","Eligible for Greater Minnesota Designation","Eligible Greater MN","Eligible Regional Park",FALSE,2017-12-04,3458,"Weekly StreetLight"
"Sawtooth Bluff","Eligible for Greater Minnesota Designation","Eligible Greater MN","Eligible Regional Park",FALSE,2017-12-11,4606,"Weekly StreetLight"
"Sawtooth Bluff","Eligible for Greater Minnesota Designation","Eligible Greater MN","Eligible Regional Park",FALSE,2017-12-18,3458,"Weekly StreetLight"
"Sawtooth Bluff","Eligible for Greater Minnesota Designation","Eligible Greater MN","Eligible Regional Park",FALSE,2017-12-25,2016,"Weekly StreetLight"
"Sawtooth Bluff","Eligible for Greater Minnesota Designation","Eligible Greater MN","Eligible Regional Park",FALSE,2018-01-01,4557,"Weekly StreetLight"
"Sawtooth Bluff","Eligible for Greater Minnesota Designation","Eligible Greater MN","Eligible Regional Park",FALSE,2018-01-08,4844,"Weekly StreetLight"
"Sawtooth Bluff","Eligible for Greater Minnesota Designation","Eligible Greater MN","Eligible Regional Park",FALSE,2018-01-15,4557,"Weekly StreetLight"
"Sawtooth Bluff","Eligible for Greater Minnesota Designation","Eligible Greater MN","Eligible Regional Park",FALSE,2018-01-22,4557,"Weekly StreetLight"
"Sawtooth Bluff","Eligible for Greater Minnesota Designation","Eligible Greater MN","Eligible Regional Park",FALSE,2018-01-29,4221,"Weekly StreetLight"
"Sawtooth Bluff","Eligible for Greater Minnesota Designation","Eligible Greater MN","Eligible Regional Park",FALSE,2018-02-05,4088,"Weekly StreetLight"
"Sawtooth Bluff","Eligible for Greater Minnesota Designation","Eligible Greater MN","Eligible Regional Park",FALSE,2018-02-12,3227,"Weekly StreetLight"
"Sawtooth Bluff","Eligible for Greater Minnesota Designation","Eligible Greater MN","Eligible Regional Park",FALSE,2018-02-19,5600,"Weekly StreetLight"
"Sawtooth Bluff","Eligible for Greater Minnesota Designation","Eligible Greater MN","Eligible Regional Park",FALSE,2018-02-26,2261,"Weekly StreetLight"
"Sawtooth Bluff","Eligible for Greater Minnesota Designation","Eligible Greater MN","Eligible Regional Park",FALSE,2018-03-05,5621,"Weekly StreetLight"
"Sawtooth Bluff","Eligible for Greater Minnesota Designation","Eligible Greater MN","Eligible Regional Park",FALSE,2018-03-12,5040,"Weekly StreetLight"
"Sawtooth Bluff","Eligible for Greater Minnesota Designation","Eligible Greater MN","Eligible Regional Park",FALSE,2018-03-19,5621,"Weekly StreetLight"
"Sawtooth Bluff","Eligible for Greater Minnesota Designation","Eligible Greater MN","Eligible Regional Park",FALSE,2018-03-26,1939,"Weekly StreetLight"
"Sawtooth Bluff","Eligible for Greater Minnesota Designation","Eligible Greater MN","Eligible Regional Park",FALSE,2018-04-02,3185,"Weekly StreetLight"
"Sawtooth Bluff","Eligible for Greater Minnesota Designation","Eligible Greater MN","Eligible Regional Park",FALSE,2018-04-09,6832,"Weekly StreetLight"
"Sawtooth Bluff","Eligible for Greater Minnesota Designation","Eligible Greater MN","Eligible Regional Park",FALSE,2018-04-16,5922,"Weekly StreetLight"
"Sawtooth Bluff","Eligible for Greater Minnesota Designation","Eligible Greater MN","Eligible Regional Park",FALSE,2018-04-23,6601,"Weekly StreetLight"
"Sawtooth Bluff","Eligible for Greater Minnesota Designation","Eligible Greater MN","Eligible Regional Park",FALSE,2018-04-30,2723,"Weekly StreetLight"
"Sawtooth Bluff","Eligible for Greater Minnesota Designation","Eligible Greater MN","Eligible Regional Park",FALSE,2018-05-07,4305,"Weekly StreetLight"
"Sawtooth Bluff","Eligible for Greater Minnesota Designation","Eligible Greater MN","Eligible Regional Park",FALSE,2018-05-14,4165,"Weekly StreetLight"
"Sawtooth Bluff","Eligible for Greater Minnesota Designation","Eligible Greater MN","Eligible Regional Park",FALSE,2018-05-21,4165,"Weekly StreetLight"
"Sawtooth Bluff","Eligible for Greater Minnesota Designation","Eligible Greater MN","Eligible Regional Park",FALSE,2018-05-28,3402,"Weekly StreetLight"
"Sawtooth Bluff","Eligible for Greater Minnesota Designation","Eligible Greater MN","Eligible Regional Park",FALSE,2018-06-04,2639,"Weekly StreetLight"
"Sawtooth Bluff","Eligible for Greater Minnesota Designation","Eligible Greater MN","Eligible Regional Park",FALSE,2018-06-11,3409,"Weekly StreetLight"
"Sawtooth Bluff","Eligible for Greater Minnesota Designation","Eligible Greater MN","Eligible Regional Park",FALSE,2018-06-18,2422,"Weekly StreetLight"
"Sawtooth Bluff","Eligible for Greater Minnesota Designation","Eligible Greater MN","Eligible Regional Park",FALSE,2018-06-25,798,"Weekly StreetLight"
"Sawtooth Bluff","Eligible for Greater Minnesota Designation","Eligible Greater MN","Eligible Regional Park",FALSE,2018-07-02,1575,"Weekly StreetLight"
"Sawtooth Bluff","Eligible for Greater Minnesota Designation","Eligible Greater MN","Eligible Regional Park",FALSE,2018-07-09,1827,"Weekly StreetLight"
"Sawtooth Bluff","Eligible for Greater Minnesota Designation","Eligible Greater MN","Eligible Regional Park",FALSE,2018-07-16,2737,"Weekly StreetLight"
"Sawtooth Bluff","Eligible for Greater Minnesota Designation","Eligible Greater MN","Eligible Regional Park",FALSE,2018-07-23,3073,"Weekly StreetLight"
"Sawtooth Bluff","Eligible for Greater Minnesota Designation","Eligible Greater MN","Eligible Regional Park",FALSE,2018-07-30,2002,"Weekly StreetLight"
"Sawtooth Bluff","Eligible for Greater Minnesota Designation","Eligible Greater MN","Eligible Regional Park",FALSE,2018-08-06,2485,"Weekly StreetLight"
"Sawtooth Bluff","Eligible for Greater Minnesota Designation","Eligible Greater MN","Eligible Regional Park",FALSE,2018-08-13,1204,"Weekly StreetLight"
"Sawtooth Bluff","Eligible for Greater Minnesota Designation","Eligible Greater MN","Eligible Regional Park",FALSE,2018-08-20,1561,"Weekly StreetLight"
"Sawtooth Bluff","Eligible for Greater Minnesota Designation","Eligible Greater MN","Eligible Regional Park",FALSE,2018-08-27,2331,"Weekly StreetLight"
"Sawtooth Bluff","Eligible for Greater Minnesota Designation","Eligible Greater MN","Eligible Regional Park",FALSE,2018-09-03,2499,"Weekly StreetLight"
"Sawtooth Bluff","Eligible for Greater Minnesota Designation","Eligible Greater MN","Eligible Regional Park",FALSE,2018-09-10,2772,"Weekly StreetLight"
"Sawtooth Bluff","Eligible for Greater Minnesota Designation","Eligible Greater MN","Eligible Regional Park",FALSE,2018-09-17,3332,"Weekly StreetLight"
"Sawtooth Bluff","Eligible for Greater Minnesota Designation","Eligible Greater MN","Eligible Regional Park",FALSE,2018-09-24,3052,"Weekly StreetLight"
"Sawtooth Bluff","Eligible for Greater Minnesota Designation","Eligible Greater MN","Eligible Regional Park",FALSE,2018-10-01,4081,"Weekly StreetLight"
"Sawtooth Bluff","Eligible for Greater Minnesota Designation","Eligible Greater MN","Eligible Regional Park",FALSE,2018-10-08,994,"Weekly StreetLight"
"Sawtooth Bluff","Eligible for Greater Minnesota Designation","Eligible Greater MN","Eligible Regional Park",FALSE,2018-10-15,2534,"Weekly StreetLight"
"Sawtooth Bluff","Eligible for Greater Minnesota Designation","Eligible Greater MN","Eligible Regional Park",FALSE,2018-10-22,3528,"Weekly StreetLight"
"Sawtooth Bluff","Eligible for Greater Minnesota Designation","Eligible Greater MN","Eligible Regional Park",FALSE,2018-10-29,3724,"Weekly StreetLight"
"Sawtooth Bluff","Eligible for Greater Minnesota Designation","Eligible Greater MN","Eligible Regional Park",FALSE,2018-11-05,3710,"Weekly StreetLight"
"Sawtooth Bluff","Eligible for Greater Minnesota Designation","Eligible Greater MN","Eligible Regional Park",FALSE,2018-11-12,4494,"Weekly StreetLight"
"Sawtooth Bluff","Eligible for Greater Minnesota Designation","Eligible Greater MN","Eligible Regional Park",FALSE,2018-11-19,4298,"Weekly StreetLight"
"Sawtooth Bluff","Eligible for Greater Minnesota Designation","Eligible Greater MN","Eligible Regional Park",FALSE,2018-11-26,4354,"Weekly StreetLight"
"Sawtooth Bluff","Eligible for Greater Minnesota Designation","Eligible Greater MN","Eligible Regional Park",FALSE,2018-12-03,4480,"Weekly StreetLight"
"Sawtooth Bluff","Eligible for Greater Minnesota Designation","Eligible Greater MN","Eligible Regional Park",FALSE,2018-12-10,3199,"Weekly StreetLight"
"Sawtooth Bluff","Eligible for Greater Minnesota Designation","Eligible Greater MN","Eligible Regional Park",FALSE,2018-12-17,3409,"Weekly StreetLight"
"Sawtooth Bluff","Eligible for Greater Minnesota Designation","Eligible Greater MN","Eligible Regional Park",FALSE,2018-12-24,4263,"Weekly StreetLight"
"Sawtooth Bluff","Eligible for Greater Minnesota Designation","Eligible Greater MN","Eligible Regional Park",FALSE,2018-12-31,2114,"Weekly StreetLight"
"Sawtooth Bluff","Eligible for Greater Minnesota Designation","Eligible Greater MN","Eligible Regional Park",FALSE,2019-01-07,3087,"Weekly StreetLight"
"Sawtooth Bluff","Eligible for Greater Minnesota Designation","Eligible Greater MN","Eligible Regional Park",FALSE,2019-01-14,3563,"Weekly StreetLight"
"Sawtooth Bluff","Eligible for Greater Minnesota Designation","Eligible Greater MN","Eligible Regional Park",FALSE,2019-01-21,3493,"Weekly StreetLight"
"Sawtooth Bluff","Eligible for Greater Minnesota Designation","Eligible Greater MN","Eligible Regional Park",FALSE,2019-01-28,1862,"Weekly StreetLight"
"Sawtooth Bluff","Eligible for Greater Minnesota Designation","Eligible Greater MN","Eligible Regional Park",FALSE,2019-02-04,2443,"Weekly StreetLight"
"Sawtooth Bluff","Eligible for Greater Minnesota Designation","Eligible Greater MN","Eligible Regional Park",FALSE,2019-02-11,2303,"Weekly StreetLight"
"Sawtooth Bluff","Eligible for Greater Minnesota Designation","Eligible Greater MN","Eligible Regional Park",FALSE,2019-02-18,1799,"Weekly StreetLight"
"Sawtooth Bluff","Eligible for Greater Minnesota Designation","Eligible Greater MN","Eligible Regional Park",FALSE,2019-02-25,2114,"Weekly StreetLight"
"Sawtooth Bluff","Eligible for Greater Minnesota Designation","Eligible Greater MN","Eligible Regional Park",FALSE,2019-03-04,3101,"Weekly StreetLight"
"Sawtooth Bluff","Eligible for Greater Minnesota Designation","Eligible Greater MN","Eligible Regional Park",FALSE,2019-03-11,2345,"Weekly StreetLight"
"Sawtooth Bluff","Eligible for Greater Minnesota Designation","Eligible Greater MN","Eligible Regional Park",FALSE,2019-03-18,2646,"Weekly StreetLight"
"Sawtooth Bluff","Eligible for Greater Minnesota Designation","Eligible Greater MN","Eligible Regional Park",FALSE,2019-03-25,1967,"Weekly StreetLight"
"Sawtooth Bluff","Eligible for Greater Minnesota Designation","Eligible Greater MN","Eligible Regional Park",FALSE,2019-04-01,3430,"Weekly StreetLight"
"Sawtooth Bluff","Eligible for Greater Minnesota Designation","Eligible Greater MN","Eligible Regional Park",FALSE,2019-04-08,2142,"Weekly StreetLight"
"Sawtooth Bluff","Eligible for Greater Minnesota Designation","Eligible Greater MN","Eligible Regional Park",FALSE,2019-04-15,2058,"Weekly StreetLight"
"Sawtooth Bluff","Eligible for Greater Minnesota Designation","Eligible Greater MN","Eligible Regional Park",FALSE,2019-04-22,2569,"Weekly StreetLight"
"Sawtooth Bluff","Eligible for Greater Minnesota Designation","Eligible Greater MN","Eligible Regional Park",FALSE,2019-04-29,1512,"Weekly StreetLight"
"Sawtooth Bluff","Eligible for Greater Minnesota Designation","Eligible Greater MN","Eligible Regional Park",FALSE,2019-05-06,1701,"Weekly StreetLight"
"Sawtooth Bluff","Eligible for Greater Minnesota Designation","Eligible Greater MN","Eligible Regional Park",FALSE,2019-05-13,2247,"Weekly StreetLight"
"Sawtooth Bluff","Eligible for Greater Minnesota Designation","Eligible Greater MN","Eligible Regional Park",FALSE,2019-05-20,1337,"Weekly StreetLight"
"Sawtooth Bluff","Eligible for Greater Minnesota Designation","Eligible Greater MN","Eligible Regional Park",FALSE,2019-05-27,2366,"Weekly StreetLight"
"Sawtooth Bluff","Eligible for Greater Minnesota Designation","Eligible Greater MN","Eligible Regional Park",FALSE,2019-06-03,2044,"Weekly StreetLight"
"Sawtooth Bluff","Eligible for Greater Minnesota Designation","Eligible Greater MN","Eligible Regional Park",FALSE,2019-06-10,2135,"Weekly StreetLight"
"Sawtooth Bluff","Eligible for Greater Minnesota Designation","Eligible Greater MN","Eligible Regional Park",FALSE,2019-06-17,2485,"Weekly StreetLight"
"Sawtooth Bluff","Eligible for Greater Minnesota Designation","Eligible Greater MN","Eligible Regional Park",FALSE,2019-06-24,2310,"Weekly StreetLight"
"Sawtooth Bluff","Eligible for Greater Minnesota Designation","Eligible Greater MN","Eligible Regional Park",FALSE,2019-07-01,1372,"Weekly StreetLight"
"Sawtooth Bluff","Eligible for Greater Minnesota Designation","Eligible Greater MN","Eligible Regional Park",FALSE,2019-07-08,1890,"Weekly StreetLight"
"Sawtooth Bluff","Eligible for Greater Minnesota Designation","Eligible Greater MN","Eligible Regional Park",FALSE,2019-07-15,1617,"Weekly StreetLight"
"Sawtooth Bluff","Eligible for Greater Minnesota Designation","Eligible Greater MN","Eligible Regional Park",FALSE,2019-07-22,1239,"Weekly StreetLight"
"Sawtooth Bluff","Eligible for Greater Minnesota Designation","Eligible Greater MN","Eligible Regional Park",FALSE,2019-07-29,1617,"Weekly StreetLight"
"Sawtooth Bluff","Eligible for Greater Minnesota Designation","Eligible Greater MN","Eligible Regional Park",FALSE,2019-08-05,1561,"Weekly StreetLight"
"Sawtooth Bluff","Eligible for Greater Minnesota Designation","Eligible Greater MN","Eligible Regional Park",FALSE,2019-08-12,1463,"Weekly StreetLight"
"Sawtooth Bluff","Eligible for Greater Minnesota Designation","Eligible Greater MN","Eligible Regional Park",FALSE,2019-08-19,1365,"Weekly StreetLight"
"Sawtooth Bluff","Eligible for Greater Minnesota Designation","Eligible Greater MN","Eligible Regional Park",FALSE,2019-08-26,1974,"Weekly StreetLight"
"Sawtooth Bluff","Eligible for Greater Minnesota Designation","Eligible Greater MN","Eligible Regional Park",FALSE,2019-09-02,1106,"Weekly StreetLight"
"Sawtooth Bluff","Eligible for Greater Minnesota Designation","Eligible Greater MN","Eligible Regional Park",FALSE,2019-09-09,1512,"Weekly StreetLight"
"Sawtooth Bluff","Eligible for Greater Minnesota Designation","Eligible Greater MN","Eligible Regional Park",FALSE,2019-09-16,1596,"Weekly StreetLight"
"Sawtooth Bluff","Eligible for Greater Minnesota Designation","Eligible Greater MN","Eligible Regional Park",FALSE,2019-09-23,1918,"Weekly StreetLight"
"Sawtooth Bluff","Eligible for Greater Minnesota Designation","Eligible Greater MN","Eligible Regional Park",FALSE,2019-09-30,1673,"Weekly StreetLight"
"Sawtooth Bluff","Eligible for Greater Minnesota Designation","Eligible Greater MN","Eligible Regional Park",FALSE,2019-10-07,1386,"Weekly StreetLight"
"Sawtooth Bluff","Eligible for Greater Minnesota Designation","Eligible Greater MN","Eligible Regional Park",FALSE,2019-10-14,1589,"Weekly StreetLight"
"Sawtooth Bluff","Eligible for Greater Minnesota Designation","Eligible Greater MN","Eligible Regional Park",FALSE,2019-10-21,819,"Weekly StreetLight"
"Sawtooth Bluff","Eligible for Greater Minnesota Designation","Eligible Greater MN","Eligible Regional Park",FALSE,2019-10-28,1729,"Weekly StreetLight"
"Sawtooth Bluff","Eligible for Greater Minnesota Designation","Eligible Greater MN","Eligible Regional Park",FALSE,2019-11-04,994,"Weekly StreetLight"
"Sawtooth Bluff","Eligible for Greater Minnesota Designation","Eligible Greater MN","Eligible Regional Park",FALSE,2019-11-11,1918,"Weekly StreetLight"
"Sawtooth Bluff","Eligible for Greater Minnesota Designation","Eligible Greater MN","Eligible Regional Park",FALSE,2019-11-18,3689,"Weekly StreetLight"
"Sawtooth Bluff","Eligible for Greater Minnesota Designation","Eligible Greater MN","Eligible Regional Park",FALSE,2019-11-25,2037,"Weekly StreetLight"
"Sawtooth Bluff","Eligible for Greater Minnesota Designation","Eligible Greater MN","Eligible Regional Park",FALSE,2019-12-02,1645,"Weekly StreetLight"
"Sawtooth Bluff","Eligible for Greater Minnesota Designation","Eligible Greater MN","Eligible Regional Park",FALSE,2019-12-09,1834,"Weekly StreetLight"
"Sawtooth Bluff","Eligible for Greater Minnesota Designation","Eligible Greater MN","Eligible Regional Park",FALSE,2019-12-16,1456,"Weekly StreetLight"
"Sawtooth Bluff","Eligible for Greater Minnesota Designation","Eligible Greater MN","Eligible Regional Park",FALSE,2019-12-23,1960,"Weekly StreetLight"
"Sawtooth Bluff","Eligible for Greater Minnesota Designation","Eligible Greater MN","Eligible Regional Park",FALSE,2019-12-30,1085,"Weekly StreetLight"
"Sawtooth Bluff","Eligible for Greater Minnesota Designation","Eligible Greater MN","Eligible Regional Park",FALSE,2020-01-06,2233,"Weekly StreetLight"
"Sawtooth Bluff","Eligible for Greater Minnesota Designation","Eligible Greater MN","Eligible Regional Park",FALSE,2020-01-13,2114,"Weekly StreetLight"
"Sawtooth Bluff","Eligible for Greater Minnesota Designation","Eligible Greater MN","Eligible Regional Park",FALSE,2020-01-20,1085,"Weekly StreetLight"
"Sawtooth Bluff","Eligible for Greater Minnesota Designation","Eligible Greater MN","Eligible Regional Park",FALSE,2020-01-27,2282,"Weekly StreetLight"
"Sawtooth Bluff","Eligible for Greater Minnesota Designation","Eligible Greater MN","Eligible Regional Park",FALSE,2020-02-03,833,"Weekly StreetLight"
"Sawtooth Bluff","Eligible for Greater Minnesota Designation","Eligible Greater MN","Eligible Regional Park",FALSE,2020-02-10,833,"Weekly StreetLight"
"Sawtooth Bluff","Eligible for Greater Minnesota Designation","Eligible Greater MN","Eligible Regional Park",FALSE,2020-02-17,1386,"Weekly StreetLight"
"Sawtooth Bluff","Eligible for Greater Minnesota Designation","Eligible Greater MN","Eligible Regional Park",FALSE,2020-02-24,1722,"Weekly StreetLight"
"Sawtooth Bluff","Eligible for Greater Minnesota Designation","Eligible Greater MN","Eligible Regional Park",FALSE,2020-03-02,966,"Weekly StreetLight"
"Sawtooth Bluff","Eligible for Greater Minnesota Designation","Eligible Greater MN","Eligible Regional Park",FALSE,2020-03-09,1995,"Weekly StreetLight"
"Sawtooth Bluff","Eligible for Greater Minnesota Designation","Eligible Greater MN","Eligible Regional Park",FALSE,2020-03-16,1092,"Weekly StreetLight"
"Sawtooth Bluff","Eligible for Greater Minnesota Designation","Eligible Greater MN","Eligible Regional Park",FALSE,2020-03-23,1029,"Weekly StreetLight"
"Sawtooth Bluff","Eligible for Greater Minnesota Designation","Eligible Greater MN","Eligible Regional Park",FALSE,2020-03-30,714,"Weekly StreetLight"
"Sawtooth Bluff","Eligible for Greater Minnesota Designation","Eligible Greater MN","Eligible Regional Park",FALSE,2020-04-06,819,"Weekly StreetLight"
"Sawtooth Bluff","Eligible for Greater Minnesota Designation","Eligible Greater MN","Eligible Regional Park",FALSE,2020-04-13,819,"Weekly StreetLight"
"Sawtooth Bluff","Eligible for Greater Minnesota Designation","Eligible Greater MN","Eligible Regional Park",FALSE,2020-04-20,1043,"Weekly StreetLight"
"Sawtooth Bluff","Eligible for Greater Minnesota Designation","Eligible Greater MN","Eligible Regional Park",FALSE,2020-04-27,497,"Weekly StreetLight"
"Sawtooth Bluff","Eligible for Greater Minnesota Designation","Eligible Greater MN","Eligible Regional Park",FALSE,2020-05-04,679,"Weekly StreetLight"
"Sawtooth Bluff","Eligible for Greater Minnesota Designation","Eligible Greater MN","Eligible Regional Park",FALSE,2020-05-11,616,"Weekly StreetLight"
"Sawtooth Bluff","Eligible for Greater Minnesota Designation","Eligible Greater MN","Eligible Regional Park",FALSE,2020-05-18,924,"Weekly StreetLight"
"Sawtooth Bluff","Eligible for Greater Minnesota Designation","Eligible Greater MN","Eligible Regional Park",FALSE,2020-05-25,924,"Weekly StreetLight"
"Sawtooth Bluff","Eligible for Greater Minnesota Designation","Eligible Greater MN","Eligible Regional Park",FALSE,2020-06-01,910,"Weekly StreetLight"
"Sawtooth Bluff","Eligible for Greater Minnesota Designation","Eligible Greater MN","Eligible Regional Park",FALSE,2020-06-08,658,"Weekly StreetLight"
"Sawtooth Bluff","Eligible for Greater Minnesota Designation","Eligible Greater MN","Eligible Regional Park",FALSE,2020-06-15,868,"Weekly StreetLight"
"Sawtooth Bluff","Eligible for Greater Minnesota Designation","Eligible Greater MN","Eligible Regional Park",FALSE,2020-06-22,952,"Weekly StreetLight"
"Sawtooth Bluff","Eligible for Greater Minnesota Designation","Eligible Greater MN","Eligible Regional Park",FALSE,2020-06-29,763,"Weekly StreetLight"
"Sawtooth Bluff","Eligible for Greater Minnesota Designation","Eligible Greater MN","Eligible Regional Park",FALSE,2020-07-06,714,"Weekly StreetLight"
"Sawtooth Bluff","Eligible for Greater Minnesota Designation","Eligible Greater MN","Eligible Regional Park",FALSE,2020-07-13,805,"Weekly StreetLight"
"Sawtooth Bluff","Eligible for Greater Minnesota Designation","Eligible Greater MN","Eligible Regional Park",FALSE,2020-07-20,588,"Weekly StreetLight"
"Sawtooth Bluff","Eligible for Greater Minnesota Designation","Eligible Greater MN","Eligible Regional Park",FALSE,2020-07-27,441,"Weekly StreetLight"
"Sawtooth Bluff","Eligible for Greater Minnesota Designation","Eligible Greater MN","Eligible Regional Park",FALSE,2020-08-03,1134,"Weekly StreetLight"
"Sawtooth Bluff","Eligible for Greater Minnesota Designation","Eligible Greater MN","Eligible Regional Park",FALSE,2020-08-10,854,"Weekly StreetLight"
"Sawtooth Bluff","Eligible for Greater Minnesota Designation","Eligible Greater MN","Eligible Regional Park",FALSE,2020-08-17,812,"Weekly StreetLight"
"Sawtooth Bluff","Eligible for Greater Minnesota Designation","Eligible Greater MN","Eligible Regional Park",FALSE,2020-08-24,1134,"Weekly StreetLight"
"Sawtooth Bluff","Eligible for Greater Minnesota Designation","Eligible Greater MN","Eligible Regional Park",FALSE,2020-08-31,854,"Weekly StreetLight"
"Sawtooth Bluff","Eligible for Greater Minnesota Designation","Eligible Greater MN","Eligible Regional Park",FALSE,2020-09-07,476,"Weekly StreetLight"
"Sawtooth Bluff","Eligible for Greater Minnesota Designation","Eligible Greater MN","Eligible Regional Park",FALSE,2020-09-14,518,"Weekly StreetLight"
"Sawtooth Bluff","Eligible for Greater Minnesota Designation","Eligible Greater MN","Eligible Regional Park",FALSE,2020-09-21,686,"Weekly StreetLight"
"Sawtooth Bluff","Eligible for Greater Minnesota Designation","Eligible Greater MN","Eligible Regional Park",FALSE,2020-09-28,413,"Weekly StreetLight"
"Sawtooth Bluff","Eligible for Greater Minnesota Designation","Eligible Greater MN","Eligible Regional Park",FALSE,2020-10-05,679,"Weekly StreetLight"
"Sawtooth Bluff","Eligible for Greater Minnesota Designation","Eligible Greater MN","Eligible Regional Park",FALSE,2020-10-12,791,"Weekly StreetLight"
"Sawtooth Bluff","Eligible for Greater Minnesota Designation","Eligible Greater MN","Eligible Regional Park",FALSE,2020-10-19,847,"Weekly StreetLight"
"Sawtooth Bluff","Eligible for Greater Minnesota Designation","Eligible Greater MN","Eligible Regional Park",FALSE,2020-10-26,735,"Weekly StreetLight"
"Sawtooth Bluff","Eligible for Greater Minnesota Designation","Eligible Greater MN","Eligible Regional Park",FALSE,2020-11-02,1302,"Weekly StreetLight"
"Sawtooth Bluff","Eligible for Greater Minnesota Designation","Eligible Greater MN","Eligible Regional Park",FALSE,2020-11-09,952,"Weekly StreetLight"
"Sawtooth Bluff","Eligible for Greater Minnesota Designation","Eligible Greater MN","Eligible Regional Park",FALSE,2020-11-16,777,"Weekly StreetLight"
"Sawtooth Bluff","Eligible for Greater Minnesota Designation","Eligible Greater MN","Eligible Regional Park",FALSE,2020-11-23,1043,"Weekly StreetLight"
"Sawtooth Bluff","Eligible for Greater Minnesota Designation","Eligible Greater MN","Eligible Regional Park",FALSE,2020-11-30,1015,"Weekly StreetLight"
"Sawtooth Bluff","Eligible for Greater Minnesota Designation","Eligible Greater MN","Eligible Regional Park",FALSE,2020-12-07,1008,"Weekly StreetLight"
"Sawtooth Bluff","Eligible for Greater Minnesota Designation","Eligible Greater MN","Eligible Regional Park",FALSE,2020-12-14,700,"Weekly StreetLight"
"Sawtooth Bluff","Eligible for Greater Minnesota Designation","Eligible Greater MN","Eligible Regional Park",FALSE,2020-12-21,700,"Weekly StreetLight"
"Sawtooth Bluff","Eligible for Greater Minnesota Designation","Eligible Greater MN","Eligible Regional Park",FALSE,2020-12-28,1281,"Weekly StreetLight"
"Sawtooth Bluff","Eligible for Greater Minnesota Designation","Eligible Greater MN","Eligible Regional Park",FALSE,2021-01-04,749,"Weekly StreetLight"
"Sawtooth Bluff","Eligible for Greater Minnesota Designation","Eligible Greater MN","Eligible Regional Park",FALSE,2021-01-11,1148,"Weekly StreetLight"
"Sawtooth Bluff","Eligible for Greater Minnesota Designation","Eligible Greater MN","Eligible Regional Park",FALSE,2021-01-18,1001,"Weekly StreetLight"
"Sawtooth Bluff","Eligible for Greater Minnesota Designation","Eligible Greater MN","Eligible Regional Park",FALSE,2021-01-25,1344,"Weekly StreetLight"
"Sawtooth Bluff","Eligible for Greater Minnesota Designation","Eligible Greater MN","Eligible Regional Park",FALSE,2021-02-01,1120,"Weekly StreetLight"
"Sawtooth Bluff","Eligible for Greater Minnesota Designation","Eligible Greater MN","Eligible Regional Park",FALSE,2021-02-08,749,"Weekly StreetLight"
"Sawtooth Bluff","Eligible for Greater Minnesota Designation","Eligible Greater MN","Eligible Regional Park",FALSE,2021-02-15,1309,"Weekly StreetLight"
"Sawtooth Bluff","Eligible for Greater Minnesota Designation","Eligible Greater MN","Eligible Regional Park",FALSE,2021-02-22,1071,"Weekly StreetLight"
"Sawtooth Bluff","Eligible for Greater Minnesota Designation","Eligible Greater MN","Eligible Regional Park",FALSE,2021-03-01,1400,"Weekly StreetLight"
"Sawtooth Bluff","Eligible for Greater Minnesota Designation","Eligible Greater MN","Eligible Regional Park",FALSE,2021-03-08,1960,"Weekly StreetLight"
"Sawtooth Bluff","Eligible for Greater Minnesota Designation","Eligible Greater MN","Eligible Regional Park",FALSE,2021-03-15,1400,"Weekly StreetLight"
"Sawtooth Bluff","Eligible for Greater Minnesota Designation","Eligible Greater MN","Eligible Regional Park",FALSE,2021-03-22,1820,"Weekly StreetLight"
"Sawtooth Bluff","Eligible for Greater Minnesota Designation","Eligible Greater MN","Eligible Regional Park",FALSE,2021-03-29,1890,"Weekly StreetLight"
"Sawtooth Bluff","Eligible for Greater Minnesota Designation","Eligible Greater MN","Eligible Regional Park",FALSE,2021-04-05,756,"Weekly StreetLight"
"Sawtooth Bluff","Eligible for Greater Minnesota Designation","Eligible Greater MN","Eligible Regional Park",FALSE,2021-04-12,1596,"Weekly StreetLight"
"Sawtooth Bluff","Eligible for Greater Minnesota Designation","Eligible Greater MN","Eligible Regional Park",FALSE,2021-04-19,1344,"Weekly StreetLight"
"Sawtooth Bluff","Eligible for Greater Minnesota Designation","Eligible Greater MN","Eligible Regional Park",FALSE,2021-04-26,1813,"Weekly StreetLight"
"Sawtooth Bluff","Eligible for Greater Minnesota Designation","Eligible Greater MN","Eligible Regional Park",FALSE,2021-05-03,1218,"Weekly StreetLight"
"Sawtooth Bluff","Eligible for Greater Minnesota Designation","Eligible Greater MN","Eligible Regional Park",FALSE,2021-05-10,945,"Weekly StreetLight"
"Sawtooth Bluff","Eligible for Greater Minnesota Designation","Eligible Greater MN","Eligible Regional Park",FALSE,2021-05-17,1281,"Weekly StreetLight"
"Sawtooth Bluff","Eligible for Greater Minnesota Designation","Eligible Greater MN","Eligible Regional Park",FALSE,2021-05-24,1554,"Weekly StreetLight"
"Sawtooth Bluff","Eligible for Greater Minnesota Designation","Eligible Greater MN","Eligible Regional Park",FALSE,2021-05-31,1330,"Weekly StreetLight"
"Sawtooth Bluff","Eligible for Greater Minnesota Designation","Eligible Greater MN","Eligible Regional Park",FALSE,2021-06-07,1225,"Weekly StreetLight"
"Sawtooth Bluff","Eligible for Greater Minnesota Designation","Eligible Greater MN","Eligible Regional Park",FALSE,2021-06-14,1421,"Weekly StreetLight"
"Sawtooth Bluff","Eligible for Greater Minnesota Designation","Eligible Greater MN","Eligible Regional Park",FALSE,2021-06-21,1617,"Weekly StreetLight"
"Sawtooth Bluff","Eligible for Greater Minnesota Designation","Eligible Greater MN","Eligible Regional Park",FALSE,2021-06-28,1092,"Weekly StreetLight"
"Sawtooth Bluff","Eligible for Greater Minnesota Designation","Eligible Greater MN","Eligible Regional Park",FALSE,2021-07-05,1309,"Weekly StreetLight"
"Sawtooth Bluff","Eligible for Greater Minnesota Designation","Eligible Greater MN","Eligible Regional Park",FALSE,2021-07-12,987,"Weekly StreetLight"
"Sawtooth Bluff","Eligible for Greater Minnesota Designation","Eligible Greater MN","Eligible Regional Park",FALSE,2021-07-19,1190,"Weekly StreetLight"
"Sawtooth Bluff","Eligible for Greater Minnesota Designation","Eligible Greater MN","Eligible Regional Park",FALSE,2021-07-26,952,"Weekly StreetLight"
"Sawtooth Bluff","Eligible for Greater Minnesota Designation","Eligible Greater MN","Eligible Regional Park",FALSE,2021-08-02,1862,"Weekly StreetLight"
"Sawtooth Bluff","Eligible for Greater Minnesota Designation","Eligible Greater MN","Eligible Regional Park",FALSE,2021-08-09,1561,"Weekly StreetLight"
"Sawtooth Bluff","Eligible for Greater Minnesota Designation","Eligible Greater MN","Eligible Regional Park",FALSE,2021-08-16,1169,"Weekly StreetLight"
"Sawtooth Bluff","Eligible for Greater Minnesota Designation","Eligible Greater MN","Eligible Regional Park",FALSE,2021-08-23,1519,"Weekly StreetLight"
"Sawtooth Bluff","Eligible for Greater Minnesota Designation","Eligible Greater MN","Eligible Regional Park",FALSE,2021-08-30,1477,"Weekly StreetLight"
"Sawtooth Bluff","Eligible for Greater Minnesota Designation","Eligible Greater MN","Eligible Regional Park",FALSE,2021-09-06,1743,"Weekly StreetLight"
"Sawtooth Bluff","Eligible for Greater Minnesota Designation","Eligible Greater MN","Eligible Regional Park",FALSE,2021-09-13,1687,"Weekly StreetLight"
"Sawtooth Bluff","Eligible for Greater Minnesota Designation","Eligible Greater MN","Eligible Regional Park",FALSE,2021-09-20,1449,"Weekly StreetLight"
"Sawtooth Bluff","Eligible for Greater Minnesota Designation","Eligible Greater MN","Eligible Regional Park",FALSE,2021-09-27,1540,"Weekly StreetLight"
"Sawtooth Bluff","Eligible for Greater Minnesota Designation","Eligible Greater MN","Eligible Regional Park",FALSE,2021-10-04,1302,"Weekly StreetLight"
"Sawtooth Bluff","Eligible for Greater Minnesota Designation","Eligible Greater MN","Eligible Regional Park",FALSE,2021-10-11,1029,"Weekly StreetLight"
"Sawtooth Bluff","Eligible for Greater Minnesota Designation","Eligible Greater MN","Eligible Regional Park",FALSE,2021-10-18,924,"Weekly StreetLight"
"Sawtooth Bluff","Eligible for Greater Minnesota Designation","Eligible Greater MN","Eligible Regional Park",FALSE,2021-10-25,1085,"Weekly StreetLight"
"Sawtooth Bluff","Eligible for Greater Minnesota Designation","Eligible Greater MN","Eligible Regional Park",FALSE,2021-11-01,1491,"Weekly StreetLight"
"Sawtooth Bluff","Eligible for Greater Minnesota Designation","Eligible Greater MN","Eligible Regional Park",FALSE,2021-11-08,1491,"Weekly StreetLight"
"Sawtooth Bluff","Eligible for Greater Minnesota Designation","Eligible Greater MN","Eligible Regional Park",FALSE,2021-11-15,1491,"Weekly StreetLight"
"Sawtooth Bluff","Eligible for Greater Minnesota Designation","Eligible Greater MN","Eligible Regional Park",FALSE,2021-11-22,1596,"Weekly StreetLight"
"Sawtooth Bluff","Eligible for Greater Minnesota Designation","Eligible Greater MN","Eligible Regional Park",FALSE,2021-11-29,2786,"Weekly StreetLight"
"Sawtooth Bluff","Eligible for Greater Minnesota Designation","Eligible Greater MN","Eligible Regional Park",FALSE,2021-12-06,1127,"Weekly StreetLight"
"Sawtooth Bluff","Eligible for Greater Minnesota Designation","Eligible Greater MN","Eligible Regional Park",FALSE,2021-12-13,1414,"Weekly StreetLight"
"Sawtooth Bluff","Eligible for Greater Minnesota Designation","Eligible Greater MN","Eligible Regional Park",FALSE,2021-12-20,1036,"Weekly StreetLight"
"Sawtooth Bluff","Eligible for Greater Minnesota Designation","Eligible Greater MN","Eligible Regional Park",FALSE,2021-12-27,938,"Weekly StreetLight"
"Springvale Park","Eligible for Greater Minnesota Designation","Eligible Greater MN","Eligible Regional Park",FALSE,2017-11-27,49,"Biweekly StreetLight"
"Springvale Park","Eligible for Greater Minnesota Designation","Eligible Greater MN","Eligible Regional Park",FALSE,2017-12-04,98,"Weekly StreetLight"
"Springvale Park","Eligible for Greater Minnesota Designation","Eligible Greater MN","Eligible Regional Park",FALSE,2017-12-11,98,"Weekly StreetLight"
"Springvale Park","Eligible for Greater Minnesota Designation","Eligible Greater MN","Eligible Regional Park",FALSE,2017-12-18,77,"Imputed"
"Springvale Park","Eligible for Greater Minnesota Designation","Eligible Greater MN","Eligible Regional Park",FALSE,2017-12-25,49,"Biweekly StreetLight"
"Springvale Park","Eligible for Greater Minnesota Designation","Eligible Greater MN","Eligible Regional Park",FALSE,2018-01-01,105,"Weekly StreetLight"
"Springvale Park","Eligible for Greater Minnesota Designation","Eligible Greater MN","Eligible Regional Park",FALSE,2018-01-08,77,"Imputed"
"Springvale Park","Eligible for Greater Minnesota Designation","Eligible Greater MN","Eligible Regional Park",FALSE,2018-01-15,49,"Biweekly StreetLight"
"Springvale Park","Eligible for Greater Minnesota Designation","Eligible Greater MN","Eligible Regional Park",FALSE,2018-01-22,105,"Weekly StreetLight"
"Springvale Park","Eligible for Greater Minnesota Designation","Eligible Greater MN","Eligible Regional Park",FALSE,2018-01-29,98,"Weekly StreetLight"
"Springvale Park","Eligible for Greater Minnesota Designation","Eligible Greater MN","Eligible Regional Park",FALSE,2018-02-05,84,"Imputed"
"Springvale Park","Eligible for Greater Minnesota Designation","Eligible Greater MN","Eligible Regional Park",FALSE,2018-02-12,77,"Imputed"
"Springvale Park","Eligible for Greater Minnesota Designation","Eligible Greater MN","Eligible Regional Park",FALSE,2018-02-19,42,"Biweekly StreetLight"
"Springvale Park","Eligible for Greater Minnesota Designation","Eligible Greater MN","Eligible Regional Park",FALSE,2018-02-26,84,"Weekly StreetLight"
"Springvale Park","Eligible for Greater Minnesota Designation","Eligible Greater MN","Eligible Regional Park",FALSE,2018-03-05,84,"Weekly StreetLight"
"Springvale Park","Eligible for Greater Minnesota Designation","Eligible Greater MN","Eligible Regional Park",FALSE,2018-03-12,259,"Weekly StreetLight"
"Springvale Park","Eligible for Greater Minnesota Designation","Eligible Greater MN","Eligible Regional Park",FALSE,2018-03-19,168,"Weekly StreetLight"
"Springvale Park","Eligible for Greater Minnesota Designation","Eligible Greater MN","Eligible Regional Park",FALSE,2018-03-26,161,"Imputed"
"Springvale Park","Eligible for Greater Minnesota Designation","Eligible Greater MN","Eligible Regional Park",FALSE,2018-04-02,147,"Imputed"
"Springvale Park","Eligible for Greater Minnesota Designation","Eligible Greater MN","Eligible Regional Park",FALSE,2018-04-09,84,"Biweekly StreetLight"
"Springvale Park","Eligible for Greater Minnesota Designation","Eligible Greater MN","Eligible Regional Park",FALSE,2018-04-16,175,"Weekly StreetLight"
"Springvale Park","Eligible for Greater Minnesota Designation","Eligible Greater MN","Eligible Regional Park",FALSE,2018-04-23,175,"Weekly StreetLight"
"Springvale Park","Eligible for Greater Minnesota Designation","Eligible Greater MN","Eligible Regional Park",FALSE,2018-04-30,196,"Weekly StreetLight"
"Springvale Park","Eligible for Greater Minnesota Designation","Eligible Greater MN","Eligible Regional Park",FALSE,2018-05-07,63,"Weekly StreetLight"
"Springvale Park","Eligible for Greater Minnesota Designation","Eligible Greater MN","Eligible Regional Park",FALSE,2018-05-14,385,"Weekly StreetLight"
"Springvale Park","Eligible for Greater Minnesota Designation","Eligible Greater MN","Eligible Regional Park",FALSE,2018-05-21,42,"Biweekly StreetLight"
"Springvale Park","Eligible for Greater Minnesota Designation","Eligible Greater MN","Eligible Regional Park",FALSE,2018-05-28,77,"Weekly StreetLight"
"Springvale Park","Eligible for Greater Minnesota Designation","Eligible Greater MN","Eligible Regional Park",FALSE,2018-06-04,315,"Weekly StreetLight"
"Springvale Park","Eligible for Greater Minnesota Designation","Eligible Greater MN","Eligible Regional Park",FALSE,2018-06-11,77,"Weekly StreetLight"
"Springvale Park","Eligible for Greater Minnesota Designation","Eligible Greater MN","Eligible Regional Park",FALSE,2018-06-18,238,"Weekly StreetLight"
"Springvale Park","Eligible for Greater Minnesota Designation","Eligible Greater MN","Eligible Regional Park",FALSE,2018-06-25,154,"Imputed"
"Springvale Park","Eligible for Greater Minnesota Designation","Eligible Greater MN","Eligible Regional Park",FALSE,2018-07-02,77,"Biweekly StreetLight"
"Springvale Park","Eligible for Greater Minnesota Designation","Eligible Greater MN","Eligible Regional Park",FALSE,2018-07-09,154,"Weekly StreetLight"
"Springvale Park","Eligible for Greater Minnesota Designation","Eligible Greater MN","Eligible Regional Park",FALSE,2018-07-16,154,"Imputed"
"Springvale Park","Eligible for Greater Minnesota Designation","Eligible Greater MN","Eligible Regional Park",FALSE,2018-07-23,119,"Biweekly StreetLight"
"Springvale Park","Eligible for Greater Minnesota Designation","Eligible Greater MN","Eligible Regional Park",FALSE,2018-07-30,231,"Weekly StreetLight"
"Springvale Park","Eligible for Greater Minnesota Designation","Eligible Greater MN","Eligible Regional Park",FALSE,2018-08-06,238,"Weekly StreetLight"
"Springvale Park","Eligible for Greater Minnesota Designation","Eligible Greater MN","Eligible Regional Park",FALSE,2018-08-13,154,"Weekly StreetLight"
"Springvale Park","Eligible for Greater Minnesota Designation","Eligible Greater MN","Eligible Regional Park",FALSE,2018-08-20,392,"Weekly StreetLight"
"Springvale Park","Eligible for Greater Minnesota Designation","Eligible Greater MN","Eligible Regional Park",FALSE,2018-08-27,287,"Weekly StreetLight"
"Springvale Park","Eligible for Greater Minnesota Designation","Eligible Greater MN","Eligible Regional Park",FALSE,2018-09-03,133,"Weekly StreetLight"
"Springvale Park","Eligible for Greater Minnesota Designation","Eligible Greater MN","Eligible Regional Park",FALSE,2018-09-10,196,"Weekly StreetLight"
"Springvale Park","Eligible for Greater Minnesota Designation","Eligible Greater MN","Eligible Regional Park",FALSE,2018-09-17,133,"Weekly StreetLight"
"Springvale Park","Eligible for Greater Minnesota Designation","Eligible Greater MN","Eligible Regional Park",FALSE,2018-09-24,196,"Weekly StreetLight"
"Springvale Park","Eligible for Greater Minnesota Designation","Eligible Greater MN","Eligible Regional Park",FALSE,2018-10-01,63,"Weekly StreetLight"
"Springvale Park","Eligible for Greater Minnesota Designation","Eligible Greater MN","Eligible Regional Park",FALSE,2018-10-08,189,"Weekly StreetLight"
"Springvale Park","Eligible for Greater Minnesota Designation","Eligible Greater MN","Eligible Regional Park",FALSE,2018-10-15,315,"Weekly StreetLight"
"Springvale Park","Eligible for Greater Minnesota Designation","Eligible Greater MN","Eligible Regional Park",FALSE,2018-10-22,252,"Weekly StreetLight"
"Springvale Park","Eligible for Greater Minnesota Designation","Eligible Greater MN","Eligible Regional Park",FALSE,2018-10-29,294,"Weekly StreetLight"
"Springvale Park","Eligible for Greater Minnesota Designation","Eligible Greater MN","Eligible Regional Park",FALSE,2018-11-05,476,"Weekly StreetLight"
"Springvale Park","Eligible for Greater Minnesota Designation","Eligible Greater MN","Eligible Regional Park",FALSE,2018-11-12,56,"Weekly StreetLight"
"Springvale Park","Eligible for Greater Minnesota Designation","Eligible Greater MN","Eligible Regional Park",FALSE,2018-11-19,56,"Weekly StreetLight"
"Springvale Park","Eligible for Greater Minnesota Designation","Eligible Greater MN","Eligible Regional Park",FALSE,2018-11-26,56,"Weekly StreetLight"
"Springvale Park","Eligible for Greater Minnesota Designation","Eligible Greater MN","Eligible Regional Park",FALSE,2018-12-03,56,"Weekly StreetLight"
"Springvale Park","Eligible for Greater Minnesota Designation","Eligible Greater MN","Eligible Regional Park",FALSE,2018-12-10,49,"Imputed"
"Springvale Park","Eligible for Greater Minnesota Designation","Eligible Greater MN","Eligible Regional Park",FALSE,2018-12-17,35,"Imputed"
"Springvale Park","Eligible for Greater Minnesota Designation","Eligible Greater MN","Eligible Regional Park",FALSE,2018-12-24,14,"Biweekly StreetLight"
"Springvale Park","Eligible for Greater Minnesota Designation","Eligible Greater MN","Eligible Regional Park",FALSE,2018-12-31,28,"Weekly StreetLight"
"Springvale Park","Eligible for Greater Minnesota Designation","Eligible Greater MN","Eligible Regional Park",FALSE,2019-01-07,84,"Weekly StreetLight"
"Springvale Park","Eligible for Greater Minnesota Designation","Eligible Greater MN","Eligible Regional Park",FALSE,2019-01-14,56,"Weekly StreetLight"
"Springvale Park","Eligible for Greater Minnesota Designation","Eligible Greater MN","Eligible Regional Park",FALSE,2019-01-21,28,"Biweekly StreetLight"
"Springvale Park","Eligible for Greater Minnesota Designation","Eligible Greater MN","Eligible Regional Park",FALSE,2019-01-28,63,"Weekly StreetLight"
"Springvale Park","Eligible for Greater Minnesota Designation","Eligible Greater MN","Eligible Regional Park",FALSE,2019-02-04,14,"Biweekly StreetLight"
"Springvale Park","Eligible for Greater Minnesota Designation","Eligible Greater MN","Eligible Regional Park",FALSE,2019-02-11,28,"Weekly StreetLight"
"Springvale Park","Eligible for Greater Minnesota Designation","Eligible Greater MN","Eligible Regional Park",FALSE,2019-02-18,14,"Biweekly StreetLight"
"Springvale Park","Eligible for Greater Minnesota Designation","Eligible Greater MN","Eligible Regional Park",FALSE,2019-02-25,28,"Weekly StreetLight"
"Springvale Park","Eligible for Greater Minnesota Designation","Eligible Greater MN","Eligible Regional Park",FALSE,2019-03-04,28,"Weekly StreetLight"
"Springvale Park","Eligible for Greater Minnesota Designation","Eligible Greater MN","Eligible Regional Park",FALSE,2019-03-11,63,"Weekly StreetLight"
"Springvale Park","Eligible for Greater Minnesota Designation","Eligible Greater MN","Eligible Regional Park",FALSE,2019-03-18,42,"Imputed"
"Springvale Park","Eligible for Greater Minnesota Designation","Eligible Greater MN","Eligible Regional Park",FALSE,2019-03-25,14,"Biweekly StreetLight"
"Springvale Park","Eligible for Greater Minnesota Designation","Eligible Greater MN","Eligible Regional Park",FALSE,2019-04-01,28,"Weekly StreetLight"
"Springvale Park","Eligible for Greater Minnesota Designation","Eligible Greater MN","Eligible Regional Park",FALSE,2019-04-08,56,"Weekly StreetLight"
"Springvale Park","Eligible for Greater Minnesota Designation","Eligible Greater MN","Eligible Regional Park",FALSE,2019-04-15,231,"Weekly StreetLight"
"Springvale Park","Eligible for Greater Minnesota Designation","Eligible Greater MN","Eligible Regional Park",FALSE,2019-04-22,350,"Weekly StreetLight"
"Springvale Park","Eligible for Greater Minnesota Designation","Eligible Greater MN","Eligible Regional Park",FALSE,2019-04-29,84,"Weekly StreetLight"
"Springvale Park","Eligible for Greater Minnesota Designation","Eligible Greater MN","Eligible Regional Park",FALSE,2019-05-06,161,"Weekly StreetLight"
"Springvale Park","Eligible for Greater Minnesota Designation","Eligible Greater MN","Eligible Regional Park",FALSE,2019-05-13,84,"Weekly StreetLight"
"Springvale Park","Eligible for Greater Minnesota Designation","Eligible Greater MN","Eligible Regional Park",FALSE,2019-05-20,245,"Weekly StreetLight"
"Springvale Park","Eligible for Greater Minnesota Designation","Eligible Greater MN","Eligible Regional Park",FALSE,2019-05-27,161,"Weekly StreetLight"
"Springvale Park","Eligible for Greater Minnesota Designation","Eligible Greater MN","Eligible Regional Park",FALSE,2019-06-03,133,"Weekly StreetLight"
"Springvale Park","Eligible for Greater Minnesota Designation","Eligible Greater MN","Eligible Regional Park",FALSE,2019-06-10,259,"Weekly StreetLight"
"Springvale Park","Eligible for Greater Minnesota Designation","Eligible Greater MN","Eligible Regional Park",FALSE,2019-06-17,133,"Weekly StreetLight"
"Springvale Park","Eligible for Greater Minnesota Designation","Eligible Greater MN","Eligible Regional Park",FALSE,2019-06-24,133,"Weekly StreetLight"
"Springvale Park","Eligible for Greater Minnesota Designation","Eligible Greater MN","Eligible Regional Park",FALSE,2019-07-01,77,"Weekly StreetLight"
"Springvale Park","Eligible for Greater Minnesota Designation","Eligible Greater MN","Eligible Regional Park",FALSE,2019-07-08,49,"Weekly StreetLight"
"Springvale Park","Eligible for Greater Minnesota Designation","Eligible Greater MN","Eligible Regional Park",FALSE,2019-07-15,126,"Weekly StreetLight"
"Springvale Park","Eligible for Greater Minnesota Designation","Eligible Greater MN","Eligible Regional Park",FALSE,2019-07-22,98,"Weekly StreetLight"
"Springvale Park","Eligible for Greater Minnesota Designation","Eligible Greater MN","Eligible Regional Park",FALSE,2019-07-29,175,"Weekly StreetLight"
"Springvale Park","Eligible for Greater Minnesota Designation","Eligible Greater MN","Eligible Regional Park",FALSE,2019-08-05,98,"Weekly StreetLight"
"Springvale Park","Eligible for Greater Minnesota Designation","Eligible Greater MN","Eligible Regional Park",FALSE,2019-08-12,98,"Weekly StreetLight"
"Springvale Park","Eligible for Greater Minnesota Designation","Eligible Greater MN","Eligible Regional Park",FALSE,2019-08-19,385,"Weekly StreetLight"
"Springvale Park","Eligible for Greater Minnesota Designation","Eligible Greater MN","Eligible Regional Park",FALSE,2019-08-26,217,"Weekly StreetLight"
"Springvale Park","Eligible for Greater Minnesota Designation","Eligible Greater MN","Eligible Regional Park",FALSE,2019-09-02,252,"Weekly StreetLight"
"Springvale Park","Eligible for Greater Minnesota Designation","Eligible Greater MN","Eligible Regional Park",FALSE,2019-09-09,203,"Weekly StreetLight"
"Springvale Park","Eligible for Greater Minnesota Designation","Eligible Greater MN","Eligible Regional Park",FALSE,2019-09-16,231,"Weekly StreetLight"
"Springvale Park","Eligible for Greater Minnesota Designation","Eligible Greater MN","Eligible Regional Park",FALSE,2019-09-23,112,"Weekly StreetLight"
"Springvale Park","Eligible for Greater Minnesota Designation","Eligible Greater MN","Eligible Regional Park",FALSE,2019-09-30,147,"Weekly StreetLight"
"Springvale Park","Eligible for Greater Minnesota Designation","Eligible Greater MN","Eligible Regional Park",FALSE,2019-10-07,252,"Weekly StreetLight"
"Springvale Park","Eligible for Greater Minnesota Designation","Eligible Greater MN","Eligible Regional Park",FALSE,2019-10-14,476,"Weekly StreetLight"
"Springvale Park","Eligible for Greater Minnesota Designation","Eligible Greater MN","Eligible Regional Park",FALSE,2019-10-21,273,"Weekly StreetLight"
"Springvale Park","Eligible for Greater Minnesota Designation","Eligible Greater MN","Eligible Regional Park",FALSE,2019-10-28,77,"Weekly StreetLight"
"Springvale Park","Eligible for Greater Minnesota Designation","Eligible Greater MN","Eligible Regional Park",FALSE,2019-11-04,147,"Weekly StreetLight"
"Springvale Park","Eligible for Greater Minnesota Designation","Eligible Greater MN","Eligible Regional Park",FALSE,2019-11-11,371,"Weekly StreetLight"
"Springvale Park","Eligible for Greater Minnesota Designation","Eligible Greater MN","Eligible Regional Park",FALSE,2019-11-18,147,"Weekly StreetLight"
"Springvale Park","Eligible for Greater Minnesota Designation","Eligible Greater MN","Eligible Regional Park",FALSE,2019-11-25,49,"Weekly StreetLight"
"Springvale Park","Eligible for Greater Minnesota Designation","Eligible Greater MN","Eligible Regional Park",FALSE,2019-12-02,49,"Weekly StreetLight"
"Springvale Park","Eligible for Greater Minnesota Designation","Eligible Greater MN","Eligible Regional Park",FALSE,2019-12-09,49,"Weekly StreetLight"
"Springvale Park","Eligible for Greater Minnesota Designation","Eligible Greater MN","Eligible Regional Park",FALSE,2019-12-16,21,"Weekly StreetLight"
"Springvale Park","Eligible for Greater Minnesota Designation","Eligible Greater MN","Eligible Regional Park",FALSE,2019-12-23,28,"Biweekly StreetLight"
"Springvale Park","Eligible for Greater Minnesota Designation","Eligible Greater MN","Eligible Regional Park",FALSE,2019-12-30,63,"Weekly StreetLight"
"Springvale Park","Eligible for Greater Minnesota Designation","Eligible Greater MN","Eligible Regional Park",FALSE,2020-01-06,168,"Weekly StreetLight"
"Springvale Park","Eligible for Greater Minnesota Designation","Eligible Greater MN","Eligible Regional Park",FALSE,2020-01-13,84,"Weekly StreetLight"
"Springvale Park","Eligible for Greater Minnesota Designation","Eligible Greater MN","Eligible Regional Park",FALSE,2020-01-20,63,"Weekly StreetLight"
"Springvale Park","Eligible for Greater Minnesota Designation","Eligible Greater MN","Eligible Regional Park",FALSE,2020-01-27,21,"Weekly StreetLight"
"Springvale Park","Eligible for Greater Minnesota Designation","Eligible Greater MN","Eligible Regional Park",FALSE,2020-02-03,35,"Weekly StreetLight"
"Springvale Park","Eligible for Greater Minnesota Designation","Eligible Greater MN","Eligible Regional Park",FALSE,2020-02-10,21,"Weekly StreetLight"
"Springvale Park","Eligible for Greater Minnesota Designation","Eligible Greater MN","Eligible Regional Park",FALSE,2020-02-17,21,"Weekly StreetLight"
"Springvale Park","Eligible for Greater Minnesota Designation","Eligible Greater MN","Eligible Regional Park",FALSE,2020-02-24,84,"Weekly StreetLight"
"Springvale Park","Eligible for Greater Minnesota Designation","Eligible Greater MN","Eligible Regional Park",FALSE,2020-03-02,203,"Weekly StreetLight"
"Springvale Park","Eligible for Greater Minnesota Designation","Eligible Greater MN","Eligible Regional Park",FALSE,2020-03-09,70,"Weekly StreetLight"
"Springvale Park","Eligible for Greater Minnesota Designation","Eligible Greater MN","Eligible Regional Park",FALSE,2020-03-16,91,"Weekly StreetLight"
"Springvale Park","Eligible for Greater Minnesota Designation","Eligible Greater MN","Eligible Regional Park",FALSE,2020-03-23,385,"Weekly StreetLight"
"Springvale Park","Eligible for Greater Minnesota Designation","Eligible Greater MN","Eligible Regional Park",FALSE,2020-03-30,945,"Weekly StreetLight"
"Springvale Park","Eligible for Greater Minnesota Designation","Eligible Greater MN","Eligible Regional Park",FALSE,2020-04-06,812,"Weekly StreetLight"
"Springvale Park","Eligible for Greater Minnesota Designation","Eligible Greater MN","Eligible Regional Park",FALSE,2020-04-13,1204,"Weekly StreetLight"
"Springvale Park","Eligible for Greater Minnesota Designation","Eligible Greater MN","Eligible Regional Park",FALSE,2020-04-20,875,"Weekly StreetLight"
"Springvale Park","Eligible for Greater Minnesota Designation","Eligible Greater MN","Eligible Regional Park",FALSE,2020-04-27,1302,"Weekly StreetLight"
"Springvale Park","Eligible for Greater Minnesota Designation","Eligible Greater MN","Eligible Regional Park",FALSE,2020-05-04,497,"Weekly StreetLight"
"Springvale Park","Eligible for Greater Minnesota Designation","Eligible Greater MN","Eligible Regional Park",FALSE,2020-05-11,420,"Weekly StreetLight"
"Springvale Park","Eligible for Greater Minnesota Designation","Eligible Greater MN","Eligible Regional Park",FALSE,2020-05-18,455,"Weekly StreetLight"
"Springvale Park","Eligible for Greater Minnesota Designation","Eligible Greater MN","Eligible Regional Park",FALSE,2020-05-25,518,"Weekly StreetLight"
"Springvale Park","Eligible for Greater Minnesota Designation","Eligible Greater MN","Eligible Regional Park",FALSE,2020-06-01,665,"Weekly StreetLight"
"Springvale Park","Eligible for Greater Minnesota Designation","Eligible Greater MN","Eligible Regional Park",FALSE,2020-06-08,413,"Weekly StreetLight"
"Springvale Park","Eligible for Greater Minnesota Designation","Eligible Greater MN","Eligible Regional Park",FALSE,2020-06-15,350,"Weekly StreetLight"
"Springvale Park","Eligible for Greater Minnesota Designation","Eligible Greater MN","Eligible Regional Park",FALSE,2020-06-22,455,"Weekly StreetLight"
"Springvale Park","Eligible for Greater Minnesota Designation","Eligible Greater MN","Eligible Regional Park",FALSE,2020-06-29,147,"Weekly StreetLight"
"Springvale Park","Eligible for Greater Minnesota Designation","Eligible Greater MN","Eligible Regional Park",FALSE,2020-07-06,399,"Weekly StreetLight"
"Springvale Park","Eligible for Greater Minnesota Designation","Eligible Greater MN","Eligible Regional Park",FALSE,2020-07-13,546,"Weekly StreetLight"
"Springvale Park","Eligible for Greater Minnesota Designation","Eligible Greater MN","Eligible Regional Park",FALSE,2020-07-20,252,"Weekly StreetLight"
"Springvale Park","Eligible for Greater Minnesota Designation","Eligible Greater MN","Eligible Regional Park",FALSE,2020-07-27,364,"Weekly StreetLight"
"Springvale Park","Eligible for Greater Minnesota Designation","Eligible Greater MN","Eligible Regional Park",FALSE,2020-08-03,658,"Weekly StreetLight"
"Springvale Park","Eligible for Greater Minnesota Designation","Eligible Greater MN","Eligible Regional Park",FALSE,2020-08-10,371,"Weekly StreetLight"
"Springvale Park","Eligible for Greater Minnesota Designation","Eligible Greater MN","Eligible Regional Park",FALSE,2020-08-17,525,"Weekly StreetLight"
"Springvale Park","Eligible for Greater Minnesota Designation","Eligible Greater MN","Eligible Regional Park",FALSE,2020-08-24,441,"Weekly StreetLight"
"Springvale Park","Eligible for Greater Minnesota Designation","Eligible Greater MN","Eligible Regional Park",FALSE,2020-08-31,665,"Weekly StreetLight"
"Springvale Park","Eligible for Greater Minnesota Designation","Eligible Greater MN","Eligible Regional Park",FALSE,2020-09-07,168,"Weekly StreetLight"
"Springvale Park","Eligible for Greater Minnesota Designation","Eligible Greater MN","Eligible Regional Park",FALSE,2020-09-14,427,"Weekly StreetLight"
"Springvale Park","Eligible for Greater Minnesota Designation","Eligible Greater MN","Eligible Regional Park",FALSE,2020-09-21,427,"Weekly StreetLight"
"Springvale Park","Eligible for Greater Minnesota Designation","Eligible Greater MN","Eligible Regional Park",FALSE,2020-09-28,553,"Weekly StreetLight"
"Springvale Park","Eligible for Greater Minnesota Designation","Eligible Greater MN","Eligible Regional Park",FALSE,2020-10-05,539,"Weekly StreetLight"
"Springvale Park","Eligible for Greater Minnesota Designation","Eligible Greater MN","Eligible Regional Park",FALSE,2020-10-12,497,"Weekly StreetLight"
"Springvale Park","Eligible for Greater Minnesota Designation","Eligible Greater MN","Eligible Regional Park",FALSE,2020-10-19,91,"Weekly StreetLight"
"Springvale Park","Eligible for Greater Minnesota Designation","Eligible Greater MN","Eligible Regional Park",FALSE,2020-10-26,133,"Weekly StreetLight"
"Springvale Park","Eligible for Greater Minnesota Designation","Eligible Greater MN","Eligible Regional Park",FALSE,2020-11-02,672,"Weekly StreetLight"
"Springvale Park","Eligible for Greater Minnesota Designation","Eligible Greater MN","Eligible Regional Park",FALSE,2020-11-09,112,"Weekly StreetLight"
"Springvale Park","Eligible for Greater Minnesota Designation","Eligible Greater MN","Eligible Regional Park",FALSE,2020-11-16,112,"Weekly StreetLight"
"Springvale Park","Eligible for Greater Minnesota Designation","Eligible Greater MN","Eligible Regional Park",FALSE,2020-11-23,224,"Weekly StreetLight"
"Springvale Park","Eligible for Greater Minnesota Designation","Eligible Greater MN","Eligible Regional Park",FALSE,2020-11-30,266,"Weekly StreetLight"
"Springvale Park","Eligible for Greater Minnesota Designation","Eligible Greater MN","Eligible Regional Park",FALSE,2020-12-07,133,"Weekly StreetLight"
"Springvale Park","Eligible for Greater Minnesota Designation","Eligible Greater MN","Eligible Regional Park",FALSE,2020-12-14,203,"Weekly StreetLight"
"Springvale Park","Eligible for Greater Minnesota Designation","Eligible Greater MN","Eligible Regional Park",FALSE,2020-12-21,91,"Weekly StreetLight"
"Springvale Park","Eligible for Greater Minnesota Designation","Eligible Greater MN","Eligible Regional Park",FALSE,2020-12-28,189,"Weekly StreetLight"
"Springvale Park","Eligible for Greater Minnesota Designation","Eligible Greater MN","Eligible Regional Park",FALSE,2021-01-04,77,"Weekly StreetLight"
"Springvale Park","Eligible for Greater Minnesota Designation","Eligible Greater MN","Eligible Regional Park",FALSE,2021-01-11,161,"Weekly StreetLight"
"Springvale Park","Eligible for Greater Minnesota Designation","Eligible Greater MN","Eligible Regional Park",FALSE,2021-01-18,126,"Weekly StreetLight"
"Springvale Park","Eligible for Greater Minnesota Designation","Eligible Greater MN","Eligible Regional Park",FALSE,2021-01-25,63,"Weekly StreetLight"
"Springvale Park","Eligible for Greater Minnesota Designation","Eligible Greater MN","Eligible Regional Park",FALSE,2021-02-01,28,"Weekly StreetLight"
"Springvale Park","Eligible for Greater Minnesota Designation","Eligible Greater MN","Eligible Regional Park",FALSE,2021-02-08,7,"Biweekly StreetLight"
"Springvale Park","Eligible for Greater Minnesota Designation","Eligible Greater MN","Eligible Regional Park",FALSE,2021-02-15,14,"Weekly StreetLight"
"Springvale Park","Eligible for Greater Minnesota Designation","Eligible Greater MN","Eligible Regional Park",FALSE,2021-02-22,63,"Weekly StreetLight"
"Springvale Park","Eligible for Greater Minnesota Designation","Eligible Greater MN","Eligible Regional Park",FALSE,2021-03-01,196,"Weekly StreetLight"
"Springvale Park","Eligible for Greater Minnesota Designation","Eligible Greater MN","Eligible Regional Park",FALSE,2021-03-08,301,"Weekly StreetLight"
"Springvale Park","Eligible for Greater Minnesota Designation","Eligible Greater MN","Eligible Regional Park",FALSE,2021-03-15,441,"Weekly StreetLight"
"Springvale Park","Eligible for Greater Minnesota Designation","Eligible Greater MN","Eligible Regional Park",FALSE,2021-03-22,336,"Weekly StreetLight"
"Springvale Park","Eligible for Greater Minnesota Designation","Eligible Greater MN","Eligible Regional Park",FALSE,2021-03-29,525,"Weekly StreetLight"
"Springvale Park","Eligible for Greater Minnesota Designation","Eligible Greater MN","Eligible Regional Park",FALSE,2021-04-05,245,"Weekly StreetLight"
"Springvale Park","Eligible for Greater Minnesota Designation","Eligible Greater MN","Eligible Regional Park",FALSE,2021-04-12,469,"Weekly StreetLight"
"Springvale Park","Eligible for Greater Minnesota Designation","Eligible Greater MN","Eligible Regional Park",FALSE,2021-04-19,406,"Weekly StreetLight"
"Springvale Park","Eligible for Greater Minnesota Designation","Eligible Greater MN","Eligible Regional Park",FALSE,2021-04-26,616,"Weekly StreetLight"
"Springvale Park","Eligible for Greater Minnesota Designation","Eligible Greater MN","Eligible Regional Park",FALSE,2021-05-03,462,"Weekly StreetLight"
"Springvale Park","Eligible for Greater Minnesota Designation","Eligible Greater MN","Eligible Regional Park",FALSE,2021-05-10,721,"Weekly StreetLight"
"Springvale Park","Eligible for Greater Minnesota Designation","Eligible Greater MN","Eligible Regional Park",FALSE,2021-05-17,329,"Weekly StreetLight"
"Springvale Park","Eligible for Greater Minnesota Designation","Eligible Greater MN","Eligible Regional Park",FALSE,2021-05-24,301,"Weekly StreetLight"
"Springvale Park","Eligible for Greater Minnesota Designation","Eligible Greater MN","Eligible Regional Park",FALSE,2021-05-31,266,"Weekly StreetLight"
"Springvale Park","Eligible for Greater Minnesota Designation","Eligible Greater MN","Eligible Regional Park",FALSE,2021-06-07,203,"Weekly StreetLight"
"Springvale Park","Eligible for Greater Minnesota Designation","Eligible Greater MN","Eligible Regional Park",FALSE,2021-06-14,602,"Weekly StreetLight"
"Springvale Park","Eligible for Greater Minnesota Designation","Eligible Greater MN","Eligible Regional Park",FALSE,2021-06-21,287,"Weekly StreetLight"
"Springvale Park","Eligible for Greater Minnesota Designation","Eligible Greater MN","Eligible Regional Park",FALSE,2021-06-28,210,"Weekly StreetLight"
"Springvale Park","Eligible for Greater Minnesota Designation","Eligible Greater MN","Eligible Regional Park",FALSE,2021-07-05,700,"Weekly StreetLight"
"Springvale Park","Eligible for Greater Minnesota Designation","Eligible Greater MN","Eligible Regional Park",FALSE,2021-07-12,231,"Weekly StreetLight"
"Springvale Park","Eligible for Greater Minnesota Designation","Eligible Greater MN","Eligible Regional Park",FALSE,2021-07-19,497,"Weekly StreetLight"
"Springvale Park","Eligible for Greater Minnesota Designation","Eligible Greater MN","Eligible Regional Park",FALSE,2021-07-26,462,"Weekly StreetLight"
"Springvale Park","Eligible for Greater Minnesota Designation","Eligible Greater MN","Eligible Regional Park",FALSE,2021-08-02,595,"Weekly StreetLight"
"Springvale Park","Eligible for Greater Minnesota Designation","Eligible Greater MN","Eligible Regional Park",FALSE,2021-08-09,525,"Weekly StreetLight"
"Springvale Park","Eligible for Greater Minnesota Designation","Eligible Greater MN","Eligible Regional Park",FALSE,2021-08-16,462,"Weekly StreetLight"
"Springvale Park","Eligible for Greater Minnesota Designation","Eligible Greater MN","Eligible Regional Park",FALSE,2021-08-23,364,"Weekly StreetLight"
"Springvale Park","Eligible for Greater Minnesota Designation","Eligible Greater MN","Eligible Regional Park",FALSE,2021-08-30,259,"Weekly StreetLight"
"Springvale Park","Eligible for Greater Minnesota Designation","Eligible Greater MN","Eligible Regional Park",FALSE,2021-09-06,287,"Weekly StreetLight"
"Springvale Park","Eligible for Greater Minnesota Designation","Eligible Greater MN","Eligible Regional Park",FALSE,2021-09-13,385,"Weekly StreetLight"
"Springvale Park","Eligible for Greater Minnesota Designation","Eligible Greater MN","Eligible Regional Park",FALSE,2021-09-20,511,"Weekly StreetLight"
"Springvale Park","Eligible for Greater Minnesota Designation","Eligible Greater MN","Eligible Regional Park",FALSE,2021-09-27,553,"Weekly StreetLight"
"Springvale Park","Eligible for Greater Minnesota Designation","Eligible Greater MN","Eligible Regional Park",FALSE,2021-10-04,371,"Weekly StreetLight"
"Springvale Park","Eligible for Greater Minnesota Designation","Eligible Greater MN","Eligible Regional Park",FALSE,2021-10-11,273,"Weekly StreetLight"
"Springvale Park","Eligible for Greater Minnesota Designation","Eligible Greater MN","Eligible Regional Park",FALSE,2021-10-18,301,"Weekly StreetLight"
"Springvale Park","Eligible for Greater Minnesota Designation","Eligible Greater MN","Eligible Regional Park",FALSE,2021-10-25,406,"Weekly StreetLight"
"Springvale Park","Eligible for Greater Minnesota Designation","Eligible Greater MN","Eligible Regional Park",FALSE,2021-11-01,91,"Weekly StreetLight"
"Springvale Park","Eligible for Greater Minnesota Designation","Eligible Greater MN","Eligible Regional Park",FALSE,2021-11-08,21,"Weekly StreetLight"
"Springvale Park","Eligible for Greater Minnesota Designation","Eligible Greater MN","Eligible Regional Park",FALSE,2021-11-15,91,"Weekly StreetLight"
"Springvale Park","Eligible for Greater Minnesota Designation","Eligible Greater MN","Eligible Regional Park",FALSE,2021-11-22,70,"Weekly StreetLight"
"Springvale Park","Eligible for Greater Minnesota Designation","Eligible Greater MN","Eligible Regional Park",FALSE,2021-11-29,63,"Weekly StreetLight"
"Springvale Park","Eligible for Greater Minnesota Designation","Eligible Greater MN","Eligible Regional Park",FALSE,2021-12-06,42,"Weekly StreetLight"
"Springvale Park","Eligible for Greater Minnesota Designation","Eligible Greater MN","Eligible Regional Park",FALSE,2021-12-13,21,"Biweekly StreetLight"
"Springvale Park","Eligible for Greater Minnesota Designation","Eligible Greater MN","Eligible Regional Park",FALSE,2021-12-20,42,"Weekly StreetLight"
"Springvale Park","Eligible for Greater Minnesota Designation","Eligible Greater MN","Eligible Regional Park",FALSE,2021-12-27,21,"Biweekly StreetLight"
