park_name,System,Implementing agency.x,Unit type,Core park.x,Season,Vehicle visits,season,year,vehicle_visits,yearly_total,park_system,Implementing agency.y,unit_type,Core park.y
Above the Falls,Metropolitan Regional Park System,Minneapolis Park and Recreation Board,Regional Park,TRUE,Fall-2018,15250,Fall,2018,15250,79310,Metropolitan Regional Park System,Minneapolis Park and Recreation Board,Regional Park,TRUE
Above the Falls,Metropolitan Regional Park System,Minneapolis Park and Recreation Board,Regional Park,TRUE,Fall-2019,9384,Fall,2019,9384,59948,Metropolitan Regional Park System,Minneapolis Park and Recreation Board,Regional Park,TRUE
Above the Falls,Metropolitan Regional Park System,Minneapolis Park and Recreation Board,Regional Park,TRUE,Fall-2020,7011,Fall,2020,7011,38593,Metropolitan Regional Park System,Minneapolis Park and Recreation Board,Regional Park,TRUE
Above the Falls,Metropolitan Regional Park System,Minneapolis Park and Recreation Board,Regional Park,TRUE,Fall-2021,8597,Fall,2021,8597,49824,Metropolitan Regional Park System,Minneapolis Park and Recreation Board,Regional Park,TRUE
Above the Falls,Metropolitan Regional Park System,Minneapolis Park and Recreation Board,Regional Park,TRUE,Spring-2018,17024,Spring,2018,17024,79310,Metropolitan Regional Park System,Minneapolis Park and Recreation Board,Regional Park,TRUE
Above the Falls,Metropolitan Regional Park System,Minneapolis Park and Recreation Board,Regional Park,TRUE,Spring-2019,12147,Spring,2019,12147,59948,Metropolitan Regional Park System,Minneapolis Park and Recreation Board,Regional Park,TRUE
Above the Falls,Metropolitan Regional Park System,Minneapolis Park and Recreation Board,Regional Park,TRUE,Spring-2020,8772,Spring,2020,8772,38593,Metropolitan Regional Park System,Minneapolis Park and Recreation Board,Regional Park,TRUE
Above the Falls,Metropolitan Regional Park System,Minneapolis Park and Recreation Board,Regional Park,TRUE,Spring-2021,11150,Spring,2021,11150,49824,Metropolitan Regional Park System,Minneapolis Park and Recreation Board,Regional Park,TRUE
Above the Falls,Metropolitan Regional Park System,Minneapolis Park and Recreation Board,Regional Park,TRUE,Summer-2018,34390,Summer,2018,34390,79310,Metropolitan Regional Park System,Minneapolis Park and Recreation Board,Regional Park,TRUE
Above the Falls,Metropolitan Regional Park System,Minneapolis Park and Recreation Board,Regional Park,TRUE,Summer-2019,28356,Summer,2019,28356,59948,Metropolitan Regional Park System,Minneapolis Park and Recreation Board,Regional Park,TRUE
Above the Falls,Metropolitan Regional Park System,Minneapolis Park and Recreation Board,Regional Park,TRUE,Summer-2020,16888,Summer,2020,16888,38593,Metropolitan Regional Park System,Minneapolis Park and Recreation Board,Regional Park,TRUE
Above the Falls,Metropolitan Regional Park System,Minneapolis Park and Recreation Board,Regional Park,TRUE,Summer-2021,25192,Summer,2021,25192,49824,Metropolitan Regional Park System,Minneapolis Park and Recreation Board,Regional Park,TRUE
Above the Falls,Metropolitan Regional Park System,Minneapolis Park and Recreation Board,Regional Park,TRUE,Winter-2018,12646,Winter,2018,12646,79310,Metropolitan Regional Park System,Minneapolis Park and Recreation Board,Regional Park,TRUE
Above the Falls,Metropolitan Regional Park System,Minneapolis Park and Recreation Board,Regional Park,TRUE,Winter-2019,10061,Winter,2019,10061,59948,Metropolitan Regional Park System,Minneapolis Park and Recreation Board,Regional Park,TRUE
Above the Falls,Metropolitan Regional Park System,Minneapolis Park and Recreation Board,Regional Park,TRUE,Winter-2020,5922,Winter,2020,5922,38593,Metropolitan Regional Park System,Minneapolis Park and Recreation Board,Regional Park,TRUE
Above the Falls,Metropolitan Regional Park System,Minneapolis Park and Recreation Board,Regional Park,TRUE,Winter-2021,4885,Winter,2021,4885,49824,Metropolitan Regional Park System,Minneapolis Park and Recreation Board,Regional Park,TRUE
Above the Falls,Metropolitan Regional Park System,Minneapolis Park and Recreation Board,Regional Park,TRUE,Winter-2022,1826,Winter,2022,1826,1826,Metropolitan Regional Park System,Minneapolis Park and Recreation Board,Regional Park,TRUE
Afton,Department of Natural Resources State Park,DNR,State Park,TRUE,Fall-2018,26982,Fall,2018,26982,120671,Department of Natural Resources State Park,DNR,State Park,TRUE
Afton,Department of Natural Resources State Park,DNR,State Park,TRUE,Fall-2019,23996,Fall,2019,23996,97639,Department of Natural Resources State Park,DNR,State Park,TRUE
Afton,Department of Natural Resources State Park,DNR,State Park,TRUE,Fall-2020,45281,Fall,2020,45281,196538,Department of Natural Resources State Park,DNR,State Park,TRUE
Afton,Department of Natural Resources State Park,DNR,State Park,TRUE,Fall-2021,24457,Fall,2021,24457,131394,Department of Natural Resources State Park,DNR,State Park,TRUE
Afton,Department of Natural Resources State Park,DNR,State Park,TRUE,Spring-2018,25862,Spring,2018,25862,120671,Department of Natural Resources State Park,DNR,State Park,TRUE
Afton,Department of Natural Resources State Park,DNR,State Park,TRUE,Spring-2019,21643,Spring,2019,21643,97639,Department of Natural Resources State Park,DNR,State Park,TRUE
Afton,Department of Natural Resources State Park,DNR,State Park,TRUE,Spring-2020,61812,Spring,2020,61812,196538,Department of Natural Resources State Park,DNR,State Park,TRUE
Afton,Department of Natural Resources State Park,DNR,State Park,TRUE,Spring-2021,38993,Spring,2021,38993,131394,Department of Natural Resources State Park,DNR,State Park,TRUE
Afton,Department of Natural Resources State Park,DNR,State Park,TRUE,Summer-2018,56588,Summer,2018,56588,120671,Department of Natural Resources State Park,DNR,State Park,TRUE
Afton,Department of Natural Resources State Park,DNR,State Park,TRUE,Summer-2019,43484,Summer,2019,43484,97639,Department of Natural Resources State Park,DNR,State Park,TRUE
Afton,Department of Natural Resources State Park,DNR,State Park,TRUE,Summer-2020,80682,Summer,2020,80682,196538,Department of Natural Resources State Park,DNR,State Park,TRUE
Afton,Department of Natural Resources State Park,DNR,State Park,TRUE,Summer-2021,47544,Summer,2021,47544,131394,Department of Natural Resources State Park,DNR,State Park,TRUE
Afton,Department of Natural Resources State Park,DNR,State Park,TRUE,Winter-2018,11239,Winter,2018,11239,120671,Department of Natural Resources State Park,DNR,State Park,TRUE
Afton,Department of Natural Resources State Park,DNR,State Park,TRUE,Winter-2019,8516,Winter,2019,8516,97639,Department of Natural Resources State Park,DNR,State Park,TRUE
Afton,Department of Natural Resources State Park,DNR,State Park,TRUE,Winter-2020,8763,Winter,2020,8763,196538,Department of Natural Resources State Park,DNR,State Park,TRUE
Afton,Department of Natural Resources State Park,DNR,State Park,TRUE,Winter-2021,20400,Winter,2021,20400,131394,Department of Natural Resources State Park,DNR,State Park,TRUE
Afton,Department of Natural Resources State Park,DNR,State Park,TRUE,Winter-2022,1436,Winter,2022,1436,1436,Department of Natural Resources State Park,DNR,State Park,TRUE
Alexander Ramsey Park,Greater Minnesota Regional Parks & Trails,Greater MN,Regional Park,TRUE,Fall-2018,15138,Fall,2018,15138,83940,Greater Minnesota Regional Parks & Trails,Greater MN,Regional Park,TRUE
Alexander Ramsey Park,Greater Minnesota Regional Parks & Trails,Greater MN,Regional Park,TRUE,Fall-2019,17143,Fall,2019,17143,92591,Greater Minnesota Regional Parks & Trails,Greater MN,Regional Park,TRUE
Alexander Ramsey Park,Greater Minnesota Regional Parks & Trails,Greater MN,Regional Park,TRUE,Fall-2020,25815,Fall,2020,25815,131213,Greater Minnesota Regional Parks & Trails,Greater MN,Regional Park,TRUE
Alexander Ramsey Park,Greater Minnesota Regional Parks & Trails,Greater MN,Regional Park,TRUE,Fall-2021,27390,Fall,2021,27390,129131,Greater Minnesota Regional Parks & Trails,Greater MN,Regional Park,TRUE
Alexander Ramsey Park,Greater Minnesota Regional Parks & Trails,Greater MN,Regional Park,TRUE,Spring-2018,20732,Spring,2018,20732,83940,Greater Minnesota Regional Parks & Trails,Greater MN,Regional Park,TRUE
Alexander Ramsey Park,Greater Minnesota Regional Parks & Trails,Greater MN,Regional Park,TRUE,Spring-2019,22703,Spring,2019,22703,92591,Greater Minnesota Regional Parks & Trails,Greater MN,Regional Park,TRUE
Alexander Ramsey Park,Greater Minnesota Regional Parks & Trails,Greater MN,Regional Park,TRUE,Spring-2020,28764,Spring,2020,28764,131213,Greater Minnesota Regional Parks & Trails,Greater MN,Regional Park,TRUE
Alexander Ramsey Park,Greater Minnesota Regional Parks & Trails,Greater MN,Regional Park,TRUE,Spring-2021,36864,Spring,2021,36864,129131,Greater Minnesota Regional Parks & Trails,Greater MN,Regional Park,TRUE
Alexander Ramsey Park,Greater Minnesota Regional Parks & Trails,Greater MN,Regional Park,TRUE,Summer-2018,43739,Summer,2018,43739,83940,Greater Minnesota Regional Parks & Trails,Greater MN,Regional Park,TRUE
Alexander Ramsey Park,Greater Minnesota Regional Parks & Trails,Greater MN,Regional Park,TRUE,Summer-2019,47637,Summer,2019,47637,92591,Greater Minnesota Regional Parks & Trails,Greater MN,Regional Park,TRUE
Alexander Ramsey Park,Greater Minnesota Regional Parks & Trails,Greater MN,Regional Park,TRUE,Summer-2020,71346,Summer,2020,71346,131213,Greater Minnesota Regional Parks & Trails,Greater MN,Regional Park,TRUE
Alexander Ramsey Park,Greater Minnesota Regional Parks & Trails,Greater MN,Regional Park,TRUE,Summer-2021,54119,Summer,2021,54119,129131,Greater Minnesota Regional Parks & Trails,Greater MN,Regional Park,TRUE
Alexander Ramsey Park,Greater Minnesota Regional Parks & Trails,Greater MN,Regional Park,TRUE,Winter-2018,4331,Winter,2018,4331,83940,Greater Minnesota Regional Parks & Trails,Greater MN,Regional Park,TRUE
Alexander Ramsey Park,Greater Minnesota Regional Parks & Trails,Greater MN,Regional Park,TRUE,Winter-2019,5108,Winter,2019,5108,92591,Greater Minnesota Regional Parks & Trails,Greater MN,Regional Park,TRUE
Alexander Ramsey Park,Greater Minnesota Regional Parks & Trails,Greater MN,Regional Park,TRUE,Winter-2020,5288,Winter,2020,5288,131213,Greater Minnesota Regional Parks & Trails,Greater MN,Regional Park,TRUE
Alexander Ramsey Park,Greater Minnesota Regional Parks & Trails,Greater MN,Regional Park,TRUE,Winter-2021,10758,Winter,2021,10758,129131,Greater Minnesota Regional Parks & Trails,Greater MN,Regional Park,TRUE
Alexander Ramsey Park,Greater Minnesota Regional Parks & Trails,Greater MN,Regional Park,TRUE,Winter-2022,1856,Winter,2022,1856,1856,Greater Minnesota Regional Parks & Trails,Greater MN,Regional Park,TRUE
Anoka Co Riverfront,Metropolitan Regional Park System,Anoka County Parks and Recreation,Regional Park,TRUE,Fall-2018,5414,Fall,2018,5414,24412,Metropolitan Regional Park System,Anoka County Parks and Recreation,Regional Park,TRUE
Anoka Co Riverfront,Metropolitan Regional Park System,Anoka County Parks and Recreation,Regional Park,TRUE,Fall-2019,7273,Fall,2019,7273,33180,Metropolitan Regional Park System,Anoka County Parks and Recreation,Regional Park,TRUE
Anoka Co Riverfront,Metropolitan Regional Park System,Anoka County Parks and Recreation,Regional Park,TRUE,Fall-2020,10587,Fall,2020,10587,42806,Metropolitan Regional Park System,Anoka County Parks and Recreation,Regional Park,TRUE
Anoka Co Riverfront,Metropolitan Regional Park System,Anoka County Parks and Recreation,Regional Park,TRUE,Fall-2021,7544,Fall,2021,7544,39271,Metropolitan Regional Park System,Anoka County Parks and Recreation,Regional Park,TRUE
Anoka Co Riverfront,Metropolitan Regional Park System,Anoka County Parks and Recreation,Regional Park,TRUE,Spring-2018,3782,Spring,2018,3782,24412,Metropolitan Regional Park System,Anoka County Parks and Recreation,Regional Park,TRUE
Anoka Co Riverfront,Metropolitan Regional Park System,Anoka County Parks and Recreation,Regional Park,TRUE,Spring-2019,6432,Spring,2019,6432,33180,Metropolitan Regional Park System,Anoka County Parks and Recreation,Regional Park,TRUE
Anoka Co Riverfront,Metropolitan Regional Park System,Anoka County Parks and Recreation,Regional Park,TRUE,Spring-2020,9953,Spring,2020,9953,42806,Metropolitan Regional Park System,Anoka County Parks and Recreation,Regional Park,TRUE
Anoka Co Riverfront,Metropolitan Regional Park System,Anoka County Parks and Recreation,Regional Park,TRUE,Spring-2021,11404,Spring,2021,11404,39271,Metropolitan Regional Park System,Anoka County Parks and Recreation,Regional Park,TRUE
Anoka Co Riverfront,Metropolitan Regional Park System,Anoka County Parks and Recreation,Regional Park,TRUE,Summer-2018,13523,Summer,2018,13523,24412,Metropolitan Regional Park System,Anoka County Parks and Recreation,Regional Park,TRUE
Anoka Co Riverfront,Metropolitan Regional Park System,Anoka County Parks and Recreation,Regional Park,TRUE,Summer-2019,17285,Summer,2019,17285,33180,Metropolitan Regional Park System,Anoka County Parks and Recreation,Regional Park,TRUE
Anoka Co Riverfront,Metropolitan Regional Park System,Anoka County Parks and Recreation,Regional Park,TRUE,Summer-2020,19308,Summer,2020,19308,42806,Metropolitan Regional Park System,Anoka County Parks and Recreation,Regional Park,TRUE
Anoka Co Riverfront,Metropolitan Regional Park System,Anoka County Parks and Recreation,Regional Park,TRUE,Summer-2021,14924,Summer,2021,14924,39271,Metropolitan Regional Park System,Anoka County Parks and Recreation,Regional Park,TRUE
Anoka Co Riverfront,Metropolitan Regional Park System,Anoka County Parks and Recreation,Regional Park,TRUE,Winter-2018,1693,Winter,2018,1693,24412,Metropolitan Regional Park System,Anoka County Parks and Recreation,Regional Park,TRUE
Anoka Co Riverfront,Metropolitan Regional Park System,Anoka County Parks and Recreation,Regional Park,TRUE,Winter-2019,2190,Winter,2019,2190,33180,Metropolitan Regional Park System,Anoka County Parks and Recreation,Regional Park,TRUE
Anoka Co Riverfront,Metropolitan Regional Park System,Anoka County Parks and Recreation,Regional Park,TRUE,Winter-2020,2958,Winter,2020,2958,42806,Metropolitan Regional Park System,Anoka County Parks and Recreation,Regional Park,TRUE
Anoka Co Riverfront,Metropolitan Regional Park System,Anoka County Parks and Recreation,Regional Park,TRUE,Winter-2021,5399,Winter,2021,5399,39271,Metropolitan Regional Park System,Anoka County Parks and Recreation,Regional Park,TRUE
Anoka Co Riverfront,Metropolitan Regional Park System,Anoka County Parks and Recreation,Regional Park,TRUE,Winter-2022,303,Winter,2022,303,303,Metropolitan Regional Park System,Anoka County Parks and Recreation,Regional Park,TRUE
Appleton OHV Park,Eligible for Greater Minnesota Designation,Eligible Greater MN,Eligible Regional Park,FALSE,Fall-2018,6351,Fall,2018,6351,21811,Eligible for Greater Minnesota Designation,Eligible Greater MN,Eligible Regional Park,FALSE
Appleton OHV Park,Eligible for Greater Minnesota Designation,Eligible Greater MN,Eligible Regional Park,FALSE,Fall-2019,5111,Fall,2019,5111,22292,Eligible for Greater Minnesota Designation,Eligible Greater MN,Eligible Regional Park,FALSE
Appleton OHV Park,Eligible for Greater Minnesota Designation,Eligible Greater MN,Eligible Regional Park,FALSE,Fall-2020,8127,Fall,2020,8127,42075,Eligible for Greater Minnesota Designation,Eligible Greater MN,Eligible Regional Park,FALSE
Appleton OHV Park,Eligible for Greater Minnesota Designation,Eligible Greater MN,Eligible Regional Park,FALSE,Fall-2021,5064,Fall,2021,5064,29533,Eligible for Greater Minnesota Designation,Eligible Greater MN,Eligible Regional Park,FALSE
Appleton OHV Park,Eligible for Greater Minnesota Designation,Eligible Greater MN,Eligible Regional Park,FALSE,Spring-2018,4033,Spring,2018,4033,21811,Eligible for Greater Minnesota Designation,Eligible Greater MN,Eligible Regional Park,FALSE
Appleton OHV Park,Eligible for Greater Minnesota Designation,Eligible Greater MN,Eligible Regional Park,FALSE,Spring-2019,4150,Spring,2019,4150,22292,Eligible for Greater Minnesota Designation,Eligible Greater MN,Eligible Regional Park,FALSE
Appleton OHV Park,Eligible for Greater Minnesota Designation,Eligible Greater MN,Eligible Regional Park,FALSE,Spring-2020,14399,Spring,2020,14399,42075,Eligible for Greater Minnesota Designation,Eligible Greater MN,Eligible Regional Park,FALSE
Appleton OHV Park,Eligible for Greater Minnesota Designation,Eligible Greater MN,Eligible Regional Park,FALSE,Spring-2021,11084,Spring,2021,11084,29533,Eligible for Greater Minnesota Designation,Eligible Greater MN,Eligible Regional Park,FALSE
Appleton OHV Park,Eligible for Greater Minnesota Designation,Eligible Greater MN,Eligible Regional Park,FALSE,Summer-2018,9373,Summer,2018,9373,21811,Eligible for Greater Minnesota Designation,Eligible Greater MN,Eligible Regional Park,FALSE
Appleton OHV Park,Eligible for Greater Minnesota Designation,Eligible Greater MN,Eligible Regional Park,FALSE,Summer-2019,10078,Summer,2019,10078,22292,Eligible for Greater Minnesota Designation,Eligible Greater MN,Eligible Regional Park,FALSE
Appleton OHV Park,Eligible for Greater Minnesota Designation,Eligible Greater MN,Eligible Regional Park,FALSE,Summer-2020,18496,Summer,2020,18496,42075,Eligible for Greater Minnesota Designation,Eligible Greater MN,Eligible Regional Park,FALSE
Appleton OHV Park,Eligible for Greater Minnesota Designation,Eligible Greater MN,Eligible Regional Park,FALSE,Summer-2021,12071,Summer,2021,12071,29533,Eligible for Greater Minnesota Designation,Eligible Greater MN,Eligible Regional Park,FALSE
Appleton OHV Park,Eligible for Greater Minnesota Designation,Eligible Greater MN,Eligible Regional Park,FALSE,Winter-2018,2054,Winter,2018,2054,21811,Eligible for Greater Minnesota Designation,Eligible Greater MN,Eligible Regional Park,FALSE
Appleton OHV Park,Eligible for Greater Minnesota Designation,Eligible Greater MN,Eligible Regional Park,FALSE,Winter-2019,2953,Winter,2019,2953,22292,Eligible for Greater Minnesota Designation,Eligible Greater MN,Eligible Regional Park,FALSE
Appleton OHV Park,Eligible for Greater Minnesota Designation,Eligible Greater MN,Eligible Regional Park,FALSE,Winter-2020,1053,Winter,2020,1053,42075,Eligible for Greater Minnesota Designation,Eligible Greater MN,Eligible Regional Park,FALSE
Appleton OHV Park,Eligible for Greater Minnesota Designation,Eligible Greater MN,Eligible Regional Park,FALSE,Winter-2021,1314,Winter,2021,1314,29533,Eligible for Greater Minnesota Designation,Eligible Greater MN,Eligible Regional Park,FALSE
Appleton OHV Park,Eligible for Greater Minnesota Designation,Eligible Greater MN,Eligible Regional Park,FALSE,Winter-2022,382,Winter,2022,382,382,Eligible for Greater Minnesota Designation,Eligible Greater MN,Eligible Regional Park,FALSE
Baker,Metropolitan Regional Park System,Three Rivers Park District,Regional Park,TRUE,Fall-2018,26885,Fall,2018,26885,177932,Metropolitan Regional Park System,Three Rivers Park District,Regional Park,TRUE
Baker,Metropolitan Regional Park System,Three Rivers Park District,Regional Park,TRUE,Fall-2019,29004,Fall,2019,29004,161742,Metropolitan Regional Park System,Three Rivers Park District,Regional Park,TRUE
Baker,Metropolitan Regional Park System,Three Rivers Park District,Regional Park,TRUE,Fall-2020,39385,Fall,2020,39385,246078,Metropolitan Regional Park System,Three Rivers Park District,Regional Park,TRUE
Baker,Metropolitan Regional Park System,Three Rivers Park District,Regional Park,TRUE,Fall-2021,33038,Fall,2021,33038,194609,Metropolitan Regional Park System,Three Rivers Park District,Regional Park,TRUE
Baker,Metropolitan Regional Park System,Three Rivers Park District,Regional Park,TRUE,Spring-2018,33949,Spring,2018,33949,177932,Metropolitan Regional Park System,Three Rivers Park District,Regional Park,TRUE
Baker,Metropolitan Regional Park System,Three Rivers Park District,Regional Park,TRUE,Spring-2019,28966,Spring,2019,28966,161742,Metropolitan Regional Park System,Three Rivers Park District,Regional Park,TRUE
Baker,Metropolitan Regional Park System,Three Rivers Park District,Regional Park,TRUE,Spring-2020,45939,Spring,2020,45939,246078,Metropolitan Regional Park System,Three Rivers Park District,Regional Park,TRUE
Baker,Metropolitan Regional Park System,Three Rivers Park District,Regional Park,TRUE,Spring-2021,47392,Spring,2021,47392,194609,Metropolitan Regional Park System,Three Rivers Park District,Regional Park,TRUE
Baker,Metropolitan Regional Park System,Three Rivers Park District,Regional Park,TRUE,Summer-2018,99072,Summer,2018,99072,177932,Metropolitan Regional Park System,Three Rivers Park District,Regional Park,TRUE
Baker,Metropolitan Regional Park System,Three Rivers Park District,Regional Park,TRUE,Summer-2019,87755,Summer,2019,87755,161742,Metropolitan Regional Park System,Three Rivers Park District,Regional Park,TRUE
Baker,Metropolitan Regional Park System,Three Rivers Park District,Regional Park,TRUE,Summer-2020,141818,Summer,2020,141818,246078,Metropolitan Regional Park System,Three Rivers Park District,Regional Park,TRUE
Baker,Metropolitan Regional Park System,Three Rivers Park District,Regional Park,TRUE,Summer-2021,88525,Summer,2021,88525,194609,Metropolitan Regional Park System,Three Rivers Park District,Regional Park,TRUE
Baker,Metropolitan Regional Park System,Three Rivers Park District,Regional Park,TRUE,Winter-2018,18026,Winter,2018,18026,177932,Metropolitan Regional Park System,Three Rivers Park District,Regional Park,TRUE
Baker,Metropolitan Regional Park System,Three Rivers Park District,Regional Park,TRUE,Winter-2019,16017,Winter,2019,16017,161742,Metropolitan Regional Park System,Three Rivers Park District,Regional Park,TRUE
Baker,Metropolitan Regional Park System,Three Rivers Park District,Regional Park,TRUE,Winter-2020,18936,Winter,2020,18936,246078,Metropolitan Regional Park System,Three Rivers Park District,Regional Park,TRUE
Baker,Metropolitan Regional Park System,Three Rivers Park District,Regional Park,TRUE,Winter-2021,25654,Winter,2021,25654,194609,Metropolitan Regional Park System,Three Rivers Park District,Regional Park,TRUE
Baker,Metropolitan Regional Park System,Three Rivers Park District,Regional Park,TRUE,Winter-2022,4111,Winter,2022,4111,4111,Metropolitan Regional Park System,Three Rivers Park District,Regional Park,TRUE
Bald Eagle-Otter Lake,Metropolitan Regional Park System,Ramsey County Parks and Recreation,Regional Park,TRUE,Fall-2018,29809,Fall,2018,29809,128491,Metropolitan Regional Park System,Ramsey County Parks and Recreation,Regional Park,TRUE
Bald Eagle-Otter Lake,Metropolitan Regional Park System,Ramsey County Parks and Recreation,Regional Park,TRUE,Fall-2019,28915,Fall,2019,28915,142061,Metropolitan Regional Park System,Ramsey County Parks and Recreation,Regional Park,TRUE
Bald Eagle-Otter Lake,Metropolitan Regional Park System,Ramsey County Parks and Recreation,Regional Park,TRUE,Fall-2020,37508,Fall,2020,37508,147639,Metropolitan Regional Park System,Ramsey County Parks and Recreation,Regional Park,TRUE
Bald Eagle-Otter Lake,Metropolitan Regional Park System,Ramsey County Parks and Recreation,Regional Park,TRUE,Fall-2021,28954,Fall,2021,28954,142290,Metropolitan Regional Park System,Ramsey County Parks and Recreation,Regional Park,TRUE
Bald Eagle-Otter Lake,Metropolitan Regional Park System,Ramsey County Parks and Recreation,Regional Park,TRUE,Spring-2018,27242,Spring,2018,27242,128491,Metropolitan Regional Park System,Ramsey County Parks and Recreation,Regional Park,TRUE
Bald Eagle-Otter Lake,Metropolitan Regional Park System,Ramsey County Parks and Recreation,Regional Park,TRUE,Spring-2019,35911,Spring,2019,35911,142061,Metropolitan Regional Park System,Ramsey County Parks and Recreation,Regional Park,TRUE
Bald Eagle-Otter Lake,Metropolitan Regional Park System,Ramsey County Parks and Recreation,Regional Park,TRUE,Spring-2020,36581,Spring,2020,36581,147639,Metropolitan Regional Park System,Ramsey County Parks and Recreation,Regional Park,TRUE
Bald Eagle-Otter Lake,Metropolitan Regional Park System,Ramsey County Parks and Recreation,Regional Park,TRUE,Spring-2021,39052,Spring,2021,39052,142290,Metropolitan Regional Park System,Ramsey County Parks and Recreation,Regional Park,TRUE
Bald Eagle-Otter Lake,Metropolitan Regional Park System,Ramsey County Parks and Recreation,Regional Park,TRUE,Summer-2018,59037,Summer,2018,59037,128491,Metropolitan Regional Park System,Ramsey County Parks and Recreation,Regional Park,TRUE
Bald Eagle-Otter Lake,Metropolitan Regional Park System,Ramsey County Parks and Recreation,Regional Park,TRUE,Summer-2019,53368,Summer,2019,53368,142061,Metropolitan Regional Park System,Ramsey County Parks and Recreation,Regional Park,TRUE
Bald Eagle-Otter Lake,Metropolitan Regional Park System,Ramsey County Parks and Recreation,Regional Park,TRUE,Summer-2020,53172,Summer,2020,53172,147639,Metropolitan Regional Park System,Ramsey County Parks and Recreation,Regional Park,TRUE
Bald Eagle-Otter Lake,Metropolitan Regional Park System,Ramsey County Parks and Recreation,Regional Park,TRUE,Summer-2021,44417,Summer,2021,44417,142290,Metropolitan Regional Park System,Ramsey County Parks and Recreation,Regional Park,TRUE
Bald Eagle-Otter Lake,Metropolitan Regional Park System,Ramsey County Parks and Recreation,Regional Park,TRUE,Winter-2018,12403,Winter,2018,12403,128491,Metropolitan Regional Park System,Ramsey County Parks and Recreation,Regional Park,TRUE
Bald Eagle-Otter Lake,Metropolitan Regional Park System,Ramsey County Parks and Recreation,Regional Park,TRUE,Winter-2019,23867,Winter,2019,23867,142061,Metropolitan Regional Park System,Ramsey County Parks and Recreation,Regional Park,TRUE
Bald Eagle-Otter Lake,Metropolitan Regional Park System,Ramsey County Parks and Recreation,Regional Park,TRUE,Winter-2020,20378,Winter,2020,20378,147639,Metropolitan Regional Park System,Ramsey County Parks and Recreation,Regional Park,TRUE
Bald Eagle-Otter Lake,Metropolitan Regional Park System,Ramsey County Parks and Recreation,Regional Park,TRUE,Winter-2021,29867,Winter,2021,29867,142290,Metropolitan Regional Park System,Ramsey County Parks and Recreation,Regional Park,TRUE
Bald Eagle-Otter Lake,Metropolitan Regional Park System,Ramsey County Parks and Recreation,Regional Park,TRUE,Winter-2022,5367,Winter,2022,5367,5367,Metropolitan Regional Park System,Ramsey County Parks and Recreation,Regional Park,TRUE
Banning,Department of Natural Resources State Park,DNR,State Park,TRUE,Fall-2018,32100,Fall,2018,32100,111808,Department of Natural Resources State Park,DNR,State Park,TRUE
Banning,Department of Natural Resources State Park,DNR,State Park,TRUE,Fall-2019,15661,Fall,2019,15661,64491,Department of Natural Resources State Park,DNR,State Park,TRUE
Banning,Department of Natural Resources State Park,DNR,State Park,TRUE,Fall-2020,33284,Fall,2020,33284,145832,Department of Natural Resources State Park,DNR,State Park,TRUE
Banning,Department of Natural Resources State Park,DNR,State Park,TRUE,Fall-2021,19050,Fall,2021,19050,83587,Department of Natural Resources State Park,DNR,State Park,TRUE
Banning,Department of Natural Resources State Park,DNR,State Park,TRUE,Spring-2018,21967,Spring,2018,21967,111808,Department of Natural Resources State Park,DNR,State Park,TRUE
Banning,Department of Natural Resources State Park,DNR,State Park,TRUE,Spring-2019,14985,Spring,2019,14985,64491,Department of Natural Resources State Park,DNR,State Park,TRUE
Banning,Department of Natural Resources State Park,DNR,State Park,TRUE,Spring-2020,37926,Spring,2020,37926,145832,Department of Natural Resources State Park,DNR,State Park,TRUE
Banning,Department of Natural Resources State Park,DNR,State Park,TRUE,Spring-2021,22637,Spring,2021,22637,83587,Department of Natural Resources State Park,DNR,State Park,TRUE
Banning,Department of Natural Resources State Park,DNR,State Park,TRUE,Summer-2018,50349,Summer,2018,50349,111808,Department of Natural Resources State Park,DNR,State Park,TRUE
Banning,Department of Natural Resources State Park,DNR,State Park,TRUE,Summer-2019,29135,Summer,2019,29135,64491,Department of Natural Resources State Park,DNR,State Park,TRUE
Banning,Department of Natural Resources State Park,DNR,State Park,TRUE,Summer-2020,70279,Summer,2020,70279,145832,Department of Natural Resources State Park,DNR,State Park,TRUE
Banning,Department of Natural Resources State Park,DNR,State Park,TRUE,Summer-2021,30943,Summer,2021,30943,83587,Department of Natural Resources State Park,DNR,State Park,TRUE
Banning,Department of Natural Resources State Park,DNR,State Park,TRUE,Winter-2018,7392,Winter,2018,7392,111808,Department of Natural Resources State Park,DNR,State Park,TRUE
Banning,Department of Natural Resources State Park,DNR,State Park,TRUE,Winter-2019,4710,Winter,2019,4710,64491,Department of Natural Resources State Park,DNR,State Park,TRUE
Banning,Department of Natural Resources State Park,DNR,State Park,TRUE,Winter-2020,4343,Winter,2020,4343,145832,Department of Natural Resources State Park,DNR,State Park,TRUE
Banning,Department of Natural Resources State Park,DNR,State Park,TRUE,Winter-2021,10957,Winter,2021,10957,83587,Department of Natural Resources State Park,DNR,State Park,TRUE
Banning,Department of Natural Resources State Park,DNR,State Park,TRUE,Winter-2022,1089,Winter,2022,1089,1089,Department of Natural Resources State Park,DNR,State Park,TRUE
Barsness Park,Eligible for Greater Minnesota Designation,Eligible Greater MN,Eligible Regional Park,FALSE,Fall-2018,70180,Fall,2018,70180,295237,Eligible for Greater Minnesota Designation,Eligible Greater MN,Eligible Regional Park,FALSE
Barsness Park,Eligible for Greater Minnesota Designation,Eligible Greater MN,Eligible Regional Park,FALSE,Fall-2019,30558,Fall,2019,30558,193777,Eligible for Greater Minnesota Designation,Eligible Greater MN,Eligible Regional Park,FALSE
Barsness Park,Eligible for Greater Minnesota Designation,Eligible Greater MN,Eligible Regional Park,FALSE,Fall-2020,23484,Fall,2020,23484,98236,Eligible for Greater Minnesota Designation,Eligible Greater MN,Eligible Regional Park,FALSE
Barsness Park,Eligible for Greater Minnesota Designation,Eligible Greater MN,Eligible Regional Park,FALSE,Fall-2021,22447,Fall,2021,22447,132165,Eligible for Greater Minnesota Designation,Eligible Greater MN,Eligible Regional Park,FALSE
Barsness Park,Eligible for Greater Minnesota Designation,Eligible Greater MN,Eligible Regional Park,FALSE,Spring-2018,68638,Spring,2018,68638,295237,Eligible for Greater Minnesota Designation,Eligible Greater MN,Eligible Regional Park,FALSE
Barsness Park,Eligible for Greater Minnesota Designation,Eligible Greater MN,Eligible Regional Park,FALSE,Spring-2019,57576,Spring,2019,57576,193777,Eligible for Greater Minnesota Designation,Eligible Greater MN,Eligible Regional Park,FALSE
Barsness Park,Eligible for Greater Minnesota Designation,Eligible Greater MN,Eligible Regional Park,FALSE,Spring-2020,18739,Spring,2020,18739,98236,Eligible for Greater Minnesota Designation,Eligible Greater MN,Eligible Regional Park,FALSE
Barsness Park,Eligible for Greater Minnesota Designation,Eligible Greater MN,Eligible Regional Park,FALSE,Spring-2021,40469,Spring,2021,40469,132165,Eligible for Greater Minnesota Designation,Eligible Greater MN,Eligible Regional Park,FALSE
Barsness Park,Eligible for Greater Minnesota Designation,Eligible Greater MN,Eligible Regional Park,FALSE,Summer-2018,104677,Summer,2018,104677,295237,Eligible for Greater Minnesota Designation,Eligible Greater MN,Eligible Regional Park,FALSE
Barsness Park,Eligible for Greater Minnesota Designation,Eligible Greater MN,Eligible Regional Park,FALSE,Summer-2019,59546,Summer,2019,59546,193777,Eligible for Greater Minnesota Designation,Eligible Greater MN,Eligible Regional Park,FALSE
Barsness Park,Eligible for Greater Minnesota Designation,Eligible Greater MN,Eligible Regional Park,FALSE,Summer-2020,35474,Summer,2020,35474,98236,Eligible for Greater Minnesota Designation,Eligible Greater MN,Eligible Regional Park,FALSE
Barsness Park,Eligible for Greater Minnesota Designation,Eligible Greater MN,Eligible Regional Park,FALSE,Summer-2021,45425,Summer,2021,45425,132165,Eligible for Greater Minnesota Designation,Eligible Greater MN,Eligible Regional Park,FALSE
Barsness Park,Eligible for Greater Minnesota Designation,Eligible Greater MN,Eligible Regional Park,FALSE,Winter-2018,51742,Winter,2018,51742,295237,Eligible for Greater Minnesota Designation,Eligible Greater MN,Eligible Regional Park,FALSE
Barsness Park,Eligible for Greater Minnesota Designation,Eligible Greater MN,Eligible Regional Park,FALSE,Winter-2019,46097,Winter,2019,46097,193777,Eligible for Greater Minnesota Designation,Eligible Greater MN,Eligible Regional Park,FALSE
Barsness Park,Eligible for Greater Minnesota Designation,Eligible Greater MN,Eligible Regional Park,FALSE,Winter-2020,20539,Winter,2020,20539,98236,Eligible for Greater Minnesota Designation,Eligible Greater MN,Eligible Regional Park,FALSE
Barsness Park,Eligible for Greater Minnesota Designation,Eligible Greater MN,Eligible Regional Park,FALSE,Winter-2021,23824,Winter,2021,23824,132165,Eligible for Greater Minnesota Designation,Eligible Greater MN,Eligible Regional Park,FALSE
Barsness Park,Eligible for Greater Minnesota Designation,Eligible Greater MN,Eligible Regional Park,FALSE,Winter-2022,4923,Winter,2022,4923,4923,Eligible for Greater Minnesota Designation,Eligible Greater MN,Eligible Regional Park,FALSE
Battle Creek,Metropolitan Regional Park System,Ramsey County Parks and Recreation,Regional Park,TRUE,Fall-2018,62389,Fall,2018,62389,278209,Metropolitan Regional Park System,Ramsey County Parks and Recreation,Regional Park,TRUE
Battle Creek,Metropolitan Regional Park System,Ramsey County Parks and Recreation,Regional Park,TRUE,Fall-2019,51941,Fall,2019,51941,276425,Metropolitan Regional Park System,Ramsey County Parks and Recreation,Regional Park,TRUE
Battle Creek,Metropolitan Regional Park System,Ramsey County Parks and Recreation,Regional Park,TRUE,Fall-2020,65194,Fall,2020,65194,316973,Metropolitan Regional Park System,Ramsey County Parks and Recreation,Regional Park,TRUE
Battle Creek,Metropolitan Regional Park System,Ramsey County Parks and Recreation,Regional Park,TRUE,Fall-2021,65785,Fall,2021,65785,342697,Metropolitan Regional Park System,Ramsey County Parks and Recreation,Regional Park,TRUE
Battle Creek,Metropolitan Regional Park System,Ramsey County Parks and Recreation,Regional Park,TRUE,Spring-2018,59936,Spring,2018,59936,278209,Metropolitan Regional Park System,Ramsey County Parks and Recreation,Regional Park,TRUE
Battle Creek,Metropolitan Regional Park System,Ramsey County Parks and Recreation,Regional Park,TRUE,Spring-2019,63660,Spring,2019,63660,276425,Metropolitan Regional Park System,Ramsey County Parks and Recreation,Regional Park,TRUE
Battle Creek,Metropolitan Regional Park System,Ramsey County Parks and Recreation,Regional Park,TRUE,Spring-2020,79121,Spring,2020,79121,316973,Metropolitan Regional Park System,Ramsey County Parks and Recreation,Regional Park,TRUE
Battle Creek,Metropolitan Regional Park System,Ramsey County Parks and Recreation,Regional Park,TRUE,Spring-2021,85951,Spring,2021,85951,342697,Metropolitan Regional Park System,Ramsey County Parks and Recreation,Regional Park,TRUE
Battle Creek,Metropolitan Regional Park System,Ramsey County Parks and Recreation,Regional Park,TRUE,Summer-2018,120829,Summer,2018,120829,278209,Metropolitan Regional Park System,Ramsey County Parks and Recreation,Regional Park,TRUE
Battle Creek,Metropolitan Regional Park System,Ramsey County Parks and Recreation,Regional Park,TRUE,Summer-2019,124370,Summer,2019,124370,276425,Metropolitan Regional Park System,Ramsey County Parks and Recreation,Regional Park,TRUE
Battle Creek,Metropolitan Regional Park System,Ramsey County Parks and Recreation,Regional Park,TRUE,Summer-2020,125073,Summer,2020,125073,316973,Metropolitan Regional Park System,Ramsey County Parks and Recreation,Regional Park,TRUE
Battle Creek,Metropolitan Regional Park System,Ramsey County Parks and Recreation,Regional Park,TRUE,Summer-2021,130719,Summer,2021,130719,342697,Metropolitan Regional Park System,Ramsey County Parks and Recreation,Regional Park,TRUE
Battle Creek,Metropolitan Regional Park System,Ramsey County Parks and Recreation,Regional Park,TRUE,Winter-2018,35055,Winter,2018,35055,278209,Metropolitan Regional Park System,Ramsey County Parks and Recreation,Regional Park,TRUE
Battle Creek,Metropolitan Regional Park System,Ramsey County Parks and Recreation,Regional Park,TRUE,Winter-2019,36454,Winter,2019,36454,276425,Metropolitan Regional Park System,Ramsey County Parks and Recreation,Regional Park,TRUE
Battle Creek,Metropolitan Regional Park System,Ramsey County Parks and Recreation,Regional Park,TRUE,Winter-2020,47585,Winter,2020,47585,316973,Metropolitan Regional Park System,Ramsey County Parks and Recreation,Regional Park,TRUE
Battle Creek,Metropolitan Regional Park System,Ramsey County Parks and Recreation,Regional Park,TRUE,Winter-2021,60242,Winter,2021,60242,342697,Metropolitan Regional Park System,Ramsey County Parks and Recreation,Regional Park,TRUE
Battle Creek,Metropolitan Regional Park System,Ramsey County Parks and Recreation,Regional Park,TRUE,Winter-2022,11404,Winter,2022,11404,11404,Metropolitan Regional Park System,Ramsey County Parks and Recreation,Regional Park,TRUE
Baylor,Metropolitan Regional Park System,Carver County Parks and Recreation,Regional Park,TRUE,Fall-2018,8204,Fall,2018,8204,29123,Metropolitan Regional Park System,Carver County Parks and Recreation,Regional Park,TRUE
Baylor,Metropolitan Regional Park System,Carver County Parks and Recreation,Regional Park,TRUE,Fall-2019,5792,Fall,2019,5792,22667,Metropolitan Regional Park System,Carver County Parks and Recreation,Regional Park,TRUE
Baylor,Metropolitan Regional Park System,Carver County Parks and Recreation,Regional Park,TRUE,Fall-2020,4930,Fall,2020,4930,27853,Metropolitan Regional Park System,Carver County Parks and Recreation,Regional Park,TRUE
Baylor,Metropolitan Regional Park System,Carver County Parks and Recreation,Regional Park,TRUE,Fall-2021,6400,Fall,2021,6400,28357,Metropolitan Regional Park System,Carver County Parks and Recreation,Regional Park,TRUE
Baylor,Metropolitan Regional Park System,Carver County Parks and Recreation,Regional Park,TRUE,Spring-2018,5473,Spring,2018,5473,29123,Metropolitan Regional Park System,Carver County Parks and Recreation,Regional Park,TRUE
Baylor,Metropolitan Regional Park System,Carver County Parks and Recreation,Regional Park,TRUE,Spring-2019,3193,Spring,2019,3193,22667,Metropolitan Regional Park System,Carver County Parks and Recreation,Regional Park,TRUE
Baylor,Metropolitan Regional Park System,Carver County Parks and Recreation,Regional Park,TRUE,Spring-2020,6691,Spring,2020,6691,27853,Metropolitan Regional Park System,Carver County Parks and Recreation,Regional Park,TRUE
Baylor,Metropolitan Regional Park System,Carver County Parks and Recreation,Regional Park,TRUE,Spring-2021,4819,Spring,2021,4819,28357,Metropolitan Regional Park System,Carver County Parks and Recreation,Regional Park,TRUE
Baylor,Metropolitan Regional Park System,Carver County Parks and Recreation,Regional Park,TRUE,Summer-2018,13646,Summer,2018,13646,29123,Metropolitan Regional Park System,Carver County Parks and Recreation,Regional Park,TRUE
Baylor,Metropolitan Regional Park System,Carver County Parks and Recreation,Regional Park,TRUE,Summer-2019,12041,Summer,2019,12041,22667,Metropolitan Regional Park System,Carver County Parks and Recreation,Regional Park,TRUE
Baylor,Metropolitan Regional Park System,Carver County Parks and Recreation,Regional Park,TRUE,Summer-2020,14279,Summer,2020,14279,27853,Metropolitan Regional Park System,Carver County Parks and Recreation,Regional Park,TRUE
Baylor,Metropolitan Regional Park System,Carver County Parks and Recreation,Regional Park,TRUE,Summer-2021,14031,Summer,2021,14031,28357,Metropolitan Regional Park System,Carver County Parks and Recreation,Regional Park,TRUE
Baylor,Metropolitan Regional Park System,Carver County Parks and Recreation,Regional Park,TRUE,Winter-2018,1800,Winter,2018,1800,29123,Metropolitan Regional Park System,Carver County Parks and Recreation,Regional Park,TRUE
Baylor,Metropolitan Regional Park System,Carver County Parks and Recreation,Regional Park,TRUE,Winter-2019,1641,Winter,2019,1641,22667,Metropolitan Regional Park System,Carver County Parks and Recreation,Regional Park,TRUE
Baylor,Metropolitan Regional Park System,Carver County Parks and Recreation,Regional Park,TRUE,Winter-2020,1953,Winter,2020,1953,27853,Metropolitan Regional Park System,Carver County Parks and Recreation,Regional Park,TRUE
Baylor,Metropolitan Regional Park System,Carver County Parks and Recreation,Regional Park,TRUE,Winter-2021,3107,Winter,2021,3107,28357,Metropolitan Regional Park System,Carver County Parks and Recreation,Regional Park,TRUE
Baylor,Metropolitan Regional Park System,Carver County Parks and Recreation,Regional Park,TRUE,Winter-2022,229,Winter,2022,229,229,Metropolitan Regional Park System,Carver County Parks and Recreation,Regional Park,TRUE
Bear Head Lake,Department of Natural Resources State Park,DNR,State Park,TRUE,Fall-2018,13122,Fall,2018,13122,79546,Department of Natural Resources State Park,DNR,State Park,TRUE
Bear Head Lake,Department of Natural Resources State Park,DNR,State Park,TRUE,Fall-2019,12245,Fall,2019,12245,69731,Department of Natural Resources State Park,DNR,State Park,TRUE
Bear Head Lake,Department of Natural Resources State Park,DNR,State Park,TRUE,Fall-2020,14382,Fall,2020,14382,57211,Department of Natural Resources State Park,DNR,State Park,TRUE
Bear Head Lake,Department of Natural Resources State Park,DNR,State Park,TRUE,Fall-2021,10052,Fall,2021,10052,59186,Department of Natural Resources State Park,DNR,State Park,TRUE
Bear Head Lake,Department of Natural Resources State Park,DNR,State Park,TRUE,Spring-2018,11010,Spring,2018,11010,79546,Department of Natural Resources State Park,DNR,State Park,TRUE
Bear Head Lake,Department of Natural Resources State Park,DNR,State Park,TRUE,Spring-2019,9790,Spring,2019,9790,69731,Department of Natural Resources State Park,DNR,State Park,TRUE
Bear Head Lake,Department of Natural Resources State Park,DNR,State Park,TRUE,Spring-2020,2987,Spring,2020,2987,57211,Department of Natural Resources State Park,DNR,State Park,TRUE
Bear Head Lake,Department of Natural Resources State Park,DNR,State Park,TRUE,Spring-2021,12570,Spring,2021,12570,59186,Department of Natural Resources State Park,DNR,State Park,TRUE
Bear Head Lake,Department of Natural Resources State Park,DNR,State Park,TRUE,Summer-2018,50244,Summer,2018,50244,79546,Department of Natural Resources State Park,DNR,State Park,TRUE
Bear Head Lake,Department of Natural Resources State Park,DNR,State Park,TRUE,Summer-2019,43516,Summer,2019,43516,69731,Department of Natural Resources State Park,DNR,State Park,TRUE
Bear Head Lake,Department of Natural Resources State Park,DNR,State Park,TRUE,Summer-2020,33598,Summer,2020,33598,57211,Department of Natural Resources State Park,DNR,State Park,TRUE
Bear Head Lake,Department of Natural Resources State Park,DNR,State Park,TRUE,Summer-2021,32345,Summer,2021,32345,59186,Department of Natural Resources State Park,DNR,State Park,TRUE
Bear Head Lake,Department of Natural Resources State Park,DNR,State Park,TRUE,Winter-2018,5170,Winter,2018,5170,79546,Department of Natural Resources State Park,DNR,State Park,TRUE
Bear Head Lake,Department of Natural Resources State Park,DNR,State Park,TRUE,Winter-2019,4180,Winter,2019,4180,69731,Department of Natural Resources State Park,DNR,State Park,TRUE
Bear Head Lake,Department of Natural Resources State Park,DNR,State Park,TRUE,Winter-2020,6244,Winter,2020,6244,57211,Department of Natural Resources State Park,DNR,State Park,TRUE
Bear Head Lake,Department of Natural Resources State Park,DNR,State Park,TRUE,Winter-2021,4219,Winter,2021,4219,59186,Department of Natural Resources State Park,DNR,State Park,TRUE
Bear Head Lake,Department of Natural Resources State Park,DNR,State Park,TRUE,Winter-2022,280,Winter,2022,280,280,Department of Natural Resources State Park,DNR,State Park,TRUE
Beaver Creek Valley,Department of Natural Resources State Park,DNR,State Park,TRUE,Fall-2018,1456,Fall,2018,1456,7863,Department of Natural Resources State Park,DNR,State Park,TRUE
Beaver Creek Valley,Department of Natural Resources State Park,DNR,State Park,TRUE,Fall-2019,1536,Fall,2019,1536,10021,Department of Natural Resources State Park,DNR,State Park,TRUE
Beaver Creek Valley,Department of Natural Resources State Park,DNR,State Park,TRUE,Fall-2020,1989,Fall,2020,1989,7150,Department of Natural Resources State Park,DNR,State Park,TRUE
Beaver Creek Valley,Department of Natural Resources State Park,DNR,State Park,TRUE,Fall-2021,1100,Fall,2021,1100,4112,Department of Natural Resources State Park,DNR,State Park,TRUE
Beaver Creek Valley,Department of Natural Resources State Park,DNR,State Park,TRUE,Spring-2018,1516,Spring,2018,1516,7863,Department of Natural Resources State Park,DNR,State Park,TRUE
Beaver Creek Valley,Department of Natural Resources State Park,DNR,State Park,TRUE,Spring-2019,2556,Spring,2019,2556,10021,Department of Natural Resources State Park,DNR,State Park,TRUE
Beaver Creek Valley,Department of Natural Resources State Park,DNR,State Park,TRUE,Spring-2020,1362,Spring,2020,1362,7150,Department of Natural Resources State Park,DNR,State Park,TRUE
Beaver Creek Valley,Department of Natural Resources State Park,DNR,State Park,TRUE,Spring-2021,1411,Spring,2021,1411,4112,Department of Natural Resources State Park,DNR,State Park,TRUE
Beaver Creek Valley,Department of Natural Resources State Park,DNR,State Park,TRUE,Summer-2018,3783,Summer,2018,3783,7863,Department of Natural Resources State Park,DNR,State Park,TRUE
Beaver Creek Valley,Department of Natural Resources State Park,DNR,State Park,TRUE,Summer-2019,4470,Summer,2019,4470,10021,Department of Natural Resources State Park,DNR,State Park,TRUE
Beaver Creek Valley,Department of Natural Resources State Park,DNR,State Park,TRUE,Summer-2020,2989,Summer,2020,2989,7150,Department of Natural Resources State Park,DNR,State Park,TRUE
Beaver Creek Valley,Department of Natural Resources State Park,DNR,State Park,TRUE,Summer-2021,1217,Summer,2021,1217,4112,Department of Natural Resources State Park,DNR,State Park,TRUE
Beaver Creek Valley,Department of Natural Resources State Park,DNR,State Park,TRUE,Winter-2018,1108,Winter,2018,1108,7863,Department of Natural Resources State Park,DNR,State Park,TRUE
Beaver Creek Valley,Department of Natural Resources State Park,DNR,State Park,TRUE,Winter-2019,1459,Winter,2019,1459,10021,Department of Natural Resources State Park,DNR,State Park,TRUE
Beaver Creek Valley,Department of Natural Resources State Park,DNR,State Park,TRUE,Winter-2020,810,Winter,2020,810,7150,Department of Natural Resources State Park,DNR,State Park,TRUE
Beaver Creek Valley,Department of Natural Resources State Park,DNR,State Park,TRUE,Winter-2021,384,Winter,2021,384,4112,Department of Natural Resources State Park,DNR,State Park,TRUE
Beaver Creek Valley,Department of Natural Resources State Park,DNR,State Park,TRUE,Winter-2022,97,Winter,2022,97,97,Department of Natural Resources State Park,DNR,State Park,TRUE
Belle Prairie Park,Greater Minnesota Regional Parks & Trails,Greater MN,Regional Park,TRUE,Fall-2018,4168,Fall,2018,4168,17708,Greater Minnesota Regional Parks & Trails,Greater MN,Regional Park,TRUE
Belle Prairie Park,Greater Minnesota Regional Parks & Trails,Greater MN,Regional Park,TRUE,Fall-2019,2168,Fall,2019,2168,13329,Greater Minnesota Regional Parks & Trails,Greater MN,Regional Park,TRUE
Belle Prairie Park,Greater Minnesota Regional Parks & Trails,Greater MN,Regional Park,TRUE,Fall-2020,8235,Fall,2020,8235,27373,Greater Minnesota Regional Parks & Trails,Greater MN,Regional Park,TRUE
Belle Prairie Park,Greater Minnesota Regional Parks & Trails,Greater MN,Regional Park,TRUE,Fall-2021,5181,Fall,2021,5181,27177,Greater Minnesota Regional Parks & Trails,Greater MN,Regional Park,TRUE
Belle Prairie Park,Greater Minnesota Regional Parks & Trails,Greater MN,Regional Park,TRUE,Spring-2018,4411,Spring,2018,4411,17708,Greater Minnesota Regional Parks & Trails,Greater MN,Regional Park,TRUE
Belle Prairie Park,Greater Minnesota Regional Parks & Trails,Greater MN,Regional Park,TRUE,Spring-2019,3835,Spring,2019,3835,13329,Greater Minnesota Regional Parks & Trails,Greater MN,Regional Park,TRUE
Belle Prairie Park,Greater Minnesota Regional Parks & Trails,Greater MN,Regional Park,TRUE,Spring-2020,7238,Spring,2020,7238,27373,Greater Minnesota Regional Parks & Trails,Greater MN,Regional Park,TRUE
Belle Prairie Park,Greater Minnesota Regional Parks & Trails,Greater MN,Regional Park,TRUE,Spring-2021,9772,Spring,2021,9772,27177,Greater Minnesota Regional Parks & Trails,Greater MN,Regional Park,TRUE
Belle Prairie Park,Greater Minnesota Regional Parks & Trails,Greater MN,Regional Park,TRUE,Summer-2018,7835,Summer,2018,7835,17708,Greater Minnesota Regional Parks & Trails,Greater MN,Regional Park,TRUE
Belle Prairie Park,Greater Minnesota Regional Parks & Trails,Greater MN,Regional Park,TRUE,Summer-2019,5734,Summer,2019,5734,13329,Greater Minnesota Regional Parks & Trails,Greater MN,Regional Park,TRUE
Belle Prairie Park,Greater Minnesota Regional Parks & Trails,Greater MN,Regional Park,TRUE,Summer-2020,10232,Summer,2020,10232,27373,Greater Minnesota Regional Parks & Trails,Greater MN,Regional Park,TRUE
Belle Prairie Park,Greater Minnesota Regional Parks & Trails,Greater MN,Regional Park,TRUE,Summer-2021,8403,Summer,2021,8403,27177,Greater Minnesota Regional Parks & Trails,Greater MN,Regional Park,TRUE
Belle Prairie Park,Greater Minnesota Regional Parks & Trails,Greater MN,Regional Park,TRUE,Winter-2018,1294,Winter,2018,1294,17708,Greater Minnesota Regional Parks & Trails,Greater MN,Regional Park,TRUE
Belle Prairie Park,Greater Minnesota Regional Parks & Trails,Greater MN,Regional Park,TRUE,Winter-2019,1592,Winter,2019,1592,13329,Greater Minnesota Regional Parks & Trails,Greater MN,Regional Park,TRUE
Belle Prairie Park,Greater Minnesota Regional Parks & Trails,Greater MN,Regional Park,TRUE,Winter-2020,1668,Winter,2020,1668,27373,Greater Minnesota Regional Parks & Trails,Greater MN,Regional Park,TRUE
Belle Prairie Park,Greater Minnesota Regional Parks & Trails,Greater MN,Regional Park,TRUE,Winter-2021,3821,Winter,2021,3821,27177,Greater Minnesota Regional Parks & Trails,Greater MN,Regional Park,TRUE
Belle Prairie Park,Greater Minnesota Regional Parks & Trails,Greater MN,Regional Park,TRUE,Winter-2022,720,Winter,2022,720,720,Greater Minnesota Regional Parks & Trails,Greater MN,Regional Park,TRUE
Bend in the River Park (GRPC),Greater Minnesota Regional Parks & Trails,Greater MN,Regional Park,TRUE,Fall-2018,9378,Fall,2018,9378,28788,Greater Minnesota Regional Parks & Trails,Greater MN,Regional Park,TRUE
Bend in the River Park (GRPC),Greater Minnesota Regional Parks & Trails,Greater MN,Regional Park,TRUE,Fall-2019,5299,Fall,2019,5299,17279,Greater Minnesota Regional Parks & Trails,Greater MN,Regional Park,TRUE
Bend in the River Park (GRPC),Greater Minnesota Regional Parks & Trails,Greater MN,Regional Park,TRUE,Fall-2020,7274,Fall,2020,7274,23474,Greater Minnesota Regional Parks & Trails,Greater MN,Regional Park,TRUE
Bend in the River Park (GRPC),Greater Minnesota Regional Parks & Trails,Greater MN,Regional Park,TRUE,Fall-2021,4748,Fall,2021,4748,22383,Greater Minnesota Regional Parks & Trails,Greater MN,Regional Park,TRUE
Bend in the River Park (GRPC),Greater Minnesota Regional Parks & Trails,Greater MN,Regional Park,TRUE,Spring-2018,7017,Spring,2018,7017,28788,Greater Minnesota Regional Parks & Trails,Greater MN,Regional Park,TRUE
Bend in the River Park (GRPC),Greater Minnesota Regional Parks & Trails,Greater MN,Regional Park,TRUE,Spring-2019,4294,Spring,2019,4294,17279,Greater Minnesota Regional Parks & Trails,Greater MN,Regional Park,TRUE
Bend in the River Park (GRPC),Greater Minnesota Regional Parks & Trails,Greater MN,Regional Park,TRUE,Spring-2020,5203,Spring,2020,5203,23474,Greater Minnesota Regional Parks & Trails,Greater MN,Regional Park,TRUE
Bend in the River Park (GRPC),Greater Minnesota Regional Parks & Trails,Greater MN,Regional Park,TRUE,Spring-2021,8915,Spring,2021,8915,22383,Greater Minnesota Regional Parks & Trails,Greater MN,Regional Park,TRUE
Bend in the River Park (GRPC),Greater Minnesota Regional Parks & Trails,Greater MN,Regional Park,TRUE,Summer-2018,8342,Summer,2018,8342,28788,Greater Minnesota Regional Parks & Trails,Greater MN,Regional Park,TRUE
Bend in the River Park (GRPC),Greater Minnesota Regional Parks & Trails,Greater MN,Regional Park,TRUE,Summer-2019,5473,Summer,2019,5473,17279,Greater Minnesota Regional Parks & Trails,Greater MN,Regional Park,TRUE
Bend in the River Park (GRPC),Greater Minnesota Regional Parks & Trails,Greater MN,Regional Park,TRUE,Summer-2020,9221,Summer,2020,9221,23474,Greater Minnesota Regional Parks & Trails,Greater MN,Regional Park,TRUE
Bend in the River Park (GRPC),Greater Minnesota Regional Parks & Trails,Greater MN,Regional Park,TRUE,Summer-2021,5489,Summer,2021,5489,22383,Greater Minnesota Regional Parks & Trails,Greater MN,Regional Park,TRUE
Bend in the River Park (GRPC),Greater Minnesota Regional Parks & Trails,Greater MN,Regional Park,TRUE,Winter-2018,4051,Winter,2018,4051,28788,Greater Minnesota Regional Parks & Trails,Greater MN,Regional Park,TRUE
Bend in the River Park (GRPC),Greater Minnesota Regional Parks & Trails,Greater MN,Regional Park,TRUE,Winter-2019,2213,Winter,2019,2213,17279,Greater Minnesota Regional Parks & Trails,Greater MN,Regional Park,TRUE
Bend in the River Park (GRPC),Greater Minnesota Regional Parks & Trails,Greater MN,Regional Park,TRUE,Winter-2020,1776,Winter,2020,1776,23474,Greater Minnesota Regional Parks & Trails,Greater MN,Regional Park,TRUE
Bend in the River Park (GRPC),Greater Minnesota Regional Parks & Trails,Greater MN,Regional Park,TRUE,Winter-2021,3231,Winter,2021,3231,22383,Greater Minnesota Regional Parks & Trails,Greater MN,Regional Park,TRUE
Bend in the River Park (GRPC),Greater Minnesota Regional Parks & Trails,Greater MN,Regional Park,TRUE,Winter-2022,530,Winter,2022,530,530,Greater Minnesota Regional Parks & Trails,Greater MN,Regional Park,TRUE
Bertram Chain of Lakes,Greater Minnesota Regional Parks & Trails,Greater MN,Regional Park,TRUE,Fall-2018,12767,Fall,2018,12767,58689,Greater Minnesota Regional Parks & Trails,Greater MN,Regional Park,TRUE
Bertram Chain of Lakes,Greater Minnesota Regional Parks & Trails,Greater MN,Regional Park,TRUE,Fall-2019,17553,Fall,2019,17553,93514,Greater Minnesota Regional Parks & Trails,Greater MN,Regional Park,TRUE
Bertram Chain of Lakes,Greater Minnesota Regional Parks & Trails,Greater MN,Regional Park,TRUE,Fall-2020,33767,Fall,2020,33767,132617,Greater Minnesota Regional Parks & Trails,Greater MN,Regional Park,TRUE
Bertram Chain of Lakes,Greater Minnesota Regional Parks & Trails,Greater MN,Regional Park,TRUE,Fall-2021,29079,Fall,2021,29079,153910,Greater Minnesota Regional Parks & Trails,Greater MN,Regional Park,TRUE
Bertram Chain of Lakes,Greater Minnesota Regional Parks & Trails,Greater MN,Regional Park,TRUE,Spring-2018,11376,Spring,2018,11376,58689,Greater Minnesota Regional Parks & Trails,Greater MN,Regional Park,TRUE
Bertram Chain of Lakes,Greater Minnesota Regional Parks & Trails,Greater MN,Regional Park,TRUE,Spring-2019,20832,Spring,2019,20832,93514,Greater Minnesota Regional Parks & Trails,Greater MN,Regional Park,TRUE
Bertram Chain of Lakes,Greater Minnesota Regional Parks & Trails,Greater MN,Regional Park,TRUE,Spring-2020,23044,Spring,2020,23044,132617,Greater Minnesota Regional Parks & Trails,Greater MN,Regional Park,TRUE
Bertram Chain of Lakes,Greater Minnesota Regional Parks & Trails,Greater MN,Regional Park,TRUE,Spring-2021,39878,Spring,2021,39878,153910,Greater Minnesota Regional Parks & Trails,Greater MN,Regional Park,TRUE
Bertram Chain of Lakes,Greater Minnesota Regional Parks & Trails,Greater MN,Regional Park,TRUE,Summer-2018,30345,Summer,2018,30345,58689,Greater Minnesota Regional Parks & Trails,Greater MN,Regional Park,TRUE
Bertram Chain of Lakes,Greater Minnesota Regional Parks & Trails,Greater MN,Regional Park,TRUE,Summer-2019,51243,Summer,2019,51243,93514,Greater Minnesota Regional Parks & Trails,Greater MN,Regional Park,TRUE
Bertram Chain of Lakes,Greater Minnesota Regional Parks & Trails,Greater MN,Regional Park,TRUE,Summer-2020,70936,Summer,2020,70936,132617,Greater Minnesota Regional Parks & Trails,Greater MN,Regional Park,TRUE
Bertram Chain of Lakes,Greater Minnesota Regional Parks & Trails,Greater MN,Regional Park,TRUE,Summer-2021,77530,Summer,2021,77530,153910,Greater Minnesota Regional Parks & Trails,Greater MN,Regional Park,TRUE
Bertram Chain of Lakes,Greater Minnesota Regional Parks & Trails,Greater MN,Regional Park,TRUE,Winter-2018,4201,Winter,2018,4201,58689,Greater Minnesota Regional Parks & Trails,Greater MN,Regional Park,TRUE
Bertram Chain of Lakes,Greater Minnesota Regional Parks & Trails,Greater MN,Regional Park,TRUE,Winter-2019,3886,Winter,2019,3886,93514,Greater Minnesota Regional Parks & Trails,Greater MN,Regional Park,TRUE
Bertram Chain of Lakes,Greater Minnesota Regional Parks & Trails,Greater MN,Regional Park,TRUE,Winter-2020,4870,Winter,2020,4870,132617,Greater Minnesota Regional Parks & Trails,Greater MN,Regional Park,TRUE
Bertram Chain of Lakes,Greater Minnesota Regional Parks & Trails,Greater MN,Regional Park,TRUE,Winter-2021,7423,Winter,2021,7423,153910,Greater Minnesota Regional Parks & Trails,Greater MN,Regional Park,TRUE
Bertram Chain of Lakes,Greater Minnesota Regional Parks & Trails,Greater MN,Regional Park,TRUE,Winter-2022,2064,Winter,2022,2064,2064,Greater Minnesota Regional Parks & Trails,Greater MN,Regional Park,TRUE
Big Bog,Department of Natural Resources State Park,DNR,State Recreation Area,TRUE,Fall-2018,5408,Fall,2018,5408,43295,Department of Natural Resources State Park,DNR,State Recreation Area,TRUE
Big Bog,Department of Natural Resources State Park,DNR,State Recreation Area,TRUE,Fall-2019,3837,Fall,2019,3837,42388,Department of Natural Resources State Park,DNR,State Recreation Area,TRUE
Big Bog,Department of Natural Resources State Park,DNR,State Recreation Area,TRUE,Fall-2020,5627,Fall,2020,5627,36751,Department of Natural Resources State Park,DNR,State Recreation Area,TRUE
Big Bog,Department of Natural Resources State Park,DNR,State Recreation Area,TRUE,Fall-2021,4107,Fall,2021,4107,40634,Department of Natural Resources State Park,DNR,State Recreation Area,TRUE
Big Bog,Department of Natural Resources State Park,DNR,State Recreation Area,TRUE,Spring-2018,14793,Spring,2018,14793,43295,Department of Natural Resources State Park,DNR,State Recreation Area,TRUE
Big Bog,Department of Natural Resources State Park,DNR,State Recreation Area,TRUE,Spring-2019,13558,Spring,2019,13558,42388,Department of Natural Resources State Park,DNR,State Recreation Area,TRUE
Big Bog,Department of Natural Resources State Park,DNR,State Recreation Area,TRUE,Spring-2020,5811,Spring,2020,5811,36751,Department of Natural Resources State Park,DNR,State Recreation Area,TRUE
Big Bog,Department of Natural Resources State Park,DNR,State Recreation Area,TRUE,Spring-2021,9703,Spring,2021,9703,40634,Department of Natural Resources State Park,DNR,State Recreation Area,TRUE
Big Bog,Department of Natural Resources State Park,DNR,State Recreation Area,TRUE,Summer-2018,19909,Summer,2018,19909,43295,Department of Natural Resources State Park,DNR,State Recreation Area,TRUE
Big Bog,Department of Natural Resources State Park,DNR,State Recreation Area,TRUE,Summer-2019,23107,Summer,2019,23107,42388,Department of Natural Resources State Park,DNR,State Recreation Area,TRUE
Big Bog,Department of Natural Resources State Park,DNR,State Recreation Area,TRUE,Summer-2020,23668,Summer,2020,23668,36751,Department of Natural Resources State Park,DNR,State Recreation Area,TRUE
Big Bog,Department of Natural Resources State Park,DNR,State Recreation Area,TRUE,Summer-2021,23765,Summer,2021,23765,40634,Department of Natural Resources State Park,DNR,State Recreation Area,TRUE
Big Bog,Department of Natural Resources State Park,DNR,State Recreation Area,TRUE,Winter-2018,3185,Winter,2018,3185,43295,Department of Natural Resources State Park,DNR,State Recreation Area,TRUE
Big Bog,Department of Natural Resources State Park,DNR,State Recreation Area,TRUE,Winter-2019,1886,Winter,2019,1886,42388,Department of Natural Resources State Park,DNR,State Recreation Area,TRUE
Big Bog,Department of Natural Resources State Park,DNR,State Recreation Area,TRUE,Winter-2020,1645,Winter,2020,1645,36751,Department of Natural Resources State Park,DNR,State Recreation Area,TRUE
Big Bog,Department of Natural Resources State Park,DNR,State Recreation Area,TRUE,Winter-2021,3059,Winter,2021,3059,40634,Department of Natural Resources State Park,DNR,State Recreation Area,TRUE
Big Bog,Department of Natural Resources State Park,DNR,State Recreation Area,TRUE,Winter-2022,1136,Winter,2022,1136,1136,Department of Natural Resources State Park,DNR,State Recreation Area,TRUE
Big Elk Lake County park,Greater Minnesota Regional Parks & Trails,Greater MN,Regional Park,TRUE,Fall-2018,4501,Fall,2018,4501,20831,Greater Minnesota Regional Parks & Trails,Greater MN,Regional Park,TRUE
Big Elk Lake County park,Greater Minnesota Regional Parks & Trails,Greater MN,Regional Park,TRUE,Fall-2019,7701,Fall,2019,7701,20829,Greater Minnesota Regional Parks & Trails,Greater MN,Regional Park,TRUE
Big Elk Lake County park,Greater Minnesota Regional Parks & Trails,Greater MN,Regional Park,TRUE,Fall-2020,4329,Fall,2020,4329,20204,Greater Minnesota Regional Parks & Trails,Greater MN,Regional Park,TRUE
Big Elk Lake County park,Greater Minnesota Regional Parks & Trails,Greater MN,Regional Park,TRUE,Fall-2021,6791,Fall,2021,6791,32905,Greater Minnesota Regional Parks & Trails,Greater MN,Regional Park,TRUE
Big Elk Lake County park,Greater Minnesota Regional Parks & Trails,Greater MN,Regional Park,TRUE,Spring-2018,5316,Spring,2018,5316,20831,Greater Minnesota Regional Parks & Trails,Greater MN,Regional Park,TRUE
Big Elk Lake County park,Greater Minnesota Regional Parks & Trails,Greater MN,Regional Park,TRUE,Spring-2019,3425,Spring,2019,3425,20829,Greater Minnesota Regional Parks & Trails,Greater MN,Regional Park,TRUE
Big Elk Lake County park,Greater Minnesota Regional Parks & Trails,Greater MN,Regional Park,TRUE,Spring-2020,3931,Spring,2020,3931,20204,Greater Minnesota Regional Parks & Trails,Greater MN,Regional Park,TRUE
Big Elk Lake County park,Greater Minnesota Regional Parks & Trails,Greater MN,Regional Park,TRUE,Spring-2021,9946,Spring,2021,9946,32905,Greater Minnesota Regional Parks & Trails,Greater MN,Regional Park,TRUE
Big Elk Lake County park,Greater Minnesota Regional Parks & Trails,Greater MN,Regional Park,TRUE,Summer-2018,5724,Summer,2018,5724,20831,Greater Minnesota Regional Parks & Trails,Greater MN,Regional Park,TRUE
Big Elk Lake County park,Greater Minnesota Regional Parks & Trails,Greater MN,Regional Park,TRUE,Summer-2019,6112,Summer,2019,6112,20829,Greater Minnesota Regional Parks & Trails,Greater MN,Regional Park,TRUE
Big Elk Lake County park,Greater Minnesota Regional Parks & Trails,Greater MN,Regional Park,TRUE,Summer-2020,6110,Summer,2020,6110,20204,Greater Minnesota Regional Parks & Trails,Greater MN,Regional Park,TRUE
Big Elk Lake County park,Greater Minnesota Regional Parks & Trails,Greater MN,Regional Park,TRUE,Summer-2021,8617,Summer,2021,8617,32905,Greater Minnesota Regional Parks & Trails,Greater MN,Regional Park,TRUE
Big Elk Lake County park,Greater Minnesota Regional Parks & Trails,Greater MN,Regional Park,TRUE,Winter-2018,5290,Winter,2018,5290,20831,Greater Minnesota Regional Parks & Trails,Greater MN,Regional Park,TRUE
Big Elk Lake County park,Greater Minnesota Regional Parks & Trails,Greater MN,Regional Park,TRUE,Winter-2019,3591,Winter,2019,3591,20829,Greater Minnesota Regional Parks & Trails,Greater MN,Regional Park,TRUE
Big Elk Lake County park,Greater Minnesota Regional Parks & Trails,Greater MN,Regional Park,TRUE,Winter-2020,5834,Winter,2020,5834,20204,Greater Minnesota Regional Parks & Trails,Greater MN,Regional Park,TRUE
Big Elk Lake County park,Greater Minnesota Regional Parks & Trails,Greater MN,Regional Park,TRUE,Winter-2021,7551,Winter,2021,7551,32905,Greater Minnesota Regional Parks & Trails,Greater MN,Regional Park,TRUE
Big Elk Lake County park,Greater Minnesota Regional Parks & Trails,Greater MN,Regional Park,TRUE,Winter-2022,1714,Winter,2022,1714,1714,Greater Minnesota Regional Parks & Trails,Greater MN,Regional Park,TRUE
Big Falls Campground and Horse Camp,Greater Minnesota Regional Parks & Trails,Greater MN,Regional Park,TRUE,Fall-2018,3854,Fall,2018,3854,18555,Greater Minnesota Regional Parks & Trails,Greater MN,Regional Park,TRUE
Big Falls Campground and Horse Camp,Greater Minnesota Regional Parks & Trails,Greater MN,Regional Park,TRUE,Fall-2019,2687,Fall,2019,2687,14850,Greater Minnesota Regional Parks & Trails,Greater MN,Regional Park,TRUE
Big Falls Campground and Horse Camp,Greater Minnesota Regional Parks & Trails,Greater MN,Regional Park,TRUE,Fall-2020,3498,Fall,2020,3498,16974,Greater Minnesota Regional Parks & Trails,Greater MN,Regional Park,TRUE
Big Falls Campground and Horse Camp,Greater Minnesota Regional Parks & Trails,Greater MN,Regional Park,TRUE,Fall-2021,3990,Fall,2021,3990,22820,Greater Minnesota Regional Parks & Trails,Greater MN,Regional Park,TRUE
Big Falls Campground and Horse Camp,Greater Minnesota Regional Parks & Trails,Greater MN,Regional Park,TRUE,Spring-2018,3958,Spring,2018,3958,18555,Greater Minnesota Regional Parks & Trails,Greater MN,Regional Park,TRUE
Big Falls Campground and Horse Camp,Greater Minnesota Regional Parks & Trails,Greater MN,Regional Park,TRUE,Spring-2019,2931,Spring,2019,2931,14850,Greater Minnesota Regional Parks & Trails,Greater MN,Regional Park,TRUE
Big Falls Campground and Horse Camp,Greater Minnesota Regional Parks & Trails,Greater MN,Regional Park,TRUE,Spring-2020,3419,Spring,2020,3419,16974,Greater Minnesota Regional Parks & Trails,Greater MN,Regional Park,TRUE
Big Falls Campground and Horse Camp,Greater Minnesota Regional Parks & Trails,Greater MN,Regional Park,TRUE,Spring-2021,5440,Spring,2021,5440,22820,Greater Minnesota Regional Parks & Trails,Greater MN,Regional Park,TRUE
Big Falls Campground and Horse Camp,Greater Minnesota Regional Parks & Trails,Greater MN,Regional Park,TRUE,Summer-2018,8430,Summer,2018,8430,18555,Greater Minnesota Regional Parks & Trails,Greater MN,Regional Park,TRUE
Big Falls Campground and Horse Camp,Greater Minnesota Regional Parks & Trails,Greater MN,Regional Park,TRUE,Summer-2019,8382,Summer,2019,8382,14850,Greater Minnesota Regional Parks & Trails,Greater MN,Regional Park,TRUE
Big Falls Campground and Horse Camp,Greater Minnesota Regional Parks & Trails,Greater MN,Regional Park,TRUE,Summer-2020,9444,Summer,2020,9444,16974,Greater Minnesota Regional Parks & Trails,Greater MN,Regional Park,TRUE
Big Falls Campground and Horse Camp,Greater Minnesota Regional Parks & Trails,Greater MN,Regional Park,TRUE,Summer-2021,11212,Summer,2021,11212,22820,Greater Minnesota Regional Parks & Trails,Greater MN,Regional Park,TRUE
Big Falls Campground and Horse Camp,Greater Minnesota Regional Parks & Trails,Greater MN,Regional Park,TRUE,Winter-2018,2313,Winter,2018,2313,18555,Greater Minnesota Regional Parks & Trails,Greater MN,Regional Park,TRUE
Big Falls Campground and Horse Camp,Greater Minnesota Regional Parks & Trails,Greater MN,Regional Park,TRUE,Winter-2019,850,Winter,2019,850,14850,Greater Minnesota Regional Parks & Trails,Greater MN,Regional Park,TRUE
Big Falls Campground and Horse Camp,Greater Minnesota Regional Parks & Trails,Greater MN,Regional Park,TRUE,Winter-2020,613,Winter,2020,613,16974,Greater Minnesota Regional Parks & Trails,Greater MN,Regional Park,TRUE
Big Falls Campground and Horse Camp,Greater Minnesota Regional Parks & Trails,Greater MN,Regional Park,TRUE,Winter-2021,2178,Winter,2021,2178,22820,Greater Minnesota Regional Parks & Trails,Greater MN,Regional Park,TRUE
Big Falls Campground and Horse Camp,Greater Minnesota Regional Parks & Trails,Greater MN,Regional Park,TRUE,Winter-2022,203,Winter,2022,203,203,Greater Minnesota Regional Parks & Trails,Greater MN,Regional Park,TRUE
Big Marine,Metropolitan Regional Park System,Washington County Parks,Regional Park,TRUE,Fall-2018,4422,Fall,2018,4422,36739,Metropolitan Regional Park System,Washington County Parks,Regional Park,TRUE
Big Marine,Metropolitan Regional Park System,Washington County Parks,Regional Park,TRUE,Fall-2019,3532,Fall,2019,3532,40577,Metropolitan Regional Park System,Washington County Parks,Regional Park,TRUE
Big Marine,Metropolitan Regional Park System,Washington County Parks,Regional Park,TRUE,Fall-2020,5127,Fall,2020,5127,53147,Metropolitan Regional Park System,Washington County Parks,Regional Park,TRUE
Big Marine,Metropolitan Regional Park System,Washington County Parks,Regional Park,TRUE,Fall-2021,4138,Fall,2021,4138,40820,Metropolitan Regional Park System,Washington County Parks,Regional Park,TRUE
Big Marine,Metropolitan Regional Park System,Washington County Parks,Regional Park,TRUE,Spring-2018,6889,Spring,2018,6889,36739,Metropolitan Regional Park System,Washington County Parks,Regional Park,TRUE
Big Marine,Metropolitan Regional Park System,Washington County Parks,Regional Park,TRUE,Spring-2019,5804,Spring,2019,5804,40577,Metropolitan Regional Park System,Washington County Parks,Regional Park,TRUE
Big Marine,Metropolitan Regional Park System,Washington County Parks,Regional Park,TRUE,Spring-2020,7601,Spring,2020,7601,53147,Metropolitan Regional Park System,Washington County Parks,Regional Park,TRUE
Big Marine,Metropolitan Regional Park System,Washington County Parks,Regional Park,TRUE,Spring-2021,8509,Spring,2021,8509,40820,Metropolitan Regional Park System,Washington County Parks,Regional Park,TRUE
Big Marine,Metropolitan Regional Park System,Washington County Parks,Regional Park,TRUE,Summer-2018,24227,Summer,2018,24227,36739,Metropolitan Regional Park System,Washington County Parks,Regional Park,TRUE
Big Marine,Metropolitan Regional Park System,Washington County Parks,Regional Park,TRUE,Summer-2019,30694,Summer,2019,30694,40577,Metropolitan Regional Park System,Washington County Parks,Regional Park,TRUE
Big Marine,Metropolitan Regional Park System,Washington County Parks,Regional Park,TRUE,Summer-2020,38623,Summer,2020,38623,53147,Metropolitan Regional Park System,Washington County Parks,Regional Park,TRUE
Big Marine,Metropolitan Regional Park System,Washington County Parks,Regional Park,TRUE,Summer-2021,27025,Summer,2021,27025,40820,Metropolitan Regional Park System,Washington County Parks,Regional Park,TRUE
Big Marine,Metropolitan Regional Park System,Washington County Parks,Regional Park,TRUE,Winter-2018,1201,Winter,2018,1201,36739,Metropolitan Regional Park System,Washington County Parks,Regional Park,TRUE
Big Marine,Metropolitan Regional Park System,Washington County Parks,Regional Park,TRUE,Winter-2019,547,Winter,2019,547,40577,Metropolitan Regional Park System,Washington County Parks,Regional Park,TRUE
Big Marine,Metropolitan Regional Park System,Washington County Parks,Regional Park,TRUE,Winter-2020,1796,Winter,2020,1796,53147,Metropolitan Regional Park System,Washington County Parks,Regional Park,TRUE
Big Marine,Metropolitan Regional Park System,Washington County Parks,Regional Park,TRUE,Winter-2021,1148,Winter,2021,1148,40820,Metropolitan Regional Park System,Washington County Parks,Regional Park,TRUE
Big Marine,Metropolitan Regional Park System,Washington County Parks,Regional Park,TRUE,Winter-2022,195,Winter,2022,195,195,Metropolitan Regional Park System,Washington County Parks,Regional Park,TRUE
Big Stone Lake,Department of Natural Resources State Park,DNR,State Park,TRUE,Fall-2018,4568,Fall,2018,4568,22754,Department of Natural Resources State Park,DNR,State Park,TRUE
Big Stone Lake,Department of Natural Resources State Park,DNR,State Park,TRUE,Fall-2019,4527,Fall,2019,4527,22463,Department of Natural Resources State Park,DNR,State Park,TRUE
Big Stone Lake,Department of Natural Resources State Park,DNR,State Park,TRUE,Fall-2020,4496,Fall,2020,4496,22308,Department of Natural Resources State Park,DNR,State Park,TRUE
Big Stone Lake,Department of Natural Resources State Park,DNR,State Park,TRUE,Fall-2021,7904,Fall,2021,7904,25840,Department of Natural Resources State Park,DNR,State Park,TRUE
Big Stone Lake,Department of Natural Resources State Park,DNR,State Park,TRUE,Spring-2018,5078,Spring,2018,5078,22754,Department of Natural Resources State Park,DNR,State Park,TRUE
Big Stone Lake,Department of Natural Resources State Park,DNR,State Park,TRUE,Spring-2019,3622,Spring,2019,3622,22463,Department of Natural Resources State Park,DNR,State Park,TRUE
Big Stone Lake,Department of Natural Resources State Park,DNR,State Park,TRUE,Spring-2020,3423,Spring,2020,3423,22308,Department of Natural Resources State Park,DNR,State Park,TRUE
Big Stone Lake,Department of Natural Resources State Park,DNR,State Park,TRUE,Spring-2021,6127,Spring,2021,6127,25840,Department of Natural Resources State Park,DNR,State Park,TRUE
Big Stone Lake,Department of Natural Resources State Park,DNR,State Park,TRUE,Summer-2018,11063,Summer,2018,11063,22754,Department of Natural Resources State Park,DNR,State Park,TRUE
Big Stone Lake,Department of Natural Resources State Park,DNR,State Park,TRUE,Summer-2019,12728,Summer,2019,12728,22463,Department of Natural Resources State Park,DNR,State Park,TRUE
Big Stone Lake,Department of Natural Resources State Park,DNR,State Park,TRUE,Summer-2020,12418,Summer,2020,12418,22308,Department of Natural Resources State Park,DNR,State Park,TRUE
Big Stone Lake,Department of Natural Resources State Park,DNR,State Park,TRUE,Summer-2021,10523,Summer,2021,10523,25840,Department of Natural Resources State Park,DNR,State Park,TRUE
Big Stone Lake,Department of Natural Resources State Park,DNR,State Park,TRUE,Winter-2018,2045,Winter,2018,2045,22754,Department of Natural Resources State Park,DNR,State Park,TRUE
Big Stone Lake,Department of Natural Resources State Park,DNR,State Park,TRUE,Winter-2019,1586,Winter,2019,1586,22463,Department of Natural Resources State Park,DNR,State Park,TRUE
Big Stone Lake,Department of Natural Resources State Park,DNR,State Park,TRUE,Winter-2020,1971,Winter,2020,1971,22308,Department of Natural Resources State Park,DNR,State Park,TRUE
Big Stone Lake,Department of Natural Resources State Park,DNR,State Park,TRUE,Winter-2021,1286,Winter,2021,1286,25840,Department of Natural Resources State Park,DNR,State Park,TRUE
Big Stone Lake,Department of Natural Resources State Park,DNR,State Park,TRUE,Winter-2022,1035,Winter,2022,1035,1035,Department of Natural Resources State Park,DNR,State Park,TRUE
Blue Mounds,Department of Natural Resources State Park,DNR,State Park,TRUE,Fall-2018,9719,Fall,2018,9719,46267,Department of Natural Resources State Park,DNR,State Park,TRUE
Blue Mounds,Department of Natural Resources State Park,DNR,State Park,TRUE,Fall-2019,7136,Fall,2019,7136,43606,Department of Natural Resources State Park,DNR,State Park,TRUE
Blue Mounds,Department of Natural Resources State Park,DNR,State Park,TRUE,Fall-2020,11087,Fall,2020,11087,52101,Department of Natural Resources State Park,DNR,State Park,TRUE
Blue Mounds,Department of Natural Resources State Park,DNR,State Park,TRUE,Fall-2021,6651,Fall,2021,6651,38258,Department of Natural Resources State Park,DNR,State Park,TRUE
Blue Mounds,Department of Natural Resources State Park,DNR,State Park,TRUE,Spring-2018,6418,Spring,2018,6418,46267,Department of Natural Resources State Park,DNR,State Park,TRUE
Blue Mounds,Department of Natural Resources State Park,DNR,State Park,TRUE,Spring-2019,7323,Spring,2019,7323,43606,Department of Natural Resources State Park,DNR,State Park,TRUE
Blue Mounds,Department of Natural Resources State Park,DNR,State Park,TRUE,Spring-2020,10885,Spring,2020,10885,52101,Department of Natural Resources State Park,DNR,State Park,TRUE
Blue Mounds,Department of Natural Resources State Park,DNR,State Park,TRUE,Spring-2021,10150,Spring,2021,10150,38258,Department of Natural Resources State Park,DNR,State Park,TRUE
Blue Mounds,Department of Natural Resources State Park,DNR,State Park,TRUE,Summer-2018,28314,Summer,2018,28314,46267,Department of Natural Resources State Park,DNR,State Park,TRUE
Blue Mounds,Department of Natural Resources State Park,DNR,State Park,TRUE,Summer-2019,26070,Summer,2019,26070,43606,Department of Natural Resources State Park,DNR,State Park,TRUE
Blue Mounds,Department of Natural Resources State Park,DNR,State Park,TRUE,Summer-2020,28686,Summer,2020,28686,52101,Department of Natural Resources State Park,DNR,State Park,TRUE
Blue Mounds,Department of Natural Resources State Park,DNR,State Park,TRUE,Summer-2021,19272,Summer,2021,19272,38258,Department of Natural Resources State Park,DNR,State Park,TRUE
Blue Mounds,Department of Natural Resources State Park,DNR,State Park,TRUE,Winter-2018,1816,Winter,2018,1816,46267,Department of Natural Resources State Park,DNR,State Park,TRUE
Blue Mounds,Department of Natural Resources State Park,DNR,State Park,TRUE,Winter-2019,3077,Winter,2019,3077,43606,Department of Natural Resources State Park,DNR,State Park,TRUE
Blue Mounds,Department of Natural Resources State Park,DNR,State Park,TRUE,Winter-2020,1443,Winter,2020,1443,52101,Department of Natural Resources State Park,DNR,State Park,TRUE
Blue Mounds,Department of Natural Resources State Park,DNR,State Park,TRUE,Winter-2021,2185,Winter,2021,2185,38258,Department of Natural Resources State Park,DNR,State Park,TRUE
Blue Mounds,Department of Natural Resources State Park,DNR,State Park,TRUE,Winter-2022,384,Winter,2022,384,384,Department of Natural Resources State Park,DNR,State Park,TRUE
Bluffs Traverse,Greater Minnesota Regional Parks & Trails,Greater MN,Regional Park,TRUE,Fall-2018,58255,Fall,2018,58255,214015,Greater Minnesota Regional Parks & Trails,Greater MN,Regional Park,TRUE
Bluffs Traverse,Greater Minnesota Regional Parks & Trails,Greater MN,Regional Park,TRUE,Fall-2019,87354,Fall,2019,87354,320118,Greater Minnesota Regional Parks & Trails,Greater MN,Regional Park,TRUE
Bluffs Traverse,Greater Minnesota Regional Parks & Trails,Greater MN,Regional Park,TRUE,Fall-2020,83673,Fall,2020,83673,279208,Greater Minnesota Regional Parks & Trails,Greater MN,Regional Park,TRUE
Bluffs Traverse,Greater Minnesota Regional Parks & Trails,Greater MN,Regional Park,TRUE,Fall-2021,59784,Fall,2021,59784,247531,Greater Minnesota Regional Parks & Trails,Greater MN,Regional Park,TRUE
Bluffs Traverse,Greater Minnesota Regional Parks & Trails,Greater MN,Regional Park,TRUE,Spring-2018,50201,Spring,2018,50201,214015,Greater Minnesota Regional Parks & Trails,Greater MN,Regional Park,TRUE
Bluffs Traverse,Greater Minnesota Regional Parks & Trails,Greater MN,Regional Park,TRUE,Spring-2019,77564,Spring,2019,77564,320118,Greater Minnesota Regional Parks & Trails,Greater MN,Regional Park,TRUE
Bluffs Traverse,Greater Minnesota Regional Parks & Trails,Greater MN,Regional Park,TRUE,Spring-2020,46188,Spring,2020,46188,279208,Greater Minnesota Regional Parks & Trails,Greater MN,Regional Park,TRUE
Bluffs Traverse,Greater Minnesota Regional Parks & Trails,Greater MN,Regional Park,TRUE,Spring-2021,79491,Spring,2021,79491,247531,Greater Minnesota Regional Parks & Trails,Greater MN,Regional Park,TRUE
Bluffs Traverse,Greater Minnesota Regional Parks & Trails,Greater MN,Regional Park,TRUE,Summer-2018,62199,Summer,2018,62199,214015,Greater Minnesota Regional Parks & Trails,Greater MN,Regional Park,TRUE
Bluffs Traverse,Greater Minnesota Regional Parks & Trails,Greater MN,Regional Park,TRUE,Summer-2019,87603,Summer,2019,87603,320118,Greater Minnesota Regional Parks & Trails,Greater MN,Regional Park,TRUE
Bluffs Traverse,Greater Minnesota Regional Parks & Trails,Greater MN,Regional Park,TRUE,Summer-2020,85901,Summer,2020,85901,279208,Greater Minnesota Regional Parks & Trails,Greater MN,Regional Park,TRUE
Bluffs Traverse,Greater Minnesota Regional Parks & Trails,Greater MN,Regional Park,TRUE,Summer-2021,62405,Summer,2021,62405,247531,Greater Minnesota Regional Parks & Trails,Greater MN,Regional Park,TRUE
Bluffs Traverse,Greater Minnesota Regional Parks & Trails,Greater MN,Regional Park,TRUE,Winter-2018,43360,Winter,2018,43360,214015,Greater Minnesota Regional Parks & Trails,Greater MN,Regional Park,TRUE
Bluffs Traverse,Greater Minnesota Regional Parks & Trails,Greater MN,Regional Park,TRUE,Winter-2019,67597,Winter,2019,67597,320118,Greater Minnesota Regional Parks & Trails,Greater MN,Regional Park,TRUE
Bluffs Traverse,Greater Minnesota Regional Parks & Trails,Greater MN,Regional Park,TRUE,Winter-2020,63446,Winter,2020,63446,279208,Greater Minnesota Regional Parks & Trails,Greater MN,Regional Park,TRUE
Bluffs Traverse,Greater Minnesota Regional Parks & Trails,Greater MN,Regional Park,TRUE,Winter-2021,45851,Winter,2021,45851,247531,Greater Minnesota Regional Parks & Trails,Greater MN,Regional Park,TRUE
Bluffs Traverse,Greater Minnesota Regional Parks & Trails,Greater MN,Regional Park,TRUE,Winter-2022,9852,Winter,2022,9852,9852,Greater Minnesota Regional Parks & Trails,Greater MN,Regional Park,TRUE
Bryant Lake,Metropolitan Regional Park System,Three Rivers Park District,Regional Park,TRUE,Fall-2018,19021,Fall,2018,19021,112243,Metropolitan Regional Park System,Three Rivers Park District,Regional Park,TRUE
Bryant Lake,Metropolitan Regional Park System,Three Rivers Park District,Regional Park,TRUE,Fall-2019,18114,Fall,2019,18114,108137,Metropolitan Regional Park System,Three Rivers Park District,Regional Park,TRUE
Bryant Lake,Metropolitan Regional Park System,Three Rivers Park District,Regional Park,TRUE,Fall-2020,28890,Fall,2020,28890,129527,Metropolitan Regional Park System,Three Rivers Park District,Regional Park,TRUE
Bryant Lake,Metropolitan Regional Park System,Three Rivers Park District,Regional Park,TRUE,Fall-2021,27280,Fall,2021,27280,148899,Metropolitan Regional Park System,Three Rivers Park District,Regional Park,TRUE
Bryant Lake,Metropolitan Regional Park System,Three Rivers Park District,Regional Park,TRUE,Spring-2018,21135,Spring,2018,21135,112243,Metropolitan Regional Park System,Three Rivers Park District,Regional Park,TRUE
Bryant Lake,Metropolitan Regional Park System,Three Rivers Park District,Regional Park,TRUE,Spring-2019,20100,Spring,2019,20100,108137,Metropolitan Regional Park System,Three Rivers Park District,Regional Park,TRUE
Bryant Lake,Metropolitan Regional Park System,Three Rivers Park District,Regional Park,TRUE,Spring-2020,21196,Spring,2020,21196,129527,Metropolitan Regional Park System,Three Rivers Park District,Regional Park,TRUE
Bryant Lake,Metropolitan Regional Park System,Three Rivers Park District,Regional Park,TRUE,Spring-2021,34290,Spring,2021,34290,148899,Metropolitan Regional Park System,Three Rivers Park District,Regional Park,TRUE
Bryant Lake,Metropolitan Regional Park System,Three Rivers Park District,Regional Park,TRUE,Summer-2018,63306,Summer,2018,63306,112243,Metropolitan Regional Park System,Three Rivers Park District,Regional Park,TRUE
Bryant Lake,Metropolitan Regional Park System,Three Rivers Park District,Regional Park,TRUE,Summer-2019,60889,Summer,2019,60889,108137,Metropolitan Regional Park System,Three Rivers Park District,Regional Park,TRUE
Bryant Lake,Metropolitan Regional Park System,Three Rivers Park District,Regional Park,TRUE,Summer-2020,66890,Summer,2020,66890,129527,Metropolitan Regional Park System,Three Rivers Park District,Regional Park,TRUE
Bryant Lake,Metropolitan Regional Park System,Three Rivers Park District,Regional Park,TRUE,Summer-2021,68162,Summer,2021,68162,148899,Metropolitan Regional Park System,Three Rivers Park District,Regional Park,TRUE
Bryant Lake,Metropolitan Regional Park System,Three Rivers Park District,Regional Park,TRUE,Winter-2018,8781,Winter,2018,8781,112243,Metropolitan Regional Park System,Three Rivers Park District,Regional Park,TRUE
Bryant Lake,Metropolitan Regional Park System,Three Rivers Park District,Regional Park,TRUE,Winter-2019,9034,Winter,2019,9034,108137,Metropolitan Regional Park System,Three Rivers Park District,Regional Park,TRUE
Bryant Lake,Metropolitan Regional Park System,Three Rivers Park District,Regional Park,TRUE,Winter-2020,12551,Winter,2020,12551,129527,Metropolitan Regional Park System,Three Rivers Park District,Regional Park,TRUE
Bryant Lake,Metropolitan Regional Park System,Three Rivers Park District,Regional Park,TRUE,Winter-2021,19167,Winter,2021,19167,148899,Metropolitan Regional Park System,Three Rivers Park District,Regional Park,TRUE
Bryant Lake,Metropolitan Regional Park System,Three Rivers Park District,Regional Park,TRUE,Winter-2022,4262,Winter,2022,4262,4262,Metropolitan Regional Park System,Three Rivers Park District,Regional Park,TRUE
Buffalo River,Department of Natural Resources State Park,DNR,State Park,TRUE,Fall-2018,5213,Fall,2018,5213,48009,Department of Natural Resources State Park,DNR,State Park,TRUE
Buffalo River,Department of Natural Resources State Park,DNR,State Park,TRUE,Fall-2019,5038,Fall,2019,5038,25294,Department of Natural Resources State Park,DNR,State Park,TRUE
Buffalo River,Department of Natural Resources State Park,DNR,State Park,TRUE,Fall-2020,9346,Fall,2020,9346,32177,Department of Natural Resources State Park,DNR,State Park,TRUE
Buffalo River,Department of Natural Resources State Park,DNR,State Park,TRUE,Fall-2021,8506,Fall,2021,8506,30320,Department of Natural Resources State Park,DNR,State Park,TRUE
Buffalo River,Department of Natural Resources State Park,DNR,State Park,TRUE,Spring-2018,8876,Spring,2018,8876,48009,Department of Natural Resources State Park,DNR,State Park,TRUE
Buffalo River,Department of Natural Resources State Park,DNR,State Park,TRUE,Spring-2019,4750,Spring,2019,4750,25294,Department of Natural Resources State Park,DNR,State Park,TRUE
Buffalo River,Department of Natural Resources State Park,DNR,State Park,TRUE,Spring-2020,8254,Spring,2020,8254,32177,Department of Natural Resources State Park,DNR,State Park,TRUE
Buffalo River,Department of Natural Resources State Park,DNR,State Park,TRUE,Spring-2021,7113,Spring,2021,7113,30320,Department of Natural Resources State Park,DNR,State Park,TRUE
Buffalo River,Department of Natural Resources State Park,DNR,State Park,TRUE,Summer-2018,32208,Summer,2018,32208,48009,Department of Natural Resources State Park,DNR,State Park,TRUE
Buffalo River,Department of Natural Resources State Park,DNR,State Park,TRUE,Summer-2019,14109,Summer,2019,14109,25294,Department of Natural Resources State Park,DNR,State Park,TRUE
Buffalo River,Department of Natural Resources State Park,DNR,State Park,TRUE,Summer-2020,13890,Summer,2020,13890,32177,Department of Natural Resources State Park,DNR,State Park,TRUE
Buffalo River,Department of Natural Resources State Park,DNR,State Park,TRUE,Summer-2021,12086,Summer,2021,12086,30320,Department of Natural Resources State Park,DNR,State Park,TRUE
Buffalo River,Department of Natural Resources State Park,DNR,State Park,TRUE,Winter-2018,1712,Winter,2018,1712,48009,Department of Natural Resources State Park,DNR,State Park,TRUE
Buffalo River,Department of Natural Resources State Park,DNR,State Park,TRUE,Winter-2019,1397,Winter,2019,1397,25294,Department of Natural Resources State Park,DNR,State Park,TRUE
Buffalo River,Department of Natural Resources State Park,DNR,State Park,TRUE,Winter-2020,687,Winter,2020,687,32177,Department of Natural Resources State Park,DNR,State Park,TRUE
Buffalo River,Department of Natural Resources State Park,DNR,State Park,TRUE,Winter-2021,2615,Winter,2021,2615,30320,Department of Natural Resources State Park,DNR,State Park,TRUE
Buffalo River,Department of Natural Resources State Park,DNR,State Park,TRUE,Winter-2022,125,Winter,2022,125,125,Department of Natural Resources State Park,DNR,State Park,TRUE
Bunker Hills,Metropolitan Regional Park System,Anoka County Parks and Recreation,Regional Park,TRUE,Fall-2018,71319,Fall,2018,71319,325387,Metropolitan Regional Park System,Anoka County Parks and Recreation,Regional Park,TRUE
Bunker Hills,Metropolitan Regional Park System,Anoka County Parks and Recreation,Regional Park,TRUE,Fall-2019,104525,Fall,2019,104525,507210,Metropolitan Regional Park System,Anoka County Parks and Recreation,Regional Park,TRUE
Bunker Hills,Metropolitan Regional Park System,Anoka County Parks and Recreation,Regional Park,TRUE,Fall-2020,104173,Fall,2020,104173,455891,Metropolitan Regional Park System,Anoka County Parks and Recreation,Regional Park,TRUE
Bunker Hills,Metropolitan Regional Park System,Anoka County Parks and Recreation,Regional Park,TRUE,Fall-2021,138656,Fall,2021,138656,656504,Metropolitan Regional Park System,Anoka County Parks and Recreation,Regional Park,TRUE
Bunker Hills,Metropolitan Regional Park System,Anoka County Parks and Recreation,Regional Park,TRUE,Spring-2018,59034,Spring,2018,59034,325387,Metropolitan Regional Park System,Anoka County Parks and Recreation,Regional Park,TRUE
Bunker Hills,Metropolitan Regional Park System,Anoka County Parks and Recreation,Regional Park,TRUE,Spring-2019,119585,Spring,2019,119585,507210,Metropolitan Regional Park System,Anoka County Parks and Recreation,Regional Park,TRUE
Bunker Hills,Metropolitan Regional Park System,Anoka County Parks and Recreation,Regional Park,TRUE,Spring-2020,121967,Spring,2020,121967,455891,Metropolitan Regional Park System,Anoka County Parks and Recreation,Regional Park,TRUE
Bunker Hills,Metropolitan Regional Park System,Anoka County Parks and Recreation,Regional Park,TRUE,Spring-2021,169644,Spring,2021,169644,656504,Metropolitan Regional Park System,Anoka County Parks and Recreation,Regional Park,TRUE
Bunker Hills,Metropolitan Regional Park System,Anoka County Parks and Recreation,Regional Park,TRUE,Summer-2018,163168,Summer,2018,163168,325387,Metropolitan Regional Park System,Anoka County Parks and Recreation,Regional Park,TRUE
Bunker Hills,Metropolitan Regional Park System,Anoka County Parks and Recreation,Regional Park,TRUE,Summer-2019,232901,Summer,2019,232901,507210,Metropolitan Regional Park System,Anoka County Parks and Recreation,Regional Park,TRUE
Bunker Hills,Metropolitan Regional Park System,Anoka County Parks and Recreation,Regional Park,TRUE,Summer-2020,166456,Summer,2020,166456,455891,Metropolitan Regional Park System,Anoka County Parks and Recreation,Regional Park,TRUE
Bunker Hills,Metropolitan Regional Park System,Anoka County Parks and Recreation,Regional Park,TRUE,Summer-2021,278661,Summer,2021,278661,656504,Metropolitan Regional Park System,Anoka County Parks and Recreation,Regional Park,TRUE
Bunker Hills,Metropolitan Regional Park System,Anoka County Parks and Recreation,Regional Park,TRUE,Winter-2018,31866,Winter,2018,31866,325387,Metropolitan Regional Park System,Anoka County Parks and Recreation,Regional Park,TRUE
Bunker Hills,Metropolitan Regional Park System,Anoka County Parks and Recreation,Regional Park,TRUE,Winter-2019,50199,Winter,2019,50199,507210,Metropolitan Regional Park System,Anoka County Parks and Recreation,Regional Park,TRUE
Bunker Hills,Metropolitan Regional Park System,Anoka County Parks and Recreation,Regional Park,TRUE,Winter-2020,63295,Winter,2020,63295,455891,Metropolitan Regional Park System,Anoka County Parks and Recreation,Regional Park,TRUE
Bunker Hills,Metropolitan Regional Park System,Anoka County Parks and Recreation,Regional Park,TRUE,Winter-2021,69543,Winter,2021,69543,656504,Metropolitan Regional Park System,Anoka County Parks and Recreation,Regional Park,TRUE
Bunker Hills,Metropolitan Regional Park System,Anoka County Parks and Recreation,Regional Park,TRUE,Winter-2022,25319,Winter,2022,25319,25319,Metropolitan Regional Park System,Anoka County Parks and Recreation,Regional Park,TRUE
Camden,Department of Natural Resources State Park,DNR,State Park,TRUE,Fall-2018,7889,Fall,2018,7889,37896,Department of Natural Resources State Park,DNR,State Park,TRUE
Camden,Department of Natural Resources State Park,DNR,State Park,TRUE,Fall-2019,10219,Fall,2019,10219,39014,Department of Natural Resources State Park,DNR,State Park,TRUE
Camden,Department of Natural Resources State Park,DNR,State Park,TRUE,Fall-2020,10998,Fall,2020,10998,44488,Department of Natural Resources State Park,DNR,State Park,TRUE
Camden,Department of Natural Resources State Park,DNR,State Park,TRUE,Fall-2021,7502,Fall,2021,7502,33708,Department of Natural Resources State Park,DNR,State Park,TRUE
Camden,Department of Natural Resources State Park,DNR,State Park,TRUE,Spring-2018,5632,Spring,2018,5632,37896,Department of Natural Resources State Park,DNR,State Park,TRUE
Camden,Department of Natural Resources State Park,DNR,State Park,TRUE,Spring-2019,5608,Spring,2019,5608,39014,Department of Natural Resources State Park,DNR,State Park,TRUE
Camden,Department of Natural Resources State Park,DNR,State Park,TRUE,Spring-2020,8691,Spring,2020,8691,44488,Department of Natural Resources State Park,DNR,State Park,TRUE
Camden,Department of Natural Resources State Park,DNR,State Park,TRUE,Spring-2021,7105,Spring,2021,7105,33708,Department of Natural Resources State Park,DNR,State Park,TRUE
Camden,Department of Natural Resources State Park,DNR,State Park,TRUE,Summer-2018,21394,Summer,2018,21394,37896,Department of Natural Resources State Park,DNR,State Park,TRUE
Camden,Department of Natural Resources State Park,DNR,State Park,TRUE,Summer-2019,22588,Summer,2019,22588,39014,Department of Natural Resources State Park,DNR,State Park,TRUE
Camden,Department of Natural Resources State Park,DNR,State Park,TRUE,Summer-2020,23627,Summer,2020,23627,44488,Department of Natural Resources State Park,DNR,State Park,TRUE
Camden,Department of Natural Resources State Park,DNR,State Park,TRUE,Summer-2021,17753,Summer,2021,17753,33708,Department of Natural Resources State Park,DNR,State Park,TRUE
Camden,Department of Natural Resources State Park,DNR,State Park,TRUE,Winter-2018,2981,Winter,2018,2981,37896,Department of Natural Resources State Park,DNR,State Park,TRUE
Camden,Department of Natural Resources State Park,DNR,State Park,TRUE,Winter-2019,599,Winter,2019,599,39014,Department of Natural Resources State Park,DNR,State Park,TRUE
Camden,Department of Natural Resources State Park,DNR,State Park,TRUE,Winter-2020,1172,Winter,2020,1172,44488,Department of Natural Resources State Park,DNR,State Park,TRUE
Camden,Department of Natural Resources State Park,DNR,State Park,TRUE,Winter-2021,1348,Winter,2021,1348,33708,Department of Natural Resources State Park,DNR,State Park,TRUE
Camden,Department of Natural Resources State Park,DNR,State Park,TRUE,Winter-2022,156,Winter,2022,156,156,Department of Natural Resources State Park,DNR,State Park,TRUE
Caribou Falls,Department of Natural Resources State Park,DNR,State Wayside,TRUE,Fall-2018,5225,Fall,2018,5225,24767,Department of Natural Resources State Park,DNR,State Wayside,TRUE
Caribou Falls,Department of Natural Resources State Park,DNR,State Wayside,TRUE,Fall-2019,3987,Fall,2019,3987,18970,Department of Natural Resources State Park,DNR,State Wayside,TRUE
Caribou Falls,Department of Natural Resources State Park,DNR,State Wayside,TRUE,Fall-2020,4931,Fall,2020,4931,17591,Department of Natural Resources State Park,DNR,State Wayside,TRUE
Caribou Falls,Department of Natural Resources State Park,DNR,State Wayside,TRUE,Fall-2021,2806,Fall,2021,2806,16256,Department of Natural Resources State Park,DNR,State Wayside,TRUE
Caribou Falls,Department of Natural Resources State Park,DNR,State Wayside,TRUE,Spring-2018,5665,Spring,2018,5665,24767,Department of Natural Resources State Park,DNR,State Wayside,TRUE
Caribou Falls,Department of Natural Resources State Park,DNR,State Wayside,TRUE,Spring-2019,2845,Spring,2019,2845,18970,Department of Natural Resources State Park,DNR,State Wayside,TRUE
Caribou Falls,Department of Natural Resources State Park,DNR,State Wayside,TRUE,Spring-2020,1719,Spring,2020,1719,17591,Department of Natural Resources State Park,DNR,State Wayside,TRUE
Caribou Falls,Department of Natural Resources State Park,DNR,State Wayside,TRUE,Spring-2021,4490,Spring,2021,4490,16256,Department of Natural Resources State Park,DNR,State Wayside,TRUE
Caribou Falls,Department of Natural Resources State Park,DNR,State Wayside,TRUE,Summer-2018,8379,Summer,2018,8379,24767,Department of Natural Resources State Park,DNR,State Wayside,TRUE
Caribou Falls,Department of Natural Resources State Park,DNR,State Wayside,TRUE,Summer-2019,9309,Summer,2019,9309,18970,Department of Natural Resources State Park,DNR,State Wayside,TRUE
Caribou Falls,Department of Natural Resources State Park,DNR,State Wayside,TRUE,Summer-2020,10293,Summer,2020,10293,17591,Department of Natural Resources State Park,DNR,State Wayside,TRUE
Caribou Falls,Department of Natural Resources State Park,DNR,State Wayside,TRUE,Summer-2021,7790,Summer,2021,7790,16256,Department of Natural Resources State Park,DNR,State Wayside,TRUE
Caribou Falls,Department of Natural Resources State Park,DNR,State Wayside,TRUE,Winter-2018,5498,Winter,2018,5498,24767,Department of Natural Resources State Park,DNR,State Wayside,TRUE
Caribou Falls,Department of Natural Resources State Park,DNR,State Wayside,TRUE,Winter-2019,2829,Winter,2019,2829,18970,Department of Natural Resources State Park,DNR,State Wayside,TRUE
Caribou Falls,Department of Natural Resources State Park,DNR,State Wayside,TRUE,Winter-2020,648,Winter,2020,648,17591,Department of Natural Resources State Park,DNR,State Wayside,TRUE
Caribou Falls,Department of Natural Resources State Park,DNR,State Wayside,TRUE,Winter-2021,1170,Winter,2021,1170,16256,Department of Natural Resources State Park,DNR,State Wayside,TRUE
Caribou Falls,Department of Natural Resources State Park,DNR,State Wayside,TRUE,Winter-2022,302,Winter,2022,302,302,Department of Natural Resources State Park,DNR,State Wayside,TRUE
Carley,Department of Natural Resources State Park,DNR,State Park,TRUE,Fall-2018,1975,Fall,2018,1975,12787,Department of Natural Resources State Park,DNR,State Park,TRUE
Carley,Department of Natural Resources State Park,DNR,State Park,TRUE,Fall-2019,2377,Fall,2019,2377,10607,Department of Natural Resources State Park,DNR,State Park,TRUE
Carley,Department of Natural Resources State Park,DNR,State Park,TRUE,Fall-2020,5182,Fall,2020,5182,20309,Department of Natural Resources State Park,DNR,State Park,TRUE
Carley,Department of Natural Resources State Park,DNR,State Park,TRUE,Fall-2021,2163,Fall,2021,2163,14901,Department of Natural Resources State Park,DNR,State Park,TRUE
Carley,Department of Natural Resources State Park,DNR,State Park,TRUE,Spring-2018,2956,Spring,2018,2956,12787,Department of Natural Resources State Park,DNR,State Park,TRUE
Carley,Department of Natural Resources State Park,DNR,State Park,TRUE,Spring-2019,3479,Spring,2019,3479,10607,Department of Natural Resources State Park,DNR,State Park,TRUE
Carley,Department of Natural Resources State Park,DNR,State Park,TRUE,Spring-2020,7926,Spring,2020,7926,20309,Department of Natural Resources State Park,DNR,State Park,TRUE
Carley,Department of Natural Resources State Park,DNR,State Park,TRUE,Spring-2021,5825,Spring,2021,5825,14901,Department of Natural Resources State Park,DNR,State Park,TRUE
Carley,Department of Natural Resources State Park,DNR,State Park,TRUE,Summer-2018,5098,Summer,2018,5098,12787,Department of Natural Resources State Park,DNR,State Park,TRUE
Carley,Department of Natural Resources State Park,DNR,State Park,TRUE,Summer-2019,3851,Summer,2019,3851,10607,Department of Natural Resources State Park,DNR,State Park,TRUE
Carley,Department of Natural Resources State Park,DNR,State Park,TRUE,Summer-2020,5932,Summer,2020,5932,20309,Department of Natural Resources State Park,DNR,State Park,TRUE
Carley,Department of Natural Resources State Park,DNR,State Park,TRUE,Summer-2021,4503,Summer,2021,4503,14901,Department of Natural Resources State Park,DNR,State Park,TRUE
Carley,Department of Natural Resources State Park,DNR,State Park,TRUE,Winter-2018,2758,Winter,2018,2758,12787,Department of Natural Resources State Park,DNR,State Park,TRUE
Carley,Department of Natural Resources State Park,DNR,State Park,TRUE,Winter-2019,900,Winter,2019,900,10607,Department of Natural Resources State Park,DNR,State Park,TRUE
Carley,Department of Natural Resources State Park,DNR,State Park,TRUE,Winter-2020,1269,Winter,2020,1269,20309,Department of Natural Resources State Park,DNR,State Park,TRUE
Carley,Department of Natural Resources State Park,DNR,State Park,TRUE,Winter-2021,2410,Winter,2021,2410,14901,Department of Natural Resources State Park,DNR,State Park,TRUE
Carley,Department of Natural Resources State Park,DNR,State Park,TRUE,Winter-2022,364,Winter,2022,364,364,Department of Natural Resources State Park,DNR,State Park,TRUE
Carver,Metropolitan Regional Park System,Three Rivers Park District,Regional Park,TRUE,Fall-2018,31320,Fall,2018,31320,134756,Metropolitan Regional Park System,Three Rivers Park District,Regional Park,TRUE
Carver,Metropolitan Regional Park System,Three Rivers Park District,Regional Park,TRUE,Fall-2019,37034,Fall,2019,37034,148550,Metropolitan Regional Park System,Three Rivers Park District,Regional Park,TRUE
Carver,Metropolitan Regional Park System,Three Rivers Park District,Regional Park,TRUE,Fall-2020,64047,Fall,2020,64047,236203,Metropolitan Regional Park System,Three Rivers Park District,Regional Park,TRUE
Carver,Metropolitan Regional Park System,Three Rivers Park District,Regional Park,TRUE,Fall-2021,41089,Fall,2021,41089,214915,Metropolitan Regional Park System,Three Rivers Park District,Regional Park,TRUE
Carver,Metropolitan Regional Park System,Three Rivers Park District,Regional Park,TRUE,Spring-2018,32095,Spring,2018,32095,134756,Metropolitan Regional Park System,Three Rivers Park District,Regional Park,TRUE
Carver,Metropolitan Regional Park System,Three Rivers Park District,Regional Park,TRUE,Spring-2019,32027,Spring,2019,32027,148550,Metropolitan Regional Park System,Three Rivers Park District,Regional Park,TRUE
Carver,Metropolitan Regional Park System,Three Rivers Park District,Regional Park,TRUE,Spring-2020,62568,Spring,2020,62568,236203,Metropolitan Regional Park System,Three Rivers Park District,Regional Park,TRUE
Carver,Metropolitan Regional Park System,Three Rivers Park District,Regional Park,TRUE,Spring-2021,50116,Spring,2021,50116,214915,Metropolitan Regional Park System,Three Rivers Park District,Regional Park,TRUE
Carver,Metropolitan Regional Park System,Three Rivers Park District,Regional Park,TRUE,Summer-2018,53344,Summer,2018,53344,134756,Metropolitan Regional Park System,Three Rivers Park District,Regional Park,TRUE
Carver,Metropolitan Regional Park System,Three Rivers Park District,Regional Park,TRUE,Summer-2019,56614,Summer,2019,56614,148550,Metropolitan Regional Park System,Three Rivers Park District,Regional Park,TRUE
Carver,Metropolitan Regional Park System,Three Rivers Park District,Regional Park,TRUE,Summer-2020,79490,Summer,2020,79490,236203,Metropolitan Regional Park System,Three Rivers Park District,Regional Park,TRUE
Carver,Metropolitan Regional Park System,Three Rivers Park District,Regional Park,TRUE,Summer-2021,69917,Summer,2021,69917,214915,Metropolitan Regional Park System,Three Rivers Park District,Regional Park,TRUE
Carver,Metropolitan Regional Park System,Three Rivers Park District,Regional Park,TRUE,Winter-2018,17997,Winter,2018,17997,134756,Metropolitan Regional Park System,Three Rivers Park District,Regional Park,TRUE
Carver,Metropolitan Regional Park System,Three Rivers Park District,Regional Park,TRUE,Winter-2019,22875,Winter,2019,22875,148550,Metropolitan Regional Park System,Three Rivers Park District,Regional Park,TRUE
Carver,Metropolitan Regional Park System,Three Rivers Park District,Regional Park,TRUE,Winter-2020,30098,Winter,2020,30098,236203,Metropolitan Regional Park System,Three Rivers Park District,Regional Park,TRUE
Carver,Metropolitan Regional Park System,Three Rivers Park District,Regional Park,TRUE,Winter-2021,53793,Winter,2021,53793,214915,Metropolitan Regional Park System,Three Rivers Park District,Regional Park,TRUE
Carver,Metropolitan Regional Park System,Three Rivers Park District,Regional Park,TRUE,Winter-2022,4943,Winter,2022,4943,4943,Metropolitan Regional Park System,Three Rivers Park District,Regional Park,TRUE
Cascade Lake Park,Greater Minnesota Regional Parks & Trails,Greater MN,Regional Park,TRUE,Fall-2018,887,Fall,2018,887,4162,Greater Minnesota Regional Parks & Trails,Greater MN,Regional Park,TRUE
Cascade Lake Park,Greater Minnesota Regional Parks & Trails,Greater MN,Regional Park,TRUE,Fall-2019,860,Fall,2019,860,3929,Greater Minnesota Regional Parks & Trails,Greater MN,Regional Park,TRUE
Cascade Lake Park,Greater Minnesota Regional Parks & Trails,Greater MN,Regional Park,TRUE,Fall-2020,4749,Fall,2020,4749,30503,Greater Minnesota Regional Parks & Trails,Greater MN,Regional Park,TRUE
Cascade Lake Park,Greater Minnesota Regional Parks & Trails,Greater MN,Regional Park,TRUE,Fall-2021,6740,Fall,2021,6740,31389,Greater Minnesota Regional Parks & Trails,Greater MN,Regional Park,TRUE
Cascade Lake Park,Greater Minnesota Regional Parks & Trails,Greater MN,Regional Park,TRUE,Spring-2018,986,Spring,2018,986,4162,Greater Minnesota Regional Parks & Trails,Greater MN,Regional Park,TRUE
Cascade Lake Park,Greater Minnesota Regional Parks & Trails,Greater MN,Regional Park,TRUE,Spring-2019,1167,Spring,2019,1167,3929,Greater Minnesota Regional Parks & Trails,Greater MN,Regional Park,TRUE
Cascade Lake Park,Greater Minnesota Regional Parks & Trails,Greater MN,Regional Park,TRUE,Spring-2020,1610,Spring,2020,1610,30503,Greater Minnesota Regional Parks & Trails,Greater MN,Regional Park,TRUE
Cascade Lake Park,Greater Minnesota Regional Parks & Trails,Greater MN,Regional Park,TRUE,Spring-2021,7398,Spring,2021,7398,31389,Greater Minnesota Regional Parks & Trails,Greater MN,Regional Park,TRUE
Cascade Lake Park,Greater Minnesota Regional Parks & Trails,Greater MN,Regional Park,TRUE,Summer-2018,1381,Summer,2018,1381,4162,Greater Minnesota Regional Parks & Trails,Greater MN,Regional Park,TRUE
Cascade Lake Park,Greater Minnesota Regional Parks & Trails,Greater MN,Regional Park,TRUE,Summer-2019,1172,Summer,2019,1172,3929,Greater Minnesota Regional Parks & Trails,Greater MN,Regional Park,TRUE
Cascade Lake Park,Greater Minnesota Regional Parks & Trails,Greater MN,Regional Park,TRUE,Summer-2020,23573,Summer,2020,23573,30503,Greater Minnesota Regional Parks & Trails,Greater MN,Regional Park,TRUE
Cascade Lake Park,Greater Minnesota Regional Parks & Trails,Greater MN,Regional Park,TRUE,Summer-2021,15368,Summer,2021,15368,31389,Greater Minnesota Regional Parks & Trails,Greater MN,Regional Park,TRUE
Cascade Lake Park,Greater Minnesota Regional Parks & Trails,Greater MN,Regional Park,TRUE,Winter-2018,908,Winter,2018,908,4162,Greater Minnesota Regional Parks & Trails,Greater MN,Regional Park,TRUE
Cascade Lake Park,Greater Minnesota Regional Parks & Trails,Greater MN,Regional Park,TRUE,Winter-2019,730,Winter,2019,730,3929,Greater Minnesota Regional Parks & Trails,Greater MN,Regional Park,TRUE
Cascade Lake Park,Greater Minnesota Regional Parks & Trails,Greater MN,Regional Park,TRUE,Winter-2020,571,Winter,2020,571,30503,Greater Minnesota Regional Parks & Trails,Greater MN,Regional Park,TRUE
Cascade Lake Park,Greater Minnesota Regional Parks & Trails,Greater MN,Regional Park,TRUE,Winter-2021,1883,Winter,2021,1883,31389,Greater Minnesota Regional Parks & Trails,Greater MN,Regional Park,TRUE
Cascade Lake Park,Greater Minnesota Regional Parks & Trails,Greater MN,Regional Park,TRUE,Winter-2022,673,Winter,2022,673,673,Greater Minnesota Regional Parks & Trails,Greater MN,Regional Park,TRUE
Cascade River,Department of Natural Resources State Park,DNR,State Park,TRUE,Fall-2018,18474,Fall,2018,18474,80709,Department of Natural Resources State Park,DNR,State Park,TRUE
Cascade River,Department of Natural Resources State Park,DNR,State Park,TRUE,Fall-2019,21604,Fall,2019,21604,84315,Department of Natural Resources State Park,DNR,State Park,TRUE
Cascade River,Department of Natural Resources State Park,DNR,State Park,TRUE,Fall-2020,26734,Fall,2020,26734,92760,Department of Natural Resources State Park,DNR,State Park,TRUE
Cascade River,Department of Natural Resources State Park,DNR,State Park,TRUE,Fall-2021,19841,Fall,2021,19841,103649,Department of Natural Resources State Park,DNR,State Park,TRUE
Cascade River,Department of Natural Resources State Park,DNR,State Park,TRUE,Spring-2018,16218,Spring,2018,16218,80709,Department of Natural Resources State Park,DNR,State Park,TRUE
Cascade River,Department of Natural Resources State Park,DNR,State Park,TRUE,Spring-2019,13523,Spring,2019,13523,84315,Department of Natural Resources State Park,DNR,State Park,TRUE
Cascade River,Department of Natural Resources State Park,DNR,State Park,TRUE,Spring-2020,8314,Spring,2020,8314,92760,Department of Natural Resources State Park,DNR,State Park,TRUE
Cascade River,Department of Natural Resources State Park,DNR,State Park,TRUE,Spring-2021,27337,Spring,2021,27337,103649,Department of Natural Resources State Park,DNR,State Park,TRUE
Cascade River,Department of Natural Resources State Park,DNR,State Park,TRUE,Summer-2018,38672,Summer,2018,38672,80709,Department of Natural Resources State Park,DNR,State Park,TRUE
Cascade River,Department of Natural Resources State Park,DNR,State Park,TRUE,Summer-2019,44915,Summer,2019,44915,84315,Department of Natural Resources State Park,DNR,State Park,TRUE
Cascade River,Department of Natural Resources State Park,DNR,State Park,TRUE,Summer-2020,52572,Summer,2020,52572,92760,Department of Natural Resources State Park,DNR,State Park,TRUE
Cascade River,Department of Natural Resources State Park,DNR,State Park,TRUE,Summer-2021,47878,Summer,2021,47878,103649,Department of Natural Resources State Park,DNR,State Park,TRUE
Cascade River,Department of Natural Resources State Park,DNR,State Park,TRUE,Winter-2018,7345,Winter,2018,7345,80709,Department of Natural Resources State Park,DNR,State Park,TRUE
Cascade River,Department of Natural Resources State Park,DNR,State Park,TRUE,Winter-2019,4273,Winter,2019,4273,84315,Department of Natural Resources State Park,DNR,State Park,TRUE
Cascade River,Department of Natural Resources State Park,DNR,State Park,TRUE,Winter-2020,5140,Winter,2020,5140,92760,Department of Natural Resources State Park,DNR,State Park,TRUE
Cascade River,Department of Natural Resources State Park,DNR,State Park,TRUE,Winter-2021,8593,Winter,2021,8593,103649,Department of Natural Resources State Park,DNR,State Park,TRUE
Cascade River,Department of Natural Resources State Park,DNR,State Park,TRUE,Winter-2022,1306,Winter,2022,1306,1306,Department of Natural Resources State Park,DNR,State Park,TRUE
Cedar Lake Farm,Metropolitan Regional Park System,Scott County Parks,Regional Park,TRUE,Fall-2018,3142,Fall,2018,3142,25516,Metropolitan Regional Park System,Scott County Parks,Regional Park,TRUE
Cedar Lake Farm,Metropolitan Regional Park System,Scott County Parks,Regional Park,TRUE,Fall-2019,3548,Fall,2019,3548,28033,Metropolitan Regional Park System,Scott County Parks,Regional Park,TRUE
Cedar Lake Farm,Metropolitan Regional Park System,Scott County Parks,Regional Park,TRUE,Fall-2020,8160,Fall,2020,8160,50890,Metropolitan Regional Park System,Scott County Parks,Regional Park,TRUE
Cedar Lake Farm,Metropolitan Regional Park System,Scott County Parks,Regional Park,TRUE,Fall-2021,9148,Fall,2021,9148,46301,Metropolitan Regional Park System,Scott County Parks,Regional Park,TRUE
Cedar Lake Farm,Metropolitan Regional Park System,Scott County Parks,Regional Park,TRUE,Spring-2018,4389,Spring,2018,4389,25516,Metropolitan Regional Park System,Scott County Parks,Regional Park,TRUE
Cedar Lake Farm,Metropolitan Regional Park System,Scott County Parks,Regional Park,TRUE,Spring-2019,4070,Spring,2019,4070,28033,Metropolitan Regional Park System,Scott County Parks,Regional Park,TRUE
Cedar Lake Farm,Metropolitan Regional Park System,Scott County Parks,Regional Park,TRUE,Spring-2020,14026,Spring,2020,14026,50890,Metropolitan Regional Park System,Scott County Parks,Regional Park,TRUE
Cedar Lake Farm,Metropolitan Regional Park System,Scott County Parks,Regional Park,TRUE,Spring-2021,11459,Spring,2021,11459,46301,Metropolitan Regional Park System,Scott County Parks,Regional Park,TRUE
Cedar Lake Farm,Metropolitan Regional Park System,Scott County Parks,Regional Park,TRUE,Summer-2018,16317,Summer,2018,16317,25516,Metropolitan Regional Park System,Scott County Parks,Regional Park,TRUE
Cedar Lake Farm,Metropolitan Regional Park System,Scott County Parks,Regional Park,TRUE,Summer-2019,19437,Summer,2019,19437,28033,Metropolitan Regional Park System,Scott County Parks,Regional Park,TRUE
Cedar Lake Farm,Metropolitan Regional Park System,Scott County Parks,Regional Park,TRUE,Summer-2020,26998,Summer,2020,26998,50890,Metropolitan Regional Park System,Scott County Parks,Regional Park,TRUE
Cedar Lake Farm,Metropolitan Regional Park System,Scott County Parks,Regional Park,TRUE,Summer-2021,22016,Summer,2021,22016,46301,Metropolitan Regional Park System,Scott County Parks,Regional Park,TRUE
Cedar Lake Farm,Metropolitan Regional Park System,Scott County Parks,Regional Park,TRUE,Winter-2018,1668,Winter,2018,1668,25516,Metropolitan Regional Park System,Scott County Parks,Regional Park,TRUE
Cedar Lake Farm,Metropolitan Regional Park System,Scott County Parks,Regional Park,TRUE,Winter-2019,978,Winter,2019,978,28033,Metropolitan Regional Park System,Scott County Parks,Regional Park,TRUE
Cedar Lake Farm,Metropolitan Regional Park System,Scott County Parks,Regional Park,TRUE,Winter-2020,1706,Winter,2020,1706,50890,Metropolitan Regional Park System,Scott County Parks,Regional Park,TRUE
Cedar Lake Farm,Metropolitan Regional Park System,Scott County Parks,Regional Park,TRUE,Winter-2021,3678,Winter,2021,3678,46301,Metropolitan Regional Park System,Scott County Parks,Regional Park,TRUE
Cedar Lake Farm,Metropolitan Regional Park System,Scott County Parks,Regional Park,TRUE,Winter-2022,554,Winter,2022,554,554,Metropolitan Regional Park System,Scott County Parks,Regional Park,TRUE
Central Mississippi Riverfront,Metropolitan Regional Park System,Minneapolis Park and Recreation Board,Regional Park,TRUE,Fall-2018,137519,Fall,2018,137519,662627,Metropolitan Regional Park System,Minneapolis Park and Recreation Board,Regional Park,TRUE
Central Mississippi Riverfront,Metropolitan Regional Park System,Minneapolis Park and Recreation Board,Regional Park,TRUE,Fall-2019,170212,Fall,2019,170212,783980,Metropolitan Regional Park System,Minneapolis Park and Recreation Board,Regional Park,TRUE
Central Mississippi Riverfront,Metropolitan Regional Park System,Minneapolis Park and Recreation Board,Regional Park,TRUE,Fall-2020,192914,Fall,2020,192914,688343,Metropolitan Regional Park System,Minneapolis Park and Recreation Board,Regional Park,TRUE
Central Mississippi Riverfront,Metropolitan Regional Park System,Minneapolis Park and Recreation Board,Regional Park,TRUE,Fall-2021,182919,Fall,2021,182919,801335,Metropolitan Regional Park System,Minneapolis Park and Recreation Board,Regional Park,TRUE
Central Mississippi Riverfront,Metropolitan Regional Park System,Minneapolis Park and Recreation Board,Regional Park,TRUE,Spring-2018,162155,Spring,2018,162155,662627,Metropolitan Regional Park System,Minneapolis Park and Recreation Board,Regional Park,TRUE
Central Mississippi Riverfront,Metropolitan Regional Park System,Minneapolis Park and Recreation Board,Regional Park,TRUE,Spring-2019,187810,Spring,2019,187810,783980,Metropolitan Regional Park System,Minneapolis Park and Recreation Board,Regional Park,TRUE
Central Mississippi Riverfront,Metropolitan Regional Park System,Minneapolis Park and Recreation Board,Regional Park,TRUE,Spring-2020,137329,Spring,2020,137329,688343,Metropolitan Regional Park System,Minneapolis Park and Recreation Board,Regional Park,TRUE
Central Mississippi Riverfront,Metropolitan Regional Park System,Minneapolis Park and Recreation Board,Regional Park,TRUE,Spring-2021,228832,Spring,2021,228832,801335,Metropolitan Regional Park System,Minneapolis Park and Recreation Board,Regional Park,TRUE
Central Mississippi Riverfront,Metropolitan Regional Park System,Minneapolis Park and Recreation Board,Regional Park,TRUE,Summer-2018,271319,Summer,2018,271319,662627,Metropolitan Regional Park System,Minneapolis Park and Recreation Board,Regional Park,TRUE
Central Mississippi Riverfront,Metropolitan Regional Park System,Minneapolis Park and Recreation Board,Regional Park,TRUE,Summer-2019,354134,Summer,2019,354134,783980,Metropolitan Regional Park System,Minneapolis Park and Recreation Board,Regional Park,TRUE
Central Mississippi Riverfront,Metropolitan Regional Park System,Minneapolis Park and Recreation Board,Regional Park,TRUE,Summer-2020,292242,Summer,2020,292242,688343,Metropolitan Regional Park System,Minneapolis Park and Recreation Board,Regional Park,TRUE
Central Mississippi Riverfront,Metropolitan Regional Park System,Minneapolis Park and Recreation Board,Regional Park,TRUE,Summer-2021,304345,Summer,2021,304345,801335,Metropolitan Regional Park System,Minneapolis Park and Recreation Board,Regional Park,TRUE
Central Mississippi Riverfront,Metropolitan Regional Park System,Minneapolis Park and Recreation Board,Regional Park,TRUE,Winter-2018,91634,Winter,2018,91634,662627,Metropolitan Regional Park System,Minneapolis Park and Recreation Board,Regional Park,TRUE
Central Mississippi Riverfront,Metropolitan Regional Park System,Minneapolis Park and Recreation Board,Regional Park,TRUE,Winter-2019,71824,Winter,2019,71824,783980,Metropolitan Regional Park System,Minneapolis Park and Recreation Board,Regional Park,TRUE
Central Mississippi Riverfront,Metropolitan Regional Park System,Minneapolis Park and Recreation Board,Regional Park,TRUE,Winter-2020,65858,Winter,2020,65858,688343,Metropolitan Regional Park System,Minneapolis Park and Recreation Board,Regional Park,TRUE
Central Mississippi Riverfront,Metropolitan Regional Park System,Minneapolis Park and Recreation Board,Regional Park,TRUE,Winter-2021,85239,Winter,2021,85239,801335,Metropolitan Regional Park System,Minneapolis Park and Recreation Board,Regional Park,TRUE
Central Mississippi Riverfront,Metropolitan Regional Park System,Minneapolis Park and Recreation Board,Regional Park,TRUE,Winter-2022,16805,Winter,2022,16805,16805,Metropolitan Regional Park System,Minneapolis Park and Recreation Board,Regional Park,TRUE
Charles A Lindbergh,Department of Natural Resources State Park,DNR,State Park,TRUE,Fall-2018,2251,Fall,2018,2251,12183,Department of Natural Resources State Park,DNR,State Park,TRUE
Charles A Lindbergh,Department of Natural Resources State Park,DNR,State Park,TRUE,Fall-2019,4224,Fall,2019,4224,18349,Department of Natural Resources State Park,DNR,State Park,TRUE
Charles A Lindbergh,Department of Natural Resources State Park,DNR,State Park,TRUE,Fall-2020,4279,Fall,2020,4279,20310,Department of Natural Resources State Park,DNR,State Park,TRUE
Charles A Lindbergh,Department of Natural Resources State Park,DNR,State Park,TRUE,Fall-2021,3977,Fall,2021,3977,17541,Department of Natural Resources State Park,DNR,State Park,TRUE
Charles A Lindbergh,Department of Natural Resources State Park,DNR,State Park,TRUE,Spring-2018,2795,Spring,2018,2795,12183,Department of Natural Resources State Park,DNR,State Park,TRUE
Charles A Lindbergh,Department of Natural Resources State Park,DNR,State Park,TRUE,Spring-2019,2603,Spring,2019,2603,18349,Department of Natural Resources State Park,DNR,State Park,TRUE
Charles A Lindbergh,Department of Natural Resources State Park,DNR,State Park,TRUE,Spring-2020,5066,Spring,2020,5066,20310,Department of Natural Resources State Park,DNR,State Park,TRUE
Charles A Lindbergh,Department of Natural Resources State Park,DNR,State Park,TRUE,Spring-2021,4793,Spring,2021,4793,17541,Department of Natural Resources State Park,DNR,State Park,TRUE
Charles A Lindbergh,Department of Natural Resources State Park,DNR,State Park,TRUE,Summer-2018,6284,Summer,2018,6284,12183,Department of Natural Resources State Park,DNR,State Park,TRUE
Charles A Lindbergh,Department of Natural Resources State Park,DNR,State Park,TRUE,Summer-2019,10634,Summer,2019,10634,18349,Department of Natural Resources State Park,DNR,State Park,TRUE
Charles A Lindbergh,Department of Natural Resources State Park,DNR,State Park,TRUE,Summer-2020,9852,Summer,2020,9852,20310,Department of Natural Resources State Park,DNR,State Park,TRUE
Charles A Lindbergh,Department of Natural Resources State Park,DNR,State Park,TRUE,Summer-2021,6438,Summer,2021,6438,17541,Department of Natural Resources State Park,DNR,State Park,TRUE
Charles A Lindbergh,Department of Natural Resources State Park,DNR,State Park,TRUE,Winter-2018,853,Winter,2018,853,12183,Department of Natural Resources State Park,DNR,State Park,TRUE
Charles A Lindbergh,Department of Natural Resources State Park,DNR,State Park,TRUE,Winter-2019,888,Winter,2019,888,18349,Department of Natural Resources State Park,DNR,State Park,TRUE
Charles A Lindbergh,Department of Natural Resources State Park,DNR,State Park,TRUE,Winter-2020,1113,Winter,2020,1113,20310,Department of Natural Resources State Park,DNR,State Park,TRUE
Charles A Lindbergh,Department of Natural Resources State Park,DNR,State Park,TRUE,Winter-2021,2333,Winter,2021,2333,17541,Department of Natural Resources State Park,DNR,State Park,TRUE
Charles A Lindbergh,Department of Natural Resources State Park,DNR,State Park,TRUE,Winter-2022,167,Winter,2022,167,167,Department of Natural Resources State Park,DNR,State Park,TRUE
Chester Woods Park,Greater Minnesota Regional Parks & Trails,Greater MN,Regional Park,TRUE,Fall-2018,10991,Fall,2018,10991,64724,Greater Minnesota Regional Parks & Trails,Greater MN,Regional Park,TRUE
Chester Woods Park,Greater Minnesota Regional Parks & Trails,Greater MN,Regional Park,TRUE,Fall-2019,8940,Fall,2019,8940,59562,Greater Minnesota Regional Parks & Trails,Greater MN,Regional Park,TRUE
Chester Woods Park,Greater Minnesota Regional Parks & Trails,Greater MN,Regional Park,TRUE,Fall-2020,9444,Fall,2020,9444,69317,Greater Minnesota Regional Parks & Trails,Greater MN,Regional Park,TRUE
Chester Woods Park,Greater Minnesota Regional Parks & Trails,Greater MN,Regional Park,TRUE,Fall-2021,10211,Fall,2021,10211,66058,Greater Minnesota Regional Parks & Trails,Greater MN,Regional Park,TRUE
Chester Woods Park,Greater Minnesota Regional Parks & Trails,Greater MN,Regional Park,TRUE,Spring-2018,10875,Spring,2018,10875,64724,Greater Minnesota Regional Parks & Trails,Greater MN,Regional Park,TRUE
Chester Woods Park,Greater Minnesota Regional Parks & Trails,Greater MN,Regional Park,TRUE,Spring-2019,6786,Spring,2019,6786,59562,Greater Minnesota Regional Parks & Trails,Greater MN,Regional Park,TRUE
Chester Woods Park,Greater Minnesota Regional Parks & Trails,Greater MN,Regional Park,TRUE,Spring-2020,13070,Spring,2020,13070,69317,Greater Minnesota Regional Parks & Trails,Greater MN,Regional Park,TRUE
Chester Woods Park,Greater Minnesota Regional Parks & Trails,Greater MN,Regional Park,TRUE,Spring-2021,13626,Spring,2021,13626,66058,Greater Minnesota Regional Parks & Trails,Greater MN,Regional Park,TRUE
Chester Woods Park,Greater Minnesota Regional Parks & Trails,Greater MN,Regional Park,TRUE,Summer-2018,40813,Summer,2018,40813,64724,Greater Minnesota Regional Parks & Trails,Greater MN,Regional Park,TRUE
Chester Woods Park,Greater Minnesota Regional Parks & Trails,Greater MN,Regional Park,TRUE,Summer-2019,38705,Summer,2019,38705,59562,Greater Minnesota Regional Parks & Trails,Greater MN,Regional Park,TRUE
Chester Woods Park,Greater Minnesota Regional Parks & Trails,Greater MN,Regional Park,TRUE,Summer-2020,43107,Summer,2020,43107,69317,Greater Minnesota Regional Parks & Trails,Greater MN,Regional Park,TRUE
Chester Woods Park,Greater Minnesota Regional Parks & Trails,Greater MN,Regional Park,TRUE,Summer-2021,33977,Summer,2021,33977,66058,Greater Minnesota Regional Parks & Trails,Greater MN,Regional Park,TRUE
Chester Woods Park,Greater Minnesota Regional Parks & Trails,Greater MN,Regional Park,TRUE,Winter-2018,2045,Winter,2018,2045,64724,Greater Minnesota Regional Parks & Trails,Greater MN,Regional Park,TRUE
Chester Woods Park,Greater Minnesota Regional Parks & Trails,Greater MN,Regional Park,TRUE,Winter-2019,5131,Winter,2019,5131,59562,Greater Minnesota Regional Parks & Trails,Greater MN,Regional Park,TRUE
Chester Woods Park,Greater Minnesota Regional Parks & Trails,Greater MN,Regional Park,TRUE,Winter-2020,3696,Winter,2020,3696,69317,Greater Minnesota Regional Parks & Trails,Greater MN,Regional Park,TRUE
Chester Woods Park,Greater Minnesota Regional Parks & Trails,Greater MN,Regional Park,TRUE,Winter-2021,8244,Winter,2021,8244,66058,Greater Minnesota Regional Parks & Trails,Greater MN,Regional Park,TRUE
Chester Woods Park,Greater Minnesota Regional Parks & Trails,Greater MN,Regional Park,TRUE,Winter-2022,1171,Winter,2022,1171,1171,Greater Minnesota Regional Parks & Trails,Greater MN,Regional Park,TRUE
Cleary Lake,Metropolitan Regional Park System,Three Rivers Park District,Regional Park,TRUE,Fall-2018,14601,Fall,2018,14601,85706,Metropolitan Regional Park System,Three Rivers Park District,Regional Park,TRUE
Cleary Lake,Metropolitan Regional Park System,Three Rivers Park District,Regional Park,TRUE,Fall-2019,28346,Fall,2019,28346,126586,Metropolitan Regional Park System,Three Rivers Park District,Regional Park,TRUE
Cleary Lake,Metropolitan Regional Park System,Three Rivers Park District,Regional Park,TRUE,Fall-2020,38370,Fall,2020,38370,218382,Metropolitan Regional Park System,Three Rivers Park District,Regional Park,TRUE
Cleary Lake,Metropolitan Regional Park System,Three Rivers Park District,Regional Park,TRUE,Fall-2021,24382,Fall,2021,24382,163027,Metropolitan Regional Park System,Three Rivers Park District,Regional Park,TRUE
Cleary Lake,Metropolitan Regional Park System,Three Rivers Park District,Regional Park,TRUE,Spring-2018,20276,Spring,2018,20276,85706,Metropolitan Regional Park System,Three Rivers Park District,Regional Park,TRUE
Cleary Lake,Metropolitan Regional Park System,Three Rivers Park District,Regional Park,TRUE,Spring-2019,30001,Spring,2019,30001,126586,Metropolitan Regional Park System,Three Rivers Park District,Regional Park,TRUE
Cleary Lake,Metropolitan Regional Park System,Three Rivers Park District,Regional Park,TRUE,Spring-2020,86503,Spring,2020,86503,218382,Metropolitan Regional Park System,Three Rivers Park District,Regional Park,TRUE
Cleary Lake,Metropolitan Regional Park System,Three Rivers Park District,Regional Park,TRUE,Spring-2021,48827,Spring,2021,48827,163027,Metropolitan Regional Park System,Three Rivers Park District,Regional Park,TRUE
Cleary Lake,Metropolitan Regional Park System,Three Rivers Park District,Regional Park,TRUE,Summer-2018,43744,Summer,2018,43744,85706,Metropolitan Regional Park System,Three Rivers Park District,Regional Park,TRUE
Cleary Lake,Metropolitan Regional Park System,Three Rivers Park District,Regional Park,TRUE,Summer-2019,53909,Summer,2019,53909,126586,Metropolitan Regional Park System,Three Rivers Park District,Regional Park,TRUE
Cleary Lake,Metropolitan Regional Park System,Three Rivers Park District,Regional Park,TRUE,Summer-2020,78838,Summer,2020,78838,218382,Metropolitan Regional Park System,Three Rivers Park District,Regional Park,TRUE
Cleary Lake,Metropolitan Regional Park System,Three Rivers Park District,Regional Park,TRUE,Summer-2021,61356,Summer,2021,61356,163027,Metropolitan Regional Park System,Three Rivers Park District,Regional Park,TRUE
Cleary Lake,Metropolitan Regional Park System,Three Rivers Park District,Regional Park,TRUE,Winter-2018,7085,Winter,2018,7085,85706,Metropolitan Regional Park System,Three Rivers Park District,Regional Park,TRUE
Cleary Lake,Metropolitan Regional Park System,Three Rivers Park District,Regional Park,TRUE,Winter-2019,14330,Winter,2019,14330,126586,Metropolitan Regional Park System,Three Rivers Park District,Regional Park,TRUE
Cleary Lake,Metropolitan Regional Park System,Three Rivers Park District,Regional Park,TRUE,Winter-2020,14671,Winter,2020,14671,218382,Metropolitan Regional Park System,Three Rivers Park District,Regional Park,TRUE
Cleary Lake,Metropolitan Regional Park System,Three Rivers Park District,Regional Park,TRUE,Winter-2021,28462,Winter,2021,28462,163027,Metropolitan Regional Park System,Three Rivers Park District,Regional Park,TRUE
Cleary Lake,Metropolitan Regional Park System,Three Rivers Park District,Regional Park,TRUE,Winter-2022,3009,Winter,2022,3009,3009,Metropolitan Regional Park System,Three Rivers Park District,Regional Park,TRUE
Clifton E French,Metropolitan Regional Park System,Three Rivers Park District,Regional Park,TRUE,Fall-2018,24404,Fall,2018,24404,103989,Metropolitan Regional Park System,Three Rivers Park District,Regional Park,TRUE
Clifton E French,Metropolitan Regional Park System,Three Rivers Park District,Regional Park,TRUE,Fall-2019,39696,Fall,2019,39696,250285,Metropolitan Regional Park System,Three Rivers Park District,Regional Park,TRUE
Clifton E French,Metropolitan Regional Park System,Three Rivers Park District,Regional Park,TRUE,Fall-2020,45992,Fall,2020,45992,265829,Metropolitan Regional Park System,Three Rivers Park District,Regional Park,TRUE
Clifton E French,Metropolitan Regional Park System,Three Rivers Park District,Regional Park,TRUE,Fall-2021,44972,Fall,2021,44972,273375,Metropolitan Regional Park System,Three Rivers Park District,Regional Park,TRUE
Clifton E French,Metropolitan Regional Park System,Three Rivers Park District,Regional Park,TRUE,Spring-2018,19393,Spring,2018,19393,103989,Metropolitan Regional Park System,Three Rivers Park District,Regional Park,TRUE
Clifton E French,Metropolitan Regional Park System,Three Rivers Park District,Regional Park,TRUE,Spring-2019,51665,Spring,2019,51665,250285,Metropolitan Regional Park System,Three Rivers Park District,Regional Park,TRUE
Clifton E French,Metropolitan Regional Park System,Three Rivers Park District,Regional Park,TRUE,Spring-2020,57575,Spring,2020,57575,265829,Metropolitan Regional Park System,Three Rivers Park District,Regional Park,TRUE
Clifton E French,Metropolitan Regional Park System,Three Rivers Park District,Regional Park,TRUE,Spring-2021,63810,Spring,2021,63810,273375,Metropolitan Regional Park System,Three Rivers Park District,Regional Park,TRUE
Clifton E French,Metropolitan Regional Park System,Three Rivers Park District,Regional Park,TRUE,Summer-2018,50664,Summer,2018,50664,103989,Metropolitan Regional Park System,Three Rivers Park District,Regional Park,TRUE
Clifton E French,Metropolitan Regional Park System,Three Rivers Park District,Regional Park,TRUE,Summer-2019,134989,Summer,2019,134989,250285,Metropolitan Regional Park System,Three Rivers Park District,Regional Park,TRUE
Clifton E French,Metropolitan Regional Park System,Three Rivers Park District,Regional Park,TRUE,Summer-2020,133868,Summer,2020,133868,265829,Metropolitan Regional Park System,Three Rivers Park District,Regional Park,TRUE
Clifton E French,Metropolitan Regional Park System,Three Rivers Park District,Regional Park,TRUE,Summer-2021,116001,Summer,2021,116001,273375,Metropolitan Regional Park System,Three Rivers Park District,Regional Park,TRUE
Clifton E French,Metropolitan Regional Park System,Three Rivers Park District,Regional Park,TRUE,Winter-2018,9528,Winter,2018,9528,103989,Metropolitan Regional Park System,Three Rivers Park District,Regional Park,TRUE
Clifton E French,Metropolitan Regional Park System,Three Rivers Park District,Regional Park,TRUE,Winter-2019,23935,Winter,2019,23935,250285,Metropolitan Regional Park System,Three Rivers Park District,Regional Park,TRUE
Clifton E French,Metropolitan Regional Park System,Three Rivers Park District,Regional Park,TRUE,Winter-2020,28394,Winter,2020,28394,265829,Metropolitan Regional Park System,Three Rivers Park District,Regional Park,TRUE
Clifton E French,Metropolitan Regional Park System,Three Rivers Park District,Regional Park,TRUE,Winter-2021,48592,Winter,2021,48592,273375,Metropolitan Regional Park System,Three Rivers Park District,Regional Park,TRUE
Clifton E French,Metropolitan Regional Park System,Three Rivers Park District,Regional Park,TRUE,Winter-2022,6765,Winter,2022,6765,6765,Metropolitan Regional Park System,Three Rivers Park District,Regional Park,TRUE
Cohasset Tioga Recreation Area,Greater Minnesota Regional Parks & Trails,Greater MN,Regional Park,TRUE,Fall-2018,4634,Fall,2018,4634,33457,Greater Minnesota Regional Parks & Trails,Greater MN,Regional Park,TRUE
Cohasset Tioga Recreation Area,Greater Minnesota Regional Parks & Trails,Greater MN,Regional Park,TRUE,Fall-2019,12566,Fall,2019,12566,46277,Greater Minnesota Regional Parks & Trails,Greater MN,Regional Park,TRUE
Cohasset Tioga Recreation Area,Greater Minnesota Regional Parks & Trails,Greater MN,Regional Park,TRUE,Fall-2020,15801,Fall,2020,15801,80077,Greater Minnesota Regional Parks & Trails,Greater MN,Regional Park,TRUE
Cohasset Tioga Recreation Area,Greater Minnesota Regional Parks & Trails,Greater MN,Regional Park,TRUE,Fall-2021,11341,Fall,2021,11341,72984,Greater Minnesota Regional Parks & Trails,Greater MN,Regional Park,TRUE
Cohasset Tioga Recreation Area,Greater Minnesota Regional Parks & Trails,Greater MN,Regional Park,TRUE,Spring-2018,7372,Spring,2018,7372,33457,Greater Minnesota Regional Parks & Trails,Greater MN,Regional Park,TRUE
Cohasset Tioga Recreation Area,Greater Minnesota Regional Parks & Trails,Greater MN,Regional Park,TRUE,Spring-2019,4205,Spring,2019,4205,46277,Greater Minnesota Regional Parks & Trails,Greater MN,Regional Park,TRUE
Cohasset Tioga Recreation Area,Greater Minnesota Regional Parks & Trails,Greater MN,Regional Park,TRUE,Spring-2020,8889,Spring,2020,8889,80077,Greater Minnesota Regional Parks & Trails,Greater MN,Regional Park,TRUE
Cohasset Tioga Recreation Area,Greater Minnesota Regional Parks & Trails,Greater MN,Regional Park,TRUE,Spring-2021,12962,Spring,2021,12962,72984,Greater Minnesota Regional Parks & Trails,Greater MN,Regional Park,TRUE
Cohasset Tioga Recreation Area,Greater Minnesota Regional Parks & Trails,Greater MN,Regional Park,TRUE,Summer-2018,18887,Summer,2018,18887,33457,Greater Minnesota Regional Parks & Trails,Greater MN,Regional Park,TRUE
Cohasset Tioga Recreation Area,Greater Minnesota Regional Parks & Trails,Greater MN,Regional Park,TRUE,Summer-2019,26362,Summer,2019,26362,46277,Greater Minnesota Regional Parks & Trails,Greater MN,Regional Park,TRUE
Cohasset Tioga Recreation Area,Greater Minnesota Regional Parks & Trails,Greater MN,Regional Park,TRUE,Summer-2020,49759,Summer,2020,49759,80077,Greater Minnesota Regional Parks & Trails,Greater MN,Regional Park,TRUE
Cohasset Tioga Recreation Area,Greater Minnesota Regional Parks & Trails,Greater MN,Regional Park,TRUE,Summer-2021,40517,Summer,2021,40517,72984,Greater Minnesota Regional Parks & Trails,Greater MN,Regional Park,TRUE
Cohasset Tioga Recreation Area,Greater Minnesota Regional Parks & Trails,Greater MN,Regional Park,TRUE,Winter-2018,2564,Winter,2018,2564,33457,Greater Minnesota Regional Parks & Trails,Greater MN,Regional Park,TRUE
Cohasset Tioga Recreation Area,Greater Minnesota Regional Parks & Trails,Greater MN,Regional Park,TRUE,Winter-2019,3144,Winter,2019,3144,46277,Greater Minnesota Regional Parks & Trails,Greater MN,Regional Park,TRUE
Cohasset Tioga Recreation Area,Greater Minnesota Regional Parks & Trails,Greater MN,Regional Park,TRUE,Winter-2020,5628,Winter,2020,5628,80077,Greater Minnesota Regional Parks & Trails,Greater MN,Regional Park,TRUE
Cohasset Tioga Recreation Area,Greater Minnesota Regional Parks & Trails,Greater MN,Regional Park,TRUE,Winter-2021,8164,Winter,2021,8164,72984,Greater Minnesota Regional Parks & Trails,Greater MN,Regional Park,TRUE
Cohasset Tioga Recreation Area,Greater Minnesota Regional Parks & Trails,Greater MN,Regional Park,TRUE,Winter-2022,2603,Winter,2022,2603,2603,Greater Minnesota Regional Parks & Trails,Greater MN,Regional Park,TRUE
Collinwood Park,Greater Minnesota Regional Parks & Trails,Greater MN,Regional Park,TRUE,Fall-2018,4747,Fall,2018,4747,23526,Greater Minnesota Regional Parks & Trails,Greater MN,Regional Park,TRUE
Collinwood Park,Greater Minnesota Regional Parks & Trails,Greater MN,Regional Park,TRUE,Fall-2019,4124,Fall,2019,4124,16773,Greater Minnesota Regional Parks & Trails,Greater MN,Regional Park,TRUE
Collinwood Park,Greater Minnesota Regional Parks & Trails,Greater MN,Regional Park,TRUE,Fall-2020,4811,Fall,2020,4811,21981,Greater Minnesota Regional Parks & Trails,Greater MN,Regional Park,TRUE
Collinwood Park,Greater Minnesota Regional Parks & Trails,Greater MN,Regional Park,TRUE,Fall-2021,5464,Fall,2021,5464,23324,Greater Minnesota Regional Parks & Trails,Greater MN,Regional Park,TRUE
Collinwood Park,Greater Minnesota Regional Parks & Trails,Greater MN,Regional Park,TRUE,Spring-2018,4227,Spring,2018,4227,23526,Greater Minnesota Regional Parks & Trails,Greater MN,Regional Park,TRUE
Collinwood Park,Greater Minnesota Regional Parks & Trails,Greater MN,Regional Park,TRUE,Spring-2019,1844,Spring,2019,1844,16773,Greater Minnesota Regional Parks & Trails,Greater MN,Regional Park,TRUE
Collinwood Park,Greater Minnesota Regional Parks & Trails,Greater MN,Regional Park,TRUE,Spring-2020,2980,Spring,2020,2980,21981,Greater Minnesota Regional Parks & Trails,Greater MN,Regional Park,TRUE
Collinwood Park,Greater Minnesota Regional Parks & Trails,Greater MN,Regional Park,TRUE,Spring-2021,4243,Spring,2021,4243,23324,Greater Minnesota Regional Parks & Trails,Greater MN,Regional Park,TRUE
Collinwood Park,Greater Minnesota Regional Parks & Trails,Greater MN,Regional Park,TRUE,Summer-2018,12957,Summer,2018,12957,23526,Greater Minnesota Regional Parks & Trails,Greater MN,Regional Park,TRUE
Collinwood Park,Greater Minnesota Regional Parks & Trails,Greater MN,Regional Park,TRUE,Summer-2019,9738,Summer,2019,9738,16773,Greater Minnesota Regional Parks & Trails,Greater MN,Regional Park,TRUE
Collinwood Park,Greater Minnesota Regional Parks & Trails,Greater MN,Regional Park,TRUE,Summer-2020,13628,Summer,2020,13628,21981,Greater Minnesota Regional Parks & Trails,Greater MN,Regional Park,TRUE
Collinwood Park,Greater Minnesota Regional Parks & Trails,Greater MN,Regional Park,TRUE,Summer-2021,12330,Summer,2021,12330,23324,Greater Minnesota Regional Parks & Trails,Greater MN,Regional Park,TRUE
Collinwood Park,Greater Minnesota Regional Parks & Trails,Greater MN,Regional Park,TRUE,Winter-2018,1595,Winter,2018,1595,23526,Greater Minnesota Regional Parks & Trails,Greater MN,Regional Park,TRUE
Collinwood Park,Greater Minnesota Regional Parks & Trails,Greater MN,Regional Park,TRUE,Winter-2019,1067,Winter,2019,1067,16773,Greater Minnesota Regional Parks & Trails,Greater MN,Regional Park,TRUE
Collinwood Park,Greater Minnesota Regional Parks & Trails,Greater MN,Regional Park,TRUE,Winter-2020,562,Winter,2020,562,21981,Greater Minnesota Regional Parks & Trails,Greater MN,Regional Park,TRUE
Collinwood Park,Greater Minnesota Regional Parks & Trails,Greater MN,Regional Park,TRUE,Winter-2021,1287,Winter,2021,1287,23324,Greater Minnesota Regional Parks & Trails,Greater MN,Regional Park,TRUE
Collinwood Park,Greater Minnesota Regional Parks & Trails,Greater MN,Regional Park,TRUE,Winter-2022,164,Winter,2022,164,164,Greater Minnesota Regional Parks & Trails,Greater MN,Regional Park,TRUE
Como,Metropolitan Regional Park System,St. Paul Parks and Recreation,Regional Park,TRUE,Fall-2018,103221,Fall,2018,103221,690773,Metropolitan Regional Park System,St. Paul Parks and Recreation,Regional Park,TRUE
Como,Metropolitan Regional Park System,St. Paul Parks and Recreation,Regional Park,TRUE,Fall-2019,105965,Fall,2019,105965,704425,Metropolitan Regional Park System,St. Paul Parks and Recreation,Regional Park,TRUE
Como,Metropolitan Regional Park System,St. Paul Parks and Recreation,Regional Park,TRUE,Fall-2020,134953,Fall,2020,134953,589232,Metropolitan Regional Park System,St. Paul Parks and Recreation,Regional Park,TRUE
Como,Metropolitan Regional Park System,St. Paul Parks and Recreation,Regional Park,TRUE,Fall-2021,133099,Fall,2021,133099,806172,Metropolitan Regional Park System,St. Paul Parks and Recreation,Regional Park,TRUE
Como,Metropolitan Regional Park System,St. Paul Parks and Recreation,Regional Park,TRUE,Spring-2018,161510,Spring,2018,161510,690773,Metropolitan Regional Park System,St. Paul Parks and Recreation,Regional Park,TRUE
Como,Metropolitan Regional Park System,St. Paul Parks and Recreation,Regional Park,TRUE,Spring-2019,155759,Spring,2019,155759,704425,Metropolitan Regional Park System,St. Paul Parks and Recreation,Regional Park,TRUE
Como,Metropolitan Regional Park System,St. Paul Parks and Recreation,Regional Park,TRUE,Spring-2020,113440,Spring,2020,113440,589232,Metropolitan Regional Park System,St. Paul Parks and Recreation,Regional Park,TRUE
Como,Metropolitan Regional Park System,St. Paul Parks and Recreation,Regional Park,TRUE,Spring-2021,213427,Spring,2021,213427,806172,Metropolitan Regional Park System,St. Paul Parks and Recreation,Regional Park,TRUE
Como,Metropolitan Regional Park System,St. Paul Parks and Recreation,Regional Park,TRUE,Summer-2018,389462,Summer,2018,389462,690773,Metropolitan Regional Park System,St. Paul Parks and Recreation,Regional Park,TRUE
Como,Metropolitan Regional Park System,St. Paul Parks and Recreation,Regional Park,TRUE,Summer-2019,400523,Summer,2019,400523,704425,Metropolitan Regional Park System,St. Paul Parks and Recreation,Regional Park,TRUE
Como,Metropolitan Regional Park System,St. Paul Parks and Recreation,Regional Park,TRUE,Summer-2020,301243,Summer,2020,301243,589232,Metropolitan Regional Park System,St. Paul Parks and Recreation,Regional Park,TRUE
Como,Metropolitan Regional Park System,St. Paul Parks and Recreation,Regional Park,TRUE,Summer-2021,403301,Summer,2021,403301,806172,Metropolitan Regional Park System,St. Paul Parks and Recreation,Regional Park,TRUE
Como,Metropolitan Regional Park System,St. Paul Parks and Recreation,Regional Park,TRUE,Winter-2018,36580,Winter,2018,36580,690773,Metropolitan Regional Park System,St. Paul Parks and Recreation,Regional Park,TRUE
Como,Metropolitan Regional Park System,St. Paul Parks and Recreation,Regional Park,TRUE,Winter-2019,42178,Winter,2019,42178,704425,Metropolitan Regional Park System,St. Paul Parks and Recreation,Regional Park,TRUE
Como,Metropolitan Regional Park System,St. Paul Parks and Recreation,Regional Park,TRUE,Winter-2020,39596,Winter,2020,39596,589232,Metropolitan Regional Park System,St. Paul Parks and Recreation,Regional Park,TRUE
Como,Metropolitan Regional Park System,St. Paul Parks and Recreation,Regional Park,TRUE,Winter-2021,56345,Winter,2021,56345,806172,Metropolitan Regional Park System,St. Paul Parks and Recreation,Regional Park,TRUE
Como,Metropolitan Regional Park System,St. Paul Parks and Recreation,Regional Park,TRUE,Winter-2022,10989,Winter,2022,10989,10989,Metropolitan Regional Park System,St. Paul Parks and Recreation,Regional Park,TRUE
Como Zoo and Conservatory,Metropolitan Regional Park System,St Paul Parks and Recreation,Regional Park,TRUE,Fall-2018,110475,Fall,2018,110475,778831,Metropolitan Regional Park System,St Paul Parks and Recreation,Regional Park,TRUE
Como Zoo and Conservatory,Metropolitan Regional Park System,St Paul Parks and Recreation,Regional Park,TRUE,Fall-2019,112255,Fall,2019,112255,812983,Metropolitan Regional Park System,St Paul Parks and Recreation,Regional Park,TRUE
Como Zoo and Conservatory,Metropolitan Regional Park System,St Paul Parks and Recreation,Regional Park,TRUE,Fall-2020,78299,Fall,2020,78299,314411,Metropolitan Regional Park System,St Paul Parks and Recreation,Regional Park,TRUE
Como Zoo and Conservatory,Metropolitan Regional Park System,St Paul Parks and Recreation,Regional Park,TRUE,Fall-2021,92454,Fall,2021,92454,626598,Metropolitan Regional Park System,St Paul Parks and Recreation,Regional Park,TRUE
Como Zoo and Conservatory,Metropolitan Regional Park System,St Paul Parks and Recreation,Regional Park,TRUE,Spring-2018,225003,Spring,2018,225003,778831,Metropolitan Regional Park System,St Paul Parks and Recreation,Regional Park,TRUE
Como Zoo and Conservatory,Metropolitan Regional Park System,St Paul Parks and Recreation,Regional Park,TRUE,Spring-2019,215549,Spring,2019,215549,812983,Metropolitan Regional Park System,St Paul Parks and Recreation,Regional Park,TRUE
Como Zoo and Conservatory,Metropolitan Regional Park System,St Paul Parks and Recreation,Regional Park,TRUE,Spring-2020,44955,Spring,2020,44955,314411,Metropolitan Regional Park System,St Paul Parks and Recreation,Regional Park,TRUE
Como Zoo and Conservatory,Metropolitan Regional Park System,St Paul Parks and Recreation,Regional Park,TRUE,Spring-2021,147203,Spring,2021,147203,626598,Metropolitan Regional Park System,St Paul Parks and Recreation,Regional Park,TRUE
Como Zoo and Conservatory,Metropolitan Regional Park System,St Paul Parks and Recreation,Regional Park,TRUE,Summer-2018,339678,Summer,2018,339678,778831,Metropolitan Regional Park System,St Paul Parks and Recreation,Regional Park,TRUE
Como Zoo and Conservatory,Metropolitan Regional Park System,St Paul Parks and Recreation,Regional Park,TRUE,Summer-2019,385732,Summer,2019,385732,812983,Metropolitan Regional Park System,St Paul Parks and Recreation,Regional Park,TRUE
Como Zoo and Conservatory,Metropolitan Regional Park System,St Paul Parks and Recreation,Regional Park,TRUE,Summer-2020,90909,Summer,2020,90909,314411,Metropolitan Regional Park System,St Paul Parks and Recreation,Regional Park,TRUE
Como Zoo and Conservatory,Metropolitan Regional Park System,St Paul Parks and Recreation,Regional Park,TRUE,Summer-2021,352491,Summer,2021,352491,626598,Metropolitan Regional Park System,St Paul Parks and Recreation,Regional Park,TRUE
Como Zoo and Conservatory,Metropolitan Regional Park System,St Paul Parks and Recreation,Regional Park,TRUE,Winter-2018,103675,Winter,2018,103675,778831,Metropolitan Regional Park System,St Paul Parks and Recreation,Regional Park,TRUE
Como Zoo and Conservatory,Metropolitan Regional Park System,St Paul Parks and Recreation,Regional Park,TRUE,Winter-2019,99447,Winter,2019,99447,812983,Metropolitan Regional Park System,St Paul Parks and Recreation,Regional Park,TRUE
Como Zoo and Conservatory,Metropolitan Regional Park System,St Paul Parks and Recreation,Regional Park,TRUE,Winter-2020,100248,Winter,2020,100248,314411,Metropolitan Regional Park System,St Paul Parks and Recreation,Regional Park,TRUE
Como Zoo and Conservatory,Metropolitan Regional Park System,St Paul Parks and Recreation,Regional Park,TRUE,Winter-2021,34450,Winter,2021,34450,626598,Metropolitan Regional Park System,St Paul Parks and Recreation,Regional Park,TRUE
Como Zoo and Conservatory,Metropolitan Regional Park System,St Paul Parks and Recreation,Regional Park,TRUE,Winter-2022,18118,Winter,2022,18118,18118,Metropolitan Regional Park System,St Paul Parks and Recreation,Regional Park,TRUE
Coon Rapids Dam,Metropolitan Regional Park System,Anoka County Parks and Recreation,Regional Park,TRUE,Fall-2018,19080,Fall,2018,19080,109015,Metropolitan Regional Park System,Anoka County Parks and Recreation,Regional Park,TRUE
Coon Rapids Dam,Metropolitan Regional Park System,Anoka County Parks and Recreation,Regional Park,TRUE,Fall-2019,22614,Fall,2019,22614,134945,Metropolitan Regional Park System,Anoka County Parks and Recreation,Regional Park,TRUE
Coon Rapids Dam,Metropolitan Regional Park System,Anoka County Parks and Recreation,Regional Park,TRUE,Fall-2020,32147,Fall,2020,32147,212646,Metropolitan Regional Park System,Anoka County Parks and Recreation,Regional Park,TRUE
Coon Rapids Dam,Metropolitan Regional Park System,Anoka County Parks and Recreation,Regional Park,TRUE,Fall-2021,26368,Fall,2021,26368,169620,Metropolitan Regional Park System,Anoka County Parks and Recreation,Regional Park,TRUE
Coon Rapids Dam,Metropolitan Regional Park System,Anoka County Parks and Recreation,Regional Park,TRUE,Spring-2018,27521,Spring,2018,27521,109015,Metropolitan Regional Park System,Anoka County Parks and Recreation,Regional Park,TRUE
Coon Rapids Dam,Metropolitan Regional Park System,Anoka County Parks and Recreation,Regional Park,TRUE,Spring-2019,37537,Spring,2019,37537,134945,Metropolitan Regional Park System,Anoka County Parks and Recreation,Regional Park,TRUE
Coon Rapids Dam,Metropolitan Regional Park System,Anoka County Parks and Recreation,Regional Park,TRUE,Spring-2020,73835,Spring,2020,73835,212646,Metropolitan Regional Park System,Anoka County Parks and Recreation,Regional Park,TRUE
Coon Rapids Dam,Metropolitan Regional Park System,Anoka County Parks and Recreation,Regional Park,TRUE,Spring-2021,56635,Spring,2021,56635,169620,Metropolitan Regional Park System,Anoka County Parks and Recreation,Regional Park,TRUE
Coon Rapids Dam,Metropolitan Regional Park System,Anoka County Parks and Recreation,Regional Park,TRUE,Summer-2018,53998,Summer,2018,53998,109015,Metropolitan Regional Park System,Anoka County Parks and Recreation,Regional Park,TRUE
Coon Rapids Dam,Metropolitan Regional Park System,Anoka County Parks and Recreation,Regional Park,TRUE,Summer-2019,66031,Summer,2019,66031,134945,Metropolitan Regional Park System,Anoka County Parks and Recreation,Regional Park,TRUE
Coon Rapids Dam,Metropolitan Regional Park System,Anoka County Parks and Recreation,Regional Park,TRUE,Summer-2020,94954,Summer,2020,94954,212646,Metropolitan Regional Park System,Anoka County Parks and Recreation,Regional Park,TRUE
Coon Rapids Dam,Metropolitan Regional Park System,Anoka County Parks and Recreation,Regional Park,TRUE,Summer-2021,69385,Summer,2021,69385,169620,Metropolitan Regional Park System,Anoka County Parks and Recreation,Regional Park,TRUE
Coon Rapids Dam,Metropolitan Regional Park System,Anoka County Parks and Recreation,Regional Park,TRUE,Winter-2018,8416,Winter,2018,8416,109015,Metropolitan Regional Park System,Anoka County Parks and Recreation,Regional Park,TRUE
Coon Rapids Dam,Metropolitan Regional Park System,Anoka County Parks and Recreation,Regional Park,TRUE,Winter-2019,8763,Winter,2019,8763,134945,Metropolitan Regional Park System,Anoka County Parks and Recreation,Regional Park,TRUE
Coon Rapids Dam,Metropolitan Regional Park System,Anoka County Parks and Recreation,Regional Park,TRUE,Winter-2020,11710,Winter,2020,11710,212646,Metropolitan Regional Park System,Anoka County Parks and Recreation,Regional Park,TRUE
Coon Rapids Dam,Metropolitan Regional Park System,Anoka County Parks and Recreation,Regional Park,TRUE,Winter-2021,17232,Winter,2021,17232,169620,Metropolitan Regional Park System,Anoka County Parks and Recreation,Regional Park,TRUE
Coon Rapids Dam,Metropolitan Regional Park System,Anoka County Parks and Recreation,Regional Park,TRUE,Winter-2022,1940,Winter,2022,1940,1940,Metropolitan Regional Park System,Anoka County Parks and Recreation,Regional Park,TRUE
Cottage Grove Ravine,Metropolitan Regional Park System,Washington County Parks,Regional Park,TRUE,Fall-2018,6893,Fall,2018,6893,26204,Metropolitan Regional Park System,Washington County Parks,Regional Park,TRUE
Cottage Grove Ravine,Metropolitan Regional Park System,Washington County Parks,Regional Park,TRUE,Fall-2019,6194,Fall,2019,6194,32438,Metropolitan Regional Park System,Washington County Parks,Regional Park,TRUE
Cottage Grove Ravine,Metropolitan Regional Park System,Washington County Parks,Regional Park,TRUE,Fall-2020,14773,Fall,2020,14773,75698,Metropolitan Regional Park System,Washington County Parks,Regional Park,TRUE
Cottage Grove Ravine,Metropolitan Regional Park System,Washington County Parks,Regional Park,TRUE,Fall-2021,13994,Fall,2021,13994,57382,Metropolitan Regional Park System,Washington County Parks,Regional Park,TRUE
Cottage Grove Ravine,Metropolitan Regional Park System,Washington County Parks,Regional Park,TRUE,Spring-2018,4270,Spring,2018,4270,26204,Metropolitan Regional Park System,Washington County Parks,Regional Park,TRUE
Cottage Grove Ravine,Metropolitan Regional Park System,Washington County Parks,Regional Park,TRUE,Spring-2019,8405,Spring,2019,8405,32438,Metropolitan Regional Park System,Washington County Parks,Regional Park,TRUE
Cottage Grove Ravine,Metropolitan Regional Park System,Washington County Parks,Regional Park,TRUE,Spring-2020,27818,Spring,2020,27818,75698,Metropolitan Regional Park System,Washington County Parks,Regional Park,TRUE
Cottage Grove Ravine,Metropolitan Regional Park System,Washington County Parks,Regional Park,TRUE,Spring-2021,14805,Spring,2021,14805,57382,Metropolitan Regional Park System,Washington County Parks,Regional Park,TRUE
Cottage Grove Ravine,Metropolitan Regional Park System,Washington County Parks,Regional Park,TRUE,Summer-2018,12457,Summer,2018,12457,26204,Metropolitan Regional Park System,Washington County Parks,Regional Park,TRUE
Cottage Grove Ravine,Metropolitan Regional Park System,Washington County Parks,Regional Park,TRUE,Summer-2019,11574,Summer,2019,11574,32438,Metropolitan Regional Park System,Washington County Parks,Regional Park,TRUE
Cottage Grove Ravine,Metropolitan Regional Park System,Washington County Parks,Regional Park,TRUE,Summer-2020,23220,Summer,2020,23220,75698,Metropolitan Regional Park System,Washington County Parks,Regional Park,TRUE
Cottage Grove Ravine,Metropolitan Regional Park System,Washington County Parks,Regional Park,TRUE,Summer-2021,15140,Summer,2021,15140,57382,Metropolitan Regional Park System,Washington County Parks,Regional Park,TRUE
Cottage Grove Ravine,Metropolitan Regional Park System,Washington County Parks,Regional Park,TRUE,Winter-2018,2584,Winter,2018,2584,26204,Metropolitan Regional Park System,Washington County Parks,Regional Park,TRUE
Cottage Grove Ravine,Metropolitan Regional Park System,Washington County Parks,Regional Park,TRUE,Winter-2019,6265,Winter,2019,6265,32438,Metropolitan Regional Park System,Washington County Parks,Regional Park,TRUE
Cottage Grove Ravine,Metropolitan Regional Park System,Washington County Parks,Regional Park,TRUE,Winter-2020,9887,Winter,2020,9887,75698,Metropolitan Regional Park System,Washington County Parks,Regional Park,TRUE
Cottage Grove Ravine,Metropolitan Regional Park System,Washington County Parks,Regional Park,TRUE,Winter-2021,13443,Winter,2021,13443,57382,Metropolitan Regional Park System,Washington County Parks,Regional Park,TRUE
Cottage Grove Ravine,Metropolitan Regional Park System,Washington County Parks,Regional Park,TRUE,Winter-2022,1896,Winter,2022,1896,1896,Metropolitan Regional Park System,Washington County Parks,Regional Park,TRUE
Crow-Hassan,Metropolitan Regional Park System,Three Rivers Park District,Regional Park,TRUE,Fall-2018,17550,Fall,2018,17550,46721,Metropolitan Regional Park System,Three Rivers Park District,Regional Park,TRUE
Crow-Hassan,Metropolitan Regional Park System,Three Rivers Park District,Regional Park,TRUE,Fall-2019,13837,Fall,2019,13837,68205,Metropolitan Regional Park System,Three Rivers Park District,Regional Park,TRUE
Crow-Hassan,Metropolitan Regional Park System,Three Rivers Park District,Regional Park,TRUE,Fall-2020,31319,Fall,2020,31319,114026,Metropolitan Regional Park System,Three Rivers Park District,Regional Park,TRUE
Crow-Hassan,Metropolitan Regional Park System,Three Rivers Park District,Regional Park,TRUE,Fall-2021,27753,Fall,2021,27753,110458,Metropolitan Regional Park System,Three Rivers Park District,Regional Park,TRUE
Crow-Hassan,Metropolitan Regional Park System,Three Rivers Park District,Regional Park,TRUE,Spring-2018,9945,Spring,2018,9945,46721,Metropolitan Regional Park System,Three Rivers Park District,Regional Park,TRUE
Crow-Hassan,Metropolitan Regional Park System,Three Rivers Park District,Regional Park,TRUE,Spring-2019,18315,Spring,2019,18315,68205,Metropolitan Regional Park System,Three Rivers Park District,Regional Park,TRUE
Crow-Hassan,Metropolitan Regional Park System,Three Rivers Park District,Regional Park,TRUE,Spring-2020,34960,Spring,2020,34960,114026,Metropolitan Regional Park System,Three Rivers Park District,Regional Park,TRUE
Crow-Hassan,Metropolitan Regional Park System,Three Rivers Park District,Regional Park,TRUE,Spring-2021,29198,Spring,2021,29198,110458,Metropolitan Regional Park System,Three Rivers Park District,Regional Park,TRUE
Crow-Hassan,Metropolitan Regional Park System,Three Rivers Park District,Regional Park,TRUE,Summer-2018,15491,Summer,2018,15491,46721,Metropolitan Regional Park System,Three Rivers Park District,Regional Park,TRUE
Crow-Hassan,Metropolitan Regional Park System,Three Rivers Park District,Regional Park,TRUE,Summer-2019,23982,Summer,2019,23982,68205,Metropolitan Regional Park System,Three Rivers Park District,Regional Park,TRUE
Crow-Hassan,Metropolitan Regional Park System,Three Rivers Park District,Regional Park,TRUE,Summer-2020,34259,Summer,2020,34259,114026,Metropolitan Regional Park System,Three Rivers Park District,Regional Park,TRUE
Crow-Hassan,Metropolitan Regional Park System,Three Rivers Park District,Regional Park,TRUE,Summer-2021,26713,Summer,2021,26713,110458,Metropolitan Regional Park System,Three Rivers Park District,Regional Park,TRUE
Crow-Hassan,Metropolitan Regional Park System,Three Rivers Park District,Regional Park,TRUE,Winter-2018,3735,Winter,2018,3735,46721,Metropolitan Regional Park System,Three Rivers Park District,Regional Park,TRUE
Crow-Hassan,Metropolitan Regional Park System,Three Rivers Park District,Regional Park,TRUE,Winter-2019,12071,Winter,2019,12071,68205,Metropolitan Regional Park System,Three Rivers Park District,Regional Park,TRUE
Crow-Hassan,Metropolitan Regional Park System,Three Rivers Park District,Regional Park,TRUE,Winter-2020,13488,Winter,2020,13488,114026,Metropolitan Regional Park System,Three Rivers Park District,Regional Park,TRUE
Crow-Hassan,Metropolitan Regional Park System,Three Rivers Park District,Regional Park,TRUE,Winter-2021,26794,Winter,2021,26794,110458,Metropolitan Regional Park System,Three Rivers Park District,Regional Park,TRUE
Crow-Hassan,Metropolitan Regional Park System,Three Rivers Park District,Regional Park,TRUE,Winter-2022,4251,Winter,2022,4251,4251,Metropolitan Regional Park System,Three Rivers Park District,Regional Park,TRUE
Crow Wing,Department of Natural Resources State Park,DNR,State Park,TRUE,Fall-2018,7217,Fall,2018,7217,30203,Department of Natural Resources State Park,DNR,State Park,TRUE
Crow Wing,Department of Natural Resources State Park,DNR,State Park,TRUE,Fall-2019,5975,Fall,2019,5975,25479,Department of Natural Resources State Park,DNR,State Park,TRUE
Crow Wing,Department of Natural Resources State Park,DNR,State Park,TRUE,Fall-2020,9592,Fall,2020,9592,35614,Department of Natural Resources State Park,DNR,State Park,TRUE
Crow Wing,Department of Natural Resources State Park,DNR,State Park,TRUE,Fall-2021,7664,Fall,2021,7664,27230,Department of Natural Resources State Park,DNR,State Park,TRUE
Crow Wing,Department of Natural Resources State Park,DNR,State Park,TRUE,Spring-2018,3487,Spring,2018,3487,30203,Department of Natural Resources State Park,DNR,State Park,TRUE
Crow Wing,Department of Natural Resources State Park,DNR,State Park,TRUE,Spring-2019,3149,Spring,2019,3149,25479,Department of Natural Resources State Park,DNR,State Park,TRUE
Crow Wing,Department of Natural Resources State Park,DNR,State Park,TRUE,Spring-2020,7135,Spring,2020,7135,35614,Department of Natural Resources State Park,DNR,State Park,TRUE
Crow Wing,Department of Natural Resources State Park,DNR,State Park,TRUE,Spring-2021,5953,Spring,2021,5953,27230,Department of Natural Resources State Park,DNR,State Park,TRUE
Crow Wing,Department of Natural Resources State Park,DNR,State Park,TRUE,Summer-2018,17540,Summer,2018,17540,30203,Department of Natural Resources State Park,DNR,State Park,TRUE
Crow Wing,Department of Natural Resources State Park,DNR,State Park,TRUE,Summer-2019,15659,Summer,2019,15659,25479,Department of Natural Resources State Park,DNR,State Park,TRUE
Crow Wing,Department of Natural Resources State Park,DNR,State Park,TRUE,Summer-2020,17946,Summer,2020,17946,35614,Department of Natural Resources State Park,DNR,State Park,TRUE
Crow Wing,Department of Natural Resources State Park,DNR,State Park,TRUE,Summer-2021,12241,Summer,2021,12241,27230,Department of Natural Resources State Park,DNR,State Park,TRUE
Crow Wing,Department of Natural Resources State Park,DNR,State Park,TRUE,Winter-2018,1959,Winter,2018,1959,30203,Department of Natural Resources State Park,DNR,State Park,TRUE
Crow Wing,Department of Natural Resources State Park,DNR,State Park,TRUE,Winter-2019,696,Winter,2019,696,25479,Department of Natural Resources State Park,DNR,State Park,TRUE
Crow Wing,Department of Natural Resources State Park,DNR,State Park,TRUE,Winter-2020,941,Winter,2020,941,35614,Department of Natural Resources State Park,DNR,State Park,TRUE
Crow Wing,Department of Natural Resources State Park,DNR,State Park,TRUE,Winter-2021,1372,Winter,2021,1372,27230,Department of Natural Resources State Park,DNR,State Park,TRUE
Crow Wing,Department of Natural Resources State Park,DNR,State Park,TRUE,Winter-2022,260,Winter,2022,260,260,Department of Natural Resources State Park,DNR,State Park,TRUE
Cuyuna Country,Department of Natural Resources State Park,DNR,State Recreation Area,TRUE,Fall-2018,22196,Fall,2018,22196,99294,Department of Natural Resources State Park,DNR,State Recreation Area,TRUE
Cuyuna Country,Department of Natural Resources State Park,DNR,State Recreation Area,TRUE,Fall-2019,32883,Fall,2019,32883,177087,Department of Natural Resources State Park,DNR,State Recreation Area,TRUE
Cuyuna Country,Department of Natural Resources State Park,DNR,State Recreation Area,TRUE,Fall-2020,31512,Fall,2020,31512,205619,Department of Natural Resources State Park,DNR,State Recreation Area,TRUE
Cuyuna Country,Department of Natural Resources State Park,DNR,State Recreation Area,TRUE,Fall-2021,24102,Fall,2021,24102,150719,Department of Natural Resources State Park,DNR,State Recreation Area,TRUE
Cuyuna Country,Department of Natural Resources State Park,DNR,State Recreation Area,TRUE,Spring-2018,8290,Spring,2018,8290,99294,Department of Natural Resources State Park,DNR,State Recreation Area,TRUE
Cuyuna Country,Department of Natural Resources State Park,DNR,State Recreation Area,TRUE,Spring-2019,20300,Spring,2019,20300,177087,Department of Natural Resources State Park,DNR,State Recreation Area,TRUE
Cuyuna Country,Department of Natural Resources State Park,DNR,State Recreation Area,TRUE,Spring-2020,30332,Spring,2020,30332,205619,Department of Natural Resources State Park,DNR,State Recreation Area,TRUE
Cuyuna Country,Department of Natural Resources State Park,DNR,State Recreation Area,TRUE,Spring-2021,26610,Spring,2021,26610,150719,Department of Natural Resources State Park,DNR,State Recreation Area,TRUE
Cuyuna Country,Department of Natural Resources State Park,DNR,State Recreation Area,TRUE,Summer-2018,62512,Summer,2018,62512,99294,Department of Natural Resources State Park,DNR,State Recreation Area,TRUE
Cuyuna Country,Department of Natural Resources State Park,DNR,State Recreation Area,TRUE,Summer-2019,106153,Summer,2019,106153,177087,Department of Natural Resources State Park,DNR,State Recreation Area,TRUE
Cuyuna Country,Department of Natural Resources State Park,DNR,State Recreation Area,TRUE,Summer-2020,132598,Summer,2020,132598,205619,Department of Natural Resources State Park,DNR,State Recreation Area,TRUE
Cuyuna Country,Department of Natural Resources State Park,DNR,State Recreation Area,TRUE,Summer-2021,87178,Summer,2021,87178,150719,Department of Natural Resources State Park,DNR,State Recreation Area,TRUE
Cuyuna Country,Department of Natural Resources State Park,DNR,State Recreation Area,TRUE,Winter-2018,6296,Winter,2018,6296,99294,Department of Natural Resources State Park,DNR,State Recreation Area,TRUE
Cuyuna Country,Department of Natural Resources State Park,DNR,State Recreation Area,TRUE,Winter-2019,17751,Winter,2019,17751,177087,Department of Natural Resources State Park,DNR,State Recreation Area,TRUE
Cuyuna Country,Department of Natural Resources State Park,DNR,State Recreation Area,TRUE,Winter-2020,11177,Winter,2020,11177,205619,Department of Natural Resources State Park,DNR,State Recreation Area,TRUE
Cuyuna Country,Department of Natural Resources State Park,DNR,State Recreation Area,TRUE,Winter-2021,12829,Winter,2021,12829,150719,Department of Natural Resources State Park,DNR,State Recreation Area,TRUE
Cuyuna Country,Department of Natural Resources State Park,DNR,State Recreation Area,TRUE,Winter-2022,909,Winter,2022,909,909,Department of Natural Resources State Park,DNR,State Recreation Area,TRUE
Detroit Mountain Recreational Area,Greater Minnesota Regional Parks & Trails,Greater MN,Regional Park,TRUE,Fall-2018,10479,Fall,2018,10479,64637,Greater Minnesota Regional Parks & Trails,Greater MN,Regional Park,TRUE
Detroit Mountain Recreational Area,Greater Minnesota Regional Parks & Trails,Greater MN,Regional Park,TRUE,Fall-2019,21483,Fall,2019,21483,106543,Greater Minnesota Regional Parks & Trails,Greater MN,Regional Park,TRUE
Detroit Mountain Recreational Area,Greater Minnesota Regional Parks & Trails,Greater MN,Regional Park,TRUE,Fall-2020,7054,Fall,2020,7054,92739,Greater Minnesota Regional Parks & Trails,Greater MN,Regional Park,TRUE
Detroit Mountain Recreational Area,Greater Minnesota Regional Parks & Trails,Greater MN,Regional Park,TRUE,Fall-2021,11595,Fall,2021,11595,83119,Greater Minnesota Regional Parks & Trails,Greater MN,Regional Park,TRUE
Detroit Mountain Recreational Area,Greater Minnesota Regional Parks & Trails,Greater MN,Regional Park,TRUE,Spring-2018,12865,Spring,2018,12865,64637,Greater Minnesota Regional Parks & Trails,Greater MN,Regional Park,TRUE
Detroit Mountain Recreational Area,Greater Minnesota Regional Parks & Trails,Greater MN,Regional Park,TRUE,Spring-2019,19534,Spring,2019,19534,106543,Greater Minnesota Regional Parks & Trails,Greater MN,Regional Park,TRUE
Detroit Mountain Recreational Area,Greater Minnesota Regional Parks & Trails,Greater MN,Regional Park,TRUE,Spring-2020,12873,Spring,2020,12873,92739,Greater Minnesota Regional Parks & Trails,Greater MN,Regional Park,TRUE
Detroit Mountain Recreational Area,Greater Minnesota Regional Parks & Trails,Greater MN,Regional Park,TRUE,Spring-2021,6379,Spring,2021,6379,83119,Greater Minnesota Regional Parks & Trails,Greater MN,Regional Park,TRUE
Detroit Mountain Recreational Area,Greater Minnesota Regional Parks & Trails,Greater MN,Regional Park,TRUE,Summer-2018,11070,Summer,2018,11070,64637,Greater Minnesota Regional Parks & Trails,Greater MN,Regional Park,TRUE
Detroit Mountain Recreational Area,Greater Minnesota Regional Parks & Trails,Greater MN,Regional Park,TRUE,Summer-2019,20019,Summer,2019,20019,106543,Greater Minnesota Regional Parks & Trails,Greater MN,Regional Park,TRUE
Detroit Mountain Recreational Area,Greater Minnesota Regional Parks & Trails,Greater MN,Regional Park,TRUE,Summer-2020,13360,Summer,2020,13360,92739,Greater Minnesota Regional Parks & Trails,Greater MN,Regional Park,TRUE
Detroit Mountain Recreational Area,Greater Minnesota Regional Parks & Trails,Greater MN,Regional Park,TRUE,Summer-2021,11009,Summer,2021,11009,83119,Greater Minnesota Regional Parks & Trails,Greater MN,Regional Park,TRUE
Detroit Mountain Recreational Area,Greater Minnesota Regional Parks & Trails,Greater MN,Regional Park,TRUE,Winter-2018,30223,Winter,2018,30223,64637,Greater Minnesota Regional Parks & Trails,Greater MN,Regional Park,TRUE
Detroit Mountain Recreational Area,Greater Minnesota Regional Parks & Trails,Greater MN,Regional Park,TRUE,Winter-2019,45507,Winter,2019,45507,106543,Greater Minnesota Regional Parks & Trails,Greater MN,Regional Park,TRUE
Detroit Mountain Recreational Area,Greater Minnesota Regional Parks & Trails,Greater MN,Regional Park,TRUE,Winter-2020,59452,Winter,2020,59452,92739,Greater Minnesota Regional Parks & Trails,Greater MN,Regional Park,TRUE
Detroit Mountain Recreational Area,Greater Minnesota Regional Parks & Trails,Greater MN,Regional Park,TRUE,Winter-2021,54136,Winter,2021,54136,83119,Greater Minnesota Regional Parks & Trails,Greater MN,Regional Park,TRUE
Detroit Mountain Recreational Area,Greater Minnesota Regional Parks & Trails,Greater MN,Regional Park,TRUE,Winter-2022,14438,Winter,2022,14438,14438,Greater Minnesota Regional Parks & Trails,Greater MN,Regional Park,TRUE
Devils Track Falls,Department of Natural Resources State Park,DNR,State Wayside,TRUE,Fall-2018,1961,Fall,2018,1961,8329,Department of Natural Resources State Park,DNR,State Wayside,TRUE
Devils Track Falls,Department of Natural Resources State Park,DNR,State Wayside,TRUE,Fall-2019,999,Fall,2019,999,4314,Department of Natural Resources State Park,DNR,State Wayside,TRUE
Devils Track Falls,Department of Natural Resources State Park,DNR,State Wayside,TRUE,Fall-2020,1615,Fall,2020,1615,4990,Department of Natural Resources State Park,DNR,State Wayside,TRUE
Devils Track Falls,Department of Natural Resources State Park,DNR,State Wayside,TRUE,Fall-2021,1289,Fall,2021,1289,4636,Department of Natural Resources State Park,DNR,State Wayside,TRUE
Devils Track Falls,Department of Natural Resources State Park,DNR,State Wayside,TRUE,Spring-2018,2239,Spring,2018,2239,8329,Department of Natural Resources State Park,DNR,State Wayside,TRUE
Devils Track Falls,Department of Natural Resources State Park,DNR,State Wayside,TRUE,Spring-2019,1319,Spring,2019,1319,4314,Department of Natural Resources State Park,DNR,State Wayside,TRUE
Devils Track Falls,Department of Natural Resources State Park,DNR,State Wayside,TRUE,Spring-2020,614,Spring,2020,614,4990,Department of Natural Resources State Park,DNR,State Wayside,TRUE
Devils Track Falls,Department of Natural Resources State Park,DNR,State Wayside,TRUE,Spring-2021,1204,Spring,2021,1204,4636,Department of Natural Resources State Park,DNR,State Wayside,TRUE
Devils Track Falls,Department of Natural Resources State Park,DNR,State Wayside,TRUE,Summer-2018,1699,Summer,2018,1699,8329,Department of Natural Resources State Park,DNR,State Wayside,TRUE
Devils Track Falls,Department of Natural Resources State Park,DNR,State Wayside,TRUE,Summer-2019,1298,Summer,2019,1298,4314,Department of Natural Resources State Park,DNR,State Wayside,TRUE
Devils Track Falls,Department of Natural Resources State Park,DNR,State Wayside,TRUE,Summer-2020,1986,Summer,2020,1986,4990,Department of Natural Resources State Park,DNR,State Wayside,TRUE
Devils Track Falls,Department of Natural Resources State Park,DNR,State Wayside,TRUE,Summer-2021,1089,Summer,2021,1089,4636,Department of Natural Resources State Park,DNR,State Wayside,TRUE
Devils Track Falls,Department of Natural Resources State Park,DNR,State Wayside,TRUE,Winter-2018,2430,Winter,2018,2430,8329,Department of Natural Resources State Park,DNR,State Wayside,TRUE
Devils Track Falls,Department of Natural Resources State Park,DNR,State Wayside,TRUE,Winter-2019,698,Winter,2019,698,4314,Department of Natural Resources State Park,DNR,State Wayside,TRUE
Devils Track Falls,Department of Natural Resources State Park,DNR,State Wayside,TRUE,Winter-2020,775,Winter,2020,775,4990,Department of Natural Resources State Park,DNR,State Wayside,TRUE
Devils Track Falls,Department of Natural Resources State Park,DNR,State Wayside,TRUE,Winter-2021,1054,Winter,2021,1054,4636,Department of Natural Resources State Park,DNR,State Wayside,TRUE
Devils Track Falls,Department of Natural Resources State Park,DNR,State Wayside,TRUE,Winter-2022,594,Winter,2022,594,594,Department of Natural Resources State Park,DNR,State Wayside,TRUE
Eagle Lake,Metropolitan Regional Park System,Three Rivers Park District,Regional Park,TRUE,Fall-2018,5258,Fall,2018,5258,24742,Metropolitan Regional Park System,Three Rivers Park District,Regional Park,TRUE
Eagle Lake,Metropolitan Regional Park System,Three Rivers Park District,Regional Park,TRUE,Fall-2019,2676,Fall,2019,2676,15594,Metropolitan Regional Park System,Three Rivers Park District,Regional Park,TRUE
Eagle Lake,Metropolitan Regional Park System,Three Rivers Park District,Regional Park,TRUE,Fall-2020,3138,Fall,2020,3138,24695,Metropolitan Regional Park System,Three Rivers Park District,Regional Park,TRUE
Eagle Lake,Metropolitan Regional Park System,Three Rivers Park District,Regional Park,TRUE,Fall-2021,3403,Fall,2021,3403,21253,Metropolitan Regional Park System,Three Rivers Park District,Regional Park,TRUE
Eagle Lake,Metropolitan Regional Park System,Three Rivers Park District,Regional Park,TRUE,Spring-2018,5771,Spring,2018,5771,24742,Metropolitan Regional Park System,Three Rivers Park District,Regional Park,TRUE
Eagle Lake,Metropolitan Regional Park System,Three Rivers Park District,Regional Park,TRUE,Spring-2019,3791,Spring,2019,3791,15594,Metropolitan Regional Park System,Three Rivers Park District,Regional Park,TRUE
Eagle Lake,Metropolitan Regional Park System,Three Rivers Park District,Regional Park,TRUE,Spring-2020,8542,Spring,2020,8542,24695,Metropolitan Regional Park System,Three Rivers Park District,Regional Park,TRUE
Eagle Lake,Metropolitan Regional Park System,Three Rivers Park District,Regional Park,TRUE,Spring-2021,7047,Spring,2021,7047,21253,Metropolitan Regional Park System,Three Rivers Park District,Regional Park,TRUE
Eagle Lake,Metropolitan Regional Park System,Three Rivers Park District,Regional Park,TRUE,Summer-2018,9616,Summer,2018,9616,24742,Metropolitan Regional Park System,Three Rivers Park District,Regional Park,TRUE
Eagle Lake,Metropolitan Regional Park System,Three Rivers Park District,Regional Park,TRUE,Summer-2019,7317,Summer,2019,7317,15594,Metropolitan Regional Park System,Three Rivers Park District,Regional Park,TRUE
Eagle Lake,Metropolitan Regional Park System,Three Rivers Park District,Regional Park,TRUE,Summer-2020,11133,Summer,2020,11133,24695,Metropolitan Regional Park System,Three Rivers Park District,Regional Park,TRUE
Eagle Lake,Metropolitan Regional Park System,Three Rivers Park District,Regional Park,TRUE,Summer-2021,7763,Summer,2021,7763,21253,Metropolitan Regional Park System,Three Rivers Park District,Regional Park,TRUE
Eagle Lake,Metropolitan Regional Park System,Three Rivers Park District,Regional Park,TRUE,Winter-2018,4097,Winter,2018,4097,24742,Metropolitan Regional Park System,Three Rivers Park District,Regional Park,TRUE
Eagle Lake,Metropolitan Regional Park System,Three Rivers Park District,Regional Park,TRUE,Winter-2019,1810,Winter,2019,1810,15594,Metropolitan Regional Park System,Three Rivers Park District,Regional Park,TRUE
Eagle Lake,Metropolitan Regional Park System,Three Rivers Park District,Regional Park,TRUE,Winter-2020,1882,Winter,2020,1882,24695,Metropolitan Regional Park System,Three Rivers Park District,Regional Park,TRUE
Eagle Lake,Metropolitan Regional Park System,Three Rivers Park District,Regional Park,TRUE,Winter-2021,3040,Winter,2021,3040,21253,Metropolitan Regional Park System,Three Rivers Park District,Regional Park,TRUE
Eagle Lake,Metropolitan Regional Park System,Three Rivers Park District,Regional Park,TRUE,Winter-2022,601,Winter,2022,601,601,Metropolitan Regional Park System,Three Rivers Park District,Regional Park,TRUE
Elk River Woodland Trails Park,Greater Minnesota Regional Parks & Trails,Greater MN,Regional Park,TRUE,Fall-2018,13803,Fall,2018,13803,62722,Greater Minnesota Regional Parks & Trails,Greater MN,Regional Park,TRUE
Elk River Woodland Trails Park,Greater Minnesota Regional Parks & Trails,Greater MN,Regional Park,TRUE,Fall-2019,18609,Fall,2019,18609,99307,Greater Minnesota Regional Parks & Trails,Greater MN,Regional Park,TRUE
Elk River Woodland Trails Park,Greater Minnesota Regional Parks & Trails,Greater MN,Regional Park,TRUE,Fall-2020,22944,Fall,2020,22944,113313,Greater Minnesota Regional Parks & Trails,Greater MN,Regional Park,TRUE
Elk River Woodland Trails Park,Greater Minnesota Regional Parks & Trails,Greater MN,Regional Park,TRUE,Fall-2021,28423,Fall,2021,28423,149969,Greater Minnesota Regional Parks & Trails,Greater MN,Regional Park,TRUE
Elk River Woodland Trails Park,Greater Minnesota Regional Parks & Trails,Greater MN,Regional Park,TRUE,Spring-2018,12856,Spring,2018,12856,62722,Greater Minnesota Regional Parks & Trails,Greater MN,Regional Park,TRUE
Elk River Woodland Trails Park,Greater Minnesota Regional Parks & Trails,Greater MN,Regional Park,TRUE,Spring-2019,24921,Spring,2019,24921,99307,Greater Minnesota Regional Parks & Trails,Greater MN,Regional Park,TRUE
Elk River Woodland Trails Park,Greater Minnesota Regional Parks & Trails,Greater MN,Regional Park,TRUE,Spring-2020,24054,Spring,2020,24054,113313,Greater Minnesota Regional Parks & Trails,Greater MN,Regional Park,TRUE
Elk River Woodland Trails Park,Greater Minnesota Regional Parks & Trails,Greater MN,Regional Park,TRUE,Spring-2021,40146,Spring,2021,40146,149969,Greater Minnesota Regional Parks & Trails,Greater MN,Regional Park,TRUE
Elk River Woodland Trails Park,Greater Minnesota Regional Parks & Trails,Greater MN,Regional Park,TRUE,Summer-2018,33605,Summer,2018,33605,62722,Greater Minnesota Regional Parks & Trails,Greater MN,Regional Park,TRUE
Elk River Woodland Trails Park,Greater Minnesota Regional Parks & Trails,Greater MN,Regional Park,TRUE,Summer-2019,49818,Summer,2019,49818,99307,Greater Minnesota Regional Parks & Trails,Greater MN,Regional Park,TRUE
Elk River Woodland Trails Park,Greater Minnesota Regional Parks & Trails,Greater MN,Regional Park,TRUE,Summer-2020,55289,Summer,2020,55289,113313,Greater Minnesota Regional Parks & Trails,Greater MN,Regional Park,TRUE
Elk River Woodland Trails Park,Greater Minnesota Regional Parks & Trails,Greater MN,Regional Park,TRUE,Summer-2021,56705,Summer,2021,56705,149969,Greater Minnesota Regional Parks & Trails,Greater MN,Regional Park,TRUE
Elk River Woodland Trails Park,Greater Minnesota Regional Parks & Trails,Greater MN,Regional Park,TRUE,Winter-2018,2458,Winter,2018,2458,62722,Greater Minnesota Regional Parks & Trails,Greater MN,Regional Park,TRUE
Elk River Woodland Trails Park,Greater Minnesota Regional Parks & Trails,Greater MN,Regional Park,TRUE,Winter-2019,5959,Winter,2019,5959,99307,Greater Minnesota Regional Parks & Trails,Greater MN,Regional Park,TRUE
Elk River Woodland Trails Park,Greater Minnesota Regional Parks & Trails,Greater MN,Regional Park,TRUE,Winter-2020,11026,Winter,2020,11026,113313,Greater Minnesota Regional Parks & Trails,Greater MN,Regional Park,TRUE
Elk River Woodland Trails Park,Greater Minnesota Regional Parks & Trails,Greater MN,Regional Park,TRUE,Winter-2021,24695,Winter,2021,24695,149969,Greater Minnesota Regional Parks & Trails,Greater MN,Regional Park,TRUE
Elk River Woodland Trails Park,Greater Minnesota Regional Parks & Trails,Greater MN,Regional Park,TRUE,Winter-2022,3119,Winter,2022,3119,3119,Greater Minnesota Regional Parks & Trails,Greater MN,Regional Park,TRUE
Elm Creek,Metropolitan Regional Park System,Three Rivers Park District,Regional Park,TRUE,Fall-2018,95547,Fall,2018,95547,489019,Metropolitan Regional Park System,Three Rivers Park District,Regional Park,TRUE
Elm Creek,Metropolitan Regional Park System,Three Rivers Park District,Regional Park,TRUE,Fall-2019,90220,Fall,2019,90220,508453,Metropolitan Regional Park System,Three Rivers Park District,Regional Park,TRUE
Elm Creek,Metropolitan Regional Park System,Three Rivers Park District,Regional Park,TRUE,Fall-2020,109993,Fall,2020,109993,620920,Metropolitan Regional Park System,Three Rivers Park District,Regional Park,TRUE
Elm Creek,Metropolitan Regional Park System,Three Rivers Park District,Regional Park,TRUE,Fall-2021,87072,Fall,2021,87072,566881,Metropolitan Regional Park System,Three Rivers Park District,Regional Park,TRUE
Elm Creek,Metropolitan Regional Park System,Three Rivers Park District,Regional Park,TRUE,Spring-2018,93124,Spring,2018,93124,489019,Metropolitan Regional Park System,Three Rivers Park District,Regional Park,TRUE
Elm Creek,Metropolitan Regional Park System,Three Rivers Park District,Regional Park,TRUE,Spring-2019,86011,Spring,2019,86011,508453,Metropolitan Regional Park System,Three Rivers Park District,Regional Park,TRUE
Elm Creek,Metropolitan Regional Park System,Three Rivers Park District,Regional Park,TRUE,Spring-2020,128259,Spring,2020,128259,620920,Metropolitan Regional Park System,Three Rivers Park District,Regional Park,TRUE
Elm Creek,Metropolitan Regional Park System,Three Rivers Park District,Regional Park,TRUE,Spring-2021,116198,Spring,2021,116198,566881,Metropolitan Regional Park System,Three Rivers Park District,Regional Park,TRUE
Elm Creek,Metropolitan Regional Park System,Three Rivers Park District,Regional Park,TRUE,Summer-2018,210666,Summer,2018,210666,489019,Metropolitan Regional Park System,Three Rivers Park District,Regional Park,TRUE
Elm Creek,Metropolitan Regional Park System,Three Rivers Park District,Regional Park,TRUE,Summer-2019,195610,Summer,2019,195610,508453,Metropolitan Regional Park System,Three Rivers Park District,Regional Park,TRUE
Elm Creek,Metropolitan Regional Park System,Three Rivers Park District,Regional Park,TRUE,Summer-2020,237469,Summer,2020,237469,620920,Metropolitan Regional Park System,Three Rivers Park District,Regional Park,TRUE
Elm Creek,Metropolitan Regional Park System,Three Rivers Park District,Regional Park,TRUE,Summer-2021,204735,Summer,2021,204735,566881,Metropolitan Regional Park System,Three Rivers Park District,Regional Park,TRUE
Elm Creek,Metropolitan Regional Park System,Three Rivers Park District,Regional Park,TRUE,Winter-2018,89682,Winter,2018,89682,489019,Metropolitan Regional Park System,Three Rivers Park District,Regional Park,TRUE
Elm Creek,Metropolitan Regional Park System,Three Rivers Park District,Regional Park,TRUE,Winter-2019,136612,Winter,2019,136612,508453,Metropolitan Regional Park System,Three Rivers Park District,Regional Park,TRUE
Elm Creek,Metropolitan Regional Park System,Three Rivers Park District,Regional Park,TRUE,Winter-2020,145199,Winter,2020,145199,620920,Metropolitan Regional Park System,Three Rivers Park District,Regional Park,TRUE
Elm Creek,Metropolitan Regional Park System,Three Rivers Park District,Regional Park,TRUE,Winter-2021,158876,Winter,2021,158876,566881,Metropolitan Regional Park System,Three Rivers Park District,Regional Park,TRUE
Elm Creek,Metropolitan Regional Park System,Three Rivers Park District,Regional Park,TRUE,Winter-2022,35589,Winter,2022,35589,35589,Metropolitan Regional Park System,Three Rivers Park District,Regional Park,TRUE
Father Hennepin,Department of Natural Resources State Park,DNR,State Park,TRUE,Fall-2018,9283,Fall,2018,9283,64758,Department of Natural Resources State Park,DNR,State Park,TRUE
Father Hennepin,Department of Natural Resources State Park,DNR,State Park,TRUE,Fall-2019,9575,Fall,2019,9575,49562,Department of Natural Resources State Park,DNR,State Park,TRUE
Father Hennepin,Department of Natural Resources State Park,DNR,State Park,TRUE,Fall-2020,10691,Fall,2020,10691,58962,Department of Natural Resources State Park,DNR,State Park,TRUE
Father Hennepin,Department of Natural Resources State Park,DNR,State Park,TRUE,Fall-2021,10780,Fall,2021,10780,54382,Department of Natural Resources State Park,DNR,State Park,TRUE
Father Hennepin,Department of Natural Resources State Park,DNR,State Park,TRUE,Spring-2018,10388,Spring,2018,10388,64758,Department of Natural Resources State Park,DNR,State Park,TRUE
Father Hennepin,Department of Natural Resources State Park,DNR,State Park,TRUE,Spring-2019,6234,Spring,2019,6234,49562,Department of Natural Resources State Park,DNR,State Park,TRUE
Father Hennepin,Department of Natural Resources State Park,DNR,State Park,TRUE,Spring-2020,4839,Spring,2020,4839,58962,Department of Natural Resources State Park,DNR,State Park,TRUE
Father Hennepin,Department of Natural Resources State Park,DNR,State Park,TRUE,Spring-2021,10751,Spring,2021,10751,54382,Department of Natural Resources State Park,DNR,State Park,TRUE
Father Hennepin,Department of Natural Resources State Park,DNR,State Park,TRUE,Summer-2018,42601,Summer,2018,42601,64758,Department of Natural Resources State Park,DNR,State Park,TRUE
Father Hennepin,Department of Natural Resources State Park,DNR,State Park,TRUE,Summer-2019,32630,Summer,2019,32630,49562,Department of Natural Resources State Park,DNR,State Park,TRUE
Father Hennepin,Department of Natural Resources State Park,DNR,State Park,TRUE,Summer-2020,42678,Summer,2020,42678,58962,Department of Natural Resources State Park,DNR,State Park,TRUE
Father Hennepin,Department of Natural Resources State Park,DNR,State Park,TRUE,Summer-2021,31781,Summer,2021,31781,54382,Department of Natural Resources State Park,DNR,State Park,TRUE
Father Hennepin,Department of Natural Resources State Park,DNR,State Park,TRUE,Winter-2018,2486,Winter,2018,2486,64758,Department of Natural Resources State Park,DNR,State Park,TRUE
Father Hennepin,Department of Natural Resources State Park,DNR,State Park,TRUE,Winter-2019,1123,Winter,2019,1123,49562,Department of Natural Resources State Park,DNR,State Park,TRUE
Father Hennepin,Department of Natural Resources State Park,DNR,State Park,TRUE,Winter-2020,754,Winter,2020,754,58962,Department of Natural Resources State Park,DNR,State Park,TRUE
Father Hennepin,Department of Natural Resources State Park,DNR,State Park,TRUE,Winter-2021,1070,Winter,2021,1070,54382,Department of Natural Resources State Park,DNR,State Park,TRUE
Father Hennepin,Department of Natural Resources State Park,DNR,State Park,TRUE,Winter-2022,245,Winter,2022,245,245,Department of Natural Resources State Park,DNR,State Park,TRUE
Fish Lake,Metropolitan Regional Park System,Three Rivers Park District,Regional Park,TRUE,Fall-2018,17668,Fall,2018,17668,90825,Metropolitan Regional Park System,Three Rivers Park District,Regional Park,TRUE
Fish Lake,Metropolitan Regional Park System,Three Rivers Park District,Regional Park,TRUE,Fall-2019,15080,Fall,2019,15080,96959,Metropolitan Regional Park System,Three Rivers Park District,Regional Park,TRUE
Fish Lake,Metropolitan Regional Park System,Three Rivers Park District,Regional Park,TRUE,Fall-2020,26034,Fall,2020,26034,145369,Metropolitan Regional Park System,Three Rivers Park District,Regional Park,TRUE
Fish Lake,Metropolitan Regional Park System,Three Rivers Park District,Regional Park,TRUE,Fall-2021,25032,Fall,2021,25032,128078,Metropolitan Regional Park System,Three Rivers Park District,Regional Park,TRUE
Fish Lake,Metropolitan Regional Park System,Three Rivers Park District,Regional Park,TRUE,Spring-2018,13975,Spring,2018,13975,90825,Metropolitan Regional Park System,Three Rivers Park District,Regional Park,TRUE
Fish Lake,Metropolitan Regional Park System,Three Rivers Park District,Regional Park,TRUE,Spring-2019,16675,Spring,2019,16675,96959,Metropolitan Regional Park System,Three Rivers Park District,Regional Park,TRUE
Fish Lake,Metropolitan Regional Park System,Three Rivers Park District,Regional Park,TRUE,Spring-2020,26083,Spring,2020,26083,145369,Metropolitan Regional Park System,Three Rivers Park District,Regional Park,TRUE
Fish Lake,Metropolitan Regional Park System,Three Rivers Park District,Regional Park,TRUE,Spring-2021,29222,Spring,2021,29222,128078,Metropolitan Regional Park System,Three Rivers Park District,Regional Park,TRUE
Fish Lake,Metropolitan Regional Park System,Three Rivers Park District,Regional Park,TRUE,Summer-2018,54573,Summer,2018,54573,90825,Metropolitan Regional Park System,Three Rivers Park District,Regional Park,TRUE
Fish Lake,Metropolitan Regional Park System,Three Rivers Park District,Regional Park,TRUE,Summer-2019,55714,Summer,2019,55714,96959,Metropolitan Regional Park System,Three Rivers Park District,Regional Park,TRUE
Fish Lake,Metropolitan Regional Park System,Three Rivers Park District,Regional Park,TRUE,Summer-2020,81532,Summer,2020,81532,145369,Metropolitan Regional Park System,Three Rivers Park District,Regional Park,TRUE
Fish Lake,Metropolitan Regional Park System,Three Rivers Park District,Regional Park,TRUE,Summer-2021,58414,Summer,2021,58414,128078,Metropolitan Regional Park System,Three Rivers Park District,Regional Park,TRUE
Fish Lake,Metropolitan Regional Park System,Three Rivers Park District,Regional Park,TRUE,Winter-2018,4609,Winter,2018,4609,90825,Metropolitan Regional Park System,Three Rivers Park District,Regional Park,TRUE
Fish Lake,Metropolitan Regional Park System,Three Rivers Park District,Regional Park,TRUE,Winter-2019,9490,Winter,2019,9490,96959,Metropolitan Regional Park System,Three Rivers Park District,Regional Park,TRUE
Fish Lake,Metropolitan Regional Park System,Three Rivers Park District,Regional Park,TRUE,Winter-2020,11720,Winter,2020,11720,145369,Metropolitan Regional Park System,Three Rivers Park District,Regional Park,TRUE
Fish Lake,Metropolitan Regional Park System,Three Rivers Park District,Regional Park,TRUE,Winter-2021,15410,Winter,2021,15410,128078,Metropolitan Regional Park System,Three Rivers Park District,Regional Park,TRUE
Fish Lake,Metropolitan Regional Park System,Three Rivers Park District,Regional Park,TRUE,Winter-2022,3423,Winter,2022,3423,3423,Metropolitan Regional Park System,Three Rivers Park District,Regional Park,TRUE
Fish Lake County park,Eligible for Greater Minnesota Designation,Eligible Greater MN,Eligible Regional Park,FALSE,Fall-2018,1911,Fall,2018,1911,27500,Eligible for Greater Minnesota Designation,Eligible Greater MN,Eligible Regional Park,FALSE
Fish Lake County park,Eligible for Greater Minnesota Designation,Eligible Greater MN,Eligible Regional Park,FALSE,Fall-2019,997,Fall,2019,997,18212,Eligible for Greater Minnesota Designation,Eligible Greater MN,Eligible Regional Park,FALSE
Fish Lake County park,Eligible for Greater Minnesota Designation,Eligible Greater MN,Eligible Regional Park,FALSE,Fall-2020,1785,Fall,2020,1785,25474,Eligible for Greater Minnesota Designation,Eligible Greater MN,Eligible Regional Park,FALSE
Fish Lake County park,Eligible for Greater Minnesota Designation,Eligible Greater MN,Eligible Regional Park,FALSE,Fall-2021,2488,Fall,2021,2488,24364,Eligible for Greater Minnesota Designation,Eligible Greater MN,Eligible Regional Park,FALSE
Fish Lake County park,Eligible for Greater Minnesota Designation,Eligible Greater MN,Eligible Regional Park,FALSE,Spring-2018,2282,Spring,2018,2282,27500,Eligible for Greater Minnesota Designation,Eligible Greater MN,Eligible Regional Park,FALSE
Fish Lake County park,Eligible for Greater Minnesota Designation,Eligible Greater MN,Eligible Regional Park,FALSE,Spring-2019,1597,Spring,2019,1597,18212,Eligible for Greater Minnesota Designation,Eligible Greater MN,Eligible Regional Park,FALSE
Fish Lake County park,Eligible for Greater Minnesota Designation,Eligible Greater MN,Eligible Regional Park,FALSE,Spring-2020,2739,Spring,2020,2739,25474,Eligible for Greater Minnesota Designation,Eligible Greater MN,Eligible Regional Park,FALSE
Fish Lake County park,Eligible for Greater Minnesota Designation,Eligible Greater MN,Eligible Regional Park,FALSE,Spring-2021,5003,Spring,2021,5003,24364,Eligible for Greater Minnesota Designation,Eligible Greater MN,Eligible Regional Park,FALSE
Fish Lake County park,Eligible for Greater Minnesota Designation,Eligible Greater MN,Eligible Regional Park,FALSE,Summer-2018,21957,Summer,2018,21957,27500,Eligible for Greater Minnesota Designation,Eligible Greater MN,Eligible Regional Park,FALSE
Fish Lake County park,Eligible for Greater Minnesota Designation,Eligible Greater MN,Eligible Regional Park,FALSE,Summer-2019,14322,Summer,2019,14322,18212,Eligible for Greater Minnesota Designation,Eligible Greater MN,Eligible Regional Park,FALSE
Fish Lake County park,Eligible for Greater Minnesota Designation,Eligible Greater MN,Eligible Regional Park,FALSE,Summer-2020,20248,Summer,2020,20248,25474,Eligible for Greater Minnesota Designation,Eligible Greater MN,Eligible Regional Park,FALSE
Fish Lake County park,Eligible for Greater Minnesota Designation,Eligible Greater MN,Eligible Regional Park,FALSE,Summer-2021,14833,Summer,2021,14833,24364,Eligible for Greater Minnesota Designation,Eligible Greater MN,Eligible Regional Park,FALSE
Fish Lake County park,Eligible for Greater Minnesota Designation,Eligible Greater MN,Eligible Regional Park,FALSE,Winter-2018,1350,Winter,2018,1350,27500,Eligible for Greater Minnesota Designation,Eligible Greater MN,Eligible Regional Park,FALSE
Fish Lake County park,Eligible for Greater Minnesota Designation,Eligible Greater MN,Eligible Regional Park,FALSE,Winter-2019,1296,Winter,2019,1296,18212,Eligible for Greater Minnesota Designation,Eligible Greater MN,Eligible Regional Park,FALSE
Fish Lake County park,Eligible for Greater Minnesota Designation,Eligible Greater MN,Eligible Regional Park,FALSE,Winter-2020,702,Winter,2020,702,25474,Eligible for Greater Minnesota Designation,Eligible Greater MN,Eligible Regional Park,FALSE
Fish Lake County park,Eligible for Greater Minnesota Designation,Eligible Greater MN,Eligible Regional Park,FALSE,Winter-2021,2040,Winter,2021,2040,24364,Eligible for Greater Minnesota Designation,Eligible Greater MN,Eligible Regional Park,FALSE
Fish Lake County park,Eligible for Greater Minnesota Designation,Eligible Greater MN,Eligible Regional Park,FALSE,Winter-2022,375,Winter,2022,375,375,Eligible for Greater Minnesota Designation,Eligible Greater MN,Eligible Regional Park,FALSE
Flandrau,Department of Natural Resources State Park,DNR,State Park,TRUE,Fall-2018,9382,Fall,2018,9382,57459,Department of Natural Resources State Park,DNR,State Park,TRUE
Flandrau,Department of Natural Resources State Park,DNR,State Park,TRUE,Fall-2019,6523,Fall,2019,6523,53025,Department of Natural Resources State Park,DNR,State Park,TRUE
Flandrau,Department of Natural Resources State Park,DNR,State Park,TRUE,Fall-2020,10129,Fall,2020,10129,41621,Department of Natural Resources State Park,DNR,State Park,TRUE
Flandrau,Department of Natural Resources State Park,DNR,State Park,TRUE,Fall-2021,9714,Fall,2021,9714,47137,Department of Natural Resources State Park,DNR,State Park,TRUE
Flandrau,Department of Natural Resources State Park,DNR,State Park,TRUE,Spring-2018,9975,Spring,2018,9975,57459,Department of Natural Resources State Park,DNR,State Park,TRUE
Flandrau,Department of Natural Resources State Park,DNR,State Park,TRUE,Spring-2019,7611,Spring,2019,7611,53025,Department of Natural Resources State Park,DNR,State Park,TRUE
Flandrau,Department of Natural Resources State Park,DNR,State Park,TRUE,Spring-2020,12525,Spring,2020,12525,41621,Department of Natural Resources State Park,DNR,State Park,TRUE
Flandrau,Department of Natural Resources State Park,DNR,State Park,TRUE,Spring-2021,11677,Spring,2021,11677,47137,Department of Natural Resources State Park,DNR,State Park,TRUE
Flandrau,Department of Natural Resources State Park,DNR,State Park,TRUE,Summer-2018,35929,Summer,2018,35929,57459,Department of Natural Resources State Park,DNR,State Park,TRUE
Flandrau,Department of Natural Resources State Park,DNR,State Park,TRUE,Summer-2019,35652,Summer,2019,35652,53025,Department of Natural Resources State Park,DNR,State Park,TRUE
Flandrau,Department of Natural Resources State Park,DNR,State Park,TRUE,Summer-2020,16355,Summer,2020,16355,41621,Department of Natural Resources State Park,DNR,State Park,TRUE
Flandrau,Department of Natural Resources State Park,DNR,State Park,TRUE,Summer-2021,22634,Summer,2021,22634,47137,Department of Natural Resources State Park,DNR,State Park,TRUE
Flandrau,Department of Natural Resources State Park,DNR,State Park,TRUE,Winter-2018,2173,Winter,2018,2173,57459,Department of Natural Resources State Park,DNR,State Park,TRUE
Flandrau,Department of Natural Resources State Park,DNR,State Park,TRUE,Winter-2019,3239,Winter,2019,3239,53025,Department of Natural Resources State Park,DNR,State Park,TRUE
Flandrau,Department of Natural Resources State Park,DNR,State Park,TRUE,Winter-2020,2612,Winter,2020,2612,41621,Department of Natural Resources State Park,DNR,State Park,TRUE
Flandrau,Department of Natural Resources State Park,DNR,State Park,TRUE,Winter-2021,3112,Winter,2021,3112,47137,Department of Natural Resources State Park,DNR,State Park,TRUE
Flandrau,Department of Natural Resources State Park,DNR,State Park,TRUE,Winter-2022,296,Winter,2022,296,296,Department of Natural Resources State Park,DNR,State Park,TRUE
Flood Bay,Department of Natural Resources State Park,DNR,State Wayside,TRUE,Fall-2018,3532,Fall,2018,3532,13918,Department of Natural Resources State Park,DNR,State Wayside,TRUE
Flood Bay,Department of Natural Resources State Park,DNR,State Wayside,TRUE,Fall-2019,2364,Fall,2019,2364,12038,Department of Natural Resources State Park,DNR,State Wayside,TRUE
Flood Bay,Department of Natural Resources State Park,DNR,State Wayside,TRUE,Fall-2020,2698,Fall,2020,2698,13167,Department of Natural Resources State Park,DNR,State Wayside,TRUE
Flood Bay,Department of Natural Resources State Park,DNR,State Wayside,TRUE,Fall-2021,2816,Fall,2021,2816,13023,Department of Natural Resources State Park,DNR,State Wayside,TRUE
Flood Bay,Department of Natural Resources State Park,DNR,State Wayside,TRUE,Spring-2018,2828,Spring,2018,2828,13918,Department of Natural Resources State Park,DNR,State Wayside,TRUE
Flood Bay,Department of Natural Resources State Park,DNR,State Wayside,TRUE,Spring-2019,1950,Spring,2019,1950,12038,Department of Natural Resources State Park,DNR,State Wayside,TRUE
Flood Bay,Department of Natural Resources State Park,DNR,State Wayside,TRUE,Spring-2020,1450,Spring,2020,1450,13167,Department of Natural Resources State Park,DNR,State Wayside,TRUE
Flood Bay,Department of Natural Resources State Park,DNR,State Wayside,TRUE,Spring-2021,3358,Spring,2021,3358,13023,Department of Natural Resources State Park,DNR,State Wayside,TRUE
Flood Bay,Department of Natural Resources State Park,DNR,State Wayside,TRUE,Summer-2018,5739,Summer,2018,5739,13918,Department of Natural Resources State Park,DNR,State Wayside,TRUE
Flood Bay,Department of Natural Resources State Park,DNR,State Wayside,TRUE,Summer-2019,7045,Summer,2019,7045,12038,Department of Natural Resources State Park,DNR,State Wayside,TRUE
Flood Bay,Department of Natural Resources State Park,DNR,State Wayside,TRUE,Summer-2020,8431,Summer,2020,8431,13167,Department of Natural Resources State Park,DNR,State Wayside,TRUE
Flood Bay,Department of Natural Resources State Park,DNR,State Wayside,TRUE,Summer-2021,6323,Summer,2021,6323,13023,Department of Natural Resources State Park,DNR,State Wayside,TRUE
Flood Bay,Department of Natural Resources State Park,DNR,State Wayside,TRUE,Winter-2018,1819,Winter,2018,1819,13918,Department of Natural Resources State Park,DNR,State Wayside,TRUE
Flood Bay,Department of Natural Resources State Park,DNR,State Wayside,TRUE,Winter-2019,679,Winter,2019,679,12038,Department of Natural Resources State Park,DNR,State Wayside,TRUE
Flood Bay,Department of Natural Resources State Park,DNR,State Wayside,TRUE,Winter-2020,588,Winter,2020,588,13167,Department of Natural Resources State Park,DNR,State Wayside,TRUE
Flood Bay,Department of Natural Resources State Park,DNR,State Wayside,TRUE,Winter-2021,526,Winter,2021,526,13023,Department of Natural Resources State Park,DNR,State Wayside,TRUE
Flood Bay,Department of Natural Resources State Park,DNR,State Wayside,TRUE,Winter-2022,229,Winter,2022,229,229,Department of Natural Resources State Park,DNR,State Wayside,TRUE
Forestville/Mystery Cave,Department of Natural Resources State Park,DNR,State Park,TRUE,Fall-2018,9398,Fall,2018,9398,46512,Department of Natural Resources State Park,DNR,State Park,TRUE
Forestville/Mystery Cave,Department of Natural Resources State Park,DNR,State Park,TRUE,Fall-2019,6410,Fall,2019,6410,31637,Department of Natural Resources State Park,DNR,State Park,TRUE
Forestville/Mystery Cave,Department of Natural Resources State Park,DNR,State Park,TRUE,Fall-2020,7422,Fall,2020,7422,24431,Department of Natural Resources State Park,DNR,State Park,TRUE
Forestville/Mystery Cave,Department of Natural Resources State Park,DNR,State Park,TRUE,Fall-2021,2960,Fall,2021,2960,14588,Department of Natural Resources State Park,DNR,State Park,TRUE
Forestville/Mystery Cave,Department of Natural Resources State Park,DNR,State Park,TRUE,Spring-2018,4500,Spring,2018,4500,46512,Department of Natural Resources State Park,DNR,State Park,TRUE
Forestville/Mystery Cave,Department of Natural Resources State Park,DNR,State Park,TRUE,Spring-2019,5119,Spring,2019,5119,31637,Department of Natural Resources State Park,DNR,State Park,TRUE
Forestville/Mystery Cave,Department of Natural Resources State Park,DNR,State Park,TRUE,Spring-2020,3839,Spring,2020,3839,24431,Department of Natural Resources State Park,DNR,State Park,TRUE
Forestville/Mystery Cave,Department of Natural Resources State Park,DNR,State Park,TRUE,Spring-2021,3116,Spring,2021,3116,14588,Department of Natural Resources State Park,DNR,State Park,TRUE
Forestville/Mystery Cave,Department of Natural Resources State Park,DNR,State Park,TRUE,Summer-2018,26776,Summer,2018,26776,46512,Department of Natural Resources State Park,DNR,State Park,TRUE
Forestville/Mystery Cave,Department of Natural Resources State Park,DNR,State Park,TRUE,Summer-2019,17903,Summer,2019,17903,31637,Department of Natural Resources State Park,DNR,State Park,TRUE
Forestville/Mystery Cave,Department of Natural Resources State Park,DNR,State Park,TRUE,Summer-2020,11383,Summer,2020,11383,24431,Department of Natural Resources State Park,DNR,State Park,TRUE
Forestville/Mystery Cave,Department of Natural Resources State Park,DNR,State Park,TRUE,Summer-2021,7640,Summer,2021,7640,14588,Department of Natural Resources State Park,DNR,State Park,TRUE
Forestville/Mystery Cave,Department of Natural Resources State Park,DNR,State Park,TRUE,Winter-2018,5838,Winter,2018,5838,46512,Department of Natural Resources State Park,DNR,State Park,TRUE
Forestville/Mystery Cave,Department of Natural Resources State Park,DNR,State Park,TRUE,Winter-2019,2205,Winter,2019,2205,31637,Department of Natural Resources State Park,DNR,State Park,TRUE
Forestville/Mystery Cave,Department of Natural Resources State Park,DNR,State Park,TRUE,Winter-2020,1787,Winter,2020,1787,24431,Department of Natural Resources State Park,DNR,State Park,TRUE
Forestville/Mystery Cave,Department of Natural Resources State Park,DNR,State Park,TRUE,Winter-2021,872,Winter,2021,872,14588,Department of Natural Resources State Park,DNR,State Park,TRUE
Forestville/Mystery Cave,Department of Natural Resources State Park,DNR,State Park,TRUE,Winter-2022,288,Winter,2022,288,288,Department of Natural Resources State Park,DNR,State Park,TRUE
Fort Ridgely,Department of Natural Resources State Park,DNR,State Park,TRUE,Fall-2018,2886,Fall,2018,2886,21303,Department of Natural Resources State Park,DNR,State Park,TRUE
Fort Ridgely,Department of Natural Resources State Park,DNR,State Park,TRUE,Fall-2019,4816,Fall,2019,4816,17066,Department of Natural Resources State Park,DNR,State Park,TRUE
Fort Ridgely,Department of Natural Resources State Park,DNR,State Park,TRUE,Fall-2020,3645,Fall,2020,3645,16932,Department of Natural Resources State Park,DNR,State Park,TRUE
Fort Ridgely,Department of Natural Resources State Park,DNR,State Park,TRUE,Fall-2021,4265,Fall,2021,4265,14011,Department of Natural Resources State Park,DNR,State Park,TRUE
Fort Ridgely,Department of Natural Resources State Park,DNR,State Park,TRUE,Spring-2018,3972,Spring,2018,3972,21303,Department of Natural Resources State Park,DNR,State Park,TRUE
Fort Ridgely,Department of Natural Resources State Park,DNR,State Park,TRUE,Spring-2019,3423,Spring,2019,3423,17066,Department of Natural Resources State Park,DNR,State Park,TRUE
Fort Ridgely,Department of Natural Resources State Park,DNR,State Park,TRUE,Spring-2020,4209,Spring,2020,4209,16932,Department of Natural Resources State Park,DNR,State Park,TRUE
Fort Ridgely,Department of Natural Resources State Park,DNR,State Park,TRUE,Spring-2021,3711,Spring,2021,3711,14011,Department of Natural Resources State Park,DNR,State Park,TRUE
Fort Ridgely,Department of Natural Resources State Park,DNR,State Park,TRUE,Summer-2018,10619,Summer,2018,10619,21303,Department of Natural Resources State Park,DNR,State Park,TRUE
Fort Ridgely,Department of Natural Resources State Park,DNR,State Park,TRUE,Summer-2019,6939,Summer,2019,6939,17066,Department of Natural Resources State Park,DNR,State Park,TRUE
Fort Ridgely,Department of Natural Resources State Park,DNR,State Park,TRUE,Summer-2020,7166,Summer,2020,7166,16932,Department of Natural Resources State Park,DNR,State Park,TRUE
Fort Ridgely,Department of Natural Resources State Park,DNR,State Park,TRUE,Summer-2021,4624,Summer,2021,4624,14011,Department of Natural Resources State Park,DNR,State Park,TRUE
Fort Ridgely,Department of Natural Resources State Park,DNR,State Park,TRUE,Winter-2018,3826,Winter,2018,3826,21303,Department of Natural Resources State Park,DNR,State Park,TRUE
Fort Ridgely,Department of Natural Resources State Park,DNR,State Park,TRUE,Winter-2019,1888,Winter,2019,1888,17066,Department of Natural Resources State Park,DNR,State Park,TRUE
Fort Ridgely,Department of Natural Resources State Park,DNR,State Park,TRUE,Winter-2020,1912,Winter,2020,1912,16932,Department of Natural Resources State Park,DNR,State Park,TRUE
Fort Ridgely,Department of Natural Resources State Park,DNR,State Park,TRUE,Winter-2021,1411,Winter,2021,1411,14011,Department of Natural Resources State Park,DNR,State Park,TRUE
Fort Ridgely,Department of Natural Resources State Park,DNR,State Park,TRUE,Winter-2022,376,Winter,2022,376,376,Department of Natural Resources State Park,DNR,State Park,TRUE
Fort Snelling,Department of Natural Resources State Park,DNR,State Park,TRUE,Fall-2018,29401,Fall,2018,29401,135265,Department of Natural Resources State Park,DNR,State Park,TRUE
Fort Snelling,Department of Natural Resources State Park,DNR,State Park,TRUE,Fall-2019,19768,Fall,2019,19768,64613,Department of Natural Resources State Park,DNR,State Park,TRUE
Fort Snelling,Department of Natural Resources State Park,DNR,State Park,TRUE,Fall-2020,46707,Fall,2020,46707,190870,Department of Natural Resources State Park,DNR,State Park,TRUE
Fort Snelling,Department of Natural Resources State Park,DNR,State Park,TRUE,Fall-2021,35452,Fall,2021,35452,157635,Department of Natural Resources State Park,DNR,State Park,TRUE
Fort Snelling,Department of Natural Resources State Park,DNR,State Park,TRUE,Spring-2018,36406,Spring,2018,36406,135265,Department of Natural Resources State Park,DNR,State Park,TRUE
Fort Snelling,Department of Natural Resources State Park,DNR,State Park,TRUE,Spring-2019,11135,Spring,2019,11135,64613,Department of Natural Resources State Park,DNR,State Park,TRUE
Fort Snelling,Department of Natural Resources State Park,DNR,State Park,TRUE,Spring-2020,51146,Spring,2020,51146,190870,Department of Natural Resources State Park,DNR,State Park,TRUE
Fort Snelling,Department of Natural Resources State Park,DNR,State Park,TRUE,Spring-2021,41815,Spring,2021,41815,157635,Department of Natural Resources State Park,DNR,State Park,TRUE
Fort Snelling,Department of Natural Resources State Park,DNR,State Park,TRUE,Summer-2018,44579,Summer,2018,44579,135265,Department of Natural Resources State Park,DNR,State Park,TRUE
Fort Snelling,Department of Natural Resources State Park,DNR,State Park,TRUE,Summer-2019,12222,Summer,2019,12222,64613,Department of Natural Resources State Park,DNR,State Park,TRUE
Fort Snelling,Department of Natural Resources State Park,DNR,State Park,TRUE,Summer-2020,76563,Summer,2020,76563,190870,Department of Natural Resources State Park,DNR,State Park,TRUE
Fort Snelling,Department of Natural Resources State Park,DNR,State Park,TRUE,Summer-2021,53950,Summer,2021,53950,157635,Department of Natural Resources State Park,DNR,State Park,TRUE
Fort Snelling,Department of Natural Resources State Park,DNR,State Park,TRUE,Winter-2018,24879,Winter,2018,24879,135265,Department of Natural Resources State Park,DNR,State Park,TRUE
Fort Snelling,Department of Natural Resources State Park,DNR,State Park,TRUE,Winter-2019,21488,Winter,2019,21488,64613,Department of Natural Resources State Park,DNR,State Park,TRUE
Fort Snelling,Department of Natural Resources State Park,DNR,State Park,TRUE,Winter-2020,16454,Winter,2020,16454,190870,Department of Natural Resources State Park,DNR,State Park,TRUE
Fort Snelling,Department of Natural Resources State Park,DNR,State Park,TRUE,Winter-2021,26418,Winter,2021,26418,157635,Department of Natural Resources State Park,DNR,State Park,TRUE
Fort Snelling,Department of Natural Resources State Park,DNR,State Park,TRUE,Winter-2022,3510,Winter,2022,3510,3510,Department of Natural Resources State Park,DNR,State Park,TRUE
Franz Jevne,Department of Natural Resources State Park,DNR,State Park,TRUE,Fall-2018,1625,Fall,2018,1625,7295,Department of Natural Resources State Park,DNR,State Park,TRUE
Franz Jevne,Department of Natural Resources State Park,DNR,State Park,TRUE,Fall-2019,1423,Fall,2019,1423,4985,Department of Natural Resources State Park,DNR,State Park,TRUE
Franz Jevne,Department of Natural Resources State Park,DNR,State Park,TRUE,Fall-2020,1097,Fall,2020,1097,4549,Department of Natural Resources State Park,DNR,State Park,TRUE
Franz Jevne,Department of Natural Resources State Park,DNR,State Park,TRUE,Fall-2021,1098,Fall,2021,1098,5514,Department of Natural Resources State Park,DNR,State Park,TRUE
Franz Jevne,Department of Natural Resources State Park,DNR,State Park,TRUE,Spring-2018,1435,Spring,2018,1435,7295,Department of Natural Resources State Park,DNR,State Park,TRUE
Franz Jevne,Department of Natural Resources State Park,DNR,State Park,TRUE,Spring-2019,638,Spring,2019,638,4985,Department of Natural Resources State Park,DNR,State Park,TRUE
Franz Jevne,Department of Natural Resources State Park,DNR,State Park,TRUE,Spring-2020,972,Spring,2020,972,4549,Department of Natural Resources State Park,DNR,State Park,TRUE
Franz Jevne,Department of Natural Resources State Park,DNR,State Park,TRUE,Spring-2021,1807,Spring,2021,1807,5514,Department of Natural Resources State Park,DNR,State Park,TRUE
Franz Jevne,Department of Natural Resources State Park,DNR,State Park,TRUE,Summer-2018,2975,Summer,2018,2975,7295,Department of Natural Resources State Park,DNR,State Park,TRUE
Franz Jevne,Department of Natural Resources State Park,DNR,State Park,TRUE,Summer-2019,1771,Summer,2019,1771,4985,Department of Natural Resources State Park,DNR,State Park,TRUE
Franz Jevne,Department of Natural Resources State Park,DNR,State Park,TRUE,Summer-2020,1662,Summer,2020,1662,4549,Department of Natural Resources State Park,DNR,State Park,TRUE
Franz Jevne,Department of Natural Resources State Park,DNR,State Park,TRUE,Summer-2021,1861,Summer,2021,1861,5514,Department of Natural Resources State Park,DNR,State Park,TRUE
Franz Jevne,Department of Natural Resources State Park,DNR,State Park,TRUE,Winter-2018,1260,Winter,2018,1260,7295,Department of Natural Resources State Park,DNR,State Park,TRUE
Franz Jevne,Department of Natural Resources State Park,DNR,State Park,TRUE,Winter-2019,1153,Winter,2019,1153,4985,Department of Natural Resources State Park,DNR,State Park,TRUE
Franz Jevne,Department of Natural Resources State Park,DNR,State Park,TRUE,Winter-2020,818,Winter,2020,818,4549,Department of Natural Resources State Park,DNR,State Park,TRUE
Franz Jevne,Department of Natural Resources State Park,DNR,State Park,TRUE,Winter-2021,748,Winter,2021,748,5514,Department of Natural Resources State Park,DNR,State Park,TRUE
Franz Jevne,Department of Natural Resources State Park,DNR,State Park,TRUE,Winter-2022,330,Winter,2022,330,330,Department of Natural Resources State Park,DNR,State Park,TRUE
Frazee park,Eligible for Greater Minnesota Designation,Eligible Greater MN,Eligible Regional Park,FALSE,Fall-2018,2328,Fall,2018,2328,17464,Eligible for Greater Minnesota Designation,Eligible Greater MN,Eligible Regional Park,FALSE
Frazee park,Eligible for Greater Minnesota Designation,Eligible Greater MN,Eligible Regional Park,FALSE,Fall-2019,2901,Fall,2019,2901,17633,Eligible for Greater Minnesota Designation,Eligible Greater MN,Eligible Regional Park,FALSE
Frazee park,Eligible for Greater Minnesota Designation,Eligible Greater MN,Eligible Regional Park,FALSE,Fall-2020,2604,Fall,2020,2604,11528,Eligible for Greater Minnesota Designation,Eligible Greater MN,Eligible Regional Park,FALSE
Frazee park,Eligible for Greater Minnesota Designation,Eligible Greater MN,Eligible Regional Park,FALSE,Fall-2021,4595,Fall,2021,4595,18610,Eligible for Greater Minnesota Designation,Eligible Greater MN,Eligible Regional Park,FALSE
Frazee park,Eligible for Greater Minnesota Designation,Eligible Greater MN,Eligible Regional Park,FALSE,Spring-2018,3726,Spring,2018,3726,17464,Eligible for Greater Minnesota Designation,Eligible Greater MN,Eligible Regional Park,FALSE
Frazee park,Eligible for Greater Minnesota Designation,Eligible Greater MN,Eligible Regional Park,FALSE,Spring-2019,5732,Spring,2019,5732,17633,Eligible for Greater Minnesota Designation,Eligible Greater MN,Eligible Regional Park,FALSE
Frazee park,Eligible for Greater Minnesota Designation,Eligible Greater MN,Eligible Regional Park,FALSE,Spring-2020,2190,Spring,2020,2190,11528,Eligible for Greater Minnesota Designation,Eligible Greater MN,Eligible Regional Park,FALSE
Frazee park,Eligible for Greater Minnesota Designation,Eligible Greater MN,Eligible Regional Park,FALSE,Spring-2021,4651,Spring,2021,4651,18610,Eligible for Greater Minnesota Designation,Eligible Greater MN,Eligible Regional Park,FALSE
Frazee park,Eligible for Greater Minnesota Designation,Eligible Greater MN,Eligible Regional Park,FALSE,Summer-2018,6741,Summer,2018,6741,17464,Eligible for Greater Minnesota Designation,Eligible Greater MN,Eligible Regional Park,FALSE
Frazee park,Eligible for Greater Minnesota Designation,Eligible Greater MN,Eligible Regional Park,FALSE,Summer-2019,4670,Summer,2019,4670,17633,Eligible for Greater Minnesota Designation,Eligible Greater MN,Eligible Regional Park,FALSE
Frazee park,Eligible for Greater Minnesota Designation,Eligible Greater MN,Eligible Regional Park,FALSE,Summer-2020,3154,Summer,2020,3154,11528,Eligible for Greater Minnesota Designation,Eligible Greater MN,Eligible Regional Park,FALSE
Frazee park,Eligible for Greater Minnesota Designation,Eligible Greater MN,Eligible Regional Park,FALSE,Summer-2021,6386,Summer,2021,6386,18610,Eligible for Greater Minnesota Designation,Eligible Greater MN,Eligible Regional Park,FALSE
Frazee park,Eligible for Greater Minnesota Designation,Eligible Greater MN,Eligible Regional Park,FALSE,Winter-2018,4669,Winter,2018,4669,17464,Eligible for Greater Minnesota Designation,Eligible Greater MN,Eligible Regional Park,FALSE
Frazee park,Eligible for Greater Minnesota Designation,Eligible Greater MN,Eligible Regional Park,FALSE,Winter-2019,4330,Winter,2019,4330,17633,Eligible for Greater Minnesota Designation,Eligible Greater MN,Eligible Regional Park,FALSE
Frazee park,Eligible for Greater Minnesota Designation,Eligible Greater MN,Eligible Regional Park,FALSE,Winter-2020,3580,Winter,2020,3580,11528,Eligible for Greater Minnesota Designation,Eligible Greater MN,Eligible Regional Park,FALSE
Frazee park,Eligible for Greater Minnesota Designation,Eligible Greater MN,Eligible Regional Park,FALSE,Winter-2021,2978,Winter,2021,2978,18610,Eligible for Greater Minnesota Designation,Eligible Greater MN,Eligible Regional Park,FALSE
Frazee park,Eligible for Greater Minnesota Designation,Eligible Greater MN,Eligible Regional Park,FALSE,Winter-2022,956,Winter,2022,956,956,Eligible for Greater Minnesota Designation,Eligible Greater MN,Eligible Regional Park,FALSE
Frontenac,Department of Natural Resources State Park,DNR,State Park,TRUE,Fall-2018,15925,Fall,2018,15925,58465,Department of Natural Resources State Park,DNR,State Park,TRUE
Frontenac,Department of Natural Resources State Park,DNR,State Park,TRUE,Fall-2019,19269,Fall,2019,19269,63046,Department of Natural Resources State Park,DNR,State Park,TRUE
Frontenac,Department of Natural Resources State Park,DNR,State Park,TRUE,Fall-2020,33334,Fall,2020,33334,116866,Department of Natural Resources State Park,DNR,State Park,TRUE
Frontenac,Department of Natural Resources State Park,DNR,State Park,TRUE,Fall-2021,14378,Fall,2021,14378,62597,Department of Natural Resources State Park,DNR,State Park,TRUE
Frontenac,Department of Natural Resources State Park,DNR,State Park,TRUE,Spring-2018,11224,Spring,2018,11224,58465,Department of Natural Resources State Park,DNR,State Park,TRUE
Frontenac,Department of Natural Resources State Park,DNR,State Park,TRUE,Spring-2019,9696,Spring,2019,9696,63046,Department of Natural Resources State Park,DNR,State Park,TRUE
Frontenac,Department of Natural Resources State Park,DNR,State Park,TRUE,Spring-2020,26162,Spring,2020,26162,116866,Department of Natural Resources State Park,DNR,State Park,TRUE
Frontenac,Department of Natural Resources State Park,DNR,State Park,TRUE,Spring-2021,16502,Spring,2021,16502,62597,Department of Natural Resources State Park,DNR,State Park,TRUE
Frontenac,Department of Natural Resources State Park,DNR,State Park,TRUE,Summer-2018,27592,Summer,2018,27592,58465,Department of Natural Resources State Park,DNR,State Park,TRUE
Frontenac,Department of Natural Resources State Park,DNR,State Park,TRUE,Summer-2019,29761,Summer,2019,29761,63046,Department of Natural Resources State Park,DNR,State Park,TRUE
Frontenac,Department of Natural Resources State Park,DNR,State Park,TRUE,Summer-2020,54626,Summer,2020,54626,116866,Department of Natural Resources State Park,DNR,State Park,TRUE
Frontenac,Department of Natural Resources State Park,DNR,State Park,TRUE,Summer-2021,23511,Summer,2021,23511,62597,Department of Natural Resources State Park,DNR,State Park,TRUE
Frontenac,Department of Natural Resources State Park,DNR,State Park,TRUE,Winter-2018,3724,Winter,2018,3724,58465,Department of Natural Resources State Park,DNR,State Park,TRUE
Frontenac,Department of Natural Resources State Park,DNR,State Park,TRUE,Winter-2019,4320,Winter,2019,4320,63046,Department of Natural Resources State Park,DNR,State Park,TRUE
Frontenac,Department of Natural Resources State Park,DNR,State Park,TRUE,Winter-2020,2744,Winter,2020,2744,116866,Department of Natural Resources State Park,DNR,State Park,TRUE
Frontenac,Department of Natural Resources State Park,DNR,State Park,TRUE,Winter-2021,8206,Winter,2021,8206,62597,Department of Natural Resources State Park,DNR,State Park,TRUE
Frontenac,Department of Natural Resources State Park,DNR,State Park,TRUE,Winter-2022,882,Winter,2022,882,882,Department of Natural Resources State Park,DNR,State Park,TRUE
Gale Woods Farm,Metropolitan Regional Park System,Three Rivers Park District,Regional Park,TRUE,Fall-2018,13611,Fall,2018,13611,25549,Metropolitan Regional Park System,Three Rivers Park District,Regional Park,TRUE
Gale Woods Farm,Metropolitan Regional Park System,Three Rivers Park District,Regional Park,TRUE,Fall-2019,25753,Fall,2019,25753,48617,Metropolitan Regional Park System,Three Rivers Park District,Regional Park,TRUE
Gale Woods Farm,Metropolitan Regional Park System,Three Rivers Park District,Regional Park,TRUE,Fall-2020,18408,Fall,2020,18408,38337,Metropolitan Regional Park System,Three Rivers Park District,Regional Park,TRUE
Gale Woods Farm,Metropolitan Regional Park System,Three Rivers Park District,Regional Park,TRUE,Fall-2021,21687,Fall,2021,21687,43345,Metropolitan Regional Park System,Three Rivers Park District,Regional Park,TRUE
Gale Woods Farm,Metropolitan Regional Park System,Three Rivers Park District,Regional Park,TRUE,Spring-2018,3565,Spring,2018,3565,25549,Metropolitan Regional Park System,Three Rivers Park District,Regional Park,TRUE
Gale Woods Farm,Metropolitan Regional Park System,Three Rivers Park District,Regional Park,TRUE,Spring-2019,7389,Spring,2019,7389,48617,Metropolitan Regional Park System,Three Rivers Park District,Regional Park,TRUE
Gale Woods Farm,Metropolitan Regional Park System,Three Rivers Park District,Regional Park,TRUE,Spring-2020,6462,Spring,2020,6462,38337,Metropolitan Regional Park System,Three Rivers Park District,Regional Park,TRUE
Gale Woods Farm,Metropolitan Regional Park System,Three Rivers Park District,Regional Park,TRUE,Spring-2021,6223,Spring,2021,6223,43345,Metropolitan Regional Park System,Three Rivers Park District,Regional Park,TRUE
Gale Woods Farm,Metropolitan Regional Park System,Three Rivers Park District,Regional Park,TRUE,Summer-2018,7178,Summer,2018,7178,25549,Metropolitan Regional Park System,Three Rivers Park District,Regional Park,TRUE
Gale Woods Farm,Metropolitan Regional Park System,Three Rivers Park District,Regional Park,TRUE,Summer-2019,14001,Summer,2019,14001,48617,Metropolitan Regional Park System,Three Rivers Park District,Regional Park,TRUE
Gale Woods Farm,Metropolitan Regional Park System,Three Rivers Park District,Regional Park,TRUE,Summer-2020,10927,Summer,2020,10927,38337,Metropolitan Regional Park System,Three Rivers Park District,Regional Park,TRUE
Gale Woods Farm,Metropolitan Regional Park System,Three Rivers Park District,Regional Park,TRUE,Summer-2021,11597,Summer,2021,11597,43345,Metropolitan Regional Park System,Three Rivers Park District,Regional Park,TRUE
Gale Woods Farm,Metropolitan Regional Park System,Three Rivers Park District,Regional Park,TRUE,Winter-2018,1195,Winter,2018,1195,25549,Metropolitan Regional Park System,Three Rivers Park District,Regional Park,TRUE
Gale Woods Farm,Metropolitan Regional Park System,Three Rivers Park District,Regional Park,TRUE,Winter-2019,1474,Winter,2019,1474,48617,Metropolitan Regional Park System,Three Rivers Park District,Regional Park,TRUE
Gale Woods Farm,Metropolitan Regional Park System,Three Rivers Park District,Regional Park,TRUE,Winter-2020,2540,Winter,2020,2540,38337,Metropolitan Regional Park System,Three Rivers Park District,Regional Park,TRUE
Gale Woods Farm,Metropolitan Regional Park System,Three Rivers Park District,Regional Park,TRUE,Winter-2021,3838,Winter,2021,3838,43345,Metropolitan Regional Park System,Three Rivers Park District,Regional Park,TRUE
Gale Woods Farm,Metropolitan Regional Park System,Three Rivers Park District,Regional Park,TRUE,Winter-2022,356,Winter,2022,356,356,Metropolitan Regional Park System,Three Rivers Park District,Regional Park,TRUE
Garvin Park,Greater Minnesota Regional Parks & Trails,Greater MN,Regional Park,TRUE,Fall-2018,5617,Fall,2018,5617,15870,Greater Minnesota Regional Parks & Trails,Greater MN,Regional Park,TRUE
Garvin Park,Greater Minnesota Regional Parks & Trails,Greater MN,Regional Park,TRUE,Fall-2019,5589,Fall,2019,5589,16557,Greater Minnesota Regional Parks & Trails,Greater MN,Regional Park,TRUE
Garvin Park,Greater Minnesota Regional Parks & Trails,Greater MN,Regional Park,TRUE,Fall-2020,8240,Fall,2020,8240,19213,Greater Minnesota Regional Parks & Trails,Greater MN,Regional Park,TRUE
Garvin Park,Greater Minnesota Regional Parks & Trails,Greater MN,Regional Park,TRUE,Fall-2021,3597,Fall,2021,3597,16169,Greater Minnesota Regional Parks & Trails,Greater MN,Regional Park,TRUE
Garvin Park,Greater Minnesota Regional Parks & Trails,Greater MN,Regional Park,TRUE,Spring-2018,3610,Spring,2018,3610,15870,Greater Minnesota Regional Parks & Trails,Greater MN,Regional Park,TRUE
Garvin Park,Greater Minnesota Regional Parks & Trails,Greater MN,Regional Park,TRUE,Spring-2019,2286,Spring,2019,2286,16557,Greater Minnesota Regional Parks & Trails,Greater MN,Regional Park,TRUE
Garvin Park,Greater Minnesota Regional Parks & Trails,Greater MN,Regional Park,TRUE,Spring-2020,2221,Spring,2020,2221,19213,Greater Minnesota Regional Parks & Trails,Greater MN,Regional Park,TRUE
Garvin Park,Greater Minnesota Regional Parks & Trails,Greater MN,Regional Park,TRUE,Spring-2021,4088,Spring,2021,4088,16169,Greater Minnesota Regional Parks & Trails,Greater MN,Regional Park,TRUE
Garvin Park,Greater Minnesota Regional Parks & Trails,Greater MN,Regional Park,TRUE,Summer-2018,5569,Summer,2018,5569,15870,Greater Minnesota Regional Parks & Trails,Greater MN,Regional Park,TRUE
Garvin Park,Greater Minnesota Regional Parks & Trails,Greater MN,Regional Park,TRUE,Summer-2019,7965,Summer,2019,7965,16557,Greater Minnesota Regional Parks & Trails,Greater MN,Regional Park,TRUE
Garvin Park,Greater Minnesota Regional Parks & Trails,Greater MN,Regional Park,TRUE,Summer-2020,7601,Summer,2020,7601,19213,Greater Minnesota Regional Parks & Trails,Greater MN,Regional Park,TRUE
Garvin Park,Greater Minnesota Regional Parks & Trails,Greater MN,Regional Park,TRUE,Summer-2021,6517,Summer,2021,6517,16169,Greater Minnesota Regional Parks & Trails,Greater MN,Regional Park,TRUE
Garvin Park,Greater Minnesota Regional Parks & Trails,Greater MN,Regional Park,TRUE,Winter-2018,1074,Winter,2018,1074,15870,Greater Minnesota Regional Parks & Trails,Greater MN,Regional Park,TRUE
Garvin Park,Greater Minnesota Regional Parks & Trails,Greater MN,Regional Park,TRUE,Winter-2019,717,Winter,2019,717,16557,Greater Minnesota Regional Parks & Trails,Greater MN,Regional Park,TRUE
Garvin Park,Greater Minnesota Regional Parks & Trails,Greater MN,Regional Park,TRUE,Winter-2020,1151,Winter,2020,1151,19213,Greater Minnesota Regional Parks & Trails,Greater MN,Regional Park,TRUE
Garvin Park,Greater Minnesota Regional Parks & Trails,Greater MN,Regional Park,TRUE,Winter-2021,1967,Winter,2021,1967,16169,Greater Minnesota Regional Parks & Trails,Greater MN,Regional Park,TRUE
Garvin Park,Greater Minnesota Regional Parks & Trails,Greater MN,Regional Park,TRUE,Winter-2022,470,Winter,2022,470,470,Greater Minnesota Regional Parks & Trails,Greater MN,Regional Park,TRUE
Gateway to the North park,Eligible for Greater Minnesota Designation,Eligible Greater MN,Eligible Regional Park,FALSE,Fall-2018,12334,Fall,2018,12334,51861,Eligible for Greater Minnesota Designation,Eligible Greater MN,Eligible Regional Park,FALSE
Gateway to the North park,Eligible for Greater Minnesota Designation,Eligible Greater MN,Eligible Regional Park,FALSE,Fall-2019,5280,Fall,2019,5280,38526,Eligible for Greater Minnesota Designation,Eligible Greater MN,Eligible Regional Park,FALSE
Gateway to the North park,Eligible for Greater Minnesota Designation,Eligible Greater MN,Eligible Regional Park,FALSE,Fall-2020,10193,Fall,2020,10193,45832,Eligible for Greater Minnesota Designation,Eligible Greater MN,Eligible Regional Park,FALSE
Gateway to the North park,Eligible for Greater Minnesota Designation,Eligible Greater MN,Eligible Regional Park,FALSE,Fall-2021,11222,Fall,2021,11222,53883,Eligible for Greater Minnesota Designation,Eligible Greater MN,Eligible Regional Park,FALSE
Gateway to the North park,Eligible for Greater Minnesota Designation,Eligible Greater MN,Eligible Regional Park,FALSE,Spring-2018,9212,Spring,2018,9212,51861,Eligible for Greater Minnesota Designation,Eligible Greater MN,Eligible Regional Park,FALSE
Gateway to the North park,Eligible for Greater Minnesota Designation,Eligible Greater MN,Eligible Regional Park,FALSE,Spring-2019,10309,Spring,2019,10309,38526,Eligible for Greater Minnesota Designation,Eligible Greater MN,Eligible Regional Park,FALSE
Gateway to the North park,Eligible for Greater Minnesota Designation,Eligible Greater MN,Eligible Regional Park,FALSE,Spring-2020,8578,Spring,2020,8578,45832,Eligible for Greater Minnesota Designation,Eligible Greater MN,Eligible Regional Park,FALSE
Gateway to the North park,Eligible for Greater Minnesota Designation,Eligible Greater MN,Eligible Regional Park,FALSE,Spring-2021,14573,Spring,2021,14573,53883,Eligible for Greater Minnesota Designation,Eligible Greater MN,Eligible Regional Park,FALSE
Gateway to the North park,Eligible for Greater Minnesota Designation,Eligible Greater MN,Eligible Regional Park,FALSE,Summer-2018,23906,Summer,2018,23906,51861,Eligible for Greater Minnesota Designation,Eligible Greater MN,Eligible Regional Park,FALSE
Gateway to the North park,Eligible for Greater Minnesota Designation,Eligible Greater MN,Eligible Regional Park,FALSE,Summer-2019,15894,Summer,2019,15894,38526,Eligible for Greater Minnesota Designation,Eligible Greater MN,Eligible Regional Park,FALSE
Gateway to the North park,Eligible for Greater Minnesota Designation,Eligible Greater MN,Eligible Regional Park,FALSE,Summer-2020,23581,Summer,2020,23581,45832,Eligible for Greater Minnesota Designation,Eligible Greater MN,Eligible Regional Park,FALSE
Gateway to the North park,Eligible for Greater Minnesota Designation,Eligible Greater MN,Eligible Regional Park,FALSE,Summer-2021,21766,Summer,2021,21766,53883,Eligible for Greater Minnesota Designation,Eligible Greater MN,Eligible Regional Park,FALSE
Gateway to the North park,Eligible for Greater Minnesota Designation,Eligible Greater MN,Eligible Regional Park,FALSE,Winter-2018,6409,Winter,2018,6409,51861,Eligible for Greater Minnesota Designation,Eligible Greater MN,Eligible Regional Park,FALSE
Gateway to the North park,Eligible for Greater Minnesota Designation,Eligible Greater MN,Eligible Regional Park,FALSE,Winter-2019,7043,Winter,2019,7043,38526,Eligible for Greater Minnesota Designation,Eligible Greater MN,Eligible Regional Park,FALSE
Gateway to the North park,Eligible for Greater Minnesota Designation,Eligible Greater MN,Eligible Regional Park,FALSE,Winter-2020,3480,Winter,2020,3480,45832,Eligible for Greater Minnesota Designation,Eligible Greater MN,Eligible Regional Park,FALSE
Gateway to the North park,Eligible for Greater Minnesota Designation,Eligible Greater MN,Eligible Regional Park,FALSE,Winter-2021,6322,Winter,2021,6322,53883,Eligible for Greater Minnesota Designation,Eligible Greater MN,Eligible Regional Park,FALSE
Gateway to the North park,Eligible for Greater Minnesota Designation,Eligible Greater MN,Eligible Regional Park,FALSE,Winter-2022,2253,Winter,2022,2253,2253,Eligible for Greater Minnesota Designation,Eligible Greater MN,Eligible Regional Park,FALSE
George H Crosby-Manitou,Department of Natural Resources State Park,DNR,State Park,TRUE,Fall-2018,4200,Fall,2018,4200,25433,Department of Natural Resources State Park,DNR,State Park,TRUE
George H Crosby-Manitou,Department of Natural Resources State Park,DNR,State Park,TRUE,Fall-2019,3798,Fall,2019,3798,13445,Department of Natural Resources State Park,DNR,State Park,TRUE
George H Crosby-Manitou,Department of Natural Resources State Park,DNR,State Park,TRUE,Fall-2020,1744,Fall,2020,1744,8310,Department of Natural Resources State Park,DNR,State Park,TRUE
George H Crosby-Manitou,Department of Natural Resources State Park,DNR,State Park,TRUE,Fall-2021,1684,Fall,2021,1684,8096,Department of Natural Resources State Park,DNR,State Park,TRUE
George H Crosby-Manitou,Department of Natural Resources State Park,DNR,State Park,TRUE,Spring-2018,8342,Spring,2018,8342,25433,Department of Natural Resources State Park,DNR,State Park,TRUE
George H Crosby-Manitou,Department of Natural Resources State Park,DNR,State Park,TRUE,Spring-2019,2566,Spring,2019,2566,13445,Department of Natural Resources State Park,DNR,State Park,TRUE
George H Crosby-Manitou,Department of Natural Resources State Park,DNR,State Park,TRUE,Spring-2020,1497,Spring,2020,1497,8310,Department of Natural Resources State Park,DNR,State Park,TRUE
George H Crosby-Manitou,Department of Natural Resources State Park,DNR,State Park,TRUE,Spring-2021,2178,Spring,2021,2178,8096,Department of Natural Resources State Park,DNR,State Park,TRUE
George H Crosby-Manitou,Department of Natural Resources State Park,DNR,State Park,TRUE,Summer-2018,9079,Summer,2018,9079,25433,Department of Natural Resources State Park,DNR,State Park,TRUE
George H Crosby-Manitou,Department of Natural Resources State Park,DNR,State Park,TRUE,Summer-2019,5237,Summer,2019,5237,13445,Department of Natural Resources State Park,DNR,State Park,TRUE
George H Crosby-Manitou,Department of Natural Resources State Park,DNR,State Park,TRUE,Summer-2020,3569,Summer,2020,3569,8310,Department of Natural Resources State Park,DNR,State Park,TRUE
George H Crosby-Manitou,Department of Natural Resources State Park,DNR,State Park,TRUE,Summer-2021,1938,Summer,2021,1938,8096,Department of Natural Resources State Park,DNR,State Park,TRUE
George H Crosby-Manitou,Department of Natural Resources State Park,DNR,State Park,TRUE,Winter-2018,3812,Winter,2018,3812,25433,Department of Natural Resources State Park,DNR,State Park,TRUE
George H Crosby-Manitou,Department of Natural Resources State Park,DNR,State Park,TRUE,Winter-2019,1844,Winter,2019,1844,13445,Department of Natural Resources State Park,DNR,State Park,TRUE
George H Crosby-Manitou,Department of Natural Resources State Park,DNR,State Park,TRUE,Winter-2020,1500,Winter,2020,1500,8310,Department of Natural Resources State Park,DNR,State Park,TRUE
George H Crosby-Manitou,Department of Natural Resources State Park,DNR,State Park,TRUE,Winter-2021,2296,Winter,2021,2296,8096,Department of Natural Resources State Park,DNR,State Park,TRUE
George H Crosby-Manitou,Department of Natural Resources State Park,DNR,State Park,TRUE,Winter-2022,626,Winter,2022,626,626,Department of Natural Resources State Park,DNR,State Park,TRUE
Glacial Lakes,Department of Natural Resources State Park,DNR,State Park,TRUE,Fall-2018,7903,Fall,2018,7903,31657,Department of Natural Resources State Park,DNR,State Park,TRUE
Glacial Lakes,Department of Natural Resources State Park,DNR,State Park,TRUE,Fall-2019,5848,Fall,2019,5848,25769,Department of Natural Resources State Park,DNR,State Park,TRUE
Glacial Lakes,Department of Natural Resources State Park,DNR,State Park,TRUE,Fall-2020,7035,Fall,2020,7035,22927,Department of Natural Resources State Park,DNR,State Park,TRUE
Glacial Lakes,Department of Natural Resources State Park,DNR,State Park,TRUE,Fall-2021,5366,Fall,2021,5366,23638,Department of Natural Resources State Park,DNR,State Park,TRUE
Glacial Lakes,Department of Natural Resources State Park,DNR,State Park,TRUE,Spring-2018,4233,Spring,2018,4233,31657,Department of Natural Resources State Park,DNR,State Park,TRUE
Glacial Lakes,Department of Natural Resources State Park,DNR,State Park,TRUE,Spring-2019,3957,Spring,2019,3957,25769,Department of Natural Resources State Park,DNR,State Park,TRUE
Glacial Lakes,Department of Natural Resources State Park,DNR,State Park,TRUE,Spring-2020,3462,Spring,2020,3462,22927,Department of Natural Resources State Park,DNR,State Park,TRUE
Glacial Lakes,Department of Natural Resources State Park,DNR,State Park,TRUE,Spring-2021,5331,Spring,2021,5331,23638,Department of Natural Resources State Park,DNR,State Park,TRUE
Glacial Lakes,Department of Natural Resources State Park,DNR,State Park,TRUE,Summer-2018,17124,Summer,2018,17124,31657,Department of Natural Resources State Park,DNR,State Park,TRUE
Glacial Lakes,Department of Natural Resources State Park,DNR,State Park,TRUE,Summer-2019,15072,Summer,2019,15072,25769,Department of Natural Resources State Park,DNR,State Park,TRUE
Glacial Lakes,Department of Natural Resources State Park,DNR,State Park,TRUE,Summer-2020,11526,Summer,2020,11526,22927,Department of Natural Resources State Park,DNR,State Park,TRUE
Glacial Lakes,Department of Natural Resources State Park,DNR,State Park,TRUE,Summer-2021,10796,Summer,2021,10796,23638,Department of Natural Resources State Park,DNR,State Park,TRUE
Glacial Lakes,Department of Natural Resources State Park,DNR,State Park,TRUE,Winter-2018,2397,Winter,2018,2397,31657,Department of Natural Resources State Park,DNR,State Park,TRUE
Glacial Lakes,Department of Natural Resources State Park,DNR,State Park,TRUE,Winter-2019,892,Winter,2019,892,25769,Department of Natural Resources State Park,DNR,State Park,TRUE
Glacial Lakes,Department of Natural Resources State Park,DNR,State Park,TRUE,Winter-2020,904,Winter,2020,904,22927,Department of Natural Resources State Park,DNR,State Park,TRUE
Glacial Lakes,Department of Natural Resources State Park,DNR,State Park,TRUE,Winter-2021,2145,Winter,2021,2145,23638,Department of Natural Resources State Park,DNR,State Park,TRUE
Glacial Lakes,Department of Natural Resources State Park,DNR,State Park,TRUE,Winter-2022,430,Winter,2022,430,430,Department of Natural Resources State Park,DNR,State Park,TRUE
Glendalough,Department of Natural Resources State Park,DNR,State Park,TRUE,Fall-2018,7563,Fall,2018,7563,53183,Department of Natural Resources State Park,DNR,State Park,TRUE
Glendalough,Department of Natural Resources State Park,DNR,State Park,TRUE,Fall-2019,8454,Fall,2019,8454,51462,Department of Natural Resources State Park,DNR,State Park,TRUE
Glendalough,Department of Natural Resources State Park,DNR,State Park,TRUE,Fall-2020,11498,Fall,2020,11498,71131,Department of Natural Resources State Park,DNR,State Park,TRUE
Glendalough,Department of Natural Resources State Park,DNR,State Park,TRUE,Fall-2021,9982,Fall,2021,9982,56667,Department of Natural Resources State Park,DNR,State Park,TRUE
Glendalough,Department of Natural Resources State Park,DNR,State Park,TRUE,Spring-2018,9012,Spring,2018,9012,53183,Department of Natural Resources State Park,DNR,State Park,TRUE
Glendalough,Department of Natural Resources State Park,DNR,State Park,TRUE,Spring-2019,7189,Spring,2019,7189,51462,Department of Natural Resources State Park,DNR,State Park,TRUE
Glendalough,Department of Natural Resources State Park,DNR,State Park,TRUE,Spring-2020,13910,Spring,2020,13910,71131,Department of Natural Resources State Park,DNR,State Park,TRUE
Glendalough,Department of Natural Resources State Park,DNR,State Park,TRUE,Spring-2021,11450,Spring,2021,11450,56667,Department of Natural Resources State Park,DNR,State Park,TRUE
Glendalough,Department of Natural Resources State Park,DNR,State Park,TRUE,Summer-2018,32653,Summer,2018,32653,53183,Department of Natural Resources State Park,DNR,State Park,TRUE
Glendalough,Department of Natural Resources State Park,DNR,State Park,TRUE,Summer-2019,32383,Summer,2019,32383,51462,Department of Natural Resources State Park,DNR,State Park,TRUE
Glendalough,Department of Natural Resources State Park,DNR,State Park,TRUE,Summer-2020,41069,Summer,2020,41069,71131,Department of Natural Resources State Park,DNR,State Park,TRUE
Glendalough,Department of Natural Resources State Park,DNR,State Park,TRUE,Summer-2021,32285,Summer,2021,32285,56667,Department of Natural Resources State Park,DNR,State Park,TRUE
Glendalough,Department of Natural Resources State Park,DNR,State Park,TRUE,Winter-2018,3955,Winter,2018,3955,53183,Department of Natural Resources State Park,DNR,State Park,TRUE
Glendalough,Department of Natural Resources State Park,DNR,State Park,TRUE,Winter-2019,3436,Winter,2019,3436,51462,Department of Natural Resources State Park,DNR,State Park,TRUE
Glendalough,Department of Natural Resources State Park,DNR,State Park,TRUE,Winter-2020,4654,Winter,2020,4654,71131,Department of Natural Resources State Park,DNR,State Park,TRUE
Glendalough,Department of Natural Resources State Park,DNR,State Park,TRUE,Winter-2021,2950,Winter,2021,2950,56667,Department of Natural Resources State Park,DNR,State Park,TRUE
Glendalough,Department of Natural Resources State Park,DNR,State Park,TRUE,Winter-2022,637,Winter,2022,637,637,Department of Natural Resources State Park,DNR,State Park,TRUE
Gooseberry Falls,Department of Natural Resources State Park,DNR,State Park,TRUE,Fall-2018,110398,Fall,2018,110398,512321,Department of Natural Resources State Park,DNR,State Park,TRUE
Gooseberry Falls,Department of Natural Resources State Park,DNR,State Park,TRUE,Fall-2019,103226,Fall,2019,103226,463207,Department of Natural Resources State Park,DNR,State Park,TRUE
Gooseberry Falls,Department of Natural Resources State Park,DNR,State Park,TRUE,Fall-2020,113101,Fall,2020,113101,467269,Department of Natural Resources State Park,DNR,State Park,TRUE
Gooseberry Falls,Department of Natural Resources State Park,DNR,State Park,TRUE,Fall-2021,90238,Fall,2021,90238,435980,Department of Natural Resources State Park,DNR,State Park,TRUE
Gooseberry Falls,Department of Natural Resources State Park,DNR,State Park,TRUE,Spring-2018,105315,Spring,2018,105315,512321,Department of Natural Resources State Park,DNR,State Park,TRUE
Gooseberry Falls,Department of Natural Resources State Park,DNR,State Park,TRUE,Spring-2019,86620,Spring,2019,86620,463207,Department of Natural Resources State Park,DNR,State Park,TRUE
Gooseberry Falls,Department of Natural Resources State Park,DNR,State Park,TRUE,Spring-2020,59442,Spring,2020,59442,467269,Department of Natural Resources State Park,DNR,State Park,TRUE
Gooseberry Falls,Department of Natural Resources State Park,DNR,State Park,TRUE,Spring-2021,106361,Spring,2021,106361,435980,Department of Natural Resources State Park,DNR,State Park,TRUE
Gooseberry Falls,Department of Natural Resources State Park,DNR,State Park,TRUE,Summer-2018,239290,Summer,2018,239290,512321,Department of Natural Resources State Park,DNR,State Park,TRUE
Gooseberry Falls,Department of Natural Resources State Park,DNR,State Park,TRUE,Summer-2019,237708,Summer,2019,237708,463207,Department of Natural Resources State Park,DNR,State Park,TRUE
Gooseberry Falls,Department of Natural Resources State Park,DNR,State Park,TRUE,Summer-2020,258960,Summer,2020,258960,467269,Department of Natural Resources State Park,DNR,State Park,TRUE
Gooseberry Falls,Department of Natural Resources State Park,DNR,State Park,TRUE,Summer-2021,186493,Summer,2021,186493,435980,Department of Natural Resources State Park,DNR,State Park,TRUE
Gooseberry Falls,Department of Natural Resources State Park,DNR,State Park,TRUE,Winter-2018,57318,Winter,2018,57318,512321,Department of Natural Resources State Park,DNR,State Park,TRUE
Gooseberry Falls,Department of Natural Resources State Park,DNR,State Park,TRUE,Winter-2019,35653,Winter,2019,35653,463207,Department of Natural Resources State Park,DNR,State Park,TRUE
Gooseberry Falls,Department of Natural Resources State Park,DNR,State Park,TRUE,Winter-2020,35766,Winter,2020,35766,467269,Department of Natural Resources State Park,DNR,State Park,TRUE
Gooseberry Falls,Department of Natural Resources State Park,DNR,State Park,TRUE,Winter-2021,52888,Winter,2021,52888,435980,Department of Natural Resources State Park,DNR,State Park,TRUE
Gooseberry Falls,Department of Natural Resources State Park,DNR,State Park,TRUE,Winter-2022,13635,Winter,2022,13635,13635,Department of Natural Resources State Park,DNR,State Park,TRUE
Grand Marais Recreation Area,Eligible for Greater Minnesota Designation,Eligible Greater MN,Eligible Regional Park,FALSE,Fall-2018,74120,Fall,2018,74120,283734,Eligible for Greater Minnesota Designation,Eligible Greater MN,Eligible Regional Park,FALSE
Grand Marais Recreation Area,Eligible for Greater Minnesota Designation,Eligible Greater MN,Eligible Regional Park,FALSE,Fall-2019,46691,Fall,2019,46691,202097,Eligible for Greater Minnesota Designation,Eligible Greater MN,Eligible Regional Park,FALSE
Grand Marais Recreation Area,Eligible for Greater Minnesota Designation,Eligible Greater MN,Eligible Regional Park,FALSE,Fall-2020,38766,Fall,2020,38766,191684,Eligible for Greater Minnesota Designation,Eligible Greater MN,Eligible Regional Park,FALSE
Grand Marais Recreation Area,Eligible for Greater Minnesota Designation,Eligible Greater MN,Eligible Regional Park,FALSE,Fall-2021,43582,Fall,2021,43582,194393,Eligible for Greater Minnesota Designation,Eligible Greater MN,Eligible Regional Park,FALSE
Grand Marais Recreation Area,Eligible for Greater Minnesota Designation,Eligible Greater MN,Eligible Regional Park,FALSE,Spring-2018,42261,Spring,2018,42261,283734,Eligible for Greater Minnesota Designation,Eligible Greater MN,Eligible Regional Park,FALSE
Grand Marais Recreation Area,Eligible for Greater Minnesota Designation,Eligible Greater MN,Eligible Regional Park,FALSE,Spring-2019,20906,Spring,2019,20906,202097,Eligible for Greater Minnesota Designation,Eligible Greater MN,Eligible Regional Park,FALSE
Grand Marais Recreation Area,Eligible for Greater Minnesota Designation,Eligible Greater MN,Eligible Regional Park,FALSE,Spring-2020,14278,Spring,2020,14278,191684,Eligible for Greater Minnesota Designation,Eligible Greater MN,Eligible Regional Park,FALSE
Grand Marais Recreation Area,Eligible for Greater Minnesota Designation,Eligible Greater MN,Eligible Regional Park,FALSE,Spring-2021,27240,Spring,2021,27240,194393,Eligible for Greater Minnesota Designation,Eligible Greater MN,Eligible Regional Park,FALSE
Grand Marais Recreation Area,Eligible for Greater Minnesota Designation,Eligible Greater MN,Eligible Regional Park,FALSE,Summer-2018,144932,Summer,2018,144932,283734,Eligible for Greater Minnesota Designation,Eligible Greater MN,Eligible Regional Park,FALSE
Grand Marais Recreation Area,Eligible for Greater Minnesota Designation,Eligible Greater MN,Eligible Regional Park,FALSE,Summer-2019,117068,Summer,2019,117068,202097,Eligible for Greater Minnesota Designation,Eligible Greater MN,Eligible Regional Park,FALSE
Grand Marais Recreation Area,Eligible for Greater Minnesota Designation,Eligible Greater MN,Eligible Regional Park,FALSE,Summer-2020,128167,Summer,2020,128167,191684,Eligible for Greater Minnesota Designation,Eligible Greater MN,Eligible Regional Park,FALSE
Grand Marais Recreation Area,Eligible for Greater Minnesota Designation,Eligible Greater MN,Eligible Regional Park,FALSE,Summer-2021,114153,Summer,2021,114153,194393,Eligible for Greater Minnesota Designation,Eligible Greater MN,Eligible Regional Park,FALSE
Grand Marais Recreation Area,Eligible for Greater Minnesota Designation,Eligible Greater MN,Eligible Regional Park,FALSE,Winter-2018,22421,Winter,2018,22421,283734,Eligible for Greater Minnesota Designation,Eligible Greater MN,Eligible Regional Park,FALSE
Grand Marais Recreation Area,Eligible for Greater Minnesota Designation,Eligible Greater MN,Eligible Regional Park,FALSE,Winter-2019,17432,Winter,2019,17432,202097,Eligible for Greater Minnesota Designation,Eligible Greater MN,Eligible Regional Park,FALSE
Grand Marais Recreation Area,Eligible for Greater Minnesota Designation,Eligible Greater MN,Eligible Regional Park,FALSE,Winter-2020,10473,Winter,2020,10473,191684,Eligible for Greater Minnesota Designation,Eligible Greater MN,Eligible Regional Park,FALSE
Grand Marais Recreation Area,Eligible for Greater Minnesota Designation,Eligible Greater MN,Eligible Regional Park,FALSE,Winter-2021,9418,Winter,2021,9418,194393,Eligible for Greater Minnesota Designation,Eligible Greater MN,Eligible Regional Park,FALSE
Grand Marais Recreation Area,Eligible for Greater Minnesota Designation,Eligible Greater MN,Eligible Regional Park,FALSE,Winter-2022,5467,Winter,2022,5467,5467,Eligible for Greater Minnesota Designation,Eligible Greater MN,Eligible Regional Park,FALSE
Grand Portage,Department of Natural Resources State Park,DNR,State Park,TRUE,Fall-2018,3161,Fall,2018,3161,15805,Department of Natural Resources State Park,DNR,State Park,TRUE
Grand Portage,Department of Natural Resources State Park,DNR,State Park,TRUE,Fall-2019,7751,Fall,2019,7751,25594,Department of Natural Resources State Park,DNR,State Park,TRUE
Grand Portage,Department of Natural Resources State Park,DNR,State Park,TRUE,Fall-2020,5605,Fall,2020,5605,20380,Department of Natural Resources State Park,DNR,State Park,TRUE
Grand Portage,Department of Natural Resources State Park,DNR,State Park,TRUE,Fall-2021,4354,Fall,2021,4354,14279,Department of Natural Resources State Park,DNR,State Park,TRUE
Grand Portage,Department of Natural Resources State Park,DNR,State Park,TRUE,Spring-2018,2952,Spring,2018,2952,15805,Department of Natural Resources State Park,DNR,State Park,TRUE
Grand Portage,Department of Natural Resources State Park,DNR,State Park,TRUE,Spring-2019,3914,Spring,2019,3914,25594,Department of Natural Resources State Park,DNR,State Park,TRUE
Grand Portage,Department of Natural Resources State Park,DNR,State Park,TRUE,Spring-2020,1351,Spring,2020,1351,20380,Department of Natural Resources State Park,DNR,State Park,TRUE
Grand Portage,Department of Natural Resources State Park,DNR,State Park,TRUE,Spring-2021,2667,Spring,2021,2667,14279,Department of Natural Resources State Park,DNR,State Park,TRUE
Grand Portage,Department of Natural Resources State Park,DNR,State Park,TRUE,Summer-2018,7452,Summer,2018,7452,15805,Department of Natural Resources State Park,DNR,State Park,TRUE
Grand Portage,Department of Natural Resources State Park,DNR,State Park,TRUE,Summer-2019,12503,Summer,2019,12503,25594,Department of Natural Resources State Park,DNR,State Park,TRUE
Grand Portage,Department of Natural Resources State Park,DNR,State Park,TRUE,Summer-2020,12036,Summer,2020,12036,20380,Department of Natural Resources State Park,DNR,State Park,TRUE
Grand Portage,Department of Natural Resources State Park,DNR,State Park,TRUE,Summer-2021,6321,Summer,2021,6321,14279,Department of Natural Resources State Park,DNR,State Park,TRUE
Grand Portage,Department of Natural Resources State Park,DNR,State Park,TRUE,Winter-2018,2240,Winter,2018,2240,15805,Department of Natural Resources State Park,DNR,State Park,TRUE
Grand Portage,Department of Natural Resources State Park,DNR,State Park,TRUE,Winter-2019,1426,Winter,2019,1426,25594,Department of Natural Resources State Park,DNR,State Park,TRUE
Grand Portage,Department of Natural Resources State Park,DNR,State Park,TRUE,Winter-2020,1388,Winter,2020,1388,20380,Department of Natural Resources State Park,DNR,State Park,TRUE
Grand Portage,Department of Natural Resources State Park,DNR,State Park,TRUE,Winter-2021,937,Winter,2021,937,14279,Department of Natural Resources State Park,DNR,State Park,TRUE
Grand Portage,Department of Natural Resources State Park,DNR,State Park,TRUE,Winter-2022,336,Winter,2022,336,336,Department of Natural Resources State Park,DNR,State Park,TRUE
Granite Falls Memorial Park,Greater Minnesota Regional Parks & Trails,Greater MN,Regional Park,TRUE,Fall-2018,9950,Fall,2018,9950,45745,Greater Minnesota Regional Parks & Trails,Greater MN,Regional Park,TRUE
Granite Falls Memorial Park,Greater Minnesota Regional Parks & Trails,Greater MN,Regional Park,TRUE,Fall-2019,10648,Fall,2019,10648,51809,Greater Minnesota Regional Parks & Trails,Greater MN,Regional Park,TRUE
Granite Falls Memorial Park,Greater Minnesota Regional Parks & Trails,Greater MN,Regional Park,TRUE,Fall-2020,8534,Fall,2020,8534,35546,Greater Minnesota Regional Parks & Trails,Greater MN,Regional Park,TRUE
Granite Falls Memorial Park,Greater Minnesota Regional Parks & Trails,Greater MN,Regional Park,TRUE,Fall-2021,9601,Fall,2021,9601,55127,Greater Minnesota Regional Parks & Trails,Greater MN,Regional Park,TRUE
Granite Falls Memorial Park,Greater Minnesota Regional Parks & Trails,Greater MN,Regional Park,TRUE,Spring-2018,8800,Spring,2018,8800,45745,Greater Minnesota Regional Parks & Trails,Greater MN,Regional Park,TRUE
Granite Falls Memorial Park,Greater Minnesota Regional Parks & Trails,Greater MN,Regional Park,TRUE,Spring-2019,13958,Spring,2019,13958,51809,Greater Minnesota Regional Parks & Trails,Greater MN,Regional Park,TRUE
Granite Falls Memorial Park,Greater Minnesota Regional Parks & Trails,Greater MN,Regional Park,TRUE,Spring-2020,6346,Spring,2020,6346,35546,Greater Minnesota Regional Parks & Trails,Greater MN,Regional Park,TRUE
Granite Falls Memorial Park,Greater Minnesota Regional Parks & Trails,Greater MN,Regional Park,TRUE,Spring-2021,13703,Spring,2021,13703,55127,Greater Minnesota Regional Parks & Trails,Greater MN,Regional Park,TRUE
Granite Falls Memorial Park,Greater Minnesota Regional Parks & Trails,Greater MN,Regional Park,TRUE,Summer-2018,20672,Summer,2018,20672,45745,Greater Minnesota Regional Parks & Trails,Greater MN,Regional Park,TRUE
Granite Falls Memorial Park,Greater Minnesota Regional Parks & Trails,Greater MN,Regional Park,TRUE,Summer-2019,17869,Summer,2019,17869,51809,Greater Minnesota Regional Parks & Trails,Greater MN,Regional Park,TRUE
Granite Falls Memorial Park,Greater Minnesota Regional Parks & Trails,Greater MN,Regional Park,TRUE,Summer-2020,16066,Summer,2020,16066,35546,Greater Minnesota Regional Parks & Trails,Greater MN,Regional Park,TRUE
Granite Falls Memorial Park,Greater Minnesota Regional Parks & Trails,Greater MN,Regional Park,TRUE,Summer-2021,27996,Summer,2021,27996,55127,Greater Minnesota Regional Parks & Trails,Greater MN,Regional Park,TRUE
Granite Falls Memorial Park,Greater Minnesota Regional Parks & Trails,Greater MN,Regional Park,TRUE,Winter-2018,6323,Winter,2018,6323,45745,Greater Minnesota Regional Parks & Trails,Greater MN,Regional Park,TRUE
Granite Falls Memorial Park,Greater Minnesota Regional Parks & Trails,Greater MN,Regional Park,TRUE,Winter-2019,9334,Winter,2019,9334,51809,Greater Minnesota Regional Parks & Trails,Greater MN,Regional Park,TRUE
Granite Falls Memorial Park,Greater Minnesota Regional Parks & Trails,Greater MN,Regional Park,TRUE,Winter-2020,4600,Winter,2020,4600,35546,Greater Minnesota Regional Parks & Trails,Greater MN,Regional Park,TRUE
Granite Falls Memorial Park,Greater Minnesota Regional Parks & Trails,Greater MN,Regional Park,TRUE,Winter-2021,3827,Winter,2021,3827,55127,Greater Minnesota Regional Parks & Trails,Greater MN,Regional Park,TRUE
Granite Falls Memorial Park,Greater Minnesota Regional Parks & Trails,Greater MN,Regional Park,TRUE,Winter-2022,885,Winter,2022,885,885,Greater Minnesota Regional Parks & Trails,Greater MN,Regional Park,TRUE
Great River Bluffs,Department of Natural Resources State Park,DNR,State Park,TRUE,Fall-2018,10362,Fall,2018,10362,32257,Department of Natural Resources State Park,DNR,State Park,TRUE
Great River Bluffs,Department of Natural Resources State Park,DNR,State Park,TRUE,Fall-2019,7565,Fall,2019,7565,23694,Department of Natural Resources State Park,DNR,State Park,TRUE
Great River Bluffs,Department of Natural Resources State Park,DNR,State Park,TRUE,Fall-2020,14126,Fall,2020,14126,42937,Department of Natural Resources State Park,DNR,State Park,TRUE
Great River Bluffs,Department of Natural Resources State Park,DNR,State Park,TRUE,Fall-2021,7633,Fall,2021,7633,27174,Department of Natural Resources State Park,DNR,State Park,TRUE
Great River Bluffs,Department of Natural Resources State Park,DNR,State Park,TRUE,Spring-2018,4641,Spring,2018,4641,32257,Department of Natural Resources State Park,DNR,State Park,TRUE
Great River Bluffs,Department of Natural Resources State Park,DNR,State Park,TRUE,Spring-2019,4318,Spring,2019,4318,23694,Department of Natural Resources State Park,DNR,State Park,TRUE
Great River Bluffs,Department of Natural Resources State Park,DNR,State Park,TRUE,Spring-2020,9760,Spring,2020,9760,42937,Department of Natural Resources State Park,DNR,State Park,TRUE
Great River Bluffs,Department of Natural Resources State Park,DNR,State Park,TRUE,Spring-2021,6858,Spring,2021,6858,27174,Department of Natural Resources State Park,DNR,State Park,TRUE
Great River Bluffs,Department of Natural Resources State Park,DNR,State Park,TRUE,Summer-2018,15503,Summer,2018,15503,32257,Department of Natural Resources State Park,DNR,State Park,TRUE
Great River Bluffs,Department of Natural Resources State Park,DNR,State Park,TRUE,Summer-2019,9633,Summer,2019,9633,23694,Department of Natural Resources State Park,DNR,State Park,TRUE
Great River Bluffs,Department of Natural Resources State Park,DNR,State Park,TRUE,Summer-2020,17431,Summer,2020,17431,42937,Department of Natural Resources State Park,DNR,State Park,TRUE
Great River Bluffs,Department of Natural Resources State Park,DNR,State Park,TRUE,Summer-2021,9128,Summer,2021,9128,27174,Department of Natural Resources State Park,DNR,State Park,TRUE
Great River Bluffs,Department of Natural Resources State Park,DNR,State Park,TRUE,Winter-2018,1751,Winter,2018,1751,32257,Department of Natural Resources State Park,DNR,State Park,TRUE
Great River Bluffs,Department of Natural Resources State Park,DNR,State Park,TRUE,Winter-2019,2178,Winter,2019,2178,23694,Department of Natural Resources State Park,DNR,State Park,TRUE
Great River Bluffs,Department of Natural Resources State Park,DNR,State Park,TRUE,Winter-2020,1620,Winter,2020,1620,42937,Department of Natural Resources State Park,DNR,State Park,TRUE
Great River Bluffs,Department of Natural Resources State Park,DNR,State Park,TRUE,Winter-2021,3555,Winter,2021,3555,27174,Department of Natural Resources State Park,DNR,State Park,TRUE
Great River Bluffs,Department of Natural Resources State Park,DNR,State Park,TRUE,Winter-2022,298,Winter,2022,298,298,Department of Natural Resources State Park,DNR,State Park,TRUE
Greenleaf Lake,Department of Natural Resources State Park,DNR,State Recreation Area,TRUE,Fall-2018,1077,Fall,2018,1077,5423,Department of Natural Resources State Park,DNR,State Recreation Area,TRUE
Greenleaf Lake,Department of Natural Resources State Park,DNR,State Recreation Area,TRUE,Fall-2019,838,Fall,2019,838,4472,Department of Natural Resources State Park,DNR,State Recreation Area,TRUE
Greenleaf Lake,Department of Natural Resources State Park,DNR,State Recreation Area,TRUE,Fall-2020,1442,Fall,2020,1442,5996,Department of Natural Resources State Park,DNR,State Recreation Area,TRUE
Greenleaf Lake,Department of Natural Resources State Park,DNR,State Recreation Area,TRUE,Fall-2021,762,Fall,2021,762,5842,Department of Natural Resources State Park,DNR,State Recreation Area,TRUE
Greenleaf Lake,Department of Natural Resources State Park,DNR,State Recreation Area,TRUE,Spring-2018,712,Spring,2018,712,5423,Department of Natural Resources State Park,DNR,State Recreation Area,TRUE
Greenleaf Lake,Department of Natural Resources State Park,DNR,State Recreation Area,TRUE,Spring-2019,944,Spring,2019,944,4472,Department of Natural Resources State Park,DNR,State Recreation Area,TRUE
Greenleaf Lake,Department of Natural Resources State Park,DNR,State Recreation Area,TRUE,Spring-2020,1718,Spring,2020,1718,5996,Department of Natural Resources State Park,DNR,State Recreation Area,TRUE
Greenleaf Lake,Department of Natural Resources State Park,DNR,State Recreation Area,TRUE,Spring-2021,1637,Spring,2021,1637,5842,Department of Natural Resources State Park,DNR,State Recreation Area,TRUE
Greenleaf Lake,Department of Natural Resources State Park,DNR,State Recreation Area,TRUE,Summer-2018,2636,Summer,2018,2636,5423,Department of Natural Resources State Park,DNR,State Recreation Area,TRUE
Greenleaf Lake,Department of Natural Resources State Park,DNR,State Recreation Area,TRUE,Summer-2019,1467,Summer,2019,1467,4472,Department of Natural Resources State Park,DNR,State Recreation Area,TRUE
Greenleaf Lake,Department of Natural Resources State Park,DNR,State Recreation Area,TRUE,Summer-2020,2067,Summer,2020,2067,5996,Department of Natural Resources State Park,DNR,State Recreation Area,TRUE
Greenleaf Lake,Department of Natural Resources State Park,DNR,State Recreation Area,TRUE,Summer-2021,2346,Summer,2021,2346,5842,Department of Natural Resources State Park,DNR,State Recreation Area,TRUE
Greenleaf Lake,Department of Natural Resources State Park,DNR,State Recreation Area,TRUE,Winter-2018,998,Winter,2018,998,5423,Department of Natural Resources State Park,DNR,State Recreation Area,TRUE
Greenleaf Lake,Department of Natural Resources State Park,DNR,State Recreation Area,TRUE,Winter-2019,1223,Winter,2019,1223,4472,Department of Natural Resources State Park,DNR,State Recreation Area,TRUE
Greenleaf Lake,Department of Natural Resources State Park,DNR,State Recreation Area,TRUE,Winter-2020,769,Winter,2020,769,5996,Department of Natural Resources State Park,DNR,State Recreation Area,TRUE
Greenleaf Lake,Department of Natural Resources State Park,DNR,State Recreation Area,TRUE,Winter-2021,1097,Winter,2021,1097,5842,Department of Natural Resources State Park,DNR,State Recreation Area,TRUE
Greenleaf Lake,Department of Natural Resources State Park,DNR,State Recreation Area,TRUE,Winter-2022,337,Winter,2022,337,337,Department of Natural Resources State Park,DNR,State Recreation Area,TRUE
Hartley Park,Greater Minnesota Regional Parks & Trails,Greater MN,Regional Park,TRUE,Fall-2018,21167,Fall,2018,21167,87554,Greater Minnesota Regional Parks & Trails,Greater MN,Regional Park,TRUE
Hartley Park,Greater Minnesota Regional Parks & Trails,Greater MN,Regional Park,TRUE,Fall-2019,38933,Fall,2019,38933,168274,Greater Minnesota Regional Parks & Trails,Greater MN,Regional Park,TRUE
Hartley Park,Greater Minnesota Regional Parks & Trails,Greater MN,Regional Park,TRUE,Fall-2020,26072,Fall,2020,26072,164868,Greater Minnesota Regional Parks & Trails,Greater MN,Regional Park,TRUE
Hartley Park,Greater Minnesota Regional Parks & Trails,Greater MN,Regional Park,TRUE,Fall-2021,27350,Fall,2021,27350,145027,Greater Minnesota Regional Parks & Trails,Greater MN,Regional Park,TRUE
Hartley Park,Greater Minnesota Regional Parks & Trails,Greater MN,Regional Park,TRUE,Spring-2018,16131,Spring,2018,16131,87554,Greater Minnesota Regional Parks & Trails,Greater MN,Regional Park,TRUE
Hartley Park,Greater Minnesota Regional Parks & Trails,Greater MN,Regional Park,TRUE,Spring-2019,27492,Spring,2019,27492,168274,Greater Minnesota Regional Parks & Trails,Greater MN,Regional Park,TRUE
Hartley Park,Greater Minnesota Regional Parks & Trails,Greater MN,Regional Park,TRUE,Spring-2020,21663,Spring,2020,21663,164868,Greater Minnesota Regional Parks & Trails,Greater MN,Regional Park,TRUE
Hartley Park,Greater Minnesota Regional Parks & Trails,Greater MN,Regional Park,TRUE,Spring-2021,28326,Spring,2021,28326,145027,Greater Minnesota Regional Parks & Trails,Greater MN,Regional Park,TRUE
Hartley Park,Greater Minnesota Regional Parks & Trails,Greater MN,Regional Park,TRUE,Summer-2018,20700,Summer,2018,20700,87554,Greater Minnesota Regional Parks & Trails,Greater MN,Regional Park,TRUE
Hartley Park,Greater Minnesota Regional Parks & Trails,Greater MN,Regional Park,TRUE,Summer-2019,44277,Summer,2019,44277,168274,Greater Minnesota Regional Parks & Trails,Greater MN,Regional Park,TRUE
Hartley Park,Greater Minnesota Regional Parks & Trails,Greater MN,Regional Park,TRUE,Summer-2020,37327,Summer,2020,37327,164868,Greater Minnesota Regional Parks & Trails,Greater MN,Regional Park,TRUE
Hartley Park,Greater Minnesota Regional Parks & Trails,Greater MN,Regional Park,TRUE,Summer-2021,38062,Summer,2021,38062,145027,Greater Minnesota Regional Parks & Trails,Greater MN,Regional Park,TRUE
Hartley Park,Greater Minnesota Regional Parks & Trails,Greater MN,Regional Park,TRUE,Winter-2018,29556,Winter,2018,29556,87554,Greater Minnesota Regional Parks & Trails,Greater MN,Regional Park,TRUE
Hartley Park,Greater Minnesota Regional Parks & Trails,Greater MN,Regional Park,TRUE,Winter-2019,57572,Winter,2019,57572,168274,Greater Minnesota Regional Parks & Trails,Greater MN,Regional Park,TRUE
Hartley Park,Greater Minnesota Regional Parks & Trails,Greater MN,Regional Park,TRUE,Winter-2020,79806,Winter,2020,79806,164868,Greater Minnesota Regional Parks & Trails,Greater MN,Regional Park,TRUE
Hartley Park,Greater Minnesota Regional Parks & Trails,Greater MN,Regional Park,TRUE,Winter-2021,51289,Winter,2021,51289,145027,Greater Minnesota Regional Parks & Trails,Greater MN,Regional Park,TRUE
Hartley Park,Greater Minnesota Regional Parks & Trails,Greater MN,Regional Park,TRUE,Winter-2022,16589,Winter,2022,16589,16589,Greater Minnesota Regional Parks & Trails,Greater MN,Regional Park,TRUE
Hayes Lake,Department of Natural Resources State Park,DNR,State Park,TRUE,Fall-2018,1542,Fall,2018,1542,13464,Department of Natural Resources State Park,DNR,State Park,TRUE
Hayes Lake,Department of Natural Resources State Park,DNR,State Park,TRUE,Fall-2019,787,Fall,2019,787,8766,Department of Natural Resources State Park,DNR,State Park,TRUE
Hayes Lake,Department of Natural Resources State Park,DNR,State Park,TRUE,Fall-2020,1360,Fall,2020,1360,8178,Department of Natural Resources State Park,DNR,State Park,TRUE
Hayes Lake,Department of Natural Resources State Park,DNR,State Park,TRUE,Fall-2021,1450,Fall,2021,1450,8574,Department of Natural Resources State Park,DNR,State Park,TRUE
Hayes Lake,Department of Natural Resources State Park,DNR,State Park,TRUE,Spring-2018,1896,Spring,2018,1896,13464,Department of Natural Resources State Park,DNR,State Park,TRUE
Hayes Lake,Department of Natural Resources State Park,DNR,State Park,TRUE,Spring-2019,1548,Spring,2019,1548,8766,Department of Natural Resources State Park,DNR,State Park,TRUE
Hayes Lake,Department of Natural Resources State Park,DNR,State Park,TRUE,Spring-2020,940,Spring,2020,940,8178,Department of Natural Resources State Park,DNR,State Park,TRUE
Hayes Lake,Department of Natural Resources State Park,DNR,State Park,TRUE,Spring-2021,1187,Spring,2021,1187,8574,Department of Natural Resources State Park,DNR,State Park,TRUE
Hayes Lake,Department of Natural Resources State Park,DNR,State Park,TRUE,Summer-2018,8632,Summer,2018,8632,13464,Department of Natural Resources State Park,DNR,State Park,TRUE
Hayes Lake,Department of Natural Resources State Park,DNR,State Park,TRUE,Summer-2019,5357,Summer,2019,5357,8766,Department of Natural Resources State Park,DNR,State Park,TRUE
Hayes Lake,Department of Natural Resources State Park,DNR,State Park,TRUE,Summer-2020,5179,Summer,2020,5179,8178,Department of Natural Resources State Park,DNR,State Park,TRUE
Hayes Lake,Department of Natural Resources State Park,DNR,State Park,TRUE,Summer-2021,4944,Summer,2021,4944,8574,Department of Natural Resources State Park,DNR,State Park,TRUE
Hayes Lake,Department of Natural Resources State Park,DNR,State Park,TRUE,Winter-2018,1394,Winter,2018,1394,13464,Department of Natural Resources State Park,DNR,State Park,TRUE
Hayes Lake,Department of Natural Resources State Park,DNR,State Park,TRUE,Winter-2019,1074,Winter,2019,1074,8766,Department of Natural Resources State Park,DNR,State Park,TRUE
Hayes Lake,Department of Natural Resources State Park,DNR,State Park,TRUE,Winter-2020,699,Winter,2020,699,8178,Department of Natural Resources State Park,DNR,State Park,TRUE
Hayes Lake,Department of Natural Resources State Park,DNR,State Park,TRUE,Winter-2021,993,Winter,2021,993,8574,Department of Natural Resources State Park,DNR,State Park,TRUE
Hayes Lake,Department of Natural Resources State Park,DNR,State Park,TRUE,Winter-2022,398,Winter,2022,398,398,Department of Natural Resources State Park,DNR,State Park,TRUE
He Mni Can - Barn Bluff,Greater Minnesota Regional Parks & Trails,Greater MN,Regional Park,TRUE,Fall-2018,3531,Fall,2018,3531,14124,Greater Minnesota Regional Parks & Trails,Greater MN,Regional Park,TRUE
He Mni Can - Barn Bluff,Greater Minnesota Regional Parks & Trails,Greater MN,Regional Park,TRUE,Fall-2019,7708,Fall,2019,7708,25671,Greater Minnesota Regional Parks & Trails,Greater MN,Regional Park,TRUE
He Mni Can - Barn Bluff,Greater Minnesota Regional Parks & Trails,Greater MN,Regional Park,TRUE,Fall-2020,12485,Fall,2020,12485,45499,Greater Minnesota Regional Parks & Trails,Greater MN,Regional Park,TRUE
He Mni Can - Barn Bluff,Greater Minnesota Regional Parks & Trails,Greater MN,Regional Park,TRUE,Fall-2021,9489,Fall,2021,9489,36221,Greater Minnesota Regional Parks & Trails,Greater MN,Regional Park,TRUE
He Mni Can - Barn Bluff,Greater Minnesota Regional Parks & Trails,Greater MN,Regional Park,TRUE,Spring-2018,2897,Spring,2018,2897,14124,Greater Minnesota Regional Parks & Trails,Greater MN,Regional Park,TRUE
He Mni Can - Barn Bluff,Greater Minnesota Regional Parks & Trails,Greater MN,Regional Park,TRUE,Spring-2019,5864,Spring,2019,5864,25671,Greater Minnesota Regional Parks & Trails,Greater MN,Regional Park,TRUE
He Mni Can - Barn Bluff,Greater Minnesota Regional Parks & Trails,Greater MN,Regional Park,TRUE,Spring-2020,15343,Spring,2020,15343,45499,Greater Minnesota Regional Parks & Trails,Greater MN,Regional Park,TRUE
He Mni Can - Barn Bluff,Greater Minnesota Regional Parks & Trails,Greater MN,Regional Park,TRUE,Spring-2021,11134,Spring,2021,11134,36221,Greater Minnesota Regional Parks & Trails,Greater MN,Regional Park,TRUE
He Mni Can - Barn Bluff,Greater Minnesota Regional Parks & Trails,Greater MN,Regional Park,TRUE,Summer-2018,6739,Summer,2018,6739,14124,Greater Minnesota Regional Parks & Trails,Greater MN,Regional Park,TRUE
He Mni Can - Barn Bluff,Greater Minnesota Regional Parks & Trails,Greater MN,Regional Park,TRUE,Summer-2019,11006,Summer,2019,11006,25671,Greater Minnesota Regional Parks & Trails,Greater MN,Regional Park,TRUE
He Mni Can - Barn Bluff,Greater Minnesota Regional Parks & Trails,Greater MN,Regional Park,TRUE,Summer-2020,16654,Summer,2020,16654,45499,Greater Minnesota Regional Parks & Trails,Greater MN,Regional Park,TRUE
He Mni Can - Barn Bluff,Greater Minnesota Regional Parks & Trails,Greater MN,Regional Park,TRUE,Summer-2021,12453,Summer,2021,12453,36221,Greater Minnesota Regional Parks & Trails,Greater MN,Regional Park,TRUE
He Mni Can - Barn Bluff,Greater Minnesota Regional Parks & Trails,Greater MN,Regional Park,TRUE,Winter-2018,957,Winter,2018,957,14124,Greater Minnesota Regional Parks & Trails,Greater MN,Regional Park,TRUE
He Mni Can - Barn Bluff,Greater Minnesota Regional Parks & Trails,Greater MN,Regional Park,TRUE,Winter-2019,1093,Winter,2019,1093,25671,Greater Minnesota Regional Parks & Trails,Greater MN,Regional Park,TRUE
He Mni Can - Barn Bluff,Greater Minnesota Regional Parks & Trails,Greater MN,Regional Park,TRUE,Winter-2020,1017,Winter,2020,1017,45499,Greater Minnesota Regional Parks & Trails,Greater MN,Regional Park,TRUE
He Mni Can - Barn Bluff,Greater Minnesota Regional Parks & Trails,Greater MN,Regional Park,TRUE,Winter-2021,3145,Winter,2021,3145,36221,Greater Minnesota Regional Parks & Trails,Greater MN,Regional Park,TRUE
He Mni Can - Barn Bluff,Greater Minnesota Regional Parks & Trails,Greater MN,Regional Park,TRUE,Winter-2022,535,Winter,2022,535,535,Greater Minnesota Regional Parks & Trails,Greater MN,Regional Park,TRUE
Hidden Falls-Crosby Farm,Metropolitan Regional Park System,St. Paul Parks and Recreation,Regional Park,TRUE,Fall-2018,37141,Fall,2018,37141,159548,Metropolitan Regional Park System,St. Paul Parks and Recreation,Regional Park,TRUE
Hidden Falls-Crosby Farm,Metropolitan Regional Park System,St. Paul Parks and Recreation,Regional Park,TRUE,Fall-2019,30882,Fall,2019,30882,112308,Metropolitan Regional Park System,St. Paul Parks and Recreation,Regional Park,TRUE
Hidden Falls-Crosby Farm,Metropolitan Regional Park System,St. Paul Parks and Recreation,Regional Park,TRUE,Fall-2020,47876,Fall,2020,47876,215504,Metropolitan Regional Park System,St. Paul Parks and Recreation,Regional Park,TRUE
Hidden Falls-Crosby Farm,Metropolitan Regional Park System,St. Paul Parks and Recreation,Regional Park,TRUE,Fall-2021,36665,Fall,2021,36665,201410,Metropolitan Regional Park System,St. Paul Parks and Recreation,Regional Park,TRUE
Hidden Falls-Crosby Farm,Metropolitan Regional Park System,St. Paul Parks and Recreation,Regional Park,TRUE,Spring-2018,37972,Spring,2018,37972,159548,Metropolitan Regional Park System,St. Paul Parks and Recreation,Regional Park,TRUE
Hidden Falls-Crosby Farm,Metropolitan Regional Park System,St. Paul Parks and Recreation,Regional Park,TRUE,Spring-2019,11768,Spring,2019,11768,112308,Metropolitan Regional Park System,St. Paul Parks and Recreation,Regional Park,TRUE
Hidden Falls-Crosby Farm,Metropolitan Regional Park System,St. Paul Parks and Recreation,Regional Park,TRUE,Spring-2020,54517,Spring,2020,54517,215504,Metropolitan Regional Park System,St. Paul Parks and Recreation,Regional Park,TRUE
Hidden Falls-Crosby Farm,Metropolitan Regional Park System,St. Paul Parks and Recreation,Regional Park,TRUE,Spring-2021,66493,Spring,2021,66493,201410,Metropolitan Regional Park System,St. Paul Parks and Recreation,Regional Park,TRUE
Hidden Falls-Crosby Farm,Metropolitan Regional Park System,St. Paul Parks and Recreation,Regional Park,TRUE,Summer-2018,69734,Summer,2018,69734,159548,Metropolitan Regional Park System,St. Paul Parks and Recreation,Regional Park,TRUE
Hidden Falls-Crosby Farm,Metropolitan Regional Park System,St. Paul Parks and Recreation,Regional Park,TRUE,Summer-2019,55763,Summer,2019,55763,112308,Metropolitan Regional Park System,St. Paul Parks and Recreation,Regional Park,TRUE
Hidden Falls-Crosby Farm,Metropolitan Regional Park System,St. Paul Parks and Recreation,Regional Park,TRUE,Summer-2020,101661,Summer,2020,101661,215504,Metropolitan Regional Park System,St. Paul Parks and Recreation,Regional Park,TRUE
Hidden Falls-Crosby Farm,Metropolitan Regional Park System,St. Paul Parks and Recreation,Regional Park,TRUE,Summer-2021,70787,Summer,2021,70787,201410,Metropolitan Regional Park System,St. Paul Parks and Recreation,Regional Park,TRUE
Hidden Falls-Crosby Farm,Metropolitan Regional Park System,St. Paul Parks and Recreation,Regional Park,TRUE,Winter-2018,14701,Winter,2018,14701,159548,Metropolitan Regional Park System,St. Paul Parks and Recreation,Regional Park,TRUE
Hidden Falls-Crosby Farm,Metropolitan Regional Park System,St. Paul Parks and Recreation,Regional Park,TRUE,Winter-2019,13895,Winter,2019,13895,112308,Metropolitan Regional Park System,St. Paul Parks and Recreation,Regional Park,TRUE
Hidden Falls-Crosby Farm,Metropolitan Regional Park System,St. Paul Parks and Recreation,Regional Park,TRUE,Winter-2020,11450,Winter,2020,11450,215504,Metropolitan Regional Park System,St. Paul Parks and Recreation,Regional Park,TRUE
Hidden Falls-Crosby Farm,Metropolitan Regional Park System,St. Paul Parks and Recreation,Regional Park,TRUE,Winter-2021,27465,Winter,2021,27465,201410,Metropolitan Regional Park System,St. Paul Parks and Recreation,Regional Park,TRUE
Hidden Falls-Crosby Farm,Metropolitan Regional Park System,St. Paul Parks and Recreation,Regional Park,TRUE,Winter-2022,3466,Winter,2022,3466,3466,Metropolitan Regional Park System,St. Paul Parks and Recreation,Regional Park,TRUE
Hill Annex Mine,Department of Natural Resources State Park,DNR,State Park,TRUE,Fall-2018,1917,Fall,2018,1917,11410,Department of Natural Resources State Park,DNR,State Park,TRUE
Hill Annex Mine,Department of Natural Resources State Park,DNR,State Park,TRUE,Fall-2019,450,Fall,2019,450,6131,Department of Natural Resources State Park,DNR,State Park,TRUE
Hill Annex Mine,Department of Natural Resources State Park,DNR,State Park,TRUE,Fall-2020,518,Fall,2020,518,2459,Department of Natural Resources State Park,DNR,State Park,TRUE
Hill Annex Mine,Department of Natural Resources State Park,DNR,State Park,TRUE,Fall-2021,323,Fall,2021,323,1835,Department of Natural Resources State Park,DNR,State Park,TRUE
Hill Annex Mine,Department of Natural Resources State Park,DNR,State Park,TRUE,Spring-2018,1887,Spring,2018,1887,11410,Department of Natural Resources State Park,DNR,State Park,TRUE
Hill Annex Mine,Department of Natural Resources State Park,DNR,State Park,TRUE,Spring-2019,2025,Spring,2019,2025,6131,Department of Natural Resources State Park,DNR,State Park,TRUE
Hill Annex Mine,Department of Natural Resources State Park,DNR,State Park,TRUE,Spring-2020,334,Spring,2020,334,2459,Department of Natural Resources State Park,DNR,State Park,TRUE
Hill Annex Mine,Department of Natural Resources State Park,DNR,State Park,TRUE,Spring-2021,343,Spring,2021,343,1835,Department of Natural Resources State Park,DNR,State Park,TRUE
Hill Annex Mine,Department of Natural Resources State Park,DNR,State Park,TRUE,Summer-2018,4717,Summer,2018,4717,11410,Department of Natural Resources State Park,DNR,State Park,TRUE
Hill Annex Mine,Department of Natural Resources State Park,DNR,State Park,TRUE,Summer-2019,1556,Summer,2019,1556,6131,Department of Natural Resources State Park,DNR,State Park,TRUE
Hill Annex Mine,Department of Natural Resources State Park,DNR,State Park,TRUE,Summer-2020,1181,Summer,2020,1181,2459,Department of Natural Resources State Park,DNR,State Park,TRUE
Hill Annex Mine,Department of Natural Resources State Park,DNR,State Park,TRUE,Summer-2021,894,Summer,2021,894,1835,Department of Natural Resources State Park,DNR,State Park,TRUE
Hill Annex Mine,Department of Natural Resources State Park,DNR,State Park,TRUE,Winter-2018,2889,Winter,2018,2889,11410,Department of Natural Resources State Park,DNR,State Park,TRUE
Hill Annex Mine,Department of Natural Resources State Park,DNR,State Park,TRUE,Winter-2019,2100,Winter,2019,2100,6131,Department of Natural Resources State Park,DNR,State Park,TRUE
Hill Annex Mine,Department of Natural Resources State Park,DNR,State Park,TRUE,Winter-2020,426,Winter,2020,426,2459,Department of Natural Resources State Park,DNR,State Park,TRUE
Hill Annex Mine,Department of Natural Resources State Park,DNR,State Park,TRUE,Winter-2021,275,Winter,2021,275,1835,Department of Natural Resources State Park,DNR,State Park,TRUE
Hill Annex Mine,Department of Natural Resources State Park,DNR,State Park,TRUE,Winter-2022,132,Winter,2022,132,132,Department of Natural Resources State Park,DNR,State Park,TRUE
Hok Si La Park,Eligible for Greater Minnesota Designation,Eligible Greater MN,Eligible Regional Park,FALSE,Fall-2018,9536,Fall,2018,9536,60098,Eligible for Greater Minnesota Designation,Eligible Greater MN,Eligible Regional Park,FALSE
Hok Si La Park,Eligible for Greater Minnesota Designation,Eligible Greater MN,Eligible Regional Park,FALSE,Fall-2019,9082,Fall,2019,9082,54534,Eligible for Greater Minnesota Designation,Eligible Greater MN,Eligible Regional Park,FALSE
Hok Si La Park,Eligible for Greater Minnesota Designation,Eligible Greater MN,Eligible Regional Park,FALSE,Fall-2020,7172,Fall,2020,7172,59810,Eligible for Greater Minnesota Designation,Eligible Greater MN,Eligible Regional Park,FALSE
Hok Si La Park,Eligible for Greater Minnesota Designation,Eligible Greater MN,Eligible Regional Park,FALSE,Fall-2021,11139,Fall,2021,11139,58519,Eligible for Greater Minnesota Designation,Eligible Greater MN,Eligible Regional Park,FALSE
Hok Si La Park,Eligible for Greater Minnesota Designation,Eligible Greater MN,Eligible Regional Park,FALSE,Spring-2018,10347,Spring,2018,10347,60098,Eligible for Greater Minnesota Designation,Eligible Greater MN,Eligible Regional Park,FALSE
Hok Si La Park,Eligible for Greater Minnesota Designation,Eligible Greater MN,Eligible Regional Park,FALSE,Spring-2019,7538,Spring,2019,7538,54534,Eligible for Greater Minnesota Designation,Eligible Greater MN,Eligible Regional Park,FALSE
Hok Si La Park,Eligible for Greater Minnesota Designation,Eligible Greater MN,Eligible Regional Park,FALSE,Spring-2020,7113,Spring,2020,7113,59810,Eligible for Greater Minnesota Designation,Eligible Greater MN,Eligible Regional Park,FALSE
Hok Si La Park,Eligible for Greater Minnesota Designation,Eligible Greater MN,Eligible Regional Park,FALSE,Spring-2021,9860,Spring,2021,9860,58519,Eligible for Greater Minnesota Designation,Eligible Greater MN,Eligible Regional Park,FALSE
Hok Si La Park,Eligible for Greater Minnesota Designation,Eligible Greater MN,Eligible Regional Park,FALSE,Summer-2018,35576,Summer,2018,35576,60098,Eligible for Greater Minnesota Designation,Eligible Greater MN,Eligible Regional Park,FALSE
Hok Si La Park,Eligible for Greater Minnesota Designation,Eligible Greater MN,Eligible Regional Park,FALSE,Summer-2019,33871,Summer,2019,33871,54534,Eligible for Greater Minnesota Designation,Eligible Greater MN,Eligible Regional Park,FALSE
Hok Si La Park,Eligible for Greater Minnesota Designation,Eligible Greater MN,Eligible Regional Park,FALSE,Summer-2020,42825,Summer,2020,42825,59810,Eligible for Greater Minnesota Designation,Eligible Greater MN,Eligible Regional Park,FALSE
Hok Si La Park,Eligible for Greater Minnesota Designation,Eligible Greater MN,Eligible Regional Park,FALSE,Summer-2021,34163,Summer,2021,34163,58519,Eligible for Greater Minnesota Designation,Eligible Greater MN,Eligible Regional Park,FALSE
Hok Si La Park,Eligible for Greater Minnesota Designation,Eligible Greater MN,Eligible Regional Park,FALSE,Winter-2018,4639,Winter,2018,4639,60098,Eligible for Greater Minnesota Designation,Eligible Greater MN,Eligible Regional Park,FALSE
Hok Si La Park,Eligible for Greater Minnesota Designation,Eligible Greater MN,Eligible Regional Park,FALSE,Winter-2019,4043,Winter,2019,4043,54534,Eligible for Greater Minnesota Designation,Eligible Greater MN,Eligible Regional Park,FALSE
Hok Si La Park,Eligible for Greater Minnesota Designation,Eligible Greater MN,Eligible Regional Park,FALSE,Winter-2020,2700,Winter,2020,2700,59810,Eligible for Greater Minnesota Designation,Eligible Greater MN,Eligible Regional Park,FALSE
Hok Si La Park,Eligible for Greater Minnesota Designation,Eligible Greater MN,Eligible Regional Park,FALSE,Winter-2021,3357,Winter,2021,3357,58519,Eligible for Greater Minnesota Designation,Eligible Greater MN,Eligible Regional Park,FALSE
Hok Si La Park,Eligible for Greater Minnesota Designation,Eligible Greater MN,Eligible Regional Park,FALSE,Winter-2022,488,Winter,2022,488,488,Eligible for Greater Minnesota Designation,Eligible Greater MN,Eligible Regional Park,FALSE
Hole in the Mountain Park,Greater Minnesota Regional Parks & Trails,Greater MN,Regional Park,TRUE,Fall-2018,4189,Fall,2018,4189,31138,Greater Minnesota Regional Parks & Trails,Greater MN,Regional Park,TRUE
Hole in the Mountain Park,Greater Minnesota Regional Parks & Trails,Greater MN,Regional Park,TRUE,Fall-2019,2435,Fall,2019,2435,20043,Greater Minnesota Regional Parks & Trails,Greater MN,Regional Park,TRUE
Hole in the Mountain Park,Greater Minnesota Regional Parks & Trails,Greater MN,Regional Park,TRUE,Fall-2020,3186,Fall,2020,3186,14158,Greater Minnesota Regional Parks & Trails,Greater MN,Regional Park,TRUE
Hole in the Mountain Park,Greater Minnesota Regional Parks & Trails,Greater MN,Regional Park,TRUE,Fall-2021,1939,Fall,2021,1939,12481,Greater Minnesota Regional Parks & Trails,Greater MN,Regional Park,TRUE
Hole in the Mountain Park,Greater Minnesota Regional Parks & Trails,Greater MN,Regional Park,TRUE,Spring-2018,4501,Spring,2018,4501,31138,Greater Minnesota Regional Parks & Trails,Greater MN,Regional Park,TRUE
Hole in the Mountain Park,Greater Minnesota Regional Parks & Trails,Greater MN,Regional Park,TRUE,Spring-2019,3103,Spring,2019,3103,20043,Greater Minnesota Regional Parks & Trails,Greater MN,Regional Park,TRUE
Hole in the Mountain Park,Greater Minnesota Regional Parks & Trails,Greater MN,Regional Park,TRUE,Spring-2020,1973,Spring,2020,1973,14158,Greater Minnesota Regional Parks & Trails,Greater MN,Regional Park,TRUE
Hole in the Mountain Park,Greater Minnesota Regional Parks & Trails,Greater MN,Regional Park,TRUE,Spring-2021,3060,Spring,2021,3060,12481,Greater Minnesota Regional Parks & Trails,Greater MN,Regional Park,TRUE
Hole in the Mountain Park,Greater Minnesota Regional Parks & Trails,Greater MN,Regional Park,TRUE,Summer-2018,17237,Summer,2018,17237,31138,Greater Minnesota Regional Parks & Trails,Greater MN,Regional Park,TRUE
Hole in the Mountain Park,Greater Minnesota Regional Parks & Trails,Greater MN,Regional Park,TRUE,Summer-2019,12287,Summer,2019,12287,20043,Greater Minnesota Regional Parks & Trails,Greater MN,Regional Park,TRUE
Hole in the Mountain Park,Greater Minnesota Regional Parks & Trails,Greater MN,Regional Park,TRUE,Summer-2020,7311,Summer,2020,7311,14158,Greater Minnesota Regional Parks & Trails,Greater MN,Regional Park,TRUE
Hole in the Mountain Park,Greater Minnesota Regional Parks & Trails,Greater MN,Regional Park,TRUE,Summer-2021,5848,Summer,2021,5848,12481,Greater Minnesota Regional Parks & Trails,Greater MN,Regional Park,TRUE
Hole in the Mountain Park,Greater Minnesota Regional Parks & Trails,Greater MN,Regional Park,TRUE,Winter-2018,5211,Winter,2018,5211,31138,Greater Minnesota Regional Parks & Trails,Greater MN,Regional Park,TRUE
Hole in the Mountain Park,Greater Minnesota Regional Parks & Trails,Greater MN,Regional Park,TRUE,Winter-2019,2218,Winter,2019,2218,20043,Greater Minnesota Regional Parks & Trails,Greater MN,Regional Park,TRUE
Hole in the Mountain Park,Greater Minnesota Regional Parks & Trails,Greater MN,Regional Park,TRUE,Winter-2020,1688,Winter,2020,1688,14158,Greater Minnesota Regional Parks & Trails,Greater MN,Regional Park,TRUE
Hole in the Mountain Park,Greater Minnesota Regional Parks & Trails,Greater MN,Regional Park,TRUE,Winter-2021,1634,Winter,2021,1634,12481,Greater Minnesota Regional Parks & Trails,Greater MN,Regional Park,TRUE
Hole in the Mountain Park,Greater Minnesota Regional Parks & Trails,Greater MN,Regional Park,TRUE,Winter-2022,273,Winter,2022,273,273,Greater Minnesota Regional Parks & Trails,Greater MN,Regional Park,TRUE
Hyland-Bush-Anderson Lakes (Bloomington Parks and Recreation),Metropolitan Regional Park System,Bloomington Parks and Recreation,Regional Park,TRUE,Fall-2018,106493,Fall,2018,106493,553948,Metropolitan Regional Park System,Bloomington Parks and Recreation,Regional Park,TRUE
Hyland-Bush-Anderson Lakes (Bloomington Parks and Recreation),Metropolitan Regional Park System,Bloomington Parks and Recreation,Regional Park,TRUE,Fall-2019,101034,Fall,2019,101034,632768,Metropolitan Regional Park System,Bloomington Parks and Recreation,Regional Park,TRUE
Hyland-Bush-Anderson Lakes (Bloomington Parks and Recreation),Metropolitan Regional Park System,Bloomington Parks and Recreation,Regional Park,TRUE,Fall-2020,124661,Fall,2020,124661,767335,Metropolitan Regional Park System,Bloomington Parks and Recreation,Regional Park,TRUE
Hyland-Bush-Anderson Lakes (Bloomington Parks and Recreation),Metropolitan Regional Park System,Bloomington Parks and Recreation,Regional Park,TRUE,Fall-2021,107821,Fall,2021,107821,834135,Metropolitan Regional Park System,Bloomington Parks and Recreation,Regional Park,TRUE
Hyland-Bush-Anderson Lakes (Bloomington Parks and Recreation),Metropolitan Regional Park System,Bloomington Parks and Recreation,Regional Park,TRUE,Spring-2018,100097,Spring,2018,100097,553948,Metropolitan Regional Park System,Bloomington Parks and Recreation,Regional Park,TRUE
Hyland-Bush-Anderson Lakes (Bloomington Parks and Recreation),Metropolitan Regional Park System,Bloomington Parks and Recreation,Regional Park,TRUE,Spring-2019,120864,Spring,2019,120864,632768,Metropolitan Regional Park System,Bloomington Parks and Recreation,Regional Park,TRUE
Hyland-Bush-Anderson Lakes (Bloomington Parks and Recreation),Metropolitan Regional Park System,Bloomington Parks and Recreation,Regional Park,TRUE,Spring-2020,138927,Spring,2020,138927,767335,Metropolitan Regional Park System,Bloomington Parks and Recreation,Regional Park,TRUE
Hyland-Bush-Anderson Lakes (Bloomington Parks and Recreation),Metropolitan Regional Park System,Bloomington Parks and Recreation,Regional Park,TRUE,Spring-2021,150045,Spring,2021,150045,834135,Metropolitan Regional Park System,Bloomington Parks and Recreation,Regional Park,TRUE
Hyland-Bush-Anderson Lakes (Bloomington Parks and Recreation),Metropolitan Regional Park System,Bloomington Parks and Recreation,Regional Park,TRUE,Summer-2018,210321,Summer,2018,210321,553948,Metropolitan Regional Park System,Bloomington Parks and Recreation,Regional Park,TRUE
Hyland-Bush-Anderson Lakes (Bloomington Parks and Recreation),Metropolitan Regional Park System,Bloomington Parks and Recreation,Regional Park,TRUE,Summer-2019,178081,Summer,2019,178081,632768,Metropolitan Regional Park System,Bloomington Parks and Recreation,Regional Park,TRUE
Hyland-Bush-Anderson Lakes (Bloomington Parks and Recreation),Metropolitan Regional Park System,Bloomington Parks and Recreation,Regional Park,TRUE,Summer-2020,266610,Summer,2020,266610,767335,Metropolitan Regional Park System,Bloomington Parks and Recreation,Regional Park,TRUE
Hyland-Bush-Anderson Lakes (Bloomington Parks and Recreation),Metropolitan Regional Park System,Bloomington Parks and Recreation,Regional Park,TRUE,Summer-2021,208894,Summer,2021,208894,834135,Metropolitan Regional Park System,Bloomington Parks and Recreation,Regional Park,TRUE
Hyland-Bush-Anderson Lakes (Bloomington Parks and Recreation),Metropolitan Regional Park System,Bloomington Parks and Recreation,Regional Park,TRUE,Winter-2018,137037,Winter,2018,137037,553948,Metropolitan Regional Park System,Bloomington Parks and Recreation,Regional Park,TRUE
Hyland-Bush-Anderson Lakes (Bloomington Parks and Recreation),Metropolitan Regional Park System,Bloomington Parks and Recreation,Regional Park,TRUE,Winter-2019,232789,Winter,2019,232789,632768,Metropolitan Regional Park System,Bloomington Parks and Recreation,Regional Park,TRUE
Hyland-Bush-Anderson Lakes (Bloomington Parks and Recreation),Metropolitan Regional Park System,Bloomington Parks and Recreation,Regional Park,TRUE,Winter-2020,237137,Winter,2020,237137,767335,Metropolitan Regional Park System,Bloomington Parks and Recreation,Regional Park,TRUE
Hyland-Bush-Anderson Lakes (Bloomington Parks and Recreation),Metropolitan Regional Park System,Bloomington Parks and Recreation,Regional Park,TRUE,Winter-2021,367375,Winter,2021,367375,834135,Metropolitan Regional Park System,Bloomington Parks and Recreation,Regional Park,TRUE
Hyland-Bush-Anderson Lakes (Bloomington Parks and Recreation),Metropolitan Regional Park System,Bloomington Parks and Recreation,Regional Park,TRUE,Winter-2022,108206,Winter,2022,108206,108206,Metropolitan Regional Park System,Bloomington Parks and Recreation,Regional Park,TRUE
Hyland-Bush-Anderson Lakes (Three Rivers Park District),Metropolitan Regional Park System,Three Rivers Park District,Regional Park,TRUE,Fall-2018,2038,Fall,2018,2038,6804,Metropolitan Regional Park System,Three Rivers Park District,Regional Park,TRUE
Hyland-Bush-Anderson Lakes (Three Rivers Park District),Metropolitan Regional Park System,Three Rivers Park District,Regional Park,TRUE,Fall-2019,1621,Fall,2019,1621,7796,Metropolitan Regional Park System,Three Rivers Park District,Regional Park,TRUE
Hyland-Bush-Anderson Lakes (Three Rivers Park District),Metropolitan Regional Park System,Three Rivers Park District,Regional Park,TRUE,Fall-2020,2360,Fall,2020,2360,10910,Metropolitan Regional Park System,Three Rivers Park District,Regional Park,TRUE
Hyland-Bush-Anderson Lakes (Three Rivers Park District),Metropolitan Regional Park System,Three Rivers Park District,Regional Park,TRUE,Fall-2021,2075,Fall,2021,2075,8073,Metropolitan Regional Park System,Three Rivers Park District,Regional Park,TRUE
Hyland-Bush-Anderson Lakes (Three Rivers Park District),Metropolitan Regional Park System,Three Rivers Park District,Regional Park,TRUE,Spring-2018,1486,Spring,2018,1486,6804,Metropolitan Regional Park System,Three Rivers Park District,Regional Park,TRUE
Hyland-Bush-Anderson Lakes (Three Rivers Park District),Metropolitan Regional Park System,Three Rivers Park District,Regional Park,TRUE,Spring-2019,2280,Spring,2019,2280,7796,Metropolitan Regional Park System,Three Rivers Park District,Regional Park,TRUE
Hyland-Bush-Anderson Lakes (Three Rivers Park District),Metropolitan Regional Park System,Three Rivers Park District,Regional Park,TRUE,Spring-2020,3845,Spring,2020,3845,10910,Metropolitan Regional Park System,Three Rivers Park District,Regional Park,TRUE
Hyland-Bush-Anderson Lakes (Three Rivers Park District),Metropolitan Regional Park System,Three Rivers Park District,Regional Park,TRUE,Spring-2021,2005,Spring,2021,2005,8073,Metropolitan Regional Park System,Three Rivers Park District,Regional Park,TRUE
Hyland-Bush-Anderson Lakes (Three Rivers Park District),Metropolitan Regional Park System,Three Rivers Park District,Regional Park,TRUE,Summer-2018,1791,Summer,2018,1791,6804,Metropolitan Regional Park System,Three Rivers Park District,Regional Park,TRUE
Hyland-Bush-Anderson Lakes (Three Rivers Park District),Metropolitan Regional Park System,Three Rivers Park District,Regional Park,TRUE,Summer-2019,2374,Summer,2019,2374,7796,Metropolitan Regional Park System,Three Rivers Park District,Regional Park,TRUE
Hyland-Bush-Anderson Lakes (Three Rivers Park District),Metropolitan Regional Park System,Three Rivers Park District,Regional Park,TRUE,Summer-2020,3350,Summer,2020,3350,10910,Metropolitan Regional Park System,Three Rivers Park District,Regional Park,TRUE
Hyland-Bush-Anderson Lakes (Three Rivers Park District),Metropolitan Regional Park System,Three Rivers Park District,Regional Park,TRUE,Summer-2021,1933,Summer,2021,1933,8073,Metropolitan Regional Park System,Three Rivers Park District,Regional Park,TRUE
Hyland-Bush-Anderson Lakes (Three Rivers Park District),Metropolitan Regional Park System,Three Rivers Park District,Regional Park,TRUE,Winter-2018,1489,Winter,2018,1489,6804,Metropolitan Regional Park System,Three Rivers Park District,Regional Park,TRUE
Hyland-Bush-Anderson Lakes (Three Rivers Park District),Metropolitan Regional Park System,Three Rivers Park District,Regional Park,TRUE,Winter-2019,1521,Winter,2019,1521,7796,Metropolitan Regional Park System,Three Rivers Park District,Regional Park,TRUE
Hyland-Bush-Anderson Lakes (Three Rivers Park District),Metropolitan Regional Park System,Three Rivers Park District,Regional Park,TRUE,Winter-2020,1355,Winter,2020,1355,10910,Metropolitan Regional Park System,Three Rivers Park District,Regional Park,TRUE
Hyland-Bush-Anderson Lakes (Three Rivers Park District),Metropolitan Regional Park System,Three Rivers Park District,Regional Park,TRUE,Winter-2021,2060,Winter,2021,2060,8073,Metropolitan Regional Park System,Three Rivers Park District,Regional Park,TRUE
Hyland-Bush-Anderson Lakes (Three Rivers Park District),Metropolitan Regional Park System,Three Rivers Park District,Regional Park,TRUE,Winter-2022,256,Winter,2022,256,256,Metropolitan Regional Park System,Three Rivers Park District,Regional Park,TRUE
Indian Mounds,Metropolitan Regional Park System,St. Paul Parks and Recreation,Regional Park,TRUE,Fall-2018,20175,Fall,2018,20175,135714,Metropolitan Regional Park System,St. Paul Parks and Recreation,Regional Park,TRUE
Indian Mounds,Metropolitan Regional Park System,St. Paul Parks and Recreation,Regional Park,TRUE,Fall-2019,14416,Fall,2019,14416,78438,Metropolitan Regional Park System,St. Paul Parks and Recreation,Regional Park,TRUE
Indian Mounds,Metropolitan Regional Park System,St. Paul Parks and Recreation,Regional Park,TRUE,Fall-2020,13926,Fall,2020,13926,54866,Metropolitan Regional Park System,St. Paul Parks and Recreation,Regional Park,TRUE
Indian Mounds,Metropolitan Regional Park System,St. Paul Parks and Recreation,Regional Park,TRUE,Fall-2021,19745,Fall,2021,19745,84299,Metropolitan Regional Park System,St. Paul Parks and Recreation,Regional Park,TRUE
Indian Mounds,Metropolitan Regional Park System,St. Paul Parks and Recreation,Regional Park,TRUE,Spring-2018,18150,Spring,2018,18150,135714,Metropolitan Regional Park System,St. Paul Parks and Recreation,Regional Park,TRUE
Indian Mounds,Metropolitan Regional Park System,St. Paul Parks and Recreation,Regional Park,TRUE,Spring-2019,20296,Spring,2019,20296,78438,Metropolitan Regional Park System,St. Paul Parks and Recreation,Regional Park,TRUE
Indian Mounds,Metropolitan Regional Park System,St. Paul Parks and Recreation,Regional Park,TRUE,Spring-2020,10546,Spring,2020,10546,54866,Metropolitan Regional Park System,St. Paul Parks and Recreation,Regional Park,TRUE
Indian Mounds,Metropolitan Regional Park System,St. Paul Parks and Recreation,Regional Park,TRUE,Spring-2021,27027,Spring,2021,27027,84299,Metropolitan Regional Park System,St. Paul Parks and Recreation,Regional Park,TRUE
Indian Mounds,Metropolitan Regional Park System,St. Paul Parks and Recreation,Regional Park,TRUE,Summer-2018,35306,Summer,2018,35306,135714,Metropolitan Regional Park System,St. Paul Parks and Recreation,Regional Park,TRUE
Indian Mounds,Metropolitan Regional Park System,St. Paul Parks and Recreation,Regional Park,TRUE,Summer-2019,23904,Summer,2019,23904,78438,Metropolitan Regional Park System,St. Paul Parks and Recreation,Regional Park,TRUE
Indian Mounds,Metropolitan Regional Park System,St. Paul Parks and Recreation,Regional Park,TRUE,Summer-2020,21142,Summer,2020,21142,54866,Metropolitan Regional Park System,St. Paul Parks and Recreation,Regional Park,TRUE
Indian Mounds,Metropolitan Regional Park System,St. Paul Parks and Recreation,Regional Park,TRUE,Summer-2021,25408,Summer,2021,25408,84299,Metropolitan Regional Park System,St. Paul Parks and Recreation,Regional Park,TRUE
Indian Mounds,Metropolitan Regional Park System,St. Paul Parks and Recreation,Regional Park,TRUE,Winter-2018,62083,Winter,2018,62083,135714,Metropolitan Regional Park System,St. Paul Parks and Recreation,Regional Park,TRUE
Indian Mounds,Metropolitan Regional Park System,St. Paul Parks and Recreation,Regional Park,TRUE,Winter-2019,19822,Winter,2019,19822,78438,Metropolitan Regional Park System,St. Paul Parks and Recreation,Regional Park,TRUE
Indian Mounds,Metropolitan Regional Park System,St. Paul Parks and Recreation,Regional Park,TRUE,Winter-2020,9252,Winter,2020,9252,54866,Metropolitan Regional Park System,St. Paul Parks and Recreation,Regional Park,TRUE
Indian Mounds,Metropolitan Regional Park System,St. Paul Parks and Recreation,Regional Park,TRUE,Winter-2021,12119,Winter,2021,12119,84299,Metropolitan Regional Park System,St. Paul Parks and Recreation,Regional Park,TRUE
Indian Mounds,Metropolitan Regional Park System,St. Paul Parks and Recreation,Regional Park,TRUE,Winter-2022,5595,Winter,2022,5595,5595,Metropolitan Regional Park System,St. Paul Parks and Recreation,Regional Park,TRUE
Inspiration Peak,Department of Natural Resources State Park,DNR,State Wayside,TRUE,Fall-2018,4045,Fall,2018,4045,14534,Department of Natural Resources State Park,DNR,State Wayside,TRUE
Inspiration Peak,Department of Natural Resources State Park,DNR,State Wayside,TRUE,Fall-2019,5889,Fall,2019,5889,13799,Department of Natural Resources State Park,DNR,State Wayside,TRUE
Inspiration Peak,Department of Natural Resources State Park,DNR,State Wayside,TRUE,Fall-2020,8880,Fall,2020,8880,19507,Department of Natural Resources State Park,DNR,State Wayside,TRUE
Inspiration Peak,Department of Natural Resources State Park,DNR,State Wayside,TRUE,Fall-2021,5608,Fall,2021,5608,12507,Department of Natural Resources State Park,DNR,State Wayside,TRUE
Inspiration Peak,Department of Natural Resources State Park,DNR,State Wayside,TRUE,Spring-2018,2284,Spring,2018,2284,14534,Department of Natural Resources State Park,DNR,State Wayside,TRUE
Inspiration Peak,Department of Natural Resources State Park,DNR,State Wayside,TRUE,Spring-2019,1612,Spring,2019,1612,13799,Department of Natural Resources State Park,DNR,State Wayside,TRUE
Inspiration Peak,Department of Natural Resources State Park,DNR,State Wayside,TRUE,Spring-2020,3862,Spring,2020,3862,19507,Department of Natural Resources State Park,DNR,State Wayside,TRUE
Inspiration Peak,Department of Natural Resources State Park,DNR,State Wayside,TRUE,Spring-2021,1826,Spring,2021,1826,12507,Department of Natural Resources State Park,DNR,State Wayside,TRUE
Inspiration Peak,Department of Natural Resources State Park,DNR,State Wayside,TRUE,Summer-2018,5584,Summer,2018,5584,14534,Department of Natural Resources State Park,DNR,State Wayside,TRUE
Inspiration Peak,Department of Natural Resources State Park,DNR,State Wayside,TRUE,Summer-2019,5387,Summer,2019,5387,13799,Department of Natural Resources State Park,DNR,State Wayside,TRUE
Inspiration Peak,Department of Natural Resources State Park,DNR,State Wayside,TRUE,Summer-2020,6202,Summer,2020,6202,19507,Department of Natural Resources State Park,DNR,State Wayside,TRUE
Inspiration Peak,Department of Natural Resources State Park,DNR,State Wayside,TRUE,Summer-2021,4622,Summer,2021,4622,12507,Department of Natural Resources State Park,DNR,State Wayside,TRUE
Inspiration Peak,Department of Natural Resources State Park,DNR,State Wayside,TRUE,Winter-2018,2621,Winter,2018,2621,14534,Department of Natural Resources State Park,DNR,State Wayside,TRUE
Inspiration Peak,Department of Natural Resources State Park,DNR,State Wayside,TRUE,Winter-2019,911,Winter,2019,911,13799,Department of Natural Resources State Park,DNR,State Wayside,TRUE
Inspiration Peak,Department of Natural Resources State Park,DNR,State Wayside,TRUE,Winter-2020,563,Winter,2020,563,19507,Department of Natural Resources State Park,DNR,State Wayside,TRUE
Inspiration Peak,Department of Natural Resources State Park,DNR,State Wayside,TRUE,Winter-2021,451,Winter,2021,451,12507,Department of Natural Resources State Park,DNR,State Wayside,TRUE
Inspiration Peak,Department of Natural Resources State Park,DNR,State Wayside,TRUE,Winter-2022,230,Winter,2022,230,230,Department of Natural Resources State Park,DNR,State Wayside,TRUE
Interstate,Department of Natural Resources State Park,DNR,State Park,TRUE,Fall-2018,27756,Fall,2018,27756,116274,Department of Natural Resources State Park,DNR,State Park,TRUE
Interstate,Department of Natural Resources State Park,DNR,State Park,TRUE,Fall-2019,35635,Fall,2019,35635,155995,Department of Natural Resources State Park,DNR,State Park,TRUE
Interstate,Department of Natural Resources State Park,DNR,State Park,TRUE,Fall-2020,49938,Fall,2020,49938,234429,Department of Natural Resources State Park,DNR,State Park,TRUE
Interstate,Department of Natural Resources State Park,DNR,State Park,TRUE,Fall-2021,30894,Fall,2021,30894,136077,Department of Natural Resources State Park,DNR,State Park,TRUE
Interstate,Department of Natural Resources State Park,DNR,State Park,TRUE,Spring-2018,18699,Spring,2018,18699,116274,Department of Natural Resources State Park,DNR,State Park,TRUE
Interstate,Department of Natural Resources State Park,DNR,State Park,TRUE,Spring-2019,27133,Spring,2019,27133,155995,Department of Natural Resources State Park,DNR,State Park,TRUE
Interstate,Department of Natural Resources State Park,DNR,State Park,TRUE,Spring-2020,62890,Spring,2020,62890,234429,Department of Natural Resources State Park,DNR,State Park,TRUE
Interstate,Department of Natural Resources State Park,DNR,State Park,TRUE,Spring-2021,34352,Spring,2021,34352,136077,Department of Natural Resources State Park,DNR,State Park,TRUE
Interstate,Department of Natural Resources State Park,DNR,State Park,TRUE,Summer-2018,67449,Summer,2018,67449,116274,Department of Natural Resources State Park,DNR,State Park,TRUE
Interstate,Department of Natural Resources State Park,DNR,State Park,TRUE,Summer-2019,91602,Summer,2019,91602,155995,Department of Natural Resources State Park,DNR,State Park,TRUE
Interstate,Department of Natural Resources State Park,DNR,State Park,TRUE,Summer-2020,119741,Summer,2020,119741,234429,Department of Natural Resources State Park,DNR,State Park,TRUE
Interstate,Department of Natural Resources State Park,DNR,State Park,TRUE,Summer-2021,66406,Summer,2021,66406,136077,Department of Natural Resources State Park,DNR,State Park,TRUE
Interstate,Department of Natural Resources State Park,DNR,State Park,TRUE,Winter-2018,2370,Winter,2018,2370,116274,Department of Natural Resources State Park,DNR,State Park,TRUE
Interstate,Department of Natural Resources State Park,DNR,State Park,TRUE,Winter-2019,1625,Winter,2019,1625,155995,Department of Natural Resources State Park,DNR,State Park,TRUE
Interstate,Department of Natural Resources State Park,DNR,State Park,TRUE,Winter-2020,1860,Winter,2020,1860,234429,Department of Natural Resources State Park,DNR,State Park,TRUE
Interstate,Department of Natural Resources State Park,DNR,State Park,TRUE,Winter-2021,4425,Winter,2021,4425,136077,Department of Natural Resources State Park,DNR,State Park,TRUE
Interstate,Department of Natural Resources State Park,DNR,State Park,TRUE,Winter-2022,368,Winter,2022,368,368,Department of Natural Resources State Park,DNR,State Park,TRUE
Iron Range Off-Highway Vehicle,Department of Natural Resources State Park,DNR,State Recreation Area,TRUE,Fall-2018,18309,Fall,2018,18309,91100,Department of Natural Resources State Park,DNR,State Recreation Area,TRUE
Iron Range Off-Highway Vehicle,Department of Natural Resources State Park,DNR,State Recreation Area,TRUE,Fall-2019,17880,Fall,2019,17880,70560,Department of Natural Resources State Park,DNR,State Recreation Area,TRUE
Iron Range Off-Highway Vehicle,Department of Natural Resources State Park,DNR,State Recreation Area,TRUE,Fall-2020,15651,Fall,2020,15651,75948,Department of Natural Resources State Park,DNR,State Recreation Area,TRUE
Iron Range Off-Highway Vehicle,Department of Natural Resources State Park,DNR,State Recreation Area,TRUE,Fall-2021,17839,Fall,2021,17839,74758,Department of Natural Resources State Park,DNR,State Recreation Area,TRUE
Iron Range Off-Highway Vehicle,Department of Natural Resources State Park,DNR,State Recreation Area,TRUE,Spring-2018,16673,Spring,2018,16673,91100,Department of Natural Resources State Park,DNR,State Recreation Area,TRUE
Iron Range Off-Highway Vehicle,Department of Natural Resources State Park,DNR,State Recreation Area,TRUE,Spring-2019,15509,Spring,2019,15509,70560,Department of Natural Resources State Park,DNR,State Recreation Area,TRUE
Iron Range Off-Highway Vehicle,Department of Natural Resources State Park,DNR,State Recreation Area,TRUE,Spring-2020,13619,Spring,2020,13619,75948,Department of Natural Resources State Park,DNR,State Recreation Area,TRUE
Iron Range Off-Highway Vehicle,Department of Natural Resources State Park,DNR,State Recreation Area,TRUE,Spring-2021,16101,Spring,2021,16101,74758,Department of Natural Resources State Park,DNR,State Recreation Area,TRUE
Iron Range Off-Highway Vehicle,Department of Natural Resources State Park,DNR,State Recreation Area,TRUE,Summer-2018,50884,Summer,2018,50884,91100,Department of Natural Resources State Park,DNR,State Recreation Area,TRUE
Iron Range Off-Highway Vehicle,Department of Natural Resources State Park,DNR,State Recreation Area,TRUE,Summer-2019,31881,Summer,2019,31881,70560,Department of Natural Resources State Park,DNR,State Recreation Area,TRUE
Iron Range Off-Highway Vehicle,Department of Natural Resources State Park,DNR,State Recreation Area,TRUE,Summer-2020,44546,Summer,2020,44546,75948,Department of Natural Resources State Park,DNR,State Recreation Area,TRUE
Iron Range Off-Highway Vehicle,Department of Natural Resources State Park,DNR,State Recreation Area,TRUE,Summer-2021,37574,Summer,2021,37574,74758,Department of Natural Resources State Park,DNR,State Recreation Area,TRUE
Iron Range Off-Highway Vehicle,Department of Natural Resources State Park,DNR,State Recreation Area,TRUE,Winter-2018,5234,Winter,2018,5234,91100,Department of Natural Resources State Park,DNR,State Recreation Area,TRUE
Iron Range Off-Highway Vehicle,Department of Natural Resources State Park,DNR,State Recreation Area,TRUE,Winter-2019,5290,Winter,2019,5290,70560,Department of Natural Resources State Park,DNR,State Recreation Area,TRUE
Iron Range Off-Highway Vehicle,Department of Natural Resources State Park,DNR,State Recreation Area,TRUE,Winter-2020,2132,Winter,2020,2132,75948,Department of Natural Resources State Park,DNR,State Recreation Area,TRUE
Iron Range Off-Highway Vehicle,Department of Natural Resources State Park,DNR,State Recreation Area,TRUE,Winter-2021,3244,Winter,2021,3244,74758,Department of Natural Resources State Park,DNR,State Recreation Area,TRUE
Iron Range Off-Highway Vehicle,Department of Natural Resources State Park,DNR,State Recreation Area,TRUE,Winter-2022,249,Winter,2022,249,249,Department of Natural Resources State Park,DNR,State Recreation Area,TRUE
Irving & John Anderson County Park,Greater Minnesota Regional Parks & Trails,Greater MN,Regional Park,TRUE,Fall-2018,1577,Fall,2018,1577,4650,Greater Minnesota Regional Parks & Trails,Greater MN,Regional Park,TRUE
Irving & John Anderson County Park,Greater Minnesota Regional Parks & Trails,Greater MN,Regional Park,TRUE,Fall-2019,1456,Fall,2019,1456,4717,Greater Minnesota Regional Parks & Trails,Greater MN,Regional Park,TRUE
Irving & John Anderson County Park,Greater Minnesota Regional Parks & Trails,Greater MN,Regional Park,TRUE,Fall-2020,2785,Fall,2020,2785,10312,Greater Minnesota Regional Parks & Trails,Greater MN,Regional Park,TRUE
Irving & John Anderson County Park,Greater Minnesota Regional Parks & Trails,Greater MN,Regional Park,TRUE,Fall-2021,2470,Fall,2021,2470,9908,Greater Minnesota Regional Parks & Trails,Greater MN,Regional Park,TRUE
Irving & John Anderson County Park,Greater Minnesota Regional Parks & Trails,Greater MN,Regional Park,TRUE,Spring-2018,1073,Spring,2018,1073,4650,Greater Minnesota Regional Parks & Trails,Greater MN,Regional Park,TRUE
Irving & John Anderson County Park,Greater Minnesota Regional Parks & Trails,Greater MN,Regional Park,TRUE,Spring-2019,1104,Spring,2019,1104,4717,Greater Minnesota Regional Parks & Trails,Greater MN,Regional Park,TRUE
Irving & John Anderson County Park,Greater Minnesota Regional Parks & Trails,Greater MN,Regional Park,TRUE,Spring-2020,3497,Spring,2020,3497,10312,Greater Minnesota Regional Parks & Trails,Greater MN,Regional Park,TRUE
Irving & John Anderson County Park,Greater Minnesota Regional Parks & Trails,Greater MN,Regional Park,TRUE,Spring-2021,3256,Spring,2021,3256,9908,Greater Minnesota Regional Parks & Trails,Greater MN,Regional Park,TRUE
Irving & John Anderson County Park,Greater Minnesota Regional Parks & Trails,Greater MN,Regional Park,TRUE,Summer-2018,1201,Summer,2018,1201,4650,Greater Minnesota Regional Parks & Trails,Greater MN,Regional Park,TRUE
Irving & John Anderson County Park,Greater Minnesota Regional Parks & Trails,Greater MN,Regional Park,TRUE,Summer-2019,1391,Summer,2019,1391,4717,Greater Minnesota Regional Parks & Trails,Greater MN,Regional Park,TRUE
Irving & John Anderson County Park,Greater Minnesota Regional Parks & Trails,Greater MN,Regional Park,TRUE,Summer-2020,3265,Summer,2020,3265,10312,Greater Minnesota Regional Parks & Trails,Greater MN,Regional Park,TRUE
Irving & John Anderson County Park,Greater Minnesota Regional Parks & Trails,Greater MN,Regional Park,TRUE,Summer-2021,3001,Summer,2021,3001,9908,Greater Minnesota Regional Parks & Trails,Greater MN,Regional Park,TRUE
Irving & John Anderson County Park,Greater Minnesota Regional Parks & Trails,Greater MN,Regional Park,TRUE,Winter-2018,799,Winter,2018,799,4650,Greater Minnesota Regional Parks & Trails,Greater MN,Regional Park,TRUE
Irving & John Anderson County Park,Greater Minnesota Regional Parks & Trails,Greater MN,Regional Park,TRUE,Winter-2019,766,Winter,2019,766,4717,Greater Minnesota Regional Parks & Trails,Greater MN,Regional Park,TRUE
Irving & John Anderson County Park,Greater Minnesota Regional Parks & Trails,Greater MN,Regional Park,TRUE,Winter-2020,765,Winter,2020,765,10312,Greater Minnesota Regional Parks & Trails,Greater MN,Regional Park,TRUE
Irving & John Anderson County Park,Greater Minnesota Regional Parks & Trails,Greater MN,Regional Park,TRUE,Winter-2021,1181,Winter,2021,1181,9908,Greater Minnesota Regional Parks & Trails,Greater MN,Regional Park,TRUE
Irving & John Anderson County Park,Greater Minnesota Regional Parks & Trails,Greater MN,Regional Park,TRUE,Winter-2022,239,Winter,2022,239,239,Greater Minnesota Regional Parks & Trails,Greater MN,Regional Park,TRUE
Islands of Peace,Metropolitan Regional Park System,Anoka County Parks and Reacreation,Regional Park,TRUE,Fall-2018,2369,Fall,2018,2369,9140,Metropolitan Regional Park System,Anoka County Parks and Reacreation,Regional Park,TRUE
Islands of Peace,Metropolitan Regional Park System,Anoka County Parks and Reacreation,Regional Park,TRUE,Fall-2019,894,Fall,2019,894,6063,Metropolitan Regional Park System,Anoka County Parks and Reacreation,Regional Park,TRUE
Islands of Peace,Metropolitan Regional Park System,Anoka County Parks and Reacreation,Regional Park,TRUE,Fall-2020,1404,Fall,2020,1404,5523,Metropolitan Regional Park System,Anoka County Parks and Reacreation,Regional Park,TRUE
Islands of Peace,Metropolitan Regional Park System,Anoka County Parks and Reacreation,Regional Park,TRUE,Fall-2021,851,Fall,2021,851,3172,Metropolitan Regional Park System,Anoka County Parks and Reacreation,Regional Park,TRUE
Islands of Peace,Metropolitan Regional Park System,Anoka County Parks and Reacreation,Regional Park,TRUE,Spring-2018,1853,Spring,2018,1853,9140,Metropolitan Regional Park System,Anoka County Parks and Reacreation,Regional Park,TRUE
Islands of Peace,Metropolitan Regional Park System,Anoka County Parks and Reacreation,Regional Park,TRUE,Spring-2019,1543,Spring,2019,1543,6063,Metropolitan Regional Park System,Anoka County Parks and Reacreation,Regional Park,TRUE
Islands of Peace,Metropolitan Regional Park System,Anoka County Parks and Reacreation,Regional Park,TRUE,Spring-2020,1550,Spring,2020,1550,5523,Metropolitan Regional Park System,Anoka County Parks and Reacreation,Regional Park,TRUE
Islands of Peace,Metropolitan Regional Park System,Anoka County Parks and Reacreation,Regional Park,TRUE,Spring-2021,861,Spring,2021,861,3172,Metropolitan Regional Park System,Anoka County Parks and Reacreation,Regional Park,TRUE
Islands of Peace,Metropolitan Regional Park System,Anoka County Parks and Reacreation,Regional Park,TRUE,Summer-2018,3830,Summer,2018,3830,9140,Metropolitan Regional Park System,Anoka County Parks and Reacreation,Regional Park,TRUE
Islands of Peace,Metropolitan Regional Park System,Anoka County Parks and Reacreation,Regional Park,TRUE,Summer-2019,2261,Summer,2019,2261,6063,Metropolitan Regional Park System,Anoka County Parks and Reacreation,Regional Park,TRUE
Islands of Peace,Metropolitan Regional Park System,Anoka County Parks and Reacreation,Regional Park,TRUE,Summer-2020,2015,Summer,2020,2015,5523,Metropolitan Regional Park System,Anoka County Parks and Reacreation,Regional Park,TRUE
Islands of Peace,Metropolitan Regional Park System,Anoka County Parks and Reacreation,Regional Park,TRUE,Summer-2021,1127,Summer,2021,1127,3172,Metropolitan Regional Park System,Anoka County Parks and Reacreation,Regional Park,TRUE
Islands of Peace,Metropolitan Regional Park System,Anoka County Parks and Reacreation,Regional Park,TRUE,Winter-2018,1088,Winter,2018,1088,9140,Metropolitan Regional Park System,Anoka County Parks and Reacreation,Regional Park,TRUE
Islands of Peace,Metropolitan Regional Park System,Anoka County Parks and Reacreation,Regional Park,TRUE,Winter-2019,1365,Winter,2019,1365,6063,Metropolitan Regional Park System,Anoka County Parks and Reacreation,Regional Park,TRUE
Islands of Peace,Metropolitan Regional Park System,Anoka County Parks and Reacreation,Regional Park,TRUE,Winter-2020,554,Winter,2020,554,5523,Metropolitan Regional Park System,Anoka County Parks and Reacreation,Regional Park,TRUE
Islands of Peace,Metropolitan Regional Park System,Anoka County Parks and Reacreation,Regional Park,TRUE,Winter-2021,333,Winter,2021,333,3172,Metropolitan Regional Park System,Anoka County Parks and Reacreation,Regional Park,TRUE
Islands of Peace,Metropolitan Regional Park System,Anoka County Parks and Reacreation,Regional Park,TRUE,Winter-2022,178,Winter,2022,178,178,Metropolitan Regional Park System,Anoka County Parks and Reacreation,Regional Park,TRUE
Itasca,Department of Natural Resources State Park,DNR,State Park,TRUE,Fall-2018,167904,Fall,2018,167904,726708,Department of Natural Resources State Park,DNR,State Park,TRUE
Itasca,Department of Natural Resources State Park,DNR,State Park,TRUE,Fall-2019,133592,Fall,2019,133592,658590,Department of Natural Resources State Park,DNR,State Park,TRUE
Itasca,Department of Natural Resources State Park,DNR,State Park,TRUE,Fall-2020,112264,Fall,2020,112264,542195,Department of Natural Resources State Park,DNR,State Park,TRUE
Itasca,Department of Natural Resources State Park,DNR,State Park,TRUE,Fall-2021,105231,Fall,2021,105231,551417,Department of Natural Resources State Park,DNR,State Park,TRUE
Itasca,Department of Natural Resources State Park,DNR,State Park,TRUE,Spring-2018,87574,Spring,2018,87574,726708,Department of Natural Resources State Park,DNR,State Park,TRUE
Itasca,Department of Natural Resources State Park,DNR,State Park,TRUE,Spring-2019,65460,Spring,2019,65460,658590,Department of Natural Resources State Park,DNR,State Park,TRUE
Itasca,Department of Natural Resources State Park,DNR,State Park,TRUE,Spring-2020,48161,Spring,2020,48161,542195,Department of Natural Resources State Park,DNR,State Park,TRUE
Itasca,Department of Natural Resources State Park,DNR,State Park,TRUE,Spring-2021,85975,Spring,2021,85975,551417,Department of Natural Resources State Park,DNR,State Park,TRUE
Itasca,Department of Natural Resources State Park,DNR,State Park,TRUE,Summer-2018,448039,Summer,2018,448039,726708,Department of Natural Resources State Park,DNR,State Park,TRUE
Itasca,Department of Natural Resources State Park,DNR,State Park,TRUE,Summer-2019,421775,Summer,2019,421775,658590,Department of Natural Resources State Park,DNR,State Park,TRUE
Itasca,Department of Natural Resources State Park,DNR,State Park,TRUE,Summer-2020,348496,Summer,2020,348496,542195,Department of Natural Resources State Park,DNR,State Park,TRUE
Itasca,Department of Natural Resources State Park,DNR,State Park,TRUE,Summer-2021,336599,Summer,2021,336599,551417,Department of Natural Resources State Park,DNR,State Park,TRUE
Itasca,Department of Natural Resources State Park,DNR,State Park,TRUE,Winter-2018,23191,Winter,2018,23191,726708,Department of Natural Resources State Park,DNR,State Park,TRUE
Itasca,Department of Natural Resources State Park,DNR,State Park,TRUE,Winter-2019,37763,Winter,2019,37763,658590,Department of Natural Resources State Park,DNR,State Park,TRUE
Itasca,Department of Natural Resources State Park,DNR,State Park,TRUE,Winter-2020,33274,Winter,2020,33274,542195,Department of Natural Resources State Park,DNR,State Park,TRUE
Itasca,Department of Natural Resources State Park,DNR,State Park,TRUE,Winter-2021,23612,Winter,2021,23612,551417,Department of Natural Resources State Park,DNR,State Park,TRUE
Itasca,Department of Natural Resources State Park,DNR,State Park,TRUE,Winter-2022,2968,Winter,2022,2968,2968,Department of Natural Resources State Park,DNR,State Park,TRUE
Jay C Hormel Nature Center,Greater Minnesota Regional Parks & Trails,Greater MN,Regional Park,TRUE,Fall-2018,25757,Fall,2018,25757,91876,Greater Minnesota Regional Parks & Trails,Greater MN,Regional Park,TRUE
Jay C Hormel Nature Center,Greater Minnesota Regional Parks & Trails,Greater MN,Regional Park,TRUE,Fall-2019,13191,Fall,2019,13191,71587,Greater Minnesota Regional Parks & Trails,Greater MN,Regional Park,TRUE
Jay C Hormel Nature Center,Greater Minnesota Regional Parks & Trails,Greater MN,Regional Park,TRUE,Fall-2020,12414,Fall,2020,12414,61951,Greater Minnesota Regional Parks & Trails,Greater MN,Regional Park,TRUE
Jay C Hormel Nature Center,Greater Minnesota Regional Parks & Trails,Greater MN,Regional Park,TRUE,Fall-2021,13125,Fall,2021,13125,59876,Greater Minnesota Regional Parks & Trails,Greater MN,Regional Park,TRUE
Jay C Hormel Nature Center,Greater Minnesota Regional Parks & Trails,Greater MN,Regional Park,TRUE,Spring-2018,19809,Spring,2018,19809,91876,Greater Minnesota Regional Parks & Trails,Greater MN,Regional Park,TRUE
Jay C Hormel Nature Center,Greater Minnesota Regional Parks & Trails,Greater MN,Regional Park,TRUE,Spring-2019,18530,Spring,2019,18530,71587,Greater Minnesota Regional Parks & Trails,Greater MN,Regional Park,TRUE
Jay C Hormel Nature Center,Greater Minnesota Regional Parks & Trails,Greater MN,Regional Park,TRUE,Spring-2020,13996,Spring,2020,13996,61951,Greater Minnesota Regional Parks & Trails,Greater MN,Regional Park,TRUE
Jay C Hormel Nature Center,Greater Minnesota Regional Parks & Trails,Greater MN,Regional Park,TRUE,Spring-2021,16411,Spring,2021,16411,59876,Greater Minnesota Regional Parks & Trails,Greater MN,Regional Park,TRUE
Jay C Hormel Nature Center,Greater Minnesota Regional Parks & Trails,Greater MN,Regional Park,TRUE,Summer-2018,32839,Summer,2018,32839,91876,Greater Minnesota Regional Parks & Trails,Greater MN,Regional Park,TRUE
Jay C Hormel Nature Center,Greater Minnesota Regional Parks & Trails,Greater MN,Regional Park,TRUE,Summer-2019,21414,Summer,2019,21414,71587,Greater Minnesota Regional Parks & Trails,Greater MN,Regional Park,TRUE
Jay C Hormel Nature Center,Greater Minnesota Regional Parks & Trails,Greater MN,Regional Park,TRUE,Summer-2020,22967,Summer,2020,22967,61951,Greater Minnesota Regional Parks & Trails,Greater MN,Regional Park,TRUE
Jay C Hormel Nature Center,Greater Minnesota Regional Parks & Trails,Greater MN,Regional Park,TRUE,Summer-2021,19962,Summer,2021,19962,59876,Greater Minnesota Regional Parks & Trails,Greater MN,Regional Park,TRUE
Jay C Hormel Nature Center,Greater Minnesota Regional Parks & Trails,Greater MN,Regional Park,TRUE,Winter-2018,13471,Winter,2018,13471,91876,Greater Minnesota Regional Parks & Trails,Greater MN,Regional Park,TRUE
Jay C Hormel Nature Center,Greater Minnesota Regional Parks & Trails,Greater MN,Regional Park,TRUE,Winter-2019,18452,Winter,2019,18452,71587,Greater Minnesota Regional Parks & Trails,Greater MN,Regional Park,TRUE
Jay C Hormel Nature Center,Greater Minnesota Regional Parks & Trails,Greater MN,Regional Park,TRUE,Winter-2020,12574,Winter,2020,12574,61951,Greater Minnesota Regional Parks & Trails,Greater MN,Regional Park,TRUE
Jay C Hormel Nature Center,Greater Minnesota Regional Parks & Trails,Greater MN,Regional Park,TRUE,Winter-2021,10378,Winter,2021,10378,59876,Greater Minnesota Regional Parks & Trails,Greater MN,Regional Park,TRUE
Jay C Hormel Nature Center,Greater Minnesota Regional Parks & Trails,Greater MN,Regional Park,TRUE,Winter-2022,2485,Winter,2022,2485,2485,Greater Minnesota Regional Parks & Trails,Greater MN,Regional Park,TRUE
Jay Cooke,Department of Natural Resources State Park,DNR,State Park,TRUE,Fall-2018,47659,Fall,2018,47659,183453,Department of Natural Resources State Park,DNR,State Park,TRUE
Jay Cooke,Department of Natural Resources State Park,DNR,State Park,TRUE,Fall-2019,36609,Fall,2019,36609,160542,Department of Natural Resources State Park,DNR,State Park,TRUE
Jay Cooke,Department of Natural Resources State Park,DNR,State Park,TRUE,Fall-2020,59726,Fall,2020,59726,253183,Department of Natural Resources State Park,DNR,State Park,TRUE
Jay Cooke,Department of Natural Resources State Park,DNR,State Park,TRUE,Fall-2021,36190,Fall,2021,36190,173728,Department of Natural Resources State Park,DNR,State Park,TRUE
Jay Cooke,Department of Natural Resources State Park,DNR,State Park,TRUE,Spring-2018,32009,Spring,2018,32009,183453,Department of Natural Resources State Park,DNR,State Park,TRUE
Jay Cooke,Department of Natural Resources State Park,DNR,State Park,TRUE,Spring-2019,31973,Spring,2019,31973,160542,Department of Natural Resources State Park,DNR,State Park,TRUE
Jay Cooke,Department of Natural Resources State Park,DNR,State Park,TRUE,Spring-2020,49876,Spring,2020,49876,253183,Department of Natural Resources State Park,DNR,State Park,TRUE
Jay Cooke,Department of Natural Resources State Park,DNR,State Park,TRUE,Spring-2021,40998,Spring,2021,40998,173728,Department of Natural Resources State Park,DNR,State Park,TRUE
Jay Cooke,Department of Natural Resources State Park,DNR,State Park,TRUE,Summer-2018,89031,Summer,2018,89031,183453,Department of Natural Resources State Park,DNR,State Park,TRUE
Jay Cooke,Department of Natural Resources State Park,DNR,State Park,TRUE,Summer-2019,77699,Summer,2019,77699,160542,Department of Natural Resources State Park,DNR,State Park,TRUE
Jay Cooke,Department of Natural Resources State Park,DNR,State Park,TRUE,Summer-2020,132721,Summer,2020,132721,253183,Department of Natural Resources State Park,DNR,State Park,TRUE
Jay Cooke,Department of Natural Resources State Park,DNR,State Park,TRUE,Summer-2021,79036,Summer,2021,79036,173728,Department of Natural Resources State Park,DNR,State Park,TRUE
Jay Cooke,Department of Natural Resources State Park,DNR,State Park,TRUE,Winter-2018,14754,Winter,2018,14754,183453,Department of Natural Resources State Park,DNR,State Park,TRUE
Jay Cooke,Department of Natural Resources State Park,DNR,State Park,TRUE,Winter-2019,14261,Winter,2019,14261,160542,Department of Natural Resources State Park,DNR,State Park,TRUE
Jay Cooke,Department of Natural Resources State Park,DNR,State Park,TRUE,Winter-2020,10860,Winter,2020,10860,253183,Department of Natural Resources State Park,DNR,State Park,TRUE
Jay Cooke,Department of Natural Resources State Park,DNR,State Park,TRUE,Winter-2021,17504,Winter,2021,17504,173728,Department of Natural Resources State Park,DNR,State Park,TRUE
Jay Cooke,Department of Natural Resources State Park,DNR,State Park,TRUE,Winter-2022,2653,Winter,2022,2653,2653,Department of Natural Resources State Park,DNR,State Park,TRUE
John A Latsch,Department of Natural Resources State Park,DNR,State Park,TRUE,Fall-2018,1337,Fall,2018,1337,5033,Department of Natural Resources State Park,DNR,State Park,TRUE
John A Latsch,Department of Natural Resources State Park,DNR,State Park,TRUE,Fall-2019,1695,Fall,2019,1695,5401,Department of Natural Resources State Park,DNR,State Park,TRUE
John A Latsch,Department of Natural Resources State Park,DNR,State Park,TRUE,Fall-2020,1780,Fall,2020,1780,8256,Department of Natural Resources State Park,DNR,State Park,TRUE
John A Latsch,Department of Natural Resources State Park,DNR,State Park,TRUE,Fall-2021,1299,Fall,2021,1299,4831,Department of Natural Resources State Park,DNR,State Park,TRUE
John A Latsch,Department of Natural Resources State Park,DNR,State Park,TRUE,Spring-2018,973,Spring,2018,973,5033,Department of Natural Resources State Park,DNR,State Park,TRUE
John A Latsch,Department of Natural Resources State Park,DNR,State Park,TRUE,Spring-2019,1209,Spring,2019,1209,5401,Department of Natural Resources State Park,DNR,State Park,TRUE
John A Latsch,Department of Natural Resources State Park,DNR,State Park,TRUE,Spring-2020,2785,Spring,2020,2785,8256,Department of Natural Resources State Park,DNR,State Park,TRUE
John A Latsch,Department of Natural Resources State Park,DNR,State Park,TRUE,Spring-2021,1558,Spring,2021,1558,4831,Department of Natural Resources State Park,DNR,State Park,TRUE
John A Latsch,Department of Natural Resources State Park,DNR,State Park,TRUE,Summer-2018,1637,Summer,2018,1637,5033,Department of Natural Resources State Park,DNR,State Park,TRUE
John A Latsch,Department of Natural Resources State Park,DNR,State Park,TRUE,Summer-2019,1934,Summer,2019,1934,5401,Department of Natural Resources State Park,DNR,State Park,TRUE
John A Latsch,Department of Natural Resources State Park,DNR,State Park,TRUE,Summer-2020,3187,Summer,2020,3187,8256,Department of Natural Resources State Park,DNR,State Park,TRUE
John A Latsch,Department of Natural Resources State Park,DNR,State Park,TRUE,Summer-2021,1439,Summer,2021,1439,4831,Department of Natural Resources State Park,DNR,State Park,TRUE
John A Latsch,Department of Natural Resources State Park,DNR,State Park,TRUE,Winter-2018,1086,Winter,2018,1086,5033,Department of Natural Resources State Park,DNR,State Park,TRUE
John A Latsch,Department of Natural Resources State Park,DNR,State Park,TRUE,Winter-2019,563,Winter,2019,563,5401,Department of Natural Resources State Park,DNR,State Park,TRUE
John A Latsch,Department of Natural Resources State Park,DNR,State Park,TRUE,Winter-2020,504,Winter,2020,504,8256,Department of Natural Resources State Park,DNR,State Park,TRUE
John A Latsch,Department of Natural Resources State Park,DNR,State Park,TRUE,Winter-2021,535,Winter,2021,535,4831,Department of Natural Resources State Park,DNR,State Park,TRUE
John A Latsch,Department of Natural Resources State Park,DNR,State Park,TRUE,Winter-2022,94,Winter,2022,94,94,Department of Natural Resources State Park,DNR,State Park,TRUE
Joseph R Brown,Department of Natural Resources State Park,DNR,State Wayside,TRUE,Fall-2018,264,Fall,2018,264,1095,Department of Natural Resources State Park,DNR,State Wayside,TRUE
Joseph R Brown,Department of Natural Resources State Park,DNR,State Wayside,TRUE,Fall-2019,267,Fall,2019,267,1130,Department of Natural Resources State Park,DNR,State Wayside,TRUE
Joseph R Brown,Department of Natural Resources State Park,DNR,State Wayside,TRUE,Fall-2020,336,Fall,2020,336,3035,Department of Natural Resources State Park,DNR,State Wayside,TRUE
Joseph R Brown,Department of Natural Resources State Park,DNR,State Wayside,TRUE,Fall-2021,323,Fall,2021,323,1138,Department of Natural Resources State Park,DNR,State Wayside,TRUE
Joseph R Brown,Department of Natural Resources State Park,DNR,State Wayside,TRUE,Spring-2018,264,Spring,2018,264,1095,Department of Natural Resources State Park,DNR,State Wayside,TRUE
Joseph R Brown,Department of Natural Resources State Park,DNR,State Wayside,TRUE,Spring-2019,268,Spring,2019,268,1130,Department of Natural Resources State Park,DNR,State Wayside,TRUE
Joseph R Brown,Department of Natural Resources State Park,DNR,State Wayside,TRUE,Spring-2020,1083,Spring,2020,1083,3035,Department of Natural Resources State Park,DNR,State Wayside,TRUE
Joseph R Brown,Department of Natural Resources State Park,DNR,State Wayside,TRUE,Spring-2021,199,Spring,2021,199,1138,Department of Natural Resources State Park,DNR,State Wayside,TRUE
Joseph R Brown,Department of Natural Resources State Park,DNR,State Wayside,TRUE,Summer-2018,297,Summer,2018,297,1095,Department of Natural Resources State Park,DNR,State Wayside,TRUE
Joseph R Brown,Department of Natural Resources State Park,DNR,State Wayside,TRUE,Summer-2019,325,Summer,2019,325,1130,Department of Natural Resources State Park,DNR,State Wayside,TRUE
Joseph R Brown,Department of Natural Resources State Park,DNR,State Wayside,TRUE,Summer-2020,1039,Summer,2020,1039,3035,Department of Natural Resources State Park,DNR,State Wayside,TRUE
Joseph R Brown,Department of Natural Resources State Park,DNR,State Wayside,TRUE,Summer-2021,297,Summer,2021,297,1138,Department of Natural Resources State Park,DNR,State Wayside,TRUE
Joseph R Brown,Department of Natural Resources State Park,DNR,State Wayside,TRUE,Winter-2018,270,Winter,2018,270,1095,Department of Natural Resources State Park,DNR,State Wayside,TRUE
Joseph R Brown,Department of Natural Resources State Park,DNR,State Wayside,TRUE,Winter-2019,270,Winter,2019,270,1130,Department of Natural Resources State Park,DNR,State Wayside,TRUE
Joseph R Brown,Department of Natural Resources State Park,DNR,State Wayside,TRUE,Winter-2020,577,Winter,2020,577,3035,Department of Natural Resources State Park,DNR,State Wayside,TRUE
Joseph R Brown,Department of Natural Resources State Park,DNR,State Wayside,TRUE,Winter-2021,319,Winter,2021,319,1138,Department of Natural Resources State Park,DNR,State Wayside,TRUE
Joseph R Brown,Department of Natural Resources State Park,DNR,State Wayside,TRUE,Winter-2022,132,Winter,2022,132,132,Department of Natural Resources State Park,DNR,State Wayside,TRUE
Judge C R Magney,Department of Natural Resources State Park,DNR,State Park,TRUE,Fall-2018,8878,Fall,2018,8878,38619,Department of Natural Resources State Park,DNR,State Park,TRUE
Judge C R Magney,Department of Natural Resources State Park,DNR,State Park,TRUE,Fall-2019,8729,Fall,2019,8729,31501,Department of Natural Resources State Park,DNR,State Park,TRUE
Judge C R Magney,Department of Natural Resources State Park,DNR,State Park,TRUE,Fall-2020,8314,Fall,2020,8314,28518,Department of Natural Resources State Park,DNR,State Park,TRUE
Judge C R Magney,Department of Natural Resources State Park,DNR,State Park,TRUE,Fall-2021,7201,Fall,2021,7201,28233,Department of Natural Resources State Park,DNR,State Park,TRUE
Judge C R Magney,Department of Natural Resources State Park,DNR,State Park,TRUE,Spring-2018,5061,Spring,2018,5061,38619,Department of Natural Resources State Park,DNR,State Park,TRUE
Judge C R Magney,Department of Natural Resources State Park,DNR,State Park,TRUE,Spring-2019,4489,Spring,2019,4489,31501,Department of Natural Resources State Park,DNR,State Park,TRUE
Judge C R Magney,Department of Natural Resources State Park,DNR,State Park,TRUE,Spring-2020,3563,Spring,2020,3563,28518,Department of Natural Resources State Park,DNR,State Park,TRUE
Judge C R Magney,Department of Natural Resources State Park,DNR,State Park,TRUE,Spring-2021,8193,Spring,2021,8193,28233,Department of Natural Resources State Park,DNR,State Park,TRUE
Judge C R Magney,Department of Natural Resources State Park,DNR,State Park,TRUE,Summer-2018,21143,Summer,2018,21143,38619,Department of Natural Resources State Park,DNR,State Park,TRUE
Judge C R Magney,Department of Natural Resources State Park,DNR,State Park,TRUE,Summer-2019,16211,Summer,2019,16211,31501,Department of Natural Resources State Park,DNR,State Park,TRUE
Judge C R Magney,Department of Natural Resources State Park,DNR,State Park,TRUE,Summer-2020,15634,Summer,2020,15634,28518,Department of Natural Resources State Park,DNR,State Park,TRUE
Judge C R Magney,Department of Natural Resources State Park,DNR,State Park,TRUE,Summer-2021,11251,Summer,2021,11251,28233,Department of Natural Resources State Park,DNR,State Park,TRUE
Judge C R Magney,Department of Natural Resources State Park,DNR,State Park,TRUE,Winter-2018,3537,Winter,2018,3537,38619,Department of Natural Resources State Park,DNR,State Park,TRUE
Judge C R Magney,Department of Natural Resources State Park,DNR,State Park,TRUE,Winter-2019,2072,Winter,2019,2072,31501,Department of Natural Resources State Park,DNR,State Park,TRUE
Judge C R Magney,Department of Natural Resources State Park,DNR,State Park,TRUE,Winter-2020,1007,Winter,2020,1007,28518,Department of Natural Resources State Park,DNR,State Park,TRUE
Judge C R Magney,Department of Natural Resources State Park,DNR,State Park,TRUE,Winter-2021,1588,Winter,2021,1588,28233,Department of Natural Resources State Park,DNR,State Park,TRUE
Judge C R Magney,Department of Natural Resources State Park,DNR,State Park,TRUE,Winter-2022,443,Winter,2022,443,443,Department of Natural Resources State Park,DNR,State Park,TRUE
Keller,Metropolitan Regional Park System,Ramsey County Parks and Recreation,Regional Park,TRUE,Fall-2018,13953,Fall,2018,13953,82028,Metropolitan Regional Park System,Ramsey County Parks and Recreation,Regional Park,TRUE
Keller,Metropolitan Regional Park System,Ramsey County Parks and Recreation,Regional Park,TRUE,Fall-2019,13105,Fall,2019,13105,83368,Metropolitan Regional Park System,Ramsey County Parks and Recreation,Regional Park,TRUE
Keller,Metropolitan Regional Park System,Ramsey County Parks and Recreation,Regional Park,TRUE,Fall-2020,17706,Fall,2020,17706,119496,Metropolitan Regional Park System,Ramsey County Parks and Recreation,Regional Park,TRUE
Keller,Metropolitan Regional Park System,Ramsey County Parks and Recreation,Regional Park,TRUE,Fall-2021,16257,Fall,2021,16257,109769,Metropolitan Regional Park System,Ramsey County Parks and Recreation,Regional Park,TRUE
Keller,Metropolitan Regional Park System,Ramsey County Parks and Recreation,Regional Park,TRUE,Spring-2018,20535,Spring,2018,20535,82028,Metropolitan Regional Park System,Ramsey County Parks and Recreation,Regional Park,TRUE
Keller,Metropolitan Regional Park System,Ramsey County Parks and Recreation,Regional Park,TRUE,Spring-2019,22984,Spring,2019,22984,83368,Metropolitan Regional Park System,Ramsey County Parks and Recreation,Regional Park,TRUE
Keller,Metropolitan Regional Park System,Ramsey County Parks and Recreation,Regional Park,TRUE,Spring-2020,34001,Spring,2020,34001,119496,Metropolitan Regional Park System,Ramsey County Parks and Recreation,Regional Park,TRUE
Keller,Metropolitan Regional Park System,Ramsey County Parks and Recreation,Regional Park,TRUE,Spring-2021,34670,Spring,2021,34670,109769,Metropolitan Regional Park System,Ramsey County Parks and Recreation,Regional Park,TRUE
Keller,Metropolitan Regional Park System,Ramsey County Parks and Recreation,Regional Park,TRUE,Summer-2018,43638,Summer,2018,43638,82028,Metropolitan Regional Park System,Ramsey County Parks and Recreation,Regional Park,TRUE
Keller,Metropolitan Regional Park System,Ramsey County Parks and Recreation,Regional Park,TRUE,Summer-2019,42713,Summer,2019,42713,83368,Metropolitan Regional Park System,Ramsey County Parks and Recreation,Regional Park,TRUE
Keller,Metropolitan Regional Park System,Ramsey County Parks and Recreation,Regional Park,TRUE,Summer-2020,62801,Summer,2020,62801,119496,Metropolitan Regional Park System,Ramsey County Parks and Recreation,Regional Park,TRUE
Keller,Metropolitan Regional Park System,Ramsey County Parks and Recreation,Regional Park,TRUE,Summer-2021,50855,Summer,2021,50855,109769,Metropolitan Regional Park System,Ramsey County Parks and Recreation,Regional Park,TRUE
Keller,Metropolitan Regional Park System,Ramsey County Parks and Recreation,Regional Park,TRUE,Winter-2018,3902,Winter,2018,3902,82028,Metropolitan Regional Park System,Ramsey County Parks and Recreation,Regional Park,TRUE
Keller,Metropolitan Regional Park System,Ramsey County Parks and Recreation,Regional Park,TRUE,Winter-2019,4566,Winter,2019,4566,83368,Metropolitan Regional Park System,Ramsey County Parks and Recreation,Regional Park,TRUE
Keller,Metropolitan Regional Park System,Ramsey County Parks and Recreation,Regional Park,TRUE,Winter-2020,4988,Winter,2020,4988,119496,Metropolitan Regional Park System,Ramsey County Parks and Recreation,Regional Park,TRUE
Keller,Metropolitan Regional Park System,Ramsey County Parks and Recreation,Regional Park,TRUE,Winter-2021,7987,Winter,2021,7987,109769,Metropolitan Regional Park System,Ramsey County Parks and Recreation,Regional Park,TRUE
Keller,Metropolitan Regional Park System,Ramsey County Parks and Recreation,Regional Park,TRUE,Winter-2022,1537,Winter,2022,1537,1537,Metropolitan Regional Park System,Ramsey County Parks and Recreation,Regional Park,TRUE
Kilen Woods,Department of Natural Resources State Park,DNR,State Park,TRUE,Fall-2018,4884,Fall,2018,4884,10952,Department of Natural Resources State Park,DNR,State Park,TRUE
Kilen Woods,Department of Natural Resources State Park,DNR,State Park,TRUE,Fall-2019,2729,Fall,2019,2729,7162,Department of Natural Resources State Park,DNR,State Park,TRUE
Kilen Woods,Department of Natural Resources State Park,DNR,State Park,TRUE,Fall-2020,2656,Fall,2020,2656,8220,Department of Natural Resources State Park,DNR,State Park,TRUE
Kilen Woods,Department of Natural Resources State Park,DNR,State Park,TRUE,Fall-2021,1852,Fall,2021,1852,7493,Department of Natural Resources State Park,DNR,State Park,TRUE
Kilen Woods,Department of Natural Resources State Park,DNR,State Park,TRUE,Spring-2018,1694,Spring,2018,1694,10952,Department of Natural Resources State Park,DNR,State Park,TRUE
Kilen Woods,Department of Natural Resources State Park,DNR,State Park,TRUE,Spring-2019,1446,Spring,2019,1446,7162,Department of Natural Resources State Park,DNR,State Park,TRUE
Kilen Woods,Department of Natural Resources State Park,DNR,State Park,TRUE,Spring-2020,2049,Spring,2020,2049,8220,Department of Natural Resources State Park,DNR,State Park,TRUE
Kilen Woods,Department of Natural Resources State Park,DNR,State Park,TRUE,Spring-2021,1529,Spring,2021,1529,7493,Department of Natural Resources State Park,DNR,State Park,TRUE
Kilen Woods,Department of Natural Resources State Park,DNR,State Park,TRUE,Summer-2018,3114,Summer,2018,3114,10952,Department of Natural Resources State Park,DNR,State Park,TRUE
Kilen Woods,Department of Natural Resources State Park,DNR,State Park,TRUE,Summer-2019,2330,Summer,2019,2330,7162,Department of Natural Resources State Park,DNR,State Park,TRUE
Kilen Woods,Department of Natural Resources State Park,DNR,State Park,TRUE,Summer-2020,2999,Summer,2020,2999,8220,Department of Natural Resources State Park,DNR,State Park,TRUE
Kilen Woods,Department of Natural Resources State Park,DNR,State Park,TRUE,Summer-2021,3012,Summer,2021,3012,7493,Department of Natural Resources State Park,DNR,State Park,TRUE
Kilen Woods,Department of Natural Resources State Park,DNR,State Park,TRUE,Winter-2018,1260,Winter,2018,1260,10952,Department of Natural Resources State Park,DNR,State Park,TRUE
Kilen Woods,Department of Natural Resources State Park,DNR,State Park,TRUE,Winter-2019,657,Winter,2019,657,7162,Department of Natural Resources State Park,DNR,State Park,TRUE
Kilen Woods,Department of Natural Resources State Park,DNR,State Park,TRUE,Winter-2020,516,Winter,2020,516,8220,Department of Natural Resources State Park,DNR,State Park,TRUE
Kilen Woods,Department of Natural Resources State Park,DNR,State Park,TRUE,Winter-2021,1100,Winter,2021,1100,7493,Department of Natural Resources State Park,DNR,State Park,TRUE
Kilen Woods,Department of Natural Resources State Park,DNR,State Park,TRUE,Winter-2022,87,Winter,2022,87,87,Department of Natural Resources State Park,DNR,State Park,TRUE
Kingswood,Metropolitan Regional Park System,Three Rivers Park District,Regional Park,TRUE,Fall-2018,758,Fall,2018,758,3589,Metropolitan Regional Park System,Three Rivers Park District,Regional Park,TRUE
Kingswood,Metropolitan Regional Park System,Three Rivers Park District,Regional Park,TRUE,Fall-2019,667,Fall,2019,667,2904,Metropolitan Regional Park System,Three Rivers Park District,Regional Park,TRUE
Kingswood,Metropolitan Regional Park System,Three Rivers Park District,Regional Park,TRUE,Fall-2020,975,Fall,2020,975,4821,Metropolitan Regional Park System,Three Rivers Park District,Regional Park,TRUE
Kingswood,Metropolitan Regional Park System,Three Rivers Park District,Regional Park,TRUE,Fall-2021,391,Fall,2021,391,2700,Metropolitan Regional Park System,Three Rivers Park District,Regional Park,TRUE
Kingswood,Metropolitan Regional Park System,Three Rivers Park District,Regional Park,TRUE,Spring-2018,653,Spring,2018,653,3589,Metropolitan Regional Park System,Three Rivers Park District,Regional Park,TRUE
Kingswood,Metropolitan Regional Park System,Three Rivers Park District,Regional Park,TRUE,Spring-2019,379,Spring,2019,379,2904,Metropolitan Regional Park System,Three Rivers Park District,Regional Park,TRUE
Kingswood,Metropolitan Regional Park System,Three Rivers Park District,Regional Park,TRUE,Spring-2020,2060,Spring,2020,2060,4821,Metropolitan Regional Park System,Three Rivers Park District,Regional Park,TRUE
Kingswood,Metropolitan Regional Park System,Three Rivers Park District,Regional Park,TRUE,Spring-2021,904,Spring,2021,904,2700,Metropolitan Regional Park System,Three Rivers Park District,Regional Park,TRUE
Kingswood,Metropolitan Regional Park System,Three Rivers Park District,Regional Park,TRUE,Summer-2018,1264,Summer,2018,1264,3589,Metropolitan Regional Park System,Three Rivers Park District,Regional Park,TRUE
Kingswood,Metropolitan Regional Park System,Three Rivers Park District,Regional Park,TRUE,Summer-2019,1326,Summer,2019,1326,2904,Metropolitan Regional Park System,Three Rivers Park District,Regional Park,TRUE
Kingswood,Metropolitan Regional Park System,Three Rivers Park District,Regional Park,TRUE,Summer-2020,1261,Summer,2020,1261,4821,Metropolitan Regional Park System,Three Rivers Park District,Regional Park,TRUE
Kingswood,Metropolitan Regional Park System,Three Rivers Park District,Regional Park,TRUE,Summer-2021,1065,Summer,2021,1065,2700,Metropolitan Regional Park System,Three Rivers Park District,Regional Park,TRUE
Kingswood,Metropolitan Regional Park System,Three Rivers Park District,Regional Park,TRUE,Winter-2018,914,Winter,2018,914,3589,Metropolitan Regional Park System,Three Rivers Park District,Regional Park,TRUE
Kingswood,Metropolitan Regional Park System,Three Rivers Park District,Regional Park,TRUE,Winter-2019,532,Winter,2019,532,2904,Metropolitan Regional Park System,Three Rivers Park District,Regional Park,TRUE
Kingswood,Metropolitan Regional Park System,Three Rivers Park District,Regional Park,TRUE,Winter-2020,525,Winter,2020,525,4821,Metropolitan Regional Park System,Three Rivers Park District,Regional Park,TRUE
Kingswood,Metropolitan Regional Park System,Three Rivers Park District,Regional Park,TRUE,Winter-2021,340,Winter,2021,340,2700,Metropolitan Regional Park System,Three Rivers Park District,Regional Park,TRUE
Kingswood,Metropolitan Regional Park System,Three Rivers Park District,Regional Park,TRUE,Winter-2022,99,Winter,2022,99,99,Metropolitan Regional Park System,Three Rivers Park District,Regional Park,TRUE
Kodonce River,Department of Natural Resources State Park,DNR,State Wayside,TRUE,Fall-2018,2758,Fall,2018,2758,12243,Department of Natural Resources State Park,DNR,State Wayside,TRUE
Kodonce River,Department of Natural Resources State Park,DNR,State Wayside,TRUE,Fall-2019,2241,Fall,2019,2241,7465,Department of Natural Resources State Park,DNR,State Wayside,TRUE
Kodonce River,Department of Natural Resources State Park,DNR,State Wayside,TRUE,Fall-2020,981,Fall,2020,981,6365,Department of Natural Resources State Park,DNR,State Wayside,TRUE
Kodonce River,Department of Natural Resources State Park,DNR,State Wayside,TRUE,Fall-2021,2453,Fall,2021,2453,6750,Department of Natural Resources State Park,DNR,State Wayside,TRUE
Kodonce River,Department of Natural Resources State Park,DNR,State Wayside,TRUE,Spring-2018,3088,Spring,2018,3088,12243,Department of Natural Resources State Park,DNR,State Wayside,TRUE
Kodonce River,Department of Natural Resources State Park,DNR,State Wayside,TRUE,Spring-2019,1457,Spring,2019,1457,7465,Department of Natural Resources State Park,DNR,State Wayside,TRUE
Kodonce River,Department of Natural Resources State Park,DNR,State Wayside,TRUE,Spring-2020,1506,Spring,2020,1506,6365,Department of Natural Resources State Park,DNR,State Wayside,TRUE
Kodonce River,Department of Natural Resources State Park,DNR,State Wayside,TRUE,Spring-2021,1173,Spring,2021,1173,6750,Department of Natural Resources State Park,DNR,State Wayside,TRUE
Kodonce River,Department of Natural Resources State Park,DNR,State Wayside,TRUE,Summer-2018,1903,Summer,2018,1903,12243,Department of Natural Resources State Park,DNR,State Wayside,TRUE
Kodonce River,Department of Natural Resources State Park,DNR,State Wayside,TRUE,Summer-2019,2584,Summer,2019,2584,7465,Department of Natural Resources State Park,DNR,State Wayside,TRUE
Kodonce River,Department of Natural Resources State Park,DNR,State Wayside,TRUE,Summer-2020,2841,Summer,2020,2841,6365,Department of Natural Resources State Park,DNR,State Wayside,TRUE
Kodonce River,Department of Natural Resources State Park,DNR,State Wayside,TRUE,Summer-2021,2354,Summer,2021,2354,6750,Department of Natural Resources State Park,DNR,State Wayside,TRUE
Kodonce River,Department of Natural Resources State Park,DNR,State Wayside,TRUE,Winter-2018,4494,Winter,2018,4494,12243,Department of Natural Resources State Park,DNR,State Wayside,TRUE
Kodonce River,Department of Natural Resources State Park,DNR,State Wayside,TRUE,Winter-2019,1183,Winter,2019,1183,7465,Department of Natural Resources State Park,DNR,State Wayside,TRUE
Kodonce River,Department of Natural Resources State Park,DNR,State Wayside,TRUE,Winter-2020,1037,Winter,2020,1037,6365,Department of Natural Resources State Park,DNR,State Wayside,TRUE
Kodonce River,Department of Natural Resources State Park,DNR,State Wayside,TRUE,Winter-2021,770,Winter,2021,770,6750,Department of Natural Resources State Park,DNR,State Wayside,TRUE
Kodonce River,Department of Natural Resources State Park,DNR,State Wayside,TRUE,Winter-2022,809,Winter,2022,809,809,Department of Natural Resources State Park,DNR,State Wayside,TRUE
Kraemer Lake Park,Greater Minnesota Regional Parks & Trails,Greater MN,Regional Park,TRUE,Fall-2018,2006,Fall,2018,2006,6990,Greater Minnesota Regional Parks & Trails,Greater MN,Regional Park,TRUE
Kraemer Lake Park,Greater Minnesota Regional Parks & Trails,Greater MN,Regional Park,TRUE,Fall-2019,1529,Fall,2019,1529,5122,Greater Minnesota Regional Parks & Trails,Greater MN,Regional Park,TRUE
Kraemer Lake Park,Greater Minnesota Regional Parks & Trails,Greater MN,Regional Park,TRUE,Fall-2020,5706,Fall,2020,5706,12134,Greater Minnesota Regional Parks & Trails,Greater MN,Regional Park,TRUE
Kraemer Lake Park,Greater Minnesota Regional Parks & Trails,Greater MN,Regional Park,TRUE,Fall-2021,3704,Fall,2021,3704,13448,Greater Minnesota Regional Parks & Trails,Greater MN,Regional Park,TRUE
Kraemer Lake Park,Greater Minnesota Regional Parks & Trails,Greater MN,Regional Park,TRUE,Spring-2018,1507,Spring,2018,1507,6990,Greater Minnesota Regional Parks & Trails,Greater MN,Regional Park,TRUE
Kraemer Lake Park,Greater Minnesota Regional Parks & Trails,Greater MN,Regional Park,TRUE,Spring-2019,1146,Spring,2019,1146,5122,Greater Minnesota Regional Parks & Trails,Greater MN,Regional Park,TRUE
Kraemer Lake Park,Greater Minnesota Regional Parks & Trails,Greater MN,Regional Park,TRUE,Spring-2020,3112,Spring,2020,3112,12134,Greater Minnesota Regional Parks & Trails,Greater MN,Regional Park,TRUE
Kraemer Lake Park,Greater Minnesota Regional Parks & Trails,Greater MN,Regional Park,TRUE,Spring-2021,4108,Spring,2021,4108,13448,Greater Minnesota Regional Parks & Trails,Greater MN,Regional Park,TRUE
Kraemer Lake Park,Greater Minnesota Regional Parks & Trails,Greater MN,Regional Park,TRUE,Summer-2018,2149,Summer,2018,2149,6990,Greater Minnesota Regional Parks & Trails,Greater MN,Regional Park,TRUE
Kraemer Lake Park,Greater Minnesota Regional Parks & Trails,Greater MN,Regional Park,TRUE,Summer-2019,1168,Summer,2019,1168,5122,Greater Minnesota Regional Parks & Trails,Greater MN,Regional Park,TRUE
Kraemer Lake Park,Greater Minnesota Regional Parks & Trails,Greater MN,Regional Park,TRUE,Summer-2020,2377,Summer,2020,2377,12134,Greater Minnesota Regional Parks & Trails,Greater MN,Regional Park,TRUE
Kraemer Lake Park,Greater Minnesota Regional Parks & Trails,Greater MN,Regional Park,TRUE,Summer-2021,2736,Summer,2021,2736,13448,Greater Minnesota Regional Parks & Trails,Greater MN,Regional Park,TRUE
Kraemer Lake Park,Greater Minnesota Regional Parks & Trails,Greater MN,Regional Park,TRUE,Winter-2018,1328,Winter,2018,1328,6990,Greater Minnesota Regional Parks & Trails,Greater MN,Regional Park,TRUE
Kraemer Lake Park,Greater Minnesota Regional Parks & Trails,Greater MN,Regional Park,TRUE,Winter-2019,1279,Winter,2019,1279,5122,Greater Minnesota Regional Parks & Trails,Greater MN,Regional Park,TRUE
Kraemer Lake Park,Greater Minnesota Regional Parks & Trails,Greater MN,Regional Park,TRUE,Winter-2020,939,Winter,2020,939,12134,Greater Minnesota Regional Parks & Trails,Greater MN,Regional Park,TRUE
Kraemer Lake Park,Greater Minnesota Regional Parks & Trails,Greater MN,Regional Park,TRUE,Winter-2021,2900,Winter,2021,2900,13448,Greater Minnesota Regional Parks & Trails,Greater MN,Regional Park,TRUE
Kraemer Lake Park,Greater Minnesota Regional Parks & Trails,Greater MN,Regional Park,TRUE,Winter-2022,412,Winter,2022,412,412,Greater Minnesota Regional Parks & Trails,Greater MN,Regional Park,TRUE
La Salle Lake,Department of Natural Resources State Park,DNR,State Recreation Area,TRUE,Fall-2018,5745,Fall,2018,5745,19348,Department of Natural Resources State Park,DNR,State Recreation Area,TRUE
La Salle Lake,Department of Natural Resources State Park,DNR,State Recreation Area,TRUE,Fall-2019,1902,Fall,2019,1902,9557,Department of Natural Resources State Park,DNR,State Recreation Area,TRUE
La Salle Lake,Department of Natural Resources State Park,DNR,State Recreation Area,TRUE,Fall-2020,1176,Fall,2020,1176,8982,Department of Natural Resources State Park,DNR,State Recreation Area,TRUE
La Salle Lake,Department of Natural Resources State Park,DNR,State Recreation Area,TRUE,Fall-2021,1618,Fall,2021,1618,8880,Department of Natural Resources State Park,DNR,State Recreation Area,TRUE
La Salle Lake,Department of Natural Resources State Park,DNR,State Recreation Area,TRUE,Spring-2018,3307,Spring,2018,3307,19348,Department of Natural Resources State Park,DNR,State Recreation Area,TRUE
La Salle Lake,Department of Natural Resources State Park,DNR,State Recreation Area,TRUE,Spring-2019,1248,Spring,2019,1248,9557,Department of Natural Resources State Park,DNR,State Recreation Area,TRUE
La Salle Lake,Department of Natural Resources State Park,DNR,State Recreation Area,TRUE,Spring-2020,705,Spring,2020,705,8982,Department of Natural Resources State Park,DNR,State Recreation Area,TRUE
La Salle Lake,Department of Natural Resources State Park,DNR,State Recreation Area,TRUE,Spring-2021,1278,Spring,2021,1278,8880,Department of Natural Resources State Park,DNR,State Recreation Area,TRUE
La Salle Lake,Department of Natural Resources State Park,DNR,State Recreation Area,TRUE,Summer-2018,9126,Summer,2018,9126,19348,Department of Natural Resources State Park,DNR,State Recreation Area,TRUE
La Salle Lake,Department of Natural Resources State Park,DNR,State Recreation Area,TRUE,Summer-2019,5621,Summer,2019,5621,9557,Department of Natural Resources State Park,DNR,State Recreation Area,TRUE
La Salle Lake,Department of Natural Resources State Park,DNR,State Recreation Area,TRUE,Summer-2020,6794,Summer,2020,6794,8982,Department of Natural Resources State Park,DNR,State Recreation Area,TRUE
La Salle Lake,Department of Natural Resources State Park,DNR,State Recreation Area,TRUE,Summer-2021,5778,Summer,2021,5778,8880,Department of Natural Resources State Park,DNR,State Recreation Area,TRUE
La Salle Lake,Department of Natural Resources State Park,DNR,State Recreation Area,TRUE,Winter-2018,1170,Winter,2018,1170,19348,Department of Natural Resources State Park,DNR,State Recreation Area,TRUE
La Salle Lake,Department of Natural Resources State Park,DNR,State Recreation Area,TRUE,Winter-2019,786,Winter,2019,786,9557,Department of Natural Resources State Park,DNR,State Recreation Area,TRUE
La Salle Lake,Department of Natural Resources State Park,DNR,State Recreation Area,TRUE,Winter-2020,307,Winter,2020,307,8982,Department of Natural Resources State Park,DNR,State Recreation Area,TRUE
La Salle Lake,Department of Natural Resources State Park,DNR,State Recreation Area,TRUE,Winter-2021,206,Winter,2021,206,8880,Department of Natural Resources State Park,DNR,State Recreation Area,TRUE
La Salle Lake,Department of Natural Resources State Park,DNR,State Recreation Area,TRUE,Winter-2022,104,Winter,2022,104,104,Department of Natural Resources State Park,DNR,State Recreation Area,TRUE
Lac qui Parle,Department of Natural Resources State Park,DNR,State Park,TRUE,Fall-2018,6694,Fall,2018,6694,28109,Department of Natural Resources State Park,DNR,State Park,TRUE
Lac qui Parle,Department of Natural Resources State Park,DNR,State Park,TRUE,Fall-2019,5148,Fall,2019,5148,21991,Department of Natural Resources State Park,DNR,State Park,TRUE
Lac qui Parle,Department of Natural Resources State Park,DNR,State Park,TRUE,Fall-2020,4002,Fall,2020,4002,20508,Department of Natural Resources State Park,DNR,State Park,TRUE
Lac qui Parle,Department of Natural Resources State Park,DNR,State Park,TRUE,Fall-2021,2463,Fall,2021,2463,17475,Department of Natural Resources State Park,DNR,State Park,TRUE
Lac qui Parle,Department of Natural Resources State Park,DNR,State Park,TRUE,Spring-2018,4348,Spring,2018,4348,28109,Department of Natural Resources State Park,DNR,State Park,TRUE
Lac qui Parle,Department of Natural Resources State Park,DNR,State Park,TRUE,Spring-2019,3029,Spring,2019,3029,21991,Department of Natural Resources State Park,DNR,State Park,TRUE
Lac qui Parle,Department of Natural Resources State Park,DNR,State Park,TRUE,Spring-2020,2527,Spring,2020,2527,20508,Department of Natural Resources State Park,DNR,State Park,TRUE
Lac qui Parle,Department of Natural Resources State Park,DNR,State Park,TRUE,Spring-2021,2524,Spring,2021,2524,17475,Department of Natural Resources State Park,DNR,State Park,TRUE
Lac qui Parle,Department of Natural Resources State Park,DNR,State Park,TRUE,Summer-2018,15559,Summer,2018,15559,28109,Department of Natural Resources State Park,DNR,State Park,TRUE
Lac qui Parle,Department of Natural Resources State Park,DNR,State Park,TRUE,Summer-2019,11964,Summer,2019,11964,21991,Department of Natural Resources State Park,DNR,State Park,TRUE
Lac qui Parle,Department of Natural Resources State Park,DNR,State Park,TRUE,Summer-2020,12830,Summer,2020,12830,20508,Department of Natural Resources State Park,DNR,State Park,TRUE
Lac qui Parle,Department of Natural Resources State Park,DNR,State Park,TRUE,Summer-2021,11491,Summer,2021,11491,17475,Department of Natural Resources State Park,DNR,State Park,TRUE
Lac qui Parle,Department of Natural Resources State Park,DNR,State Park,TRUE,Winter-2018,1508,Winter,2018,1508,28109,Department of Natural Resources State Park,DNR,State Park,TRUE
Lac qui Parle,Department of Natural Resources State Park,DNR,State Park,TRUE,Winter-2019,1850,Winter,2019,1850,21991,Department of Natural Resources State Park,DNR,State Park,TRUE
Lac qui Parle,Department of Natural Resources State Park,DNR,State Park,TRUE,Winter-2020,1149,Winter,2020,1149,20508,Department of Natural Resources State Park,DNR,State Park,TRUE
Lac qui Parle,Department of Natural Resources State Park,DNR,State Park,TRUE,Winter-2021,997,Winter,2021,997,17475,Department of Natural Resources State Park,DNR,State Park,TRUE
Lac qui Parle,Department of Natural Resources State Park,DNR,State Park,TRUE,Winter-2022,113,Winter,2022,113,113,Department of Natural Resources State Park,DNR,State Park,TRUE
Lac qui Parle County Park,Greater Minnesota Regional Parks & Trails,Greater MN,Regional Park,TRUE,Fall-2018,2944,Fall,2018,2944,6948,Greater Minnesota Regional Parks & Trails,Greater MN,Regional Park,TRUE
Lac qui Parle County Park,Greater Minnesota Regional Parks & Trails,Greater MN,Regional Park,TRUE,Fall-2019,2373,Fall,2019,2373,5061,Greater Minnesota Regional Parks & Trails,Greater MN,Regional Park,TRUE
Lac qui Parle County Park,Greater Minnesota Regional Parks & Trails,Greater MN,Regional Park,TRUE,Fall-2020,1308,Fall,2020,1308,6074,Greater Minnesota Regional Parks & Trails,Greater MN,Regional Park,TRUE
Lac qui Parle County Park,Greater Minnesota Regional Parks & Trails,Greater MN,Regional Park,TRUE,Fall-2021,2295,Fall,2021,2295,7903,Greater Minnesota Regional Parks & Trails,Greater MN,Regional Park,TRUE
Lac qui Parle County Park,Greater Minnesota Regional Parks & Trails,Greater MN,Regional Park,TRUE,Spring-2018,739,Spring,2018,739,6948,Greater Minnesota Regional Parks & Trails,Greater MN,Regional Park,TRUE
Lac qui Parle County Park,Greater Minnesota Regional Parks & Trails,Greater MN,Regional Park,TRUE,Spring-2019,543,Spring,2019,543,5061,Greater Minnesota Regional Parks & Trails,Greater MN,Regional Park,TRUE
Lac qui Parle County Park,Greater Minnesota Regional Parks & Trails,Greater MN,Regional Park,TRUE,Spring-2020,1366,Spring,2020,1366,6074,Greater Minnesota Regional Parks & Trails,Greater MN,Regional Park,TRUE
Lac qui Parle County Park,Greater Minnesota Regional Parks & Trails,Greater MN,Regional Park,TRUE,Spring-2021,1111,Spring,2021,1111,7903,Greater Minnesota Regional Parks & Trails,Greater MN,Regional Park,TRUE
Lac qui Parle County Park,Greater Minnesota Regional Parks & Trails,Greater MN,Regional Park,TRUE,Summer-2018,2545,Summer,2018,2545,6948,Greater Minnesota Regional Parks & Trails,Greater MN,Regional Park,TRUE
Lac qui Parle County Park,Greater Minnesota Regional Parks & Trails,Greater MN,Regional Park,TRUE,Summer-2019,1807,Summer,2019,1807,5061,Greater Minnesota Regional Parks & Trails,Greater MN,Regional Park,TRUE
Lac qui Parle County Park,Greater Minnesota Regional Parks & Trails,Greater MN,Regional Park,TRUE,Summer-2020,2689,Summer,2020,2689,6074,Greater Minnesota Regional Parks & Trails,Greater MN,Regional Park,TRUE
Lac qui Parle County Park,Greater Minnesota Regional Parks & Trails,Greater MN,Regional Park,TRUE,Summer-2021,2845,Summer,2021,2845,7903,Greater Minnesota Regional Parks & Trails,Greater MN,Regional Park,TRUE
Lac qui Parle County Park,Greater Minnesota Regional Parks & Trails,Greater MN,Regional Park,TRUE,Winter-2018,720,Winter,2018,720,6948,Greater Minnesota Regional Parks & Trails,Greater MN,Regional Park,TRUE
Lac qui Parle County Park,Greater Minnesota Regional Parks & Trails,Greater MN,Regional Park,TRUE,Winter-2019,338,Winter,2019,338,5061,Greater Minnesota Regional Parks & Trails,Greater MN,Regional Park,TRUE
Lac qui Parle County Park,Greater Minnesota Regional Parks & Trails,Greater MN,Regional Park,TRUE,Winter-2020,711,Winter,2020,711,6074,Greater Minnesota Regional Parks & Trails,Greater MN,Regional Park,TRUE
Lac qui Parle County Park,Greater Minnesota Regional Parks & Trails,Greater MN,Regional Park,TRUE,Winter-2021,1652,Winter,2021,1652,7903,Greater Minnesota Regional Parks & Trails,Greater MN,Regional Park,TRUE
Lac qui Parle County Park,Greater Minnesota Regional Parks & Trails,Greater MN,Regional Park,TRUE,Winter-2022,85,Winter,2022,85,85,Greater Minnesota Regional Parks & Trails,Greater MN,Regional Park,TRUE
Lake Bemidji,Department of Natural Resources State Park,DNR,State Park,TRUE,Fall-2018,13518,Fall,2018,13518,108752,Department of Natural Resources State Park,DNR,State Park,TRUE
Lake Bemidji,Department of Natural Resources State Park,DNR,State Park,TRUE,Fall-2019,16709,Fall,2019,16709,117626,Department of Natural Resources State Park,DNR,State Park,TRUE
Lake Bemidji,Department of Natural Resources State Park,DNR,State Park,TRUE,Fall-2020,16208,Fall,2020,16208,96975,Department of Natural Resources State Park,DNR,State Park,TRUE
Lake Bemidji,Department of Natural Resources State Park,DNR,State Park,TRUE,Fall-2021,12124,Fall,2021,12124,82978,Department of Natural Resources State Park,DNR,State Park,TRUE
Lake Bemidji,Department of Natural Resources State Park,DNR,State Park,TRUE,Spring-2018,15790,Spring,2018,15790,108752,Department of Natural Resources State Park,DNR,State Park,TRUE
Lake Bemidji,Department of Natural Resources State Park,DNR,State Park,TRUE,Spring-2019,13177,Spring,2019,13177,117626,Department of Natural Resources State Park,DNR,State Park,TRUE
Lake Bemidji,Department of Natural Resources State Park,DNR,State Park,TRUE,Spring-2020,11464,Spring,2020,11464,96975,Department of Natural Resources State Park,DNR,State Park,TRUE
Lake Bemidji,Department of Natural Resources State Park,DNR,State Park,TRUE,Spring-2021,16273,Spring,2021,16273,82978,Department of Natural Resources State Park,DNR,State Park,TRUE
Lake Bemidji,Department of Natural Resources State Park,DNR,State Park,TRUE,Summer-2018,75007,Summer,2018,75007,108752,Department of Natural Resources State Park,DNR,State Park,TRUE
Lake Bemidji,Department of Natural Resources State Park,DNR,State Park,TRUE,Summer-2019,83056,Summer,2019,83056,117626,Department of Natural Resources State Park,DNR,State Park,TRUE
Lake Bemidji,Department of Natural Resources State Park,DNR,State Park,TRUE,Summer-2020,64140,Summer,2020,64140,96975,Department of Natural Resources State Park,DNR,State Park,TRUE
Lake Bemidji,Department of Natural Resources State Park,DNR,State Park,TRUE,Summer-2021,49200,Summer,2021,49200,82978,Department of Natural Resources State Park,DNR,State Park,TRUE
Lake Bemidji,Department of Natural Resources State Park,DNR,State Park,TRUE,Winter-2018,4437,Winter,2018,4437,108752,Department of Natural Resources State Park,DNR,State Park,TRUE
Lake Bemidji,Department of Natural Resources State Park,DNR,State Park,TRUE,Winter-2019,4684,Winter,2019,4684,117626,Department of Natural Resources State Park,DNR,State Park,TRUE
Lake Bemidji,Department of Natural Resources State Park,DNR,State Park,TRUE,Winter-2020,5163,Winter,2020,5163,96975,Department of Natural Resources State Park,DNR,State Park,TRUE
Lake Bemidji,Department of Natural Resources State Park,DNR,State Park,TRUE,Winter-2021,5381,Winter,2021,5381,82978,Department of Natural Resources State Park,DNR,State Park,TRUE
Lake Bemidji,Department of Natural Resources State Park,DNR,State Park,TRUE,Winter-2022,574,Winter,2022,574,574,Department of Natural Resources State Park,DNR,State Park,TRUE
Lake Bronson,Department of Natural Resources State Park,DNR,State Park,TRUE,Fall-2018,5120,Fall,2018,5120,54364,Department of Natural Resources State Park,DNR,State Park,TRUE
Lake Bronson,Department of Natural Resources State Park,DNR,State Park,TRUE,Fall-2019,4112,Fall,2019,4112,61086,Department of Natural Resources State Park,DNR,State Park,TRUE
Lake Bronson,Department of Natural Resources State Park,DNR,State Park,TRUE,Fall-2020,3965,Fall,2020,3965,53592,Department of Natural Resources State Park,DNR,State Park,TRUE
Lake Bronson,Department of Natural Resources State Park,DNR,State Park,TRUE,Fall-2021,3133,Fall,2021,3133,64849,Department of Natural Resources State Park,DNR,State Park,TRUE
Lake Bronson,Department of Natural Resources State Park,DNR,State Park,TRUE,Spring-2018,12670,Spring,2018,12670,54364,Department of Natural Resources State Park,DNR,State Park,TRUE
Lake Bronson,Department of Natural Resources State Park,DNR,State Park,TRUE,Spring-2019,6725,Spring,2019,6725,61086,Department of Natural Resources State Park,DNR,State Park,TRUE
Lake Bronson,Department of Natural Resources State Park,DNR,State Park,TRUE,Spring-2020,3579,Spring,2020,3579,53592,Department of Natural Resources State Park,DNR,State Park,TRUE
Lake Bronson,Department of Natural Resources State Park,DNR,State Park,TRUE,Spring-2021,7282,Spring,2021,7282,64849,Department of Natural Resources State Park,DNR,State Park,TRUE
Lake Bronson,Department of Natural Resources State Park,DNR,State Park,TRUE,Summer-2018,31581,Summer,2018,31581,54364,Department of Natural Resources State Park,DNR,State Park,TRUE
Lake Bronson,Department of Natural Resources State Park,DNR,State Park,TRUE,Summer-2019,42162,Summer,2019,42162,61086,Department of Natural Resources State Park,DNR,State Park,TRUE
Lake Bronson,Department of Natural Resources State Park,DNR,State Park,TRUE,Summer-2020,42909,Summer,2020,42909,53592,Department of Natural Resources State Park,DNR,State Park,TRUE
Lake Bronson,Department of Natural Resources State Park,DNR,State Park,TRUE,Summer-2021,50656,Summer,2021,50656,64849,Department of Natural Resources State Park,DNR,State Park,TRUE
Lake Bronson,Department of Natural Resources State Park,DNR,State Park,TRUE,Winter-2018,4993,Winter,2018,4993,54364,Department of Natural Resources State Park,DNR,State Park,TRUE
Lake Bronson,Department of Natural Resources State Park,DNR,State Park,TRUE,Winter-2019,8087,Winter,2019,8087,61086,Department of Natural Resources State Park,DNR,State Park,TRUE
Lake Bronson,Department of Natural Resources State Park,DNR,State Park,TRUE,Winter-2020,3139,Winter,2020,3139,53592,Department of Natural Resources State Park,DNR,State Park,TRUE
Lake Bronson,Department of Natural Resources State Park,DNR,State Park,TRUE,Winter-2021,3778,Winter,2021,3778,64849,Department of Natural Resources State Park,DNR,State Park,TRUE
Lake Bronson,Department of Natural Resources State Park,DNR,State Park,TRUE,Winter-2022,444,Winter,2022,444,444,Department of Natural Resources State Park,DNR,State Park,TRUE
Lake Brophy County Park,Greater Minnesota Regional Parks & Trails,Greater MN,Regional Park,TRUE,Fall-2018,2463,Fall,2018,2463,8969,Greater Minnesota Regional Parks & Trails,Greater MN,Regional Park,TRUE
Lake Brophy County Park,Greater Minnesota Regional Parks & Trails,Greater MN,Regional Park,TRUE,Fall-2019,6929,Fall,2019,6929,26237,Greater Minnesota Regional Parks & Trails,Greater MN,Regional Park,TRUE
Lake Brophy County Park,Greater Minnesota Regional Parks & Trails,Greater MN,Regional Park,TRUE,Fall-2020,8029,Fall,2020,8029,36883,Greater Minnesota Regional Parks & Trails,Greater MN,Regional Park,TRUE
Lake Brophy County Park,Greater Minnesota Regional Parks & Trails,Greater MN,Regional Park,TRUE,Fall-2021,7101,Fall,2021,7101,41159,Greater Minnesota Regional Parks & Trails,Greater MN,Regional Park,TRUE
Lake Brophy County Park,Greater Minnesota Regional Parks & Trails,Greater MN,Regional Park,TRUE,Spring-2018,1269,Spring,2018,1269,8969,Greater Minnesota Regional Parks & Trails,Greater MN,Regional Park,TRUE
Lake Brophy County Park,Greater Minnesota Regional Parks & Trails,Greater MN,Regional Park,TRUE,Spring-2019,2548,Spring,2019,2548,26237,Greater Minnesota Regional Parks & Trails,Greater MN,Regional Park,TRUE
Lake Brophy County Park,Greater Minnesota Regional Parks & Trails,Greater MN,Regional Park,TRUE,Spring-2020,4997,Spring,2020,4997,36883,Greater Minnesota Regional Parks & Trails,Greater MN,Regional Park,TRUE
Lake Brophy County Park,Greater Minnesota Regional Parks & Trails,Greater MN,Regional Park,TRUE,Spring-2021,11860,Spring,2021,11860,41159,Greater Minnesota Regional Parks & Trails,Greater MN,Regional Park,TRUE
Lake Brophy County Park,Greater Minnesota Regional Parks & Trails,Greater MN,Regional Park,TRUE,Summer-2018,2824,Summer,2018,2824,8969,Greater Minnesota Regional Parks & Trails,Greater MN,Regional Park,TRUE
Lake Brophy County Park,Greater Minnesota Regional Parks & Trails,Greater MN,Regional Park,TRUE,Summer-2019,14431,Summer,2019,14431,26237,Greater Minnesota Regional Parks & Trails,Greater MN,Regional Park,TRUE
Lake Brophy County Park,Greater Minnesota Regional Parks & Trails,Greater MN,Regional Park,TRUE,Summer-2020,19931,Summer,2020,19931,36883,Greater Minnesota Regional Parks & Trails,Greater MN,Regional Park,TRUE
Lake Brophy County Park,Greater Minnesota Regional Parks & Trails,Greater MN,Regional Park,TRUE,Summer-2021,17867,Summer,2021,17867,41159,Greater Minnesota Regional Parks & Trails,Greater MN,Regional Park,TRUE
Lake Brophy County Park,Greater Minnesota Regional Parks & Trails,Greater MN,Regional Park,TRUE,Winter-2018,2413,Winter,2018,2413,8969,Greater Minnesota Regional Parks & Trails,Greater MN,Regional Park,TRUE
Lake Brophy County Park,Greater Minnesota Regional Parks & Trails,Greater MN,Regional Park,TRUE,Winter-2019,2329,Winter,2019,2329,26237,Greater Minnesota Regional Parks & Trails,Greater MN,Regional Park,TRUE
Lake Brophy County Park,Greater Minnesota Regional Parks & Trails,Greater MN,Regional Park,TRUE,Winter-2020,3926,Winter,2020,3926,36883,Greater Minnesota Regional Parks & Trails,Greater MN,Regional Park,TRUE
Lake Brophy County Park,Greater Minnesota Regional Parks & Trails,Greater MN,Regional Park,TRUE,Winter-2021,4331,Winter,2021,4331,41159,Greater Minnesota Regional Parks & Trails,Greater MN,Regional Park,TRUE
Lake Brophy County Park,Greater Minnesota Regional Parks & Trails,Greater MN,Regional Park,TRUE,Winter-2022,879,Winter,2022,879,879,Greater Minnesota Regional Parks & Trails,Greater MN,Regional Park,TRUE
Lake Byllesby,Metropolitan Regional Park System,Dakota County Parks,Regional Park,TRUE,Fall-2018,9564,Fall,2018,9564,62245,Metropolitan Regional Park System,Dakota County Parks,Regional Park,TRUE
Lake Byllesby,Metropolitan Regional Park System,Dakota County Parks,Regional Park,TRUE,Fall-2019,5520,Fall,2019,5520,52608,Metropolitan Regional Park System,Dakota County Parks,Regional Park,TRUE
Lake Byllesby,Metropolitan Regional Park System,Dakota County Parks,Regional Park,TRUE,Fall-2020,12057,Fall,2020,12057,70618,Metropolitan Regional Park System,Dakota County Parks,Regional Park,TRUE
Lake Byllesby,Metropolitan Regional Park System,Dakota County Parks,Regional Park,TRUE,Fall-2021,10912,Fall,2021,10912,71198,Metropolitan Regional Park System,Dakota County Parks,Regional Park,TRUE
Lake Byllesby,Metropolitan Regional Park System,Dakota County Parks,Regional Park,TRUE,Spring-2018,11658,Spring,2018,11658,62245,Metropolitan Regional Park System,Dakota County Parks,Regional Park,TRUE
Lake Byllesby,Metropolitan Regional Park System,Dakota County Parks,Regional Park,TRUE,Spring-2019,8118,Spring,2019,8118,52608,Metropolitan Regional Park System,Dakota County Parks,Regional Park,TRUE
Lake Byllesby,Metropolitan Regional Park System,Dakota County Parks,Regional Park,TRUE,Spring-2020,12063,Spring,2020,12063,70618,Metropolitan Regional Park System,Dakota County Parks,Regional Park,TRUE
Lake Byllesby,Metropolitan Regional Park System,Dakota County Parks,Regional Park,TRUE,Spring-2021,14236,Spring,2021,14236,71198,Metropolitan Regional Park System,Dakota County Parks,Regional Park,TRUE
Lake Byllesby,Metropolitan Regional Park System,Dakota County Parks,Regional Park,TRUE,Summer-2018,38117,Summer,2018,38117,62245,Metropolitan Regional Park System,Dakota County Parks,Regional Park,TRUE
Lake Byllesby,Metropolitan Regional Park System,Dakota County Parks,Regional Park,TRUE,Summer-2019,34863,Summer,2019,34863,52608,Metropolitan Regional Park System,Dakota County Parks,Regional Park,TRUE
Lake Byllesby,Metropolitan Regional Park System,Dakota County Parks,Regional Park,TRUE,Summer-2020,43154,Summer,2020,43154,70618,Metropolitan Regional Park System,Dakota County Parks,Regional Park,TRUE
Lake Byllesby,Metropolitan Regional Park System,Dakota County Parks,Regional Park,TRUE,Summer-2021,41250,Summer,2021,41250,71198,Metropolitan Regional Park System,Dakota County Parks,Regional Park,TRUE
Lake Byllesby,Metropolitan Regional Park System,Dakota County Parks,Regional Park,TRUE,Winter-2018,2906,Winter,2018,2906,62245,Metropolitan Regional Park System,Dakota County Parks,Regional Park,TRUE
Lake Byllesby,Metropolitan Regional Park System,Dakota County Parks,Regional Park,TRUE,Winter-2019,4107,Winter,2019,4107,52608,Metropolitan Regional Park System,Dakota County Parks,Regional Park,TRUE
Lake Byllesby,Metropolitan Regional Park System,Dakota County Parks,Regional Park,TRUE,Winter-2020,3344,Winter,2020,3344,70618,Metropolitan Regional Park System,Dakota County Parks,Regional Park,TRUE
Lake Byllesby,Metropolitan Regional Park System,Dakota County Parks,Regional Park,TRUE,Winter-2021,4800,Winter,2021,4800,71198,Metropolitan Regional Park System,Dakota County Parks,Regional Park,TRUE
Lake Byllesby,Metropolitan Regional Park System,Dakota County Parks,Regional Park,TRUE,Winter-2022,813,Winter,2022,813,813,Metropolitan Regional Park System,Dakota County Parks,Regional Park,TRUE
Lake Byllesby Park,Greater Minnesota Regional Parks & Trails,Greater MN,Regional Park,TRUE,Fall-2018,4362,Fall,2018,4362,24262,Greater Minnesota Regional Parks & Trails,Greater MN,Regional Park,TRUE
Lake Byllesby Park,Greater Minnesota Regional Parks & Trails,Greater MN,Regional Park,TRUE,Fall-2019,2661,Fall,2019,2661,19280,Greater Minnesota Regional Parks & Trails,Greater MN,Regional Park,TRUE
Lake Byllesby Park,Greater Minnesota Regional Parks & Trails,Greater MN,Regional Park,TRUE,Fall-2020,3159,Fall,2020,3159,46429,Greater Minnesota Regional Parks & Trails,Greater MN,Regional Park,TRUE
Lake Byllesby Park,Greater Minnesota Regional Parks & Trails,Greater MN,Regional Park,TRUE,Fall-2021,3422,Fall,2021,3422,27421,Greater Minnesota Regional Parks & Trails,Greater MN,Regional Park,TRUE
Lake Byllesby Park,Greater Minnesota Regional Parks & Trails,Greater MN,Regional Park,TRUE,Spring-2018,5327,Spring,2018,5327,24262,Greater Minnesota Regional Parks & Trails,Greater MN,Regional Park,TRUE
Lake Byllesby Park,Greater Minnesota Regional Parks & Trails,Greater MN,Regional Park,TRUE,Spring-2019,2729,Spring,2019,2729,19280,Greater Minnesota Regional Parks & Trails,Greater MN,Regional Park,TRUE
Lake Byllesby Park,Greater Minnesota Regional Parks & Trails,Greater MN,Regional Park,TRUE,Spring-2020,5681,Spring,2020,5681,46429,Greater Minnesota Regional Parks & Trails,Greater MN,Regional Park,TRUE
Lake Byllesby Park,Greater Minnesota Regional Parks & Trails,Greater MN,Regional Park,TRUE,Spring-2021,4937,Spring,2021,4937,27421,Greater Minnesota Regional Parks & Trails,Greater MN,Regional Park,TRUE
Lake Byllesby Park,Greater Minnesota Regional Parks & Trails,Greater MN,Regional Park,TRUE,Summer-2018,12797,Summer,2018,12797,24262,Greater Minnesota Regional Parks & Trails,Greater MN,Regional Park,TRUE
Lake Byllesby Park,Greater Minnesota Regional Parks & Trails,Greater MN,Regional Park,TRUE,Summer-2019,13261,Summer,2019,13261,19280,Greater Minnesota Regional Parks & Trails,Greater MN,Regional Park,TRUE
Lake Byllesby Park,Greater Minnesota Regional Parks & Trails,Greater MN,Regional Park,TRUE,Summer-2020,37027,Summer,2020,37027,46429,Greater Minnesota Regional Parks & Trails,Greater MN,Regional Park,TRUE
Lake Byllesby Park,Greater Minnesota Regional Parks & Trails,Greater MN,Regional Park,TRUE,Summer-2021,17829,Summer,2021,17829,27421,Greater Minnesota Regional Parks & Trails,Greater MN,Regional Park,TRUE
Lake Byllesby Park,Greater Minnesota Regional Parks & Trails,Greater MN,Regional Park,TRUE,Winter-2018,1776,Winter,2018,1776,24262,Greater Minnesota Regional Parks & Trails,Greater MN,Regional Park,TRUE
Lake Byllesby Park,Greater Minnesota Regional Parks & Trails,Greater MN,Regional Park,TRUE,Winter-2019,629,Winter,2019,629,19280,Greater Minnesota Regional Parks & Trails,Greater MN,Regional Park,TRUE
Lake Byllesby Park,Greater Minnesota Regional Parks & Trails,Greater MN,Regional Park,TRUE,Winter-2020,562,Winter,2020,562,46429,Greater Minnesota Regional Parks & Trails,Greater MN,Regional Park,TRUE
Lake Byllesby Park,Greater Minnesota Regional Parks & Trails,Greater MN,Regional Park,TRUE,Winter-2021,1233,Winter,2021,1233,27421,Greater Minnesota Regional Parks & Trails,Greater MN,Regional Park,TRUE
Lake Byllesby Park,Greater Minnesota Regional Parks & Trails,Greater MN,Regional Park,TRUE,Winter-2022,316,Winter,2022,316,316,Greater Minnesota Regional Parks & Trails,Greater MN,Regional Park,TRUE
Lake Carlos,Department of Natural Resources State Park,DNR,State Park,TRUE,Fall-2018,13500,Fall,2018,13500,81910,Department of Natural Resources State Park,DNR,State Park,TRUE
Lake Carlos,Department of Natural Resources State Park,DNR,State Park,TRUE,Fall-2019,12067,Fall,2019,12067,84482,Department of Natural Resources State Park,DNR,State Park,TRUE
Lake Carlos,Department of Natural Resources State Park,DNR,State Park,TRUE,Fall-2020,15652,Fall,2020,15652,87729,Department of Natural Resources State Park,DNR,State Park,TRUE
Lake Carlos,Department of Natural Resources State Park,DNR,State Park,TRUE,Fall-2021,12616,Fall,2021,12616,89727,Department of Natural Resources State Park,DNR,State Park,TRUE
Lake Carlos,Department of Natural Resources State Park,DNR,State Park,TRUE,Spring-2018,10322,Spring,2018,10322,81910,Department of Natural Resources State Park,DNR,State Park,TRUE
Lake Carlos,Department of Natural Resources State Park,DNR,State Park,TRUE,Spring-2019,9219,Spring,2019,9219,84482,Department of Natural Resources State Park,DNR,State Park,TRUE
Lake Carlos,Department of Natural Resources State Park,DNR,State Park,TRUE,Spring-2020,6985,Spring,2020,6985,87729,Department of Natural Resources State Park,DNR,State Park,TRUE
Lake Carlos,Department of Natural Resources State Park,DNR,State Park,TRUE,Spring-2021,13220,Spring,2021,13220,89727,Department of Natural Resources State Park,DNR,State Park,TRUE
Lake Carlos,Department of Natural Resources State Park,DNR,State Park,TRUE,Summer-2018,55923,Summer,2018,55923,81910,Department of Natural Resources State Park,DNR,State Park,TRUE
Lake Carlos,Department of Natural Resources State Park,DNR,State Park,TRUE,Summer-2019,60484,Summer,2019,60484,84482,Department of Natural Resources State Park,DNR,State Park,TRUE
Lake Carlos,Department of Natural Resources State Park,DNR,State Park,TRUE,Summer-2020,60272,Summer,2020,60272,87729,Department of Natural Resources State Park,DNR,State Park,TRUE
Lake Carlos,Department of Natural Resources State Park,DNR,State Park,TRUE,Summer-2021,60267,Summer,2021,60267,89727,Department of Natural Resources State Park,DNR,State Park,TRUE
Lake Carlos,Department of Natural Resources State Park,DNR,State Park,TRUE,Winter-2018,2165,Winter,2018,2165,81910,Department of Natural Resources State Park,DNR,State Park,TRUE
Lake Carlos,Department of Natural Resources State Park,DNR,State Park,TRUE,Winter-2019,2712,Winter,2019,2712,84482,Department of Natural Resources State Park,DNR,State Park,TRUE
Lake Carlos,Department of Natural Resources State Park,DNR,State Park,TRUE,Winter-2020,4820,Winter,2020,4820,87729,Department of Natural Resources State Park,DNR,State Park,TRUE
Lake Carlos,Department of Natural Resources State Park,DNR,State Park,TRUE,Winter-2021,3624,Winter,2021,3624,89727,Department of Natural Resources State Park,DNR,State Park,TRUE
Lake Carlos,Department of Natural Resources State Park,DNR,State Park,TRUE,Winter-2022,642,Winter,2022,642,642,Department of Natural Resources State Park,DNR,State Park,TRUE
Lake Elmo,Metropolitan Regional Park System,Washington County Parks,Regional Park,TRUE,Fall-2018,30046,Fall,2018,30046,201079,Metropolitan Regional Park System,Washington County Parks,Regional Park,TRUE
Lake Elmo,Metropolitan Regional Park System,Washington County Parks,Regional Park,TRUE,Fall-2019,34127,Fall,2019,34127,251352,Metropolitan Regional Park System,Washington County Parks,Regional Park,TRUE
Lake Elmo,Metropolitan Regional Park System,Washington County Parks,Regional Park,TRUE,Fall-2020,53080,Fall,2020,53080,255958,Metropolitan Regional Park System,Washington County Parks,Regional Park,TRUE
Lake Elmo,Metropolitan Regional Park System,Washington County Parks,Regional Park,TRUE,Fall-2021,36330,Fall,2021,36330,244893,Metropolitan Regional Park System,Washington County Parks,Regional Park,TRUE
Lake Elmo,Metropolitan Regional Park System,Washington County Parks,Regional Park,TRUE,Spring-2018,34545,Spring,2018,34545,201079,Metropolitan Regional Park System,Washington County Parks,Regional Park,TRUE
Lake Elmo,Metropolitan Regional Park System,Washington County Parks,Regional Park,TRUE,Spring-2019,42843,Spring,2019,42843,251352,Metropolitan Regional Park System,Washington County Parks,Regional Park,TRUE
Lake Elmo,Metropolitan Regional Park System,Washington County Parks,Regional Park,TRUE,Spring-2020,65686,Spring,2020,65686,255958,Metropolitan Regional Park System,Washington County Parks,Regional Park,TRUE
Lake Elmo,Metropolitan Regional Park System,Washington County Parks,Regional Park,TRUE,Spring-2021,48207,Spring,2021,48207,244893,Metropolitan Regional Park System,Washington County Parks,Regional Park,TRUE
Lake Elmo,Metropolitan Regional Park System,Washington County Parks,Regional Park,TRUE,Summer-2018,114171,Summer,2018,114171,201079,Metropolitan Regional Park System,Washington County Parks,Regional Park,TRUE
Lake Elmo,Metropolitan Regional Park System,Washington County Parks,Regional Park,TRUE,Summer-2019,135594,Summer,2019,135594,251352,Metropolitan Regional Park System,Washington County Parks,Regional Park,TRUE
Lake Elmo,Metropolitan Regional Park System,Washington County Parks,Regional Park,TRUE,Summer-2020,101335,Summer,2020,101335,255958,Metropolitan Regional Park System,Washington County Parks,Regional Park,TRUE
Lake Elmo,Metropolitan Regional Park System,Washington County Parks,Regional Park,TRUE,Summer-2021,105933,Summer,2021,105933,244893,Metropolitan Regional Park System,Washington County Parks,Regional Park,TRUE
Lake Elmo,Metropolitan Regional Park System,Washington County Parks,Regional Park,TRUE,Winter-2018,22317,Winter,2018,22317,201079,Metropolitan Regional Park System,Washington County Parks,Regional Park,TRUE
Lake Elmo,Metropolitan Regional Park System,Washington County Parks,Regional Park,TRUE,Winter-2019,38788,Winter,2019,38788,251352,Metropolitan Regional Park System,Washington County Parks,Regional Park,TRUE
Lake Elmo,Metropolitan Regional Park System,Washington County Parks,Regional Park,TRUE,Winter-2020,35857,Winter,2020,35857,255958,Metropolitan Regional Park System,Washington County Parks,Regional Park,TRUE
Lake Elmo,Metropolitan Regional Park System,Washington County Parks,Regional Park,TRUE,Winter-2021,54423,Winter,2021,54423,244893,Metropolitan Regional Park System,Washington County Parks,Regional Park,TRUE
Lake Elmo,Metropolitan Regional Park System,Washington County Parks,Regional Park,TRUE,Winter-2022,5222,Winter,2022,5222,5222,Metropolitan Regional Park System,Washington County Parks,Regional Park,TRUE
Lake George,Metropolitan Regional Park System,Anoka County Parks and Recreation,Regional Park,TRUE,Fall-2018,7575,Fall,2018,7575,77710,Metropolitan Regional Park System,Anoka County Parks and Recreation,Regional Park,TRUE
Lake George,Metropolitan Regional Park System,Anoka County Parks and Recreation,Regional Park,TRUE,Fall-2019,4927,Fall,2019,4927,82526,Metropolitan Regional Park System,Anoka County Parks and Recreation,Regional Park,TRUE
Lake George,Metropolitan Regional Park System,Anoka County Parks and Recreation,Regional Park,TRUE,Fall-2020,6276,Fall,2020,6276,108591,Metropolitan Regional Park System,Anoka County Parks and Recreation,Regional Park,TRUE
Lake George,Metropolitan Regional Park System,Anoka County Parks and Recreation,Regional Park,TRUE,Fall-2021,9236,Fall,2021,9236,103604,Metropolitan Regional Park System,Anoka County Parks and Recreation,Regional Park,TRUE
Lake George,Metropolitan Regional Park System,Anoka County Parks and Recreation,Regional Park,TRUE,Spring-2018,13552,Spring,2018,13552,77710,Metropolitan Regional Park System,Anoka County Parks and Recreation,Regional Park,TRUE
Lake George,Metropolitan Regional Park System,Anoka County Parks and Recreation,Regional Park,TRUE,Spring-2019,8766,Spring,2019,8766,82526,Metropolitan Regional Park System,Anoka County Parks and Recreation,Regional Park,TRUE
Lake George,Metropolitan Regional Park System,Anoka County Parks and Recreation,Regional Park,TRUE,Spring-2020,16800,Spring,2020,16800,108591,Metropolitan Regional Park System,Anoka County Parks and Recreation,Regional Park,TRUE
Lake George,Metropolitan Regional Park System,Anoka County Parks and Recreation,Regional Park,TRUE,Spring-2021,22765,Spring,2021,22765,103604,Metropolitan Regional Park System,Anoka County Parks and Recreation,Regional Park,TRUE
Lake George,Metropolitan Regional Park System,Anoka County Parks and Recreation,Regional Park,TRUE,Summer-2018,51859,Summer,2018,51859,77710,Metropolitan Regional Park System,Anoka County Parks and Recreation,Regional Park,TRUE
Lake George,Metropolitan Regional Park System,Anoka County Parks and Recreation,Regional Park,TRUE,Summer-2019,65171,Summer,2019,65171,82526,Metropolitan Regional Park System,Anoka County Parks and Recreation,Regional Park,TRUE
Lake George,Metropolitan Regional Park System,Anoka County Parks and Recreation,Regional Park,TRUE,Summer-2020,82945,Summer,2020,82945,108591,Metropolitan Regional Park System,Anoka County Parks and Recreation,Regional Park,TRUE
Lake George,Metropolitan Regional Park System,Anoka County Parks and Recreation,Regional Park,TRUE,Summer-2021,66681,Summer,2021,66681,103604,Metropolitan Regional Park System,Anoka County Parks and Recreation,Regional Park,TRUE
Lake George,Metropolitan Regional Park System,Anoka County Parks and Recreation,Regional Park,TRUE,Winter-2018,4724,Winter,2018,4724,77710,Metropolitan Regional Park System,Anoka County Parks and Recreation,Regional Park,TRUE
Lake George,Metropolitan Regional Park System,Anoka County Parks and Recreation,Regional Park,TRUE,Winter-2019,3662,Winter,2019,3662,82526,Metropolitan Regional Park System,Anoka County Parks and Recreation,Regional Park,TRUE
Lake George,Metropolitan Regional Park System,Anoka County Parks and Recreation,Regional Park,TRUE,Winter-2020,2570,Winter,2020,2570,108591,Metropolitan Regional Park System,Anoka County Parks and Recreation,Regional Park,TRUE
Lake George,Metropolitan Regional Park System,Anoka County Parks and Recreation,Regional Park,TRUE,Winter-2021,4922,Winter,2021,4922,103604,Metropolitan Regional Park System,Anoka County Parks and Recreation,Regional Park,TRUE
Lake George,Metropolitan Regional Park System,Anoka County Parks and Recreation,Regional Park,TRUE,Winter-2022,1873,Winter,2022,1873,1873,Metropolitan Regional Park System,Anoka County Parks and Recreation,Regional Park,TRUE
Lake Louise,Department of Natural Resources State Park,DNR,State Park,TRUE,Fall-2018,3925,Fall,2018,3925,22120,Department of Natural Resources State Park,DNR,State Park,TRUE
Lake Louise,Department of Natural Resources State Park,DNR,State Park,TRUE,Fall-2019,1646,Fall,2019,1646,13486,Department of Natural Resources State Park,DNR,State Park,TRUE
Lake Louise,Department of Natural Resources State Park,DNR,State Park,TRUE,Fall-2020,2140,Fall,2020,2140,13125,Department of Natural Resources State Park,DNR,State Park,TRUE
Lake Louise,Department of Natural Resources State Park,DNR,State Park,TRUE,Fall-2021,1534,Fall,2021,1534,9490,Department of Natural Resources State Park,DNR,State Park,TRUE
Lake Louise,Department of Natural Resources State Park,DNR,State Park,TRUE,Spring-2018,2675,Spring,2018,2675,22120,Department of Natural Resources State Park,DNR,State Park,TRUE
Lake Louise,Department of Natural Resources State Park,DNR,State Park,TRUE,Spring-2019,2866,Spring,2019,2866,13486,Department of Natural Resources State Park,DNR,State Park,TRUE
Lake Louise,Department of Natural Resources State Park,DNR,State Park,TRUE,Spring-2020,3236,Spring,2020,3236,13125,Department of Natural Resources State Park,DNR,State Park,TRUE
Lake Louise,Department of Natural Resources State Park,DNR,State Park,TRUE,Spring-2021,2098,Spring,2021,2098,9490,Department of Natural Resources State Park,DNR,State Park,TRUE
Lake Louise,Department of Natural Resources State Park,DNR,State Park,TRUE,Summer-2018,11277,Summer,2018,11277,22120,Department of Natural Resources State Park,DNR,State Park,TRUE
Lake Louise,Department of Natural Resources State Park,DNR,State Park,TRUE,Summer-2019,7855,Summer,2019,7855,13486,Department of Natural Resources State Park,DNR,State Park,TRUE
Lake Louise,Department of Natural Resources State Park,DNR,State Park,TRUE,Summer-2020,7087,Summer,2020,7087,13125,Department of Natural Resources State Park,DNR,State Park,TRUE
Lake Louise,Department of Natural Resources State Park,DNR,State Park,TRUE,Summer-2021,5201,Summer,2021,5201,9490,Department of Natural Resources State Park,DNR,State Park,TRUE
Lake Louise,Department of Natural Resources State Park,DNR,State Park,TRUE,Winter-2018,4243,Winter,2018,4243,22120,Department of Natural Resources State Park,DNR,State Park,TRUE
Lake Louise,Department of Natural Resources State Park,DNR,State Park,TRUE,Winter-2019,1119,Winter,2019,1119,13486,Department of Natural Resources State Park,DNR,State Park,TRUE
Lake Louise,Department of Natural Resources State Park,DNR,State Park,TRUE,Winter-2020,662,Winter,2020,662,13125,Department of Natural Resources State Park,DNR,State Park,TRUE
Lake Louise,Department of Natural Resources State Park,DNR,State Park,TRUE,Winter-2021,657,Winter,2021,657,9490,Department of Natural Resources State Park,DNR,State Park,TRUE
Lake Louise,Department of Natural Resources State Park,DNR,State Park,TRUE,Winter-2022,223,Winter,2022,223,223,Department of Natural Resources State Park,DNR,State Park,TRUE
Lake Maria,Department of Natural Resources State Park,DNR,State Park,TRUE,Fall-2018,11377,Fall,2018,11377,29551,Department of Natural Resources State Park,DNR,State Park,TRUE
Lake Maria,Department of Natural Resources State Park,DNR,State Park,TRUE,Fall-2019,7412,Fall,2019,7412,27456,Department of Natural Resources State Park,DNR,State Park,TRUE
Lake Maria,Department of Natural Resources State Park,DNR,State Park,TRUE,Fall-2020,19716,Fall,2020,19716,66011,Department of Natural Resources State Park,DNR,State Park,TRUE
Lake Maria,Department of Natural Resources State Park,DNR,State Park,TRUE,Fall-2021,11765,Fall,2021,11765,43593,Department of Natural Resources State Park,DNR,State Park,TRUE
Lake Maria,Department of Natural Resources State Park,DNR,State Park,TRUE,Spring-2018,4967,Spring,2018,4967,29551,Department of Natural Resources State Park,DNR,State Park,TRUE
Lake Maria,Department of Natural Resources State Park,DNR,State Park,TRUE,Spring-2019,5765,Spring,2019,5765,27456,Department of Natural Resources State Park,DNR,State Park,TRUE
Lake Maria,Department of Natural Resources State Park,DNR,State Park,TRUE,Spring-2020,23403,Spring,2020,23403,66011,Department of Natural Resources State Park,DNR,State Park,TRUE
Lake Maria,Department of Natural Resources State Park,DNR,State Park,TRUE,Spring-2021,12235,Spring,2021,12235,43593,Department of Natural Resources State Park,DNR,State Park,TRUE
Lake Maria,Department of Natural Resources State Park,DNR,State Park,TRUE,Summer-2018,11178,Summer,2018,11178,29551,Department of Natural Resources State Park,DNR,State Park,TRUE
Lake Maria,Department of Natural Resources State Park,DNR,State Park,TRUE,Summer-2019,10763,Summer,2019,10763,27456,Department of Natural Resources State Park,DNR,State Park,TRUE
Lake Maria,Department of Natural Resources State Park,DNR,State Park,TRUE,Summer-2020,19488,Summer,2020,19488,66011,Department of Natural Resources State Park,DNR,State Park,TRUE
Lake Maria,Department of Natural Resources State Park,DNR,State Park,TRUE,Summer-2021,14508,Summer,2021,14508,43593,Department of Natural Resources State Park,DNR,State Park,TRUE
Lake Maria,Department of Natural Resources State Park,DNR,State Park,TRUE,Winter-2018,2029,Winter,2018,2029,29551,Department of Natural Resources State Park,DNR,State Park,TRUE
Lake Maria,Department of Natural Resources State Park,DNR,State Park,TRUE,Winter-2019,3516,Winter,2019,3516,27456,Department of Natural Resources State Park,DNR,State Park,TRUE
Lake Maria,Department of Natural Resources State Park,DNR,State Park,TRUE,Winter-2020,3404,Winter,2020,3404,66011,Department of Natural Resources State Park,DNR,State Park,TRUE
Lake Maria,Department of Natural Resources State Park,DNR,State Park,TRUE,Winter-2021,5085,Winter,2021,5085,43593,Department of Natural Resources State Park,DNR,State Park,TRUE
Lake Maria,Department of Natural Resources State Park,DNR,State Park,TRUE,Winter-2022,471,Winter,2022,471,471,Department of Natural Resources State Park,DNR,State Park,TRUE
Lake Minnetonka,Metropolitan Regional Park System,Three Rivers Park District,Regional Park,TRUE,Fall-2018,4129,Fall,2018,4129,39698,Metropolitan Regional Park System,Three Rivers Park District,Regional Park,TRUE
Lake Minnetonka,Metropolitan Regional Park System,Three Rivers Park District,Regional Park,TRUE,Fall-2019,5945,Fall,2019,5945,51209,Metropolitan Regional Park System,Three Rivers Park District,Regional Park,TRUE
Lake Minnetonka,Metropolitan Regional Park System,Three Rivers Park District,Regional Park,TRUE,Fall-2020,4136,Fall,2020,4136,55205,Metropolitan Regional Park System,Three Rivers Park District,Regional Park,TRUE
Lake Minnetonka,Metropolitan Regional Park System,Three Rivers Park District,Regional Park,TRUE,Fall-2021,4649,Fall,2021,4649,42009,Metropolitan Regional Park System,Three Rivers Park District,Regional Park,TRUE
Lake Minnetonka,Metropolitan Regional Park System,Three Rivers Park District,Regional Park,TRUE,Spring-2018,7744,Spring,2018,7744,39698,Metropolitan Regional Park System,Three Rivers Park District,Regional Park,TRUE
Lake Minnetonka,Metropolitan Regional Park System,Three Rivers Park District,Regional Park,TRUE,Spring-2019,6273,Spring,2019,6273,51209,Metropolitan Regional Park System,Three Rivers Park District,Regional Park,TRUE
Lake Minnetonka,Metropolitan Regional Park System,Three Rivers Park District,Regional Park,TRUE,Spring-2020,10067,Spring,2020,10067,55205,Metropolitan Regional Park System,Three Rivers Park District,Regional Park,TRUE
Lake Minnetonka,Metropolitan Regional Park System,Three Rivers Park District,Regional Park,TRUE,Spring-2021,5668,Spring,2021,5668,42009,Metropolitan Regional Park System,Three Rivers Park District,Regional Park,TRUE
Lake Minnetonka,Metropolitan Regional Park System,Three Rivers Park District,Regional Park,TRUE,Summer-2018,25988,Summer,2018,25988,39698,Metropolitan Regional Park System,Three Rivers Park District,Regional Park,TRUE
Lake Minnetonka,Metropolitan Regional Park System,Three Rivers Park District,Regional Park,TRUE,Summer-2019,37098,Summer,2019,37098,51209,Metropolitan Regional Park System,Three Rivers Park District,Regional Park,TRUE
Lake Minnetonka,Metropolitan Regional Park System,Three Rivers Park District,Regional Park,TRUE,Summer-2020,39063,Summer,2020,39063,55205,Metropolitan Regional Park System,Three Rivers Park District,Regional Park,TRUE
Lake Minnetonka,Metropolitan Regional Park System,Three Rivers Park District,Regional Park,TRUE,Summer-2021,29762,Summer,2021,29762,42009,Metropolitan Regional Park System,Three Rivers Park District,Regional Park,TRUE
Lake Minnetonka,Metropolitan Regional Park System,Three Rivers Park District,Regional Park,TRUE,Winter-2018,1837,Winter,2018,1837,39698,Metropolitan Regional Park System,Three Rivers Park District,Regional Park,TRUE
Lake Minnetonka,Metropolitan Regional Park System,Three Rivers Park District,Regional Park,TRUE,Winter-2019,1893,Winter,2019,1893,51209,Metropolitan Regional Park System,Three Rivers Park District,Regional Park,TRUE
Lake Minnetonka,Metropolitan Regional Park System,Three Rivers Park District,Regional Park,TRUE,Winter-2020,1939,Winter,2020,1939,55205,Metropolitan Regional Park System,Three Rivers Park District,Regional Park,TRUE
Lake Minnetonka,Metropolitan Regional Park System,Three Rivers Park District,Regional Park,TRUE,Winter-2021,1930,Winter,2021,1930,42009,Metropolitan Regional Park System,Three Rivers Park District,Regional Park,TRUE
Lake Minnetonka,Metropolitan Regional Park System,Three Rivers Park District,Regional Park,TRUE,Winter-2022,930,Winter,2022,930,930,Metropolitan Regional Park System,Three Rivers Park District,Regional Park,TRUE
Lake Minnewashta,Metropolitan Regional Park System,Carver County Parks and Recreation,Regional Park,TRUE,Fall-2018,11486,Fall,2018,11486,64477,Metropolitan Regional Park System,Carver County Parks and Recreation,Regional Park,TRUE
Lake Minnewashta,Metropolitan Regional Park System,Carver County Parks and Recreation,Regional Park,TRUE,Fall-2019,12220,Fall,2019,12220,64759,Metropolitan Regional Park System,Carver County Parks and Recreation,Regional Park,TRUE
Lake Minnewashta,Metropolitan Regional Park System,Carver County Parks and Recreation,Regional Park,TRUE,Fall-2020,25358,Fall,2020,25358,128520,Metropolitan Regional Park System,Carver County Parks and Recreation,Regional Park,TRUE
Lake Minnewashta,Metropolitan Regional Park System,Carver County Parks and Recreation,Regional Park,TRUE,Fall-2021,21291,Fall,2021,21291,120509,Metropolitan Regional Park System,Carver County Parks and Recreation,Regional Park,TRUE
Lake Minnewashta,Metropolitan Regional Park System,Carver County Parks and Recreation,Regional Park,TRUE,Spring-2018,10540,Spring,2018,10540,64477,Metropolitan Regional Park System,Carver County Parks and Recreation,Regional Park,TRUE
Lake Minnewashta,Metropolitan Regional Park System,Carver County Parks and Recreation,Regional Park,TRUE,Spring-2019,12723,Spring,2019,12723,64759,Metropolitan Regional Park System,Carver County Parks and Recreation,Regional Park,TRUE
Lake Minnewashta,Metropolitan Regional Park System,Carver County Parks and Recreation,Regional Park,TRUE,Spring-2020,29072,Spring,2020,29072,128520,Metropolitan Regional Park System,Carver County Parks and Recreation,Regional Park,TRUE
Lake Minnewashta,Metropolitan Regional Park System,Carver County Parks and Recreation,Regional Park,TRUE,Spring-2021,23549,Spring,2021,23549,120509,Metropolitan Regional Park System,Carver County Parks and Recreation,Regional Park,TRUE
Lake Minnewashta,Metropolitan Regional Park System,Carver County Parks and Recreation,Regional Park,TRUE,Summer-2018,37736,Summer,2018,37736,64477,Metropolitan Regional Park System,Carver County Parks and Recreation,Regional Park,TRUE
Lake Minnewashta,Metropolitan Regional Park System,Carver County Parks and Recreation,Regional Park,TRUE,Summer-2019,31691,Summer,2019,31691,64759,Metropolitan Regional Park System,Carver County Parks and Recreation,Regional Park,TRUE
Lake Minnewashta,Metropolitan Regional Park System,Carver County Parks and Recreation,Regional Park,TRUE,Summer-2020,57643,Summer,2020,57643,128520,Metropolitan Regional Park System,Carver County Parks and Recreation,Regional Park,TRUE
Lake Minnewashta,Metropolitan Regional Park System,Carver County Parks and Recreation,Regional Park,TRUE,Summer-2021,49869,Summer,2021,49869,120509,Metropolitan Regional Park System,Carver County Parks and Recreation,Regional Park,TRUE
Lake Minnewashta,Metropolitan Regional Park System,Carver County Parks and Recreation,Regional Park,TRUE,Winter-2018,4715,Winter,2018,4715,64477,Metropolitan Regional Park System,Carver County Parks and Recreation,Regional Park,TRUE
Lake Minnewashta,Metropolitan Regional Park System,Carver County Parks and Recreation,Regional Park,TRUE,Winter-2019,8125,Winter,2019,8125,64759,Metropolitan Regional Park System,Carver County Parks and Recreation,Regional Park,TRUE
Lake Minnewashta,Metropolitan Regional Park System,Carver County Parks and Recreation,Regional Park,TRUE,Winter-2020,16447,Winter,2020,16447,128520,Metropolitan Regional Park System,Carver County Parks and Recreation,Regional Park,TRUE
Lake Minnewashta,Metropolitan Regional Park System,Carver County Parks and Recreation,Regional Park,TRUE,Winter-2021,25800,Winter,2021,25800,120509,Metropolitan Regional Park System,Carver County Parks and Recreation,Regional Park,TRUE
Lake Minnewashta,Metropolitan Regional Park System,Carver County Parks and Recreation,Regional Park,TRUE,Winter-2022,3580,Winter,2022,3580,3580,Metropolitan Regional Park System,Carver County Parks and Recreation,Regional Park,TRUE
Lake Rebecca,Metropolitan Regional Park System,Three Rivers Park District,Regional Park,TRUE,Fall-2018,17695,Fall,2018,17695,84489,Metropolitan Regional Park System,Three Rivers Park District,Regional Park,TRUE
Lake Rebecca,Metropolitan Regional Park System,Three Rivers Park District,Regional Park,TRUE,Fall-2019,26503,Fall,2019,26503,104595,Metropolitan Regional Park System,Three Rivers Park District,Regional Park,TRUE
Lake Rebecca,Metropolitan Regional Park System,Three Rivers Park District,Regional Park,TRUE,Fall-2020,37198,Fall,2020,37198,192358,Metropolitan Regional Park System,Three Rivers Park District,Regional Park,TRUE
Lake Rebecca,Metropolitan Regional Park System,Three Rivers Park District,Regional Park,TRUE,Fall-2021,34810,Fall,2021,34810,142414,Metropolitan Regional Park System,Three Rivers Park District,Regional Park,TRUE
Lake Rebecca,Metropolitan Regional Park System,Three Rivers Park District,Regional Park,TRUE,Spring-2018,15500,Spring,2018,15500,84489,Metropolitan Regional Park System,Three Rivers Park District,Regional Park,TRUE
Lake Rebecca,Metropolitan Regional Park System,Three Rivers Park District,Regional Park,TRUE,Spring-2019,16800,Spring,2019,16800,104595,Metropolitan Regional Park System,Three Rivers Park District,Regional Park,TRUE
Lake Rebecca,Metropolitan Regional Park System,Three Rivers Park District,Regional Park,TRUE,Spring-2020,59234,Spring,2020,59234,192358,Metropolitan Regional Park System,Three Rivers Park District,Regional Park,TRUE
Lake Rebecca,Metropolitan Regional Park System,Three Rivers Park District,Regional Park,TRUE,Spring-2021,36941,Spring,2021,36941,142414,Metropolitan Regional Park System,Three Rivers Park District,Regional Park,TRUE
Lake Rebecca,Metropolitan Regional Park System,Three Rivers Park District,Regional Park,TRUE,Summer-2018,47188,Summer,2018,47188,84489,Metropolitan Regional Park System,Three Rivers Park District,Regional Park,TRUE
Lake Rebecca,Metropolitan Regional Park System,Three Rivers Park District,Regional Park,TRUE,Summer-2019,55391,Summer,2019,55391,104595,Metropolitan Regional Park System,Three Rivers Park District,Regional Park,TRUE
Lake Rebecca,Metropolitan Regional Park System,Three Rivers Park District,Regional Park,TRUE,Summer-2020,91386,Summer,2020,91386,192358,Metropolitan Regional Park System,Three Rivers Park District,Regional Park,TRUE
Lake Rebecca,Metropolitan Regional Park System,Three Rivers Park District,Regional Park,TRUE,Summer-2021,55460,Summer,2021,55460,142414,Metropolitan Regional Park System,Three Rivers Park District,Regional Park,TRUE
Lake Rebecca,Metropolitan Regional Park System,Three Rivers Park District,Regional Park,TRUE,Winter-2018,4106,Winter,2018,4106,84489,Metropolitan Regional Park System,Three Rivers Park District,Regional Park,TRUE
Lake Rebecca,Metropolitan Regional Park System,Three Rivers Park District,Regional Park,TRUE,Winter-2019,5901,Winter,2019,5901,104595,Metropolitan Regional Park System,Three Rivers Park District,Regional Park,TRUE
Lake Rebecca,Metropolitan Regional Park System,Three Rivers Park District,Regional Park,TRUE,Winter-2020,4540,Winter,2020,4540,192358,Metropolitan Regional Park System,Three Rivers Park District,Regional Park,TRUE
Lake Rebecca,Metropolitan Regional Park System,Three Rivers Park District,Regional Park,TRUE,Winter-2021,15203,Winter,2021,15203,142414,Metropolitan Regional Park System,Three Rivers Park District,Regional Park,TRUE
Lake Rebecca,Metropolitan Regional Park System,Three Rivers Park District,Regional Park,TRUE,Winter-2022,2479,Winter,2022,2479,2479,Metropolitan Regional Park System,Three Rivers Park District,Regional Park,TRUE
Lake Sarah,Metropolitan Regional Park System,Three Rivers Park District,Regional Park,TRUE,Fall-2018,3426,Fall,2018,3426,15057,Metropolitan Regional Park System,Three Rivers Park District,Regional Park,TRUE
Lake Sarah,Metropolitan Regional Park System,Three Rivers Park District,Regional Park,TRUE,Fall-2019,2710,Fall,2019,2710,10860,Metropolitan Regional Park System,Three Rivers Park District,Regional Park,TRUE
Lake Sarah,Metropolitan Regional Park System,Three Rivers Park District,Regional Park,TRUE,Fall-2020,5970,Fall,2020,5970,18021,Metropolitan Regional Park System,Three Rivers Park District,Regional Park,TRUE
Lake Sarah,Metropolitan Regional Park System,Three Rivers Park District,Regional Park,TRUE,Fall-2021,3100,Fall,2021,3100,14815,Metropolitan Regional Park System,Three Rivers Park District,Regional Park,TRUE
Lake Sarah,Metropolitan Regional Park System,Three Rivers Park District,Regional Park,TRUE,Spring-2018,3210,Spring,2018,3210,15057,Metropolitan Regional Park System,Three Rivers Park District,Regional Park,TRUE
Lake Sarah,Metropolitan Regional Park System,Three Rivers Park District,Regional Park,TRUE,Spring-2019,2560,Spring,2019,2560,10860,Metropolitan Regional Park System,Three Rivers Park District,Regional Park,TRUE
Lake Sarah,Metropolitan Regional Park System,Three Rivers Park District,Regional Park,TRUE,Spring-2020,3869,Spring,2020,3869,18021,Metropolitan Regional Park System,Three Rivers Park District,Regional Park,TRUE
Lake Sarah,Metropolitan Regional Park System,Three Rivers Park District,Regional Park,TRUE,Spring-2021,3434,Spring,2021,3434,14815,Metropolitan Regional Park System,Three Rivers Park District,Regional Park,TRUE
Lake Sarah,Metropolitan Regional Park System,Three Rivers Park District,Regional Park,TRUE,Summer-2018,5348,Summer,2018,5348,15057,Metropolitan Regional Park System,Three Rivers Park District,Regional Park,TRUE
Lake Sarah,Metropolitan Regional Park System,Three Rivers Park District,Regional Park,TRUE,Summer-2019,3071,Summer,2019,3071,10860,Metropolitan Regional Park System,Three Rivers Park District,Regional Park,TRUE
Lake Sarah,Metropolitan Regional Park System,Three Rivers Park District,Regional Park,TRUE,Summer-2020,4635,Summer,2020,4635,18021,Metropolitan Regional Park System,Three Rivers Park District,Regional Park,TRUE
Lake Sarah,Metropolitan Regional Park System,Three Rivers Park District,Regional Park,TRUE,Summer-2021,3024,Summer,2021,3024,14815,Metropolitan Regional Park System,Three Rivers Park District,Regional Park,TRUE
Lake Sarah,Metropolitan Regional Park System,Three Rivers Park District,Regional Park,TRUE,Winter-2018,3073,Winter,2018,3073,15057,Metropolitan Regional Park System,Three Rivers Park District,Regional Park,TRUE
Lake Sarah,Metropolitan Regional Park System,Three Rivers Park District,Regional Park,TRUE,Winter-2019,2519,Winter,2019,2519,10860,Metropolitan Regional Park System,Three Rivers Park District,Regional Park,TRUE
Lake Sarah,Metropolitan Regional Park System,Three Rivers Park District,Regional Park,TRUE,Winter-2020,3547,Winter,2020,3547,18021,Metropolitan Regional Park System,Three Rivers Park District,Regional Park,TRUE
Lake Sarah,Metropolitan Regional Park System,Three Rivers Park District,Regional Park,TRUE,Winter-2021,5257,Winter,2021,5257,14815,Metropolitan Regional Park System,Three Rivers Park District,Regional Park,TRUE
Lake Sarah,Metropolitan Regional Park System,Three Rivers Park District,Regional Park,TRUE,Winter-2022,617,Winter,2022,617,617,Metropolitan Regional Park System,Three Rivers Park District,Regional Park,TRUE
Lake Shetek,Department of Natural Resources State Park,DNR,State Park,TRUE,Fall-2018,4632,Fall,2018,4632,48396,Department of Natural Resources State Park,DNR,State Park,TRUE
Lake Shetek,Department of Natural Resources State Park,DNR,State Park,TRUE,Fall-2019,8063,Fall,2019,8063,52328,Department of Natural Resources State Park,DNR,State Park,TRUE
Lake Shetek,Department of Natural Resources State Park,DNR,State Park,TRUE,Fall-2020,10128,Fall,2020,10128,69074,Department of Natural Resources State Park,DNR,State Park,TRUE
Lake Shetek,Department of Natural Resources State Park,DNR,State Park,TRUE,Fall-2021,5828,Fall,2021,5828,54033,Department of Natural Resources State Park,DNR,State Park,TRUE
Lake Shetek,Department of Natural Resources State Park,DNR,State Park,TRUE,Spring-2018,7890,Spring,2018,7890,48396,Department of Natural Resources State Park,DNR,State Park,TRUE
Lake Shetek,Department of Natural Resources State Park,DNR,State Park,TRUE,Spring-2019,4053,Spring,2019,4053,52328,Department of Natural Resources State Park,DNR,State Park,TRUE
Lake Shetek,Department of Natural Resources State Park,DNR,State Park,TRUE,Spring-2020,6505,Spring,2020,6505,69074,Department of Natural Resources State Park,DNR,State Park,TRUE
Lake Shetek,Department of Natural Resources State Park,DNR,State Park,TRUE,Spring-2021,7247,Spring,2021,7247,54033,Department of Natural Resources State Park,DNR,State Park,TRUE
Lake Shetek,Department of Natural Resources State Park,DNR,State Park,TRUE,Summer-2018,33564,Summer,2018,33564,48396,Department of Natural Resources State Park,DNR,State Park,TRUE
Lake Shetek,Department of Natural Resources State Park,DNR,State Park,TRUE,Summer-2019,36982,Summer,2019,36982,52328,Department of Natural Resources State Park,DNR,State Park,TRUE
Lake Shetek,Department of Natural Resources State Park,DNR,State Park,TRUE,Summer-2020,50366,Summer,2020,50366,69074,Department of Natural Resources State Park,DNR,State Park,TRUE
Lake Shetek,Department of Natural Resources State Park,DNR,State Park,TRUE,Summer-2021,38809,Summer,2021,38809,54033,Department of Natural Resources State Park,DNR,State Park,TRUE
Lake Shetek,Department of Natural Resources State Park,DNR,State Park,TRUE,Winter-2018,2310,Winter,2018,2310,48396,Department of Natural Resources State Park,DNR,State Park,TRUE
Lake Shetek,Department of Natural Resources State Park,DNR,State Park,TRUE,Winter-2019,3230,Winter,2019,3230,52328,Department of Natural Resources State Park,DNR,State Park,TRUE
Lake Shetek,Department of Natural Resources State Park,DNR,State Park,TRUE,Winter-2020,2075,Winter,2020,2075,69074,Department of Natural Resources State Park,DNR,State Park,TRUE
Lake Shetek,Department of Natural Resources State Park,DNR,State Park,TRUE,Winter-2021,2149,Winter,2021,2149,54033,Department of Natural Resources State Park,DNR,State Park,TRUE
Lake Shetek,Department of Natural Resources State Park,DNR,State Park,TRUE,Winter-2022,325,Winter,2022,325,325,Department of Natural Resources State Park,DNR,State Park,TRUE
Lake Vermilion-Soudan Underground Mine,Department of Natural Resources State Park,DNR,State Park,TRUE,Fall-2018,41289,Fall,2018,41289,161624,Department of Natural Resources State Park,DNR,State Park,TRUE
Lake Vermilion-Soudan Underground Mine,Department of Natural Resources State Park,DNR,State Park,TRUE,Fall-2019,19503,Fall,2019,19503,122267,Department of Natural Resources State Park,DNR,State Park,TRUE
Lake Vermilion-Soudan Underground Mine,Department of Natural Resources State Park,DNR,State Park,TRUE,Fall-2020,21186,Fall,2020,21186,96195,Department of Natural Resources State Park,DNR,State Park,TRUE
Lake Vermilion-Soudan Underground Mine,Department of Natural Resources State Park,DNR,State Park,TRUE,Fall-2021,14789,Fall,2021,14789,89749,Department of Natural Resources State Park,DNR,State Park,TRUE
Lake Vermilion-Soudan Underground Mine,Department of Natural Resources State Park,DNR,State Park,TRUE,Spring-2018,11050,Spring,2018,11050,161624,Department of Natural Resources State Park,DNR,State Park,TRUE
Lake Vermilion-Soudan Underground Mine,Department of Natural Resources State Park,DNR,State Park,TRUE,Spring-2019,15136,Spring,2019,15136,122267,Department of Natural Resources State Park,DNR,State Park,TRUE
Lake Vermilion-Soudan Underground Mine,Department of Natural Resources State Park,DNR,State Park,TRUE,Spring-2020,5280,Spring,2020,5280,96195,Department of Natural Resources State Park,DNR,State Park,TRUE
Lake Vermilion-Soudan Underground Mine,Department of Natural Resources State Park,DNR,State Park,TRUE,Spring-2021,12071,Spring,2021,12071,89749,Department of Natural Resources State Park,DNR,State Park,TRUE
Lake Vermilion-Soudan Underground Mine,Department of Natural Resources State Park,DNR,State Park,TRUE,Summer-2018,105092,Summer,2018,105092,161624,Department of Natural Resources State Park,DNR,State Park,TRUE
Lake Vermilion-Soudan Underground Mine,Department of Natural Resources State Park,DNR,State Park,TRUE,Summer-2019,77834,Summer,2019,77834,122267,Department of Natural Resources State Park,DNR,State Park,TRUE
Lake Vermilion-Soudan Underground Mine,Department of Natural Resources State Park,DNR,State Park,TRUE,Summer-2020,68237,Summer,2020,68237,96195,Department of Natural Resources State Park,DNR,State Park,TRUE
Lake Vermilion-Soudan Underground Mine,Department of Natural Resources State Park,DNR,State Park,TRUE,Summer-2021,57287,Summer,2021,57287,89749,Department of Natural Resources State Park,DNR,State Park,TRUE
Lake Vermilion-Soudan Underground Mine,Department of Natural Resources State Park,DNR,State Park,TRUE,Winter-2018,4193,Winter,2018,4193,161624,Department of Natural Resources State Park,DNR,State Park,TRUE
Lake Vermilion-Soudan Underground Mine,Department of Natural Resources State Park,DNR,State Park,TRUE,Winter-2019,9794,Winter,2019,9794,122267,Department of Natural Resources State Park,DNR,State Park,TRUE
Lake Vermilion-Soudan Underground Mine,Department of Natural Resources State Park,DNR,State Park,TRUE,Winter-2020,1492,Winter,2020,1492,96195,Department of Natural Resources State Park,DNR,State Park,TRUE
Lake Vermilion-Soudan Underground Mine,Department of Natural Resources State Park,DNR,State Park,TRUE,Winter-2021,5602,Winter,2021,5602,89749,Department of Natural Resources State Park,DNR,State Park,TRUE
Lake Vermilion-Soudan Underground Mine,Department of Natural Resources State Park,DNR,State Park,TRUE,Winter-2022,471,Winter,2022,471,471,Department of Natural Resources State Park,DNR,State Park,TRUE
Lake Waconia,Metropolitan Regional Park System,Carver County Parks and Recreation,Regional Park,TRUE,Fall-2018,2217,Fall,2018,2217,30266,Metropolitan Regional Park System,Carver County Parks and Recreation,Regional Park,TRUE
Lake Waconia,Metropolitan Regional Park System,Carver County Parks and Recreation,Regional Park,TRUE,Fall-2019,3591,Fall,2019,3591,36391,Metropolitan Regional Park System,Carver County Parks and Recreation,Regional Park,TRUE
Lake Waconia,Metropolitan Regional Park System,Carver County Parks and Recreation,Regional Park,TRUE,Fall-2020,4397,Fall,2020,4397,23663,Metropolitan Regional Park System,Carver County Parks and Recreation,Regional Park,TRUE
Lake Waconia,Metropolitan Regional Park System,Carver County Parks and Recreation,Regional Park,TRUE,Fall-2021,6920,Fall,2021,6920,100090,Metropolitan Regional Park System,Carver County Parks and Recreation,Regional Park,TRUE
Lake Waconia,Metropolitan Regional Park System,Carver County Parks and Recreation,Regional Park,TRUE,Spring-2018,3526,Spring,2018,3526,30266,Metropolitan Regional Park System,Carver County Parks and Recreation,Regional Park,TRUE
Lake Waconia,Metropolitan Regional Park System,Carver County Parks and Recreation,Regional Park,TRUE,Spring-2019,3919,Spring,2019,3919,36391,Metropolitan Regional Park System,Carver County Parks and Recreation,Regional Park,TRUE
Lake Waconia,Metropolitan Regional Park System,Carver County Parks and Recreation,Regional Park,TRUE,Spring-2020,3905,Spring,2020,3905,23663,Metropolitan Regional Park System,Carver County Parks and Recreation,Regional Park,TRUE
Lake Waconia,Metropolitan Regional Park System,Carver County Parks and Recreation,Regional Park,TRUE,Spring-2021,40987,Spring,2021,40987,100090,Metropolitan Regional Park System,Carver County Parks and Recreation,Regional Park,TRUE
Lake Waconia,Metropolitan Regional Park System,Carver County Parks and Recreation,Regional Park,TRUE,Summer-2018,16396,Summer,2018,16396,30266,Metropolitan Regional Park System,Carver County Parks and Recreation,Regional Park,TRUE
Lake Waconia,Metropolitan Regional Park System,Carver County Parks and Recreation,Regional Park,TRUE,Summer-2019,23525,Summer,2019,23525,36391,Metropolitan Regional Park System,Carver County Parks and Recreation,Regional Park,TRUE
Lake Waconia,Metropolitan Regional Park System,Carver County Parks and Recreation,Regional Park,TRUE,Summer-2020,14435,Summer,2020,14435,23663,Metropolitan Regional Park System,Carver County Parks and Recreation,Regional Park,TRUE
Lake Waconia,Metropolitan Regional Park System,Carver County Parks and Recreation,Regional Park,TRUE,Summer-2021,44107,Summer,2021,44107,100090,Metropolitan Regional Park System,Carver County Parks and Recreation,Regional Park,TRUE
Lake Waconia,Metropolitan Regional Park System,Carver County Parks and Recreation,Regional Park,TRUE,Winter-2018,8127,Winter,2018,8127,30266,Metropolitan Regional Park System,Carver County Parks and Recreation,Regional Park,TRUE
Lake Waconia,Metropolitan Regional Park System,Carver County Parks and Recreation,Regional Park,TRUE,Winter-2019,5356,Winter,2019,5356,36391,Metropolitan Regional Park System,Carver County Parks and Recreation,Regional Park,TRUE
Lake Waconia,Metropolitan Regional Park System,Carver County Parks and Recreation,Regional Park,TRUE,Winter-2020,926,Winter,2020,926,23663,Metropolitan Regional Park System,Carver County Parks and Recreation,Regional Park,TRUE
Lake Waconia,Metropolitan Regional Park System,Carver County Parks and Recreation,Regional Park,TRUE,Winter-2021,8076,Winter,2021,8076,100090,Metropolitan Regional Park System,Carver County Parks and Recreation,Regional Park,TRUE
Lake Waconia,Metropolitan Regional Park System,Carver County Parks and Recreation,Regional Park,TRUE,Winter-2022,2047,Winter,2022,2047,2047,Metropolitan Regional Park System,Carver County Parks and Recreation,Regional Park,TRUE
Lake Washington Park & Campground,Greater Minnesota Regional Parks & Trails,Greater MN,Regional Park,TRUE,Fall-2018,2177,Fall,2018,2177,13394,Greater Minnesota Regional Parks & Trails,Greater MN,Regional Park,TRUE
Lake Washington Park & Campground,Greater Minnesota Regional Parks & Trails,Greater MN,Regional Park,TRUE,Fall-2019,1480,Fall,2019,1480,9689,Greater Minnesota Regional Parks & Trails,Greater MN,Regional Park,TRUE
Lake Washington Park & Campground,Greater Minnesota Regional Parks & Trails,Greater MN,Regional Park,TRUE,Fall-2020,1905,Fall,2020,1905,11254,Greater Minnesota Regional Parks & Trails,Greater MN,Regional Park,TRUE
Lake Washington Park & Campground,Greater Minnesota Regional Parks & Trails,Greater MN,Regional Park,TRUE,Fall-2021,2480,Fall,2021,2480,10115,Greater Minnesota Regional Parks & Trails,Greater MN,Regional Park,TRUE
Lake Washington Park & Campground,Greater Minnesota Regional Parks & Trails,Greater MN,Regional Park,TRUE,Spring-2018,2916,Spring,2018,2916,13394,Greater Minnesota Regional Parks & Trails,Greater MN,Regional Park,TRUE
Lake Washington Park & Campground,Greater Minnesota Regional Parks & Trails,Greater MN,Regional Park,TRUE,Spring-2019,2312,Spring,2019,2312,9689,Greater Minnesota Regional Parks & Trails,Greater MN,Regional Park,TRUE
Lake Washington Park & Campground,Greater Minnesota Regional Parks & Trails,Greater MN,Regional Park,TRUE,Spring-2020,2130,Spring,2020,2130,11254,Greater Minnesota Regional Parks & Trails,Greater MN,Regional Park,TRUE
Lake Washington Park & Campground,Greater Minnesota Regional Parks & Trails,Greater MN,Regional Park,TRUE,Spring-2021,2137,Spring,2021,2137,10115,Greater Minnesota Regional Parks & Trails,Greater MN,Regional Park,TRUE
Lake Washington Park & Campground,Greater Minnesota Regional Parks & Trails,Greater MN,Regional Park,TRUE,Summer-2018,7094,Summer,2018,7094,13394,Greater Minnesota Regional Parks & Trails,Greater MN,Regional Park,TRUE
Lake Washington Park & Campground,Greater Minnesota Regional Parks & Trails,Greater MN,Regional Park,TRUE,Summer-2019,5454,Summer,2019,5454,9689,Greater Minnesota Regional Parks & Trails,Greater MN,Regional Park,TRUE
Lake Washington Park & Campground,Greater Minnesota Regional Parks & Trails,Greater MN,Regional Park,TRUE,Summer-2020,6743,Summer,2020,6743,11254,Greater Minnesota Regional Parks & Trails,Greater MN,Regional Park,TRUE
Lake Washington Park & Campground,Greater Minnesota Regional Parks & Trails,Greater MN,Regional Park,TRUE,Summer-2021,4801,Summer,2021,4801,10115,Greater Minnesota Regional Parks & Trails,Greater MN,Regional Park,TRUE
Lake Washington Park & Campground,Greater Minnesota Regional Parks & Trails,Greater MN,Regional Park,TRUE,Winter-2018,1207,Winter,2018,1207,13394,Greater Minnesota Regional Parks & Trails,Greater MN,Regional Park,TRUE
Lake Washington Park & Campground,Greater Minnesota Regional Parks & Trails,Greater MN,Regional Park,TRUE,Winter-2019,443,Winter,2019,443,9689,Greater Minnesota Regional Parks & Trails,Greater MN,Regional Park,TRUE
Lake Washington Park & Campground,Greater Minnesota Regional Parks & Trails,Greater MN,Regional Park,TRUE,Winter-2020,476,Winter,2020,476,11254,Greater Minnesota Regional Parks & Trails,Greater MN,Regional Park,TRUE
Lake Washington Park & Campground,Greater Minnesota Regional Parks & Trails,Greater MN,Regional Park,TRUE,Winter-2021,697,Winter,2021,697,10115,Greater Minnesota Regional Parks & Trails,Greater MN,Regional Park,TRUE
Lake Washington Park & Campground,Greater Minnesota Regional Parks & Trails,Greater MN,Regional Park,TRUE,Winter-2022,103,Winter,2022,103,103,Greater Minnesota Regional Parks & Trails,Greater MN,Regional Park,TRUE
Lebanon Hills,Metropolitan Regional Park System,Dakota County Parks,Regional Park,TRUE,Fall-2018,79088,Fall,2018,79088,368733,Metropolitan Regional Park System,Dakota County Parks,Regional Park,TRUE
Lebanon Hills,Metropolitan Regional Park System,Dakota County Parks,Regional Park,TRUE,Fall-2019,85954,Fall,2019,85954,391198,Metropolitan Regional Park System,Dakota County Parks,Regional Park,TRUE
Lebanon Hills,Metropolitan Regional Park System,Dakota County Parks,Regional Park,TRUE,Fall-2020,138050,Fall,2020,138050,615237,Metropolitan Regional Park System,Dakota County Parks,Regional Park,TRUE
Lebanon Hills,Metropolitan Regional Park System,Dakota County Parks,Regional Park,TRUE,Fall-2021,86436,Fall,2021,86436,480478,Metropolitan Regional Park System,Dakota County Parks,Regional Park,TRUE
Lebanon Hills,Metropolitan Regional Park System,Dakota County Parks,Regional Park,TRUE,Spring-2018,69512,Spring,2018,69512,368733,Metropolitan Regional Park System,Dakota County Parks,Regional Park,TRUE
Lebanon Hills,Metropolitan Regional Park System,Dakota County Parks,Regional Park,TRUE,Spring-2019,71225,Spring,2019,71225,391198,Metropolitan Regional Park System,Dakota County Parks,Regional Park,TRUE
Lebanon Hills,Metropolitan Regional Park System,Dakota County Parks,Regional Park,TRUE,Spring-2020,159846,Spring,2020,159846,615237,Metropolitan Regional Park System,Dakota County Parks,Regional Park,TRUE
Lebanon Hills,Metropolitan Regional Park System,Dakota County Parks,Regional Park,TRUE,Spring-2021,114901,Spring,2021,114901,480478,Metropolitan Regional Park System,Dakota County Parks,Regional Park,TRUE
Lebanon Hills,Metropolitan Regional Park System,Dakota County Parks,Regional Park,TRUE,Summer-2018,189676,Summer,2018,189676,368733,Metropolitan Regional Park System,Dakota County Parks,Regional Park,TRUE
Lebanon Hills,Metropolitan Regional Park System,Dakota County Parks,Regional Park,TRUE,Summer-2019,199746,Summer,2019,199746,391198,Metropolitan Regional Park System,Dakota County Parks,Regional Park,TRUE
Lebanon Hills,Metropolitan Regional Park System,Dakota County Parks,Regional Park,TRUE,Summer-2020,275232,Summer,2020,275232,615237,Metropolitan Regional Park System,Dakota County Parks,Regional Park,TRUE
Lebanon Hills,Metropolitan Regional Park System,Dakota County Parks,Regional Park,TRUE,Summer-2021,181738,Summer,2021,181738,480478,Metropolitan Regional Park System,Dakota County Parks,Regional Park,TRUE
Lebanon Hills,Metropolitan Regional Park System,Dakota County Parks,Regional Park,TRUE,Winter-2018,30457,Winter,2018,30457,368733,Metropolitan Regional Park System,Dakota County Parks,Regional Park,TRUE
Lebanon Hills,Metropolitan Regional Park System,Dakota County Parks,Regional Park,TRUE,Winter-2019,34273,Winter,2019,34273,391198,Metropolitan Regional Park System,Dakota County Parks,Regional Park,TRUE
Lebanon Hills,Metropolitan Regional Park System,Dakota County Parks,Regional Park,TRUE,Winter-2020,42109,Winter,2020,42109,615237,Metropolitan Regional Park System,Dakota County Parks,Regional Park,TRUE
Lebanon Hills,Metropolitan Regional Park System,Dakota County Parks,Regional Park,TRUE,Winter-2021,97403,Winter,2021,97403,480478,Metropolitan Regional Park System,Dakota County Parks,Regional Park,TRUE
Lebanon Hills,Metropolitan Regional Park System,Dakota County Parks,Regional Park,TRUE,Winter-2022,6650,Winter,2022,6650,6650,Metropolitan Regional Park System,Dakota County Parks,Regional Park,TRUE
Lilydale-Harriet Island (Dakota County Parks),Metropolitan Regional Park System,Dakota County Parks,Regional Park,TRUE,Fall-2018,6026,Fall,2018,6026,23628,Metropolitan Regional Park System,Dakota County Parks,Regional Park,TRUE
Lilydale-Harriet Island (Dakota County Parks),Metropolitan Regional Park System,Dakota County Parks,Regional Park,TRUE,Fall-2019,2496,Fall,2019,2496,11533,Metropolitan Regional Park System,Dakota County Parks,Regional Park,TRUE
Lilydale-Harriet Island (Dakota County Parks),Metropolitan Regional Park System,Dakota County Parks,Regional Park,TRUE,Fall-2020,7313,Fall,2020,7313,25103,Metropolitan Regional Park System,Dakota County Parks,Regional Park,TRUE
Lilydale-Harriet Island (Dakota County Parks),Metropolitan Regional Park System,Dakota County Parks,Regional Park,TRUE,Fall-2021,6413,Fall,2021,6413,35235,Metropolitan Regional Park System,Dakota County Parks,Regional Park,TRUE
Lilydale-Harriet Island (Dakota County Parks),Metropolitan Regional Park System,Dakota County Parks,Regional Park,TRUE,Spring-2018,4485,Spring,2018,4485,23628,Metropolitan Regional Park System,Dakota County Parks,Regional Park,TRUE
Lilydale-Harriet Island (Dakota County Parks),Metropolitan Regional Park System,Dakota County Parks,Regional Park,TRUE,Spring-2019,1623,Spring,2019,1623,11533,Metropolitan Regional Park System,Dakota County Parks,Regional Park,TRUE
Lilydale-Harriet Island (Dakota County Parks),Metropolitan Regional Park System,Dakota County Parks,Regional Park,TRUE,Spring-2020,5250,Spring,2020,5250,25103,Metropolitan Regional Park System,Dakota County Parks,Regional Park,TRUE
Lilydale-Harriet Island (Dakota County Parks),Metropolitan Regional Park System,Dakota County Parks,Regional Park,TRUE,Spring-2021,9615,Spring,2021,9615,35235,Metropolitan Regional Park System,Dakota County Parks,Regional Park,TRUE
Lilydale-Harriet Island (Dakota County Parks),Metropolitan Regional Park System,Dakota County Parks,Regional Park,TRUE,Summer-2018,7995,Summer,2018,7995,23628,Metropolitan Regional Park System,Dakota County Parks,Regional Park,TRUE
Lilydale-Harriet Island (Dakota County Parks),Metropolitan Regional Park System,Dakota County Parks,Regional Park,TRUE,Summer-2019,4298,Summer,2019,4298,11533,Metropolitan Regional Park System,Dakota County Parks,Regional Park,TRUE
Lilydale-Harriet Island (Dakota County Parks),Metropolitan Regional Park System,Dakota County Parks,Regional Park,TRUE,Summer-2020,9799,Summer,2020,9799,25103,Metropolitan Regional Park System,Dakota County Parks,Regional Park,TRUE
Lilydale-Harriet Island (Dakota County Parks),Metropolitan Regional Park System,Dakota County Parks,Regional Park,TRUE,Summer-2021,14528,Summer,2021,14528,35235,Metropolitan Regional Park System,Dakota County Parks,Regional Park,TRUE
Lilydale-Harriet Island (Dakota County Parks),Metropolitan Regional Park System,Dakota County Parks,Regional Park,TRUE,Winter-2018,5122,Winter,2018,5122,23628,Metropolitan Regional Park System,Dakota County Parks,Regional Park,TRUE
Lilydale-Harriet Island (Dakota County Parks),Metropolitan Regional Park System,Dakota County Parks,Regional Park,TRUE,Winter-2019,3116,Winter,2019,3116,11533,Metropolitan Regional Park System,Dakota County Parks,Regional Park,TRUE
Lilydale-Harriet Island (Dakota County Parks),Metropolitan Regional Park System,Dakota County Parks,Regional Park,TRUE,Winter-2020,2741,Winter,2020,2741,25103,Metropolitan Regional Park System,Dakota County Parks,Regional Park,TRUE
Lilydale-Harriet Island (Dakota County Parks),Metropolitan Regional Park System,Dakota County Parks,Regional Park,TRUE,Winter-2021,4679,Winter,2021,4679,35235,Metropolitan Regional Park System,Dakota County Parks,Regional Park,TRUE
Lilydale-Harriet Island (Dakota County Parks),Metropolitan Regional Park System,Dakota County Parks,Regional Park,TRUE,Winter-2022,1406,Winter,2022,1406,1406,Metropolitan Regional Park System,Dakota County Parks,Regional Park,TRUE
Lilydale-Harriet Island (St. Paul Parks and Recreation),Metropolitan Regional Park System,St. Paul Parks and Recreation,Regional Park,TRUE,Fall-2018,75937,Fall,2018,75937,325487,Metropolitan Regional Park System,St. Paul Parks and Recreation,Regional Park,TRUE
Lilydale-Harriet Island (St. Paul Parks and Recreation),Metropolitan Regional Park System,St. Paul Parks and Recreation,Regional Park,TRUE,Fall-2019,74604,Fall,2019,74604,281093,Metropolitan Regional Park System,St. Paul Parks and Recreation,Regional Park,TRUE
Lilydale-Harriet Island (St. Paul Parks and Recreation),Metropolitan Regional Park System,St. Paul Parks and Recreation,Regional Park,TRUE,Fall-2020,52809,Fall,2020,52809,234817,Metropolitan Regional Park System,St. Paul Parks and Recreation,Regional Park,TRUE
Lilydale-Harriet Island (St. Paul Parks and Recreation),Metropolitan Regional Park System,St. Paul Parks and Recreation,Regional Park,TRUE,Fall-2021,64637,Fall,2021,64637,294252,Metropolitan Regional Park System,St. Paul Parks and Recreation,Regional Park,TRUE
Lilydale-Harriet Island (St. Paul Parks and Recreation),Metropolitan Regional Park System,St. Paul Parks and Recreation,Regional Park,TRUE,Spring-2018,54113,Spring,2018,54113,325487,Metropolitan Regional Park System,St. Paul Parks and Recreation,Regional Park,TRUE
Lilydale-Harriet Island (St. Paul Parks and Recreation),Metropolitan Regional Park System,St. Paul Parks and Recreation,Regional Park,TRUE,Spring-2019,43539,Spring,2019,43539,281093,Metropolitan Regional Park System,St. Paul Parks and Recreation,Regional Park,TRUE
Lilydale-Harriet Island (St. Paul Parks and Recreation),Metropolitan Regional Park System,St. Paul Parks and Recreation,Regional Park,TRUE,Spring-2020,50166,Spring,2020,50166,234817,Metropolitan Regional Park System,St. Paul Parks and Recreation,Regional Park,TRUE
Lilydale-Harriet Island (St. Paul Parks and Recreation),Metropolitan Regional Park System,St. Paul Parks and Recreation,Regional Park,TRUE,Spring-2021,73514,Spring,2021,73514,294252,Metropolitan Regional Park System,St. Paul Parks and Recreation,Regional Park,TRUE
Lilydale-Harriet Island (St. Paul Parks and Recreation),Metropolitan Regional Park System,St. Paul Parks and Recreation,Regional Park,TRUE,Summer-2018,170712,Summer,2018,170712,325487,Metropolitan Regional Park System,St. Paul Parks and Recreation,Regional Park,TRUE
Lilydale-Harriet Island (St. Paul Parks and Recreation),Metropolitan Regional Park System,St. Paul Parks and Recreation,Regional Park,TRUE,Summer-2019,143129,Summer,2019,143129,281093,Metropolitan Regional Park System,St. Paul Parks and Recreation,Regional Park,TRUE
Lilydale-Harriet Island (St. Paul Parks and Recreation),Metropolitan Regional Park System,St. Paul Parks and Recreation,Regional Park,TRUE,Summer-2020,113850,Summer,2020,113850,234817,Metropolitan Regional Park System,St. Paul Parks and Recreation,Regional Park,TRUE
Lilydale-Harriet Island (St. Paul Parks and Recreation),Metropolitan Regional Park System,St. Paul Parks and Recreation,Regional Park,TRUE,Summer-2021,137337,Summer,2021,137337,294252,Metropolitan Regional Park System,St. Paul Parks and Recreation,Regional Park,TRUE
Lilydale-Harriet Island (St. Paul Parks and Recreation),Metropolitan Regional Park System,St. Paul Parks and Recreation,Regional Park,TRUE,Winter-2018,24725,Winter,2018,24725,325487,Metropolitan Regional Park System,St. Paul Parks and Recreation,Regional Park,TRUE
Lilydale-Harriet Island (St. Paul Parks and Recreation),Metropolitan Regional Park System,St. Paul Parks and Recreation,Regional Park,TRUE,Winter-2019,19821,Winter,2019,19821,281093,Metropolitan Regional Park System,St. Paul Parks and Recreation,Regional Park,TRUE
Lilydale-Harriet Island (St. Paul Parks and Recreation),Metropolitan Regional Park System,St. Paul Parks and Recreation,Regional Park,TRUE,Winter-2020,17992,Winter,2020,17992,234817,Metropolitan Regional Park System,St. Paul Parks and Recreation,Regional Park,TRUE
Lilydale-Harriet Island (St. Paul Parks and Recreation),Metropolitan Regional Park System,St. Paul Parks and Recreation,Regional Park,TRUE,Winter-2021,18764,Winter,2021,18764,294252,Metropolitan Regional Park System,St. Paul Parks and Recreation,Regional Park,TRUE
Lilydale-Harriet Island (St. Paul Parks and Recreation),Metropolitan Regional Park System,St. Paul Parks and Recreation,Regional Park,TRUE,Winter-2022,6238,Winter,2022,6238,6238,Metropolitan Regional Park System,St. Paul Parks and Recreation,Regional Park,TRUE
Long Lake,Metropolitan Regional Park System,Ramsey County Parks and Recreation,Regional Park,TRUE,Fall-2018,21486,Fall,2018,21486,131989,Metropolitan Regional Park System,Ramsey County Parks and Recreation,Regional Park,TRUE
Long Lake,Metropolitan Regional Park System,Ramsey County Parks and Recreation,Regional Park,TRUE,Fall-2019,20631,Fall,2019,20631,147535,Metropolitan Regional Park System,Ramsey County Parks and Recreation,Regional Park,TRUE
Long Lake,Metropolitan Regional Park System,Ramsey County Parks and Recreation,Regional Park,TRUE,Fall-2020,23796,Fall,2020,23796,220159,Metropolitan Regional Park System,Ramsey County Parks and Recreation,Regional Park,TRUE
Long Lake,Metropolitan Regional Park System,Ramsey County Parks and Recreation,Regional Park,TRUE,Fall-2021,21833,Fall,2021,21833,184600,Metropolitan Regional Park System,Ramsey County Parks and Recreation,Regional Park,TRUE
Long Lake,Metropolitan Regional Park System,Ramsey County Parks and Recreation,Regional Park,TRUE,Spring-2018,23751,Spring,2018,23751,131989,Metropolitan Regional Park System,Ramsey County Parks and Recreation,Regional Park,TRUE
Long Lake,Metropolitan Regional Park System,Ramsey County Parks and Recreation,Regional Park,TRUE,Spring-2019,33290,Spring,2019,33290,147535,Metropolitan Regional Park System,Ramsey County Parks and Recreation,Regional Park,TRUE
Long Lake,Metropolitan Regional Park System,Ramsey County Parks and Recreation,Regional Park,TRUE,Spring-2020,32296,Spring,2020,32296,220159,Metropolitan Regional Park System,Ramsey County Parks and Recreation,Regional Park,TRUE
Long Lake,Metropolitan Regional Park System,Ramsey County Parks and Recreation,Regional Park,TRUE,Spring-2021,40955,Spring,2021,40955,184600,Metropolitan Regional Park System,Ramsey County Parks and Recreation,Regional Park,TRUE
Long Lake,Metropolitan Regional Park System,Ramsey County Parks and Recreation,Regional Park,TRUE,Summer-2018,78559,Summer,2018,78559,131989,Metropolitan Regional Park System,Ramsey County Parks and Recreation,Regional Park,TRUE
Long Lake,Metropolitan Regional Park System,Ramsey County Parks and Recreation,Regional Park,TRUE,Summer-2019,80796,Summer,2019,80796,147535,Metropolitan Regional Park System,Ramsey County Parks and Recreation,Regional Park,TRUE
Long Lake,Metropolitan Regional Park System,Ramsey County Parks and Recreation,Regional Park,TRUE,Summer-2020,105038,Summer,2020,105038,220159,Metropolitan Regional Park System,Ramsey County Parks and Recreation,Regional Park,TRUE
Long Lake,Metropolitan Regional Park System,Ramsey County Parks and Recreation,Regional Park,TRUE,Summer-2021,106250,Summer,2021,106250,184600,Metropolitan Regional Park System,Ramsey County Parks and Recreation,Regional Park,TRUE
Long Lake,Metropolitan Regional Park System,Ramsey County Parks and Recreation,Regional Park,TRUE,Winter-2018,8193,Winter,2018,8193,131989,Metropolitan Regional Park System,Ramsey County Parks and Recreation,Regional Park,TRUE
Long Lake,Metropolitan Regional Park System,Ramsey County Parks and Recreation,Regional Park,TRUE,Winter-2019,12818,Winter,2019,12818,147535,Metropolitan Regional Park System,Ramsey County Parks and Recreation,Regional Park,TRUE
Long Lake,Metropolitan Regional Park System,Ramsey County Parks and Recreation,Regional Park,TRUE,Winter-2020,59029,Winter,2020,59029,220159,Metropolitan Regional Park System,Ramsey County Parks and Recreation,Regional Park,TRUE
Long Lake,Metropolitan Regional Park System,Ramsey County Parks and Recreation,Regional Park,TRUE,Winter-2021,15562,Winter,2021,15562,184600,Metropolitan Regional Park System,Ramsey County Parks and Recreation,Regional Park,TRUE
Long Lake,Metropolitan Regional Park System,Ramsey County Parks and Recreation,Regional Park,TRUE,Winter-2022,2156,Winter,2022,2156,2156,Metropolitan Regional Park System,Ramsey County Parks and Recreation,Regional Park,TRUE
Maplewood,Department of Natural Resources State Park,DNR,State Park,TRUE,Fall-2018,34602,Fall,2018,34602,111526,Department of Natural Resources State Park,DNR,State Park,TRUE
Maplewood,Department of Natural Resources State Park,DNR,State Park,TRUE,Fall-2019,42446,Fall,2019,42446,114858,Department of Natural Resources State Park,DNR,State Park,TRUE
Maplewood,Department of Natural Resources State Park,DNR,State Park,TRUE,Fall-2020,56525,Fall,2020,56525,126791,Department of Natural Resources State Park,DNR,State Park,TRUE
Maplewood,Department of Natural Resources State Park,DNR,State Park,TRUE,Fall-2021,43189,Fall,2021,43189,112499,Department of Natural Resources State Park,DNR,State Park,TRUE
Maplewood,Department of Natural Resources State Park,DNR,State Park,TRUE,Spring-2018,19532,Spring,2018,19532,111526,Department of Natural Resources State Park,DNR,State Park,TRUE
Maplewood,Department of Natural Resources State Park,DNR,State Park,TRUE,Spring-2019,12544,Spring,2019,12544,114858,Department of Natural Resources State Park,DNR,State Park,TRUE
Maplewood,Department of Natural Resources State Park,DNR,State Park,TRUE,Spring-2020,16518,Spring,2020,16518,126791,Department of Natural Resources State Park,DNR,State Park,TRUE
Maplewood,Department of Natural Resources State Park,DNR,State Park,TRUE,Spring-2021,19809,Spring,2021,19809,112499,Department of Natural Resources State Park,DNR,State Park,TRUE
Maplewood,Department of Natural Resources State Park,DNR,State Park,TRUE,Summer-2018,52541,Summer,2018,52541,111526,Department of Natural Resources State Park,DNR,State Park,TRUE
Maplewood,Department of Natural Resources State Park,DNR,State Park,TRUE,Summer-2019,53638,Summer,2019,53638,114858,Department of Natural Resources State Park,DNR,State Park,TRUE
Maplewood,Department of Natural Resources State Park,DNR,State Park,TRUE,Summer-2020,50240,Summer,2020,50240,126791,Department of Natural Resources State Park,DNR,State Park,TRUE
Maplewood,Department of Natural Resources State Park,DNR,State Park,TRUE,Summer-2021,43601,Summer,2021,43601,112499,Department of Natural Resources State Park,DNR,State Park,TRUE
Maplewood,Department of Natural Resources State Park,DNR,State Park,TRUE,Winter-2018,4851,Winter,2018,4851,111526,Department of Natural Resources State Park,DNR,State Park,TRUE
Maplewood,Department of Natural Resources State Park,DNR,State Park,TRUE,Winter-2019,6230,Winter,2019,6230,114858,Department of Natural Resources State Park,DNR,State Park,TRUE
Maplewood,Department of Natural Resources State Park,DNR,State Park,TRUE,Winter-2020,3508,Winter,2020,3508,126791,Department of Natural Resources State Park,DNR,State Park,TRUE
Maplewood,Department of Natural Resources State Park,DNR,State Park,TRUE,Winter-2021,5900,Winter,2021,5900,112499,Department of Natural Resources State Park,DNR,State Park,TRUE
Maplewood,Department of Natural Resources State Park,DNR,State Park,TRUE,Winter-2022,1212,Winter,2022,1212,1212,Department of Natural Resources State Park,DNR,State Park,TRUE
Martin-Island-Linwood,Metropolitan Regional Park System,Anoka County Parks and Recreation,Regional Park,TRUE,Fall-2018,2684,Fall,2018,2684,22764,Metropolitan Regional Park System,Anoka County Parks and Recreation,Regional Park,TRUE
Martin-Island-Linwood,Metropolitan Regional Park System,Anoka County Parks and Recreation,Regional Park,TRUE,Fall-2019,2608,Fall,2019,2608,24388,Metropolitan Regional Park System,Anoka County Parks and Recreation,Regional Park,TRUE
Martin-Island-Linwood,Metropolitan Regional Park System,Anoka County Parks and Recreation,Regional Park,TRUE,Fall-2020,3653,Fall,2020,3653,32226,Metropolitan Regional Park System,Anoka County Parks and Recreation,Regional Park,TRUE
Martin-Island-Linwood,Metropolitan Regional Park System,Anoka County Parks and Recreation,Regional Park,TRUE,Fall-2021,3855,Fall,2021,3855,31014,Metropolitan Regional Park System,Anoka County Parks and Recreation,Regional Park,TRUE
Martin-Island-Linwood,Metropolitan Regional Park System,Anoka County Parks and Recreation,Regional Park,TRUE,Spring-2018,4911,Spring,2018,4911,22764,Metropolitan Regional Park System,Anoka County Parks and Recreation,Regional Park,TRUE
Martin-Island-Linwood,Metropolitan Regional Park System,Anoka County Parks and Recreation,Regional Park,TRUE,Spring-2019,4149,Spring,2019,4149,24388,Metropolitan Regional Park System,Anoka County Parks and Recreation,Regional Park,TRUE
Martin-Island-Linwood,Metropolitan Regional Park System,Anoka County Parks and Recreation,Regional Park,TRUE,Spring-2020,6663,Spring,2020,6663,32226,Metropolitan Regional Park System,Anoka County Parks and Recreation,Regional Park,TRUE
Martin-Island-Linwood,Metropolitan Regional Park System,Anoka County Parks and Recreation,Regional Park,TRUE,Spring-2021,5682,Spring,2021,5682,31014,Metropolitan Regional Park System,Anoka County Parks and Recreation,Regional Park,TRUE
Martin-Island-Linwood,Metropolitan Regional Park System,Anoka County Parks and Recreation,Regional Park,TRUE,Summer-2018,11886,Summer,2018,11886,22764,Metropolitan Regional Park System,Anoka County Parks and Recreation,Regional Park,TRUE
Martin-Island-Linwood,Metropolitan Regional Park System,Anoka County Parks and Recreation,Regional Park,TRUE,Summer-2019,13488,Summer,2019,13488,24388,Metropolitan Regional Park System,Anoka County Parks and Recreation,Regional Park,TRUE
Martin-Island-Linwood,Metropolitan Regional Park System,Anoka County Parks and Recreation,Regional Park,TRUE,Summer-2020,18822,Summer,2020,18822,32226,Metropolitan Regional Park System,Anoka County Parks and Recreation,Regional Park,TRUE
Martin-Island-Linwood,Metropolitan Regional Park System,Anoka County Parks and Recreation,Regional Park,TRUE,Summer-2021,15658,Summer,2021,15658,31014,Metropolitan Regional Park System,Anoka County Parks and Recreation,Regional Park,TRUE
Martin-Island-Linwood,Metropolitan Regional Park System,Anoka County Parks and Recreation,Regional Park,TRUE,Winter-2018,3283,Winter,2018,3283,22764,Metropolitan Regional Park System,Anoka County Parks and Recreation,Regional Park,TRUE
Martin-Island-Linwood,Metropolitan Regional Park System,Anoka County Parks and Recreation,Regional Park,TRUE,Winter-2019,4143,Winter,2019,4143,24388,Metropolitan Regional Park System,Anoka County Parks and Recreation,Regional Park,TRUE
Martin-Island-Linwood,Metropolitan Regional Park System,Anoka County Parks and Recreation,Regional Park,TRUE,Winter-2020,3088,Winter,2020,3088,32226,Metropolitan Regional Park System,Anoka County Parks and Recreation,Regional Park,TRUE
Martin-Island-Linwood,Metropolitan Regional Park System,Anoka County Parks and Recreation,Regional Park,TRUE,Winter-2021,5819,Winter,2021,5819,31014,Metropolitan Regional Park System,Anoka County Parks and Recreation,Regional Park,TRUE
Martin-Island-Linwood,Metropolitan Regional Park System,Anoka County Parks and Recreation,Regional Park,TRUE,Winter-2022,1122,Winter,2022,1122,1122,Metropolitan Regional Park System,Anoka County Parks and Recreation,Regional Park,TRUE
MB Johnson Park,Greater Minnesota Regional Parks & Trails,Greater MN,Regional Park,TRUE,Fall-2018,4770,Fall,2018,4770,25862,Greater Minnesota Regional Parks & Trails,Greater MN,Regional Park,TRUE
MB Johnson Park,Greater Minnesota Regional Parks & Trails,Greater MN,Regional Park,TRUE,Fall-2019,11869,Fall,2019,11869,32280,Greater Minnesota Regional Parks & Trails,Greater MN,Regional Park,TRUE
MB Johnson Park,Greater Minnesota Regional Parks & Trails,Greater MN,Regional Park,TRUE,Fall-2020,7973,Fall,2020,7973,33661,Greater Minnesota Regional Parks & Trails,Greater MN,Regional Park,TRUE
MB Johnson Park,Greater Minnesota Regional Parks & Trails,Greater MN,Regional Park,TRUE,Fall-2021,7832,Fall,2021,7832,39798,Greater Minnesota Regional Parks & Trails,Greater MN,Regional Park,TRUE
MB Johnson Park,Greater Minnesota Regional Parks & Trails,Greater MN,Regional Park,TRUE,Spring-2018,4602,Spring,2018,4602,25862,Greater Minnesota Regional Parks & Trails,Greater MN,Regional Park,TRUE
MB Johnson Park,Greater Minnesota Regional Parks & Trails,Greater MN,Regional Park,TRUE,Spring-2019,5183,Spring,2019,5183,32280,Greater Minnesota Regional Parks & Trails,Greater MN,Regional Park,TRUE
MB Johnson Park,Greater Minnesota Regional Parks & Trails,Greater MN,Regional Park,TRUE,Spring-2020,9140,Spring,2020,9140,33661,Greater Minnesota Regional Parks & Trails,Greater MN,Regional Park,TRUE
MB Johnson Park,Greater Minnesota Regional Parks & Trails,Greater MN,Regional Park,TRUE,Spring-2021,10608,Spring,2021,10608,39798,Greater Minnesota Regional Parks & Trails,Greater MN,Regional Park,TRUE
MB Johnson Park,Greater Minnesota Regional Parks & Trails,Greater MN,Regional Park,TRUE,Summer-2018,13501,Summer,2018,13501,25862,Greater Minnesota Regional Parks & Trails,Greater MN,Regional Park,TRUE
MB Johnson Park,Greater Minnesota Regional Parks & Trails,Greater MN,Regional Park,TRUE,Summer-2019,12614,Summer,2019,12614,32280,Greater Minnesota Regional Parks & Trails,Greater MN,Regional Park,TRUE
MB Johnson Park,Greater Minnesota Regional Parks & Trails,Greater MN,Regional Park,TRUE,Summer-2020,13086,Summer,2020,13086,33661,Greater Minnesota Regional Parks & Trails,Greater MN,Regional Park,TRUE
MB Johnson Park,Greater Minnesota Regional Parks & Trails,Greater MN,Regional Park,TRUE,Summer-2021,16881,Summer,2021,16881,39798,Greater Minnesota Regional Parks & Trails,Greater MN,Regional Park,TRUE
MB Johnson Park,Greater Minnesota Regional Parks & Trails,Greater MN,Regional Park,TRUE,Winter-2018,2989,Winter,2018,2989,25862,Greater Minnesota Regional Parks & Trails,Greater MN,Regional Park,TRUE
MB Johnson Park,Greater Minnesota Regional Parks & Trails,Greater MN,Regional Park,TRUE,Winter-2019,2614,Winter,2019,2614,32280,Greater Minnesota Regional Parks & Trails,Greater MN,Regional Park,TRUE
MB Johnson Park,Greater Minnesota Regional Parks & Trails,Greater MN,Regional Park,TRUE,Winter-2020,3462,Winter,2020,3462,33661,Greater Minnesota Regional Parks & Trails,Greater MN,Regional Park,TRUE
MB Johnson Park,Greater Minnesota Regional Parks & Trails,Greater MN,Regional Park,TRUE,Winter-2021,4477,Winter,2021,4477,39798,Greater Minnesota Regional Parks & Trails,Greater MN,Regional Park,TRUE
MB Johnson Park,Greater Minnesota Regional Parks & Trails,Greater MN,Regional Park,TRUE,Winter-2022,1163,Winter,2022,1163,1163,Greater Minnesota Regional Parks & Trails,Greater MN,Regional Park,TRUE
McCarthy Beach,Department of Natural Resources State Park,DNR,State Park,TRUE,Fall-2018,8131,Fall,2018,8131,98833,Department of Natural Resources State Park,DNR,State Park,TRUE
McCarthy Beach,Department of Natural Resources State Park,DNR,State Park,TRUE,Fall-2019,4374,Fall,2019,4374,61426,Department of Natural Resources State Park,DNR,State Park,TRUE
McCarthy Beach,Department of Natural Resources State Park,DNR,State Park,TRUE,Fall-2020,5686,Fall,2020,5686,62566,Department of Natural Resources State Park,DNR,State Park,TRUE
McCarthy Beach,Department of Natural Resources State Park,DNR,State Park,TRUE,Fall-2021,3479,Fall,2021,3479,59940,Department of Natural Resources State Park,DNR,State Park,TRUE
McCarthy Beach,Department of Natural Resources State Park,DNR,State Park,TRUE,Spring-2018,19669,Spring,2018,19669,98833,Department of Natural Resources State Park,DNR,State Park,TRUE
McCarthy Beach,Department of Natural Resources State Park,DNR,State Park,TRUE,Spring-2019,3432,Spring,2019,3432,61426,Department of Natural Resources State Park,DNR,State Park,TRUE
McCarthy Beach,Department of Natural Resources State Park,DNR,State Park,TRUE,Spring-2020,2323,Spring,2020,2323,62566,Department of Natural Resources State Park,DNR,State Park,TRUE
McCarthy Beach,Department of Natural Resources State Park,DNR,State Park,TRUE,Spring-2021,7788,Spring,2021,7788,59940,Department of Natural Resources State Park,DNR,State Park,TRUE
McCarthy Beach,Department of Natural Resources State Park,DNR,State Park,TRUE,Summer-2018,63148,Summer,2018,63148,98833,Department of Natural Resources State Park,DNR,State Park,TRUE
McCarthy Beach,Department of Natural Resources State Park,DNR,State Park,TRUE,Summer-2019,51562,Summer,2019,51562,61426,Department of Natural Resources State Park,DNR,State Park,TRUE
McCarthy Beach,Department of Natural Resources State Park,DNR,State Park,TRUE,Summer-2020,52894,Summer,2020,52894,62566,Department of Natural Resources State Park,DNR,State Park,TRUE
McCarthy Beach,Department of Natural Resources State Park,DNR,State Park,TRUE,Summer-2021,47935,Summer,2021,47935,59940,Department of Natural Resources State Park,DNR,State Park,TRUE
McCarthy Beach,Department of Natural Resources State Park,DNR,State Park,TRUE,Winter-2018,7885,Winter,2018,7885,98833,Department of Natural Resources State Park,DNR,State Park,TRUE
McCarthy Beach,Department of Natural Resources State Park,DNR,State Park,TRUE,Winter-2019,2058,Winter,2019,2058,61426,Department of Natural Resources State Park,DNR,State Park,TRUE
McCarthy Beach,Department of Natural Resources State Park,DNR,State Park,TRUE,Winter-2020,1663,Winter,2020,1663,62566,Department of Natural Resources State Park,DNR,State Park,TRUE
McCarthy Beach,Department of Natural Resources State Park,DNR,State Park,TRUE,Winter-2021,738,Winter,2021,738,59940,Department of Natural Resources State Park,DNR,State Park,TRUE
McCarthy Beach,Department of Natural Resources State Park,DNR,State Park,TRUE,Winter-2022,210,Winter,2022,210,210,Department of Natural Resources State Park,DNR,State Park,TRUE
Miesville Ravine,Metropolitan Regional Park System,Dakota County Parks,Regional Park,TRUE,Fall-2018,2275,Fall,2018,2275,8466,Metropolitan Regional Park System,Dakota County Parks,Regional Park,TRUE
Miesville Ravine,Metropolitan Regional Park System,Dakota County Parks,Regional Park,TRUE,Fall-2019,1132,Fall,2019,1132,8362,Metropolitan Regional Park System,Dakota County Parks,Regional Park,TRUE
Miesville Ravine,Metropolitan Regional Park System,Dakota County Parks,Regional Park,TRUE,Fall-2020,1913,Fall,2020,1913,15742,Metropolitan Regional Park System,Dakota County Parks,Regional Park,TRUE
Miesville Ravine,Metropolitan Regional Park System,Dakota County Parks,Regional Park,TRUE,Fall-2021,1406,Fall,2021,1406,11088,Metropolitan Regional Park System,Dakota County Parks,Regional Park,TRUE
Miesville Ravine,Metropolitan Regional Park System,Dakota County Parks,Regional Park,TRUE,Spring-2018,2107,Spring,2018,2107,8466,Metropolitan Regional Park System,Dakota County Parks,Regional Park,TRUE
Miesville Ravine,Metropolitan Regional Park System,Dakota County Parks,Regional Park,TRUE,Spring-2019,2064,Spring,2019,2064,8362,Metropolitan Regional Park System,Dakota County Parks,Regional Park,TRUE
Miesville Ravine,Metropolitan Regional Park System,Dakota County Parks,Regional Park,TRUE,Spring-2020,6262,Spring,2020,6262,15742,Metropolitan Regional Park System,Dakota County Parks,Regional Park,TRUE
Miesville Ravine,Metropolitan Regional Park System,Dakota County Parks,Regional Park,TRUE,Spring-2021,3752,Spring,2021,3752,11088,Metropolitan Regional Park System,Dakota County Parks,Regional Park,TRUE
Miesville Ravine,Metropolitan Regional Park System,Dakota County Parks,Regional Park,TRUE,Summer-2018,3053,Summer,2018,3053,8466,Metropolitan Regional Park System,Dakota County Parks,Regional Park,TRUE
Miesville Ravine,Metropolitan Regional Park System,Dakota County Parks,Regional Park,TRUE,Summer-2019,3661,Summer,2019,3661,8362,Metropolitan Regional Park System,Dakota County Parks,Regional Park,TRUE
Miesville Ravine,Metropolitan Regional Park System,Dakota County Parks,Regional Park,TRUE,Summer-2020,6317,Summer,2020,6317,15742,Metropolitan Regional Park System,Dakota County Parks,Regional Park,TRUE
Miesville Ravine,Metropolitan Regional Park System,Dakota County Parks,Regional Park,TRUE,Summer-2021,3891,Summer,2021,3891,11088,Metropolitan Regional Park System,Dakota County Parks,Regional Park,TRUE
Miesville Ravine,Metropolitan Regional Park System,Dakota County Parks,Regional Park,TRUE,Winter-2018,1031,Winter,2018,1031,8466,Metropolitan Regional Park System,Dakota County Parks,Regional Park,TRUE
Miesville Ravine,Metropolitan Regional Park System,Dakota County Parks,Regional Park,TRUE,Winter-2019,1505,Winter,2019,1505,8362,Metropolitan Regional Park System,Dakota County Parks,Regional Park,TRUE
Miesville Ravine,Metropolitan Regional Park System,Dakota County Parks,Regional Park,TRUE,Winter-2020,1250,Winter,2020,1250,15742,Metropolitan Regional Park System,Dakota County Parks,Regional Park,TRUE
Miesville Ravine,Metropolitan Regional Park System,Dakota County Parks,Regional Park,TRUE,Winter-2021,2039,Winter,2021,2039,11088,Metropolitan Regional Park System,Dakota County Parks,Regional Park,TRUE
Miesville Ravine,Metropolitan Regional Park System,Dakota County Parks,Regional Park,TRUE,Winter-2022,183,Winter,2022,183,183,Metropolitan Regional Park System,Dakota County Parks,Regional Park,TRUE
Milford Mine Memorial Park,Greater Minnesota Regional Parks & Trails,Greater MN,Regional Park,TRUE,Fall-2018,717,Fall,2018,717,2422,Greater Minnesota Regional Parks & Trails,Greater MN,Regional Park,TRUE
Milford Mine Memorial Park,Greater Minnesota Regional Parks & Trails,Greater MN,Regional Park,TRUE,Fall-2019,672,Fall,2019,672,4580,Greater Minnesota Regional Parks & Trails,Greater MN,Regional Park,TRUE
Milford Mine Memorial Park,Greater Minnesota Regional Parks & Trails,Greater MN,Regional Park,TRUE,Fall-2020,835,Fall,2020,835,3840,Greater Minnesota Regional Parks & Trails,Greater MN,Regional Park,TRUE
Milford Mine Memorial Park,Greater Minnesota Regional Parks & Trails,Greater MN,Regional Park,TRUE,Fall-2021,543,Fall,2021,543,3905,Greater Minnesota Regional Parks & Trails,Greater MN,Regional Park,TRUE
Milford Mine Memorial Park,Greater Minnesota Regional Parks & Trails,Greater MN,Regional Park,TRUE,Spring-2018,387,Spring,2018,387,2422,Greater Minnesota Regional Parks & Trails,Greater MN,Regional Park,TRUE
Milford Mine Memorial Park,Greater Minnesota Regional Parks & Trails,Greater MN,Regional Park,TRUE,Spring-2019,1036,Spring,2019,1036,4580,Greater Minnesota Regional Parks & Trails,Greater MN,Regional Park,TRUE
Milford Mine Memorial Park,Greater Minnesota Regional Parks & Trails,Greater MN,Regional Park,TRUE,Spring-2020,677,Spring,2020,677,3840,Greater Minnesota Regional Parks & Trails,Greater MN,Regional Park,TRUE
Milford Mine Memorial Park,Greater Minnesota Regional Parks & Trails,Greater MN,Regional Park,TRUE,Spring-2021,1099,Spring,2021,1099,3905,Greater Minnesota Regional Parks & Trails,Greater MN,Regional Park,TRUE
Milford Mine Memorial Park,Greater Minnesota Regional Parks & Trails,Greater MN,Regional Park,TRUE,Summer-2018,958,Summer,2018,958,2422,Greater Minnesota Regional Parks & Trails,Greater MN,Regional Park,TRUE
Milford Mine Memorial Park,Greater Minnesota Regional Parks & Trails,Greater MN,Regional Park,TRUE,Summer-2019,2153,Summer,2019,2153,4580,Greater Minnesota Regional Parks & Trails,Greater MN,Regional Park,TRUE
Milford Mine Memorial Park,Greater Minnesota Regional Parks & Trails,Greater MN,Regional Park,TRUE,Summer-2020,1996,Summer,2020,1996,3840,Greater Minnesota Regional Parks & Trails,Greater MN,Regional Park,TRUE
Milford Mine Memorial Park,Greater Minnesota Regional Parks & Trails,Greater MN,Regional Park,TRUE,Summer-2021,1846,Summer,2021,1846,3905,Greater Minnesota Regional Parks & Trails,Greater MN,Regional Park,TRUE
Milford Mine Memorial Park,Greater Minnesota Regional Parks & Trails,Greater MN,Regional Park,TRUE,Winter-2018,360,Winter,2018,360,2422,Greater Minnesota Regional Parks & Trails,Greater MN,Regional Park,TRUE
Milford Mine Memorial Park,Greater Minnesota Regional Parks & Trails,Greater MN,Regional Park,TRUE,Winter-2019,719,Winter,2019,719,4580,Greater Minnesota Regional Parks & Trails,Greater MN,Regional Park,TRUE
Milford Mine Memorial Park,Greater Minnesota Regional Parks & Trails,Greater MN,Regional Park,TRUE,Winter-2020,332,Winter,2020,332,3840,Greater Minnesota Regional Parks & Trails,Greater MN,Regional Park,TRUE
Milford Mine Memorial Park,Greater Minnesota Regional Parks & Trails,Greater MN,Regional Park,TRUE,Winter-2021,417,Winter,2021,417,3905,Greater Minnesota Regional Parks & Trails,Greater MN,Regional Park,TRUE
Milford Mine Memorial Park,Greater Minnesota Regional Parks & Trails,Greater MN,Regional Park,TRUE,Winter-2022,59,Winter,2022,59,59,Greater Minnesota Regional Parks & Trails,Greater MN,Regional Park,TRUE
Mille Lacs Kathio,Department of Natural Resources State Park,DNR,State Park,TRUE,Fall-2018,20851,Fall,2018,20851,91948,Department of Natural Resources State Park,DNR,State Park,TRUE
Mille Lacs Kathio,Department of Natural Resources State Park,DNR,State Park,TRUE,Fall-2019,21652,Fall,2019,21652,84799,Department of Natural Resources State Park,DNR,State Park,TRUE
Mille Lacs Kathio,Department of Natural Resources State Park,DNR,State Park,TRUE,Fall-2020,23821,Fall,2020,23821,88573,Department of Natural Resources State Park,DNR,State Park,TRUE
Mille Lacs Kathio,Department of Natural Resources State Park,DNR,State Park,TRUE,Fall-2021,18812,Fall,2021,18812,95640,Department of Natural Resources State Park,DNR,State Park,TRUE
Mille Lacs Kathio,Department of Natural Resources State Park,DNR,State Park,TRUE,Spring-2018,12794,Spring,2018,12794,91948,Department of Natural Resources State Park,DNR,State Park,TRUE
Mille Lacs Kathio,Department of Natural Resources State Park,DNR,State Park,TRUE,Spring-2019,17531,Spring,2019,17531,84799,Department of Natural Resources State Park,DNR,State Park,TRUE
Mille Lacs Kathio,Department of Natural Resources State Park,DNR,State Park,TRUE,Spring-2020,15611,Spring,2020,15611,88573,Department of Natural Resources State Park,DNR,State Park,TRUE
Mille Lacs Kathio,Department of Natural Resources State Park,DNR,State Park,TRUE,Spring-2021,19065,Spring,2021,19065,95640,Department of Natural Resources State Park,DNR,State Park,TRUE
Mille Lacs Kathio,Department of Natural Resources State Park,DNR,State Park,TRUE,Summer-2018,48034,Summer,2018,48034,91948,Department of Natural Resources State Park,DNR,State Park,TRUE
Mille Lacs Kathio,Department of Natural Resources State Park,DNR,State Park,TRUE,Summer-2019,32205,Summer,2019,32205,84799,Department of Natural Resources State Park,DNR,State Park,TRUE
Mille Lacs Kathio,Department of Natural Resources State Park,DNR,State Park,TRUE,Summer-2020,33700,Summer,2020,33700,88573,Department of Natural Resources State Park,DNR,State Park,TRUE
Mille Lacs Kathio,Department of Natural Resources State Park,DNR,State Park,TRUE,Summer-2021,29457,Summer,2021,29457,95640,Department of Natural Resources State Park,DNR,State Park,TRUE
Mille Lacs Kathio,Department of Natural Resources State Park,DNR,State Park,TRUE,Winter-2018,10269,Winter,2018,10269,91948,Department of Natural Resources State Park,DNR,State Park,TRUE
Mille Lacs Kathio,Department of Natural Resources State Park,DNR,State Park,TRUE,Winter-2019,13411,Winter,2019,13411,84799,Department of Natural Resources State Park,DNR,State Park,TRUE
Mille Lacs Kathio,Department of Natural Resources State Park,DNR,State Park,TRUE,Winter-2020,15441,Winter,2020,15441,88573,Department of Natural Resources State Park,DNR,State Park,TRUE
Mille Lacs Kathio,Department of Natural Resources State Park,DNR,State Park,TRUE,Winter-2021,28306,Winter,2021,28306,95640,Department of Natural Resources State Park,DNR,State Park,TRUE
Mille Lacs Kathio,Department of Natural Resources State Park,DNR,State Park,TRUE,Winter-2022,2881,Winter,2022,2881,2881,Department of Natural Resources State Park,DNR,State Park,TRUE
Minneapolis Chain of Lakes (exclusive boundary),Metropolitan Regional Park System,Minneapolis Park and Recreation Board,Regional Park,TRUE,Fall-2018,128025,Fall,2018,128025,839495,Metropolitan Regional Park System,Minneapolis Park and Recreation Board,Regional Park,TRUE
Minneapolis Chain of Lakes (exclusive boundary),Metropolitan Regional Park System,Minneapolis Park and Recreation Board,Regional Park,TRUE,Fall-2019,130633,Fall,2019,130633,964842,Metropolitan Regional Park System,Minneapolis Park and Recreation Board,Regional Park,TRUE
Minneapolis Chain of Lakes (exclusive boundary),Metropolitan Regional Park System,Minneapolis Park and Recreation Board,Regional Park,TRUE,Fall-2020,192017,Fall,2020,192017,1068117,Metropolitan Regional Park System,Minneapolis Park and Recreation Board,Regional Park,TRUE
Minneapolis Chain of Lakes (exclusive boundary),Metropolitan Regional Park System,Minneapolis Park and Recreation Board,Regional Park,TRUE,Fall-2021,165412,Fall,2021,165412,1081509,Metropolitan Regional Park System,Minneapolis Park and Recreation Board,Regional Park,TRUE
Minneapolis Chain of Lakes (exclusive boundary),Metropolitan Regional Park System,Minneapolis Park and Recreation Board,Regional Park,TRUE,Spring-2018,177603,Spring,2018,177603,839495,Metropolitan Regional Park System,Minneapolis Park and Recreation Board,Regional Park,TRUE
Minneapolis Chain of Lakes (exclusive boundary),Metropolitan Regional Park System,Minneapolis Park and Recreation Board,Regional Park,TRUE,Spring-2019,205740,Spring,2019,205740,964842,Metropolitan Regional Park System,Minneapolis Park and Recreation Board,Regional Park,TRUE
Minneapolis Chain of Lakes (exclusive boundary),Metropolitan Regional Park System,Minneapolis Park and Recreation Board,Regional Park,TRUE,Spring-2020,213208,Spring,2020,213208,1068117,Metropolitan Regional Park System,Minneapolis Park and Recreation Board,Regional Park,TRUE
Minneapolis Chain of Lakes (exclusive boundary),Metropolitan Regional Park System,Minneapolis Park and Recreation Board,Regional Park,TRUE,Spring-2021,285978,Spring,2021,285978,1081509,Metropolitan Regional Park System,Minneapolis Park and Recreation Board,Regional Park,TRUE
Minneapolis Chain of Lakes (exclusive boundary),Metropolitan Regional Park System,Minneapolis Park and Recreation Board,Regional Park,TRUE,Summer-2018,456069,Summer,2018,456069,839495,Metropolitan Regional Park System,Minneapolis Park and Recreation Board,Regional Park,TRUE
Minneapolis Chain of Lakes (exclusive boundary),Metropolitan Regional Park System,Minneapolis Park and Recreation Board,Regional Park,TRUE,Summer-2019,553488,Summer,2019,553488,964842,Metropolitan Regional Park System,Minneapolis Park and Recreation Board,Regional Park,TRUE
Minneapolis Chain of Lakes (exclusive boundary),Metropolitan Regional Park System,Minneapolis Park and Recreation Board,Regional Park,TRUE,Summer-2020,595000,Summer,2020,595000,1068117,Metropolitan Regional Park System,Minneapolis Park and Recreation Board,Regional Park,TRUE
Minneapolis Chain of Lakes (exclusive boundary),Metropolitan Regional Park System,Minneapolis Park and Recreation Board,Regional Park,TRUE,Summer-2021,494634,Summer,2021,494634,1081509,Metropolitan Regional Park System,Minneapolis Park and Recreation Board,Regional Park,TRUE
Minneapolis Chain of Lakes (exclusive boundary),Metropolitan Regional Park System,Minneapolis Park and Recreation Board,Regional Park,TRUE,Winter-2018,77798,Winter,2018,77798,839495,Metropolitan Regional Park System,Minneapolis Park and Recreation Board,Regional Park,TRUE
Minneapolis Chain of Lakes (exclusive boundary),Metropolitan Regional Park System,Minneapolis Park and Recreation Board,Regional Park,TRUE,Winter-2019,74981,Winter,2019,74981,964842,Metropolitan Regional Park System,Minneapolis Park and Recreation Board,Regional Park,TRUE
Minneapolis Chain of Lakes (exclusive boundary),Metropolitan Regional Park System,Minneapolis Park and Recreation Board,Regional Park,TRUE,Winter-2020,67892,Winter,2020,67892,1068117,Metropolitan Regional Park System,Minneapolis Park and Recreation Board,Regional Park,TRUE
Minneapolis Chain of Lakes (exclusive boundary),Metropolitan Regional Park System,Minneapolis Park and Recreation Board,Regional Park,TRUE,Winter-2021,135485,Winter,2021,135485,1081509,Metropolitan Regional Park System,Minneapolis Park and Recreation Board,Regional Park,TRUE
Minneapolis Chain of Lakes (exclusive boundary),Metropolitan Regional Park System,Minneapolis Park and Recreation Board,Regional Park,TRUE,Winter-2022,11191,Winter,2022,11191,11191,Metropolitan Regional Park System,Minneapolis Park and Recreation Board,Regional Park,TRUE
Minneapolis Chain of Lakes (inclusive boundary),Metropolitan Regional Park System,Minneapolis Park and Recreation Board,Regional Park,FALSE,Fall-2018,237292,Fall,2018,237292,1418844,Metropolitan Regional Park System,Minneapolis Park and Recreation Board,Regional Park,FALSE
Minneapolis Chain of Lakes (inclusive boundary),Metropolitan Regional Park System,Minneapolis Park and Recreation Board,Regional Park,FALSE,Fall-2019,230004,Fall,2019,230004,1574166,Metropolitan Regional Park System,Minneapolis Park and Recreation Board,Regional Park,FALSE
Minneapolis Chain of Lakes (inclusive boundary),Metropolitan Regional Park System,Minneapolis Park and Recreation Board,Regional Park,FALSE,Fall-2020,309686,Fall,2020,309686,1664151,Metropolitan Regional Park System,Minneapolis Park and Recreation Board,Regional Park,FALSE
Minneapolis Chain of Lakes (inclusive boundary),Metropolitan Regional Park System,Minneapolis Park and Recreation Board,Regional Park,FALSE,Fall-2021,251734,Fall,2021,251734,1628431,Metropolitan Regional Park System,Minneapolis Park and Recreation Board,Regional Park,FALSE
Minneapolis Chain of Lakes (inclusive boundary),Metropolitan Regional Park System,Minneapolis Park and Recreation Board,Regional Park,FALSE,Spring-2018,310696,Spring,2018,310696,1418844,Metropolitan Regional Park System,Minneapolis Park and Recreation Board,Regional Park,FALSE
Minneapolis Chain of Lakes (inclusive boundary),Metropolitan Regional Park System,Minneapolis Park and Recreation Board,Regional Park,FALSE,Spring-2019,349037,Spring,2019,349037,1574166,Metropolitan Regional Park System,Minneapolis Park and Recreation Board,Regional Park,FALSE
Minneapolis Chain of Lakes (inclusive boundary),Metropolitan Regional Park System,Minneapolis Park and Recreation Board,Regional Park,FALSE,Spring-2020,348804,Spring,2020,348804,1664151,Metropolitan Regional Park System,Minneapolis Park and Recreation Board,Regional Park,FALSE
Minneapolis Chain of Lakes (inclusive boundary),Metropolitan Regional Park System,Minneapolis Park and Recreation Board,Regional Park,FALSE,Spring-2021,447765,Spring,2021,447765,1628431,Metropolitan Regional Park System,Minneapolis Park and Recreation Board,Regional Park,FALSE
Minneapolis Chain of Lakes (inclusive boundary),Metropolitan Regional Park System,Minneapolis Park and Recreation Board,Regional Park,FALSE,Summer-2018,725613,Summer,2018,725613,1418844,Metropolitan Regional Park System,Minneapolis Park and Recreation Board,Regional Park,FALSE
Minneapolis Chain of Lakes (inclusive boundary),Metropolitan Regional Park System,Minneapolis Park and Recreation Board,Regional Park,FALSE,Summer-2019,838425,Summer,2019,838425,1574166,Metropolitan Regional Park System,Minneapolis Park and Recreation Board,Regional Park,FALSE
Minneapolis Chain of Lakes (inclusive boundary),Metropolitan Regional Park System,Minneapolis Park and Recreation Board,Regional Park,FALSE,Summer-2020,879861,Summer,2020,879861,1664151,Metropolitan Regional Park System,Minneapolis Park and Recreation Board,Regional Park,FALSE
Minneapolis Chain of Lakes (inclusive boundary),Metropolitan Regional Park System,Minneapolis Park and Recreation Board,Regional Park,FALSE,Summer-2021,709372,Summer,2021,709372,1628431,Metropolitan Regional Park System,Minneapolis Park and Recreation Board,Regional Park,FALSE
Minneapolis Chain of Lakes (inclusive boundary),Metropolitan Regional Park System,Minneapolis Park and Recreation Board,Regional Park,FALSE,Winter-2018,145243,Winter,2018,145243,1418844,Metropolitan Regional Park System,Minneapolis Park and Recreation Board,Regional Park,FALSE
Minneapolis Chain of Lakes (inclusive boundary),Metropolitan Regional Park System,Minneapolis Park and Recreation Board,Regional Park,FALSE,Winter-2019,156700,Winter,2019,156700,1574166,Metropolitan Regional Park System,Minneapolis Park and Recreation Board,Regional Park,FALSE
Minneapolis Chain of Lakes (inclusive boundary),Metropolitan Regional Park System,Minneapolis Park and Recreation Board,Regional Park,FALSE,Winter-2020,125800,Winter,2020,125800,1664151,Metropolitan Regional Park System,Minneapolis Park and Recreation Board,Regional Park,FALSE
Minneapolis Chain of Lakes (inclusive boundary),Metropolitan Regional Park System,Minneapolis Park and Recreation Board,Regional Park,FALSE,Winter-2021,219560,Winter,2021,219560,1628431,Metropolitan Regional Park System,Minneapolis Park and Recreation Board,Regional Park,FALSE
Minneapolis Chain of Lakes (inclusive boundary),Metropolitan Regional Park System,Minneapolis Park and Recreation Board,Regional Park,FALSE,Winter-2022,21504,Winter,2022,21504,21504,Metropolitan Regional Park System,Minneapolis Park and Recreation Board,Regional Park,FALSE
Minnehaha (exclusive boundary),Metropolitan Regional Park System,Minneapolis Park and Recreation Board,Regional Park,TRUE,Fall-2018,171826,Fall,2018,171826,960348,Metropolitan Regional Park System,Minneapolis Park and Recreation Board,Regional Park,TRUE
Minnehaha (exclusive boundary),Metropolitan Regional Park System,Minneapolis Park and Recreation Board,Regional Park,TRUE,Fall-2019,240216,Fall,2019,240216,1244601,Metropolitan Regional Park System,Minneapolis Park and Recreation Board,Regional Park,TRUE
Minnehaha (exclusive boundary),Metropolitan Regional Park System,Minneapolis Park and Recreation Board,Regional Park,TRUE,Fall-2020,282466,Fall,2020,282466,1236244,Metropolitan Regional Park System,Minneapolis Park and Recreation Board,Regional Park,TRUE
Minnehaha (exclusive boundary),Metropolitan Regional Park System,Minneapolis Park and Recreation Board,Regional Park,TRUE,Fall-2021,274939,Fall,2021,274939,1501524,Metropolitan Regional Park System,Minneapolis Park and Recreation Board,Regional Park,TRUE
Minnehaha (exclusive boundary),Metropolitan Regional Park System,Minneapolis Park and Recreation Board,Regional Park,TRUE,Spring-2018,247943,Spring,2018,247943,960348,Metropolitan Regional Park System,Minneapolis Park and Recreation Board,Regional Park,TRUE
Minnehaha (exclusive boundary),Metropolitan Regional Park System,Minneapolis Park and Recreation Board,Regional Park,TRUE,Spring-2019,287962,Spring,2019,287962,1244601,Metropolitan Regional Park System,Minneapolis Park and Recreation Board,Regional Park,TRUE
Minnehaha (exclusive boundary),Metropolitan Regional Park System,Minneapolis Park and Recreation Board,Regional Park,TRUE,Spring-2020,271737,Spring,2020,271737,1236244,Metropolitan Regional Park System,Minneapolis Park and Recreation Board,Regional Park,TRUE
Minnehaha (exclusive boundary),Metropolitan Regional Park System,Minneapolis Park and Recreation Board,Regional Park,TRUE,Spring-2021,411887,Spring,2021,411887,1501524,Metropolitan Regional Park System,Minneapolis Park and Recreation Board,Regional Park,TRUE
Minnehaha (exclusive boundary),Metropolitan Regional Park System,Minneapolis Park and Recreation Board,Regional Park,TRUE,Summer-2018,430775,Summer,2018,430775,960348,Metropolitan Regional Park System,Minneapolis Park and Recreation Board,Regional Park,TRUE
Minnehaha (exclusive boundary),Metropolitan Regional Park System,Minneapolis Park and Recreation Board,Regional Park,TRUE,Summer-2019,608254,Summer,2019,608254,1244601,Metropolitan Regional Park System,Minneapolis Park and Recreation Board,Regional Park,TRUE
Minnehaha (exclusive boundary),Metropolitan Regional Park System,Minneapolis Park and Recreation Board,Regional Park,TRUE,Summer-2020,546273,Summer,2020,546273,1236244,Metropolitan Regional Park System,Minneapolis Park and Recreation Board,Regional Park,TRUE
Minnehaha (exclusive boundary),Metropolitan Regional Park System,Minneapolis Park and Recreation Board,Regional Park,TRUE,Summer-2021,624944,Summer,2021,624944,1501524,Metropolitan Regional Park System,Minneapolis Park and Recreation Board,Regional Park,TRUE
Minnehaha (exclusive boundary),Metropolitan Regional Park System,Minneapolis Park and Recreation Board,Regional Park,TRUE,Winter-2018,109804,Winter,2018,109804,960348,Metropolitan Regional Park System,Minneapolis Park and Recreation Board,Regional Park,TRUE
Minnehaha (exclusive boundary),Metropolitan Regional Park System,Minneapolis Park and Recreation Board,Regional Park,TRUE,Winter-2019,108169,Winter,2019,108169,1244601,Metropolitan Regional Park System,Minneapolis Park and Recreation Board,Regional Park,TRUE
Minnehaha (exclusive boundary),Metropolitan Regional Park System,Minneapolis Park and Recreation Board,Regional Park,TRUE,Winter-2020,135768,Winter,2020,135768,1236244,Metropolitan Regional Park System,Minneapolis Park and Recreation Board,Regional Park,TRUE
Minnehaha (exclusive boundary),Metropolitan Regional Park System,Minneapolis Park and Recreation Board,Regional Park,TRUE,Winter-2021,189754,Winter,2021,189754,1501524,Metropolitan Regional Park System,Minneapolis Park and Recreation Board,Regional Park,TRUE
Minnehaha (exclusive boundary),Metropolitan Regional Park System,Minneapolis Park and Recreation Board,Regional Park,TRUE,Winter-2022,66647,Winter,2022,66647,66647,Metropolitan Regional Park System,Minneapolis Park and Recreation Board,Regional Park,TRUE
Minnehaha (inclusive boundary),Metropolitan Regional Park System,Minneapolis Park and Recreation Board,Regional Park,FALSE,Fall-2018,184280,Fall,2018,184280,1025418,Metropolitan Regional Park System,Minneapolis Park and Recreation Board,Regional Park,FALSE
Minnehaha (inclusive boundary),Metropolitan Regional Park System,Minneapolis Park and Recreation Board,Regional Park,FALSE,Fall-2019,247753,Fall,2019,247753,1284070,Metropolitan Regional Park System,Minneapolis Park and Recreation Board,Regional Park,FALSE
Minnehaha (inclusive boundary),Metropolitan Regional Park System,Minneapolis Park and Recreation Board,Regional Park,FALSE,Fall-2020,286747,Fall,2020,286747,1265759,Metropolitan Regional Park System,Minneapolis Park and Recreation Board,Regional Park,FALSE
Minnehaha (inclusive boundary),Metropolitan Regional Park System,Minneapolis Park and Recreation Board,Regional Park,FALSE,Fall-2021,278369,Fall,2021,278369,1527281,Metropolitan Regional Park System,Minneapolis Park and Recreation Board,Regional Park,FALSE
Minnehaha (inclusive boundary),Metropolitan Regional Park System,Minneapolis Park and Recreation Board,Regional Park,FALSE,Spring-2018,263966,Spring,2018,263966,1025418,Metropolitan Regional Park System,Minneapolis Park and Recreation Board,Regional Park,FALSE
Minnehaha (inclusive boundary),Metropolitan Regional Park System,Minneapolis Park and Recreation Board,Regional Park,FALSE,Spring-2019,296802,Spring,2019,296802,1284070,Metropolitan Regional Park System,Minneapolis Park and Recreation Board,Regional Park,FALSE
Minnehaha (inclusive boundary),Metropolitan Regional Park System,Minneapolis Park and Recreation Board,Regional Park,FALSE,Spring-2020,278560,Spring,2020,278560,1265759,Metropolitan Regional Park System,Minneapolis Park and Recreation Board,Regional Park,FALSE
Minnehaha (inclusive boundary),Metropolitan Regional Park System,Minneapolis Park and Recreation Board,Regional Park,FALSE,Spring-2021,419385,Spring,2021,419385,1527281,Metropolitan Regional Park System,Minneapolis Park and Recreation Board,Regional Park,FALSE
Minnehaha (inclusive boundary),Metropolitan Regional Park System,Minneapolis Park and Recreation Board,Regional Park,FALSE,Summer-2018,453121,Summer,2018,453121,1025418,Metropolitan Regional Park System,Minneapolis Park and Recreation Board,Regional Park,FALSE
Minnehaha (inclusive boundary),Metropolitan Regional Park System,Minneapolis Park and Recreation Board,Regional Park,FALSE,Summer-2019,624908,Summer,2019,624908,1284070,Metropolitan Regional Park System,Minneapolis Park and Recreation Board,Regional Park,FALSE
Minnehaha (inclusive boundary),Metropolitan Regional Park System,Minneapolis Park and Recreation Board,Regional Park,FALSE,Summer-2020,560768,Summer,2020,560768,1265759,Metropolitan Regional Park System,Minneapolis Park and Recreation Board,Regional Park,FALSE
Minnehaha (inclusive boundary),Metropolitan Regional Park System,Minneapolis Park and Recreation Board,Regional Park,FALSE,Summer-2021,637528,Summer,2021,637528,1527281,Metropolitan Regional Park System,Minneapolis Park and Recreation Board,Regional Park,FALSE
Minnehaha (inclusive boundary),Metropolitan Regional Park System,Minneapolis Park and Recreation Board,Regional Park,FALSE,Winter-2018,124051,Winter,2018,124051,1025418,Metropolitan Regional Park System,Minneapolis Park and Recreation Board,Regional Park,FALSE
Minnehaha (inclusive boundary),Metropolitan Regional Park System,Minneapolis Park and Recreation Board,Regional Park,FALSE,Winter-2019,114607,Winter,2019,114607,1284070,Metropolitan Regional Park System,Minneapolis Park and Recreation Board,Regional Park,FALSE
Minnehaha (inclusive boundary),Metropolitan Regional Park System,Minneapolis Park and Recreation Board,Regional Park,FALSE,Winter-2020,139684,Winter,2020,139684,1265759,Metropolitan Regional Park System,Minneapolis Park and Recreation Board,Regional Park,FALSE
Minnehaha (inclusive boundary),Metropolitan Regional Park System,Minneapolis Park and Recreation Board,Regional Park,FALSE,Winter-2021,191999,Winter,2021,191999,1527281,Metropolitan Regional Park System,Minneapolis Park and Recreation Board,Regional Park,FALSE
Minnehaha (inclusive boundary),Metropolitan Regional Park System,Minneapolis Park and Recreation Board,Regional Park,FALSE,Winter-2022,53732,Winter,2022,53732,53732,Metropolitan Regional Park System,Minneapolis Park and Recreation Board,Regional Park,FALSE
Minneopa,Department of Natural Resources State Park,DNR,State Park,TRUE,Fall-2018,21365,Fall,2018,21365,100186,Department of Natural Resources State Park,DNR,State Park,TRUE
Minneopa,Department of Natural Resources State Park,DNR,State Park,TRUE,Fall-2019,24159,Fall,2019,24159,111886,Department of Natural Resources State Park,DNR,State Park,TRUE
Minneopa,Department of Natural Resources State Park,DNR,State Park,TRUE,Fall-2020,39310,Fall,2020,39310,180185,Department of Natural Resources State Park,DNR,State Park,TRUE
Minneopa,Department of Natural Resources State Park,DNR,State Park,TRUE,Fall-2021,28935,Fall,2021,28935,135289,Department of Natural Resources State Park,DNR,State Park,TRUE
Minneopa,Department of Natural Resources State Park,DNR,State Park,TRUE,Spring-2018,16084,Spring,2018,16084,100186,Department of Natural Resources State Park,DNR,State Park,TRUE
Minneopa,Department of Natural Resources State Park,DNR,State Park,TRUE,Spring-2019,22301,Spring,2019,22301,111886,Department of Natural Resources State Park,DNR,State Park,TRUE
Minneopa,Department of Natural Resources State Park,DNR,State Park,TRUE,Spring-2020,38686,Spring,2020,38686,180185,Department of Natural Resources State Park,DNR,State Park,TRUE
Minneopa,Department of Natural Resources State Park,DNR,State Park,TRUE,Spring-2021,35455,Spring,2021,35455,135289,Department of Natural Resources State Park,DNR,State Park,TRUE
Minneopa,Department of Natural Resources State Park,DNR,State Park,TRUE,Summer-2018,60046,Summer,2018,60046,100186,Department of Natural Resources State Park,DNR,State Park,TRUE
Minneopa,Department of Natural Resources State Park,DNR,State Park,TRUE,Summer-2019,60162,Summer,2019,60162,111886,Department of Natural Resources State Park,DNR,State Park,TRUE
Minneopa,Department of Natural Resources State Park,DNR,State Park,TRUE,Summer-2020,97118,Summer,2020,97118,180185,Department of Natural Resources State Park,DNR,State Park,TRUE
Minneopa,Department of Natural Resources State Park,DNR,State Park,TRUE,Summer-2021,58353,Summer,2021,58353,135289,Department of Natural Resources State Park,DNR,State Park,TRUE
Minneopa,Department of Natural Resources State Park,DNR,State Park,TRUE,Winter-2018,2691,Winter,2018,2691,100186,Department of Natural Resources State Park,DNR,State Park,TRUE
Minneopa,Department of Natural Resources State Park,DNR,State Park,TRUE,Winter-2019,5264,Winter,2019,5264,111886,Department of Natural Resources State Park,DNR,State Park,TRUE
Minneopa,Department of Natural Resources State Park,DNR,State Park,TRUE,Winter-2020,5071,Winter,2020,5071,180185,Department of Natural Resources State Park,DNR,State Park,TRUE
Minneopa,Department of Natural Resources State Park,DNR,State Park,TRUE,Winter-2021,12546,Winter,2021,12546,135289,Department of Natural Resources State Park,DNR,State Park,TRUE
Minneopa,Department of Natural Resources State Park,DNR,State Park,TRUE,Winter-2022,1263,Winter,2022,1263,1263,Department of Natural Resources State Park,DNR,State Park,TRUE
Minnesota Valley,Department of Natural Resources State Park,DNR,State Recreation Area,TRUE,Fall-2018,5684,Fall,2018,5684,23626,Department of Natural Resources State Park,DNR,State Recreation Area,TRUE
Minnesota Valley,Department of Natural Resources State Park,DNR,State Recreation Area,TRUE,Fall-2019,3344,Fall,2019,3344,13517,Department of Natural Resources State Park,DNR,State Recreation Area,TRUE
Minnesota Valley,Department of Natural Resources State Park,DNR,State Recreation Area,TRUE,Fall-2020,10571,Fall,2020,10571,33887,Department of Natural Resources State Park,DNR,State Recreation Area,TRUE
Minnesota Valley,Department of Natural Resources State Park,DNR,State Recreation Area,TRUE,Fall-2021,5400,Fall,2021,5400,30730,Department of Natural Resources State Park,DNR,State Recreation Area,TRUE
Minnesota Valley,Department of Natural Resources State Park,DNR,State Recreation Area,TRUE,Spring-2018,4663,Spring,2018,4663,23626,Department of Natural Resources State Park,DNR,State Recreation Area,TRUE
Minnesota Valley,Department of Natural Resources State Park,DNR,State Recreation Area,TRUE,Spring-2019,2345,Spring,2019,2345,13517,Department of Natural Resources State Park,DNR,State Recreation Area,TRUE
Minnesota Valley,Department of Natural Resources State Park,DNR,State Recreation Area,TRUE,Spring-2020,8761,Spring,2020,8761,33887,Department of Natural Resources State Park,DNR,State Recreation Area,TRUE
Minnesota Valley,Department of Natural Resources State Park,DNR,State Recreation Area,TRUE,Spring-2021,10144,Spring,2021,10144,30730,Department of Natural Resources State Park,DNR,State Recreation Area,TRUE
Minnesota Valley,Department of Natural Resources State Park,DNR,State Recreation Area,TRUE,Summer-2018,6513,Summer,2018,6513,23626,Department of Natural Resources State Park,DNR,State Recreation Area,TRUE
Minnesota Valley,Department of Natural Resources State Park,DNR,State Recreation Area,TRUE,Summer-2019,3484,Summer,2019,3484,13517,Department of Natural Resources State Park,DNR,State Recreation Area,TRUE
Minnesota Valley,Department of Natural Resources State Park,DNR,State Recreation Area,TRUE,Summer-2020,11916,Summer,2020,11916,33887,Department of Natural Resources State Park,DNR,State Recreation Area,TRUE
Minnesota Valley,Department of Natural Resources State Park,DNR,State Recreation Area,TRUE,Summer-2021,9386,Summer,2021,9386,30730,Department of Natural Resources State Park,DNR,State Recreation Area,TRUE
Minnesota Valley,Department of Natural Resources State Park,DNR,State Recreation Area,TRUE,Winter-2018,6766,Winter,2018,6766,23626,Department of Natural Resources State Park,DNR,State Recreation Area,TRUE
Minnesota Valley,Department of Natural Resources State Park,DNR,State Recreation Area,TRUE,Winter-2019,4344,Winter,2019,4344,13517,Department of Natural Resources State Park,DNR,State Recreation Area,TRUE
Minnesota Valley,Department of Natural Resources State Park,DNR,State Recreation Area,TRUE,Winter-2020,2639,Winter,2020,2639,33887,Department of Natural Resources State Park,DNR,State Recreation Area,TRUE
Minnesota Valley,Department of Natural Resources State Park,DNR,State Recreation Area,TRUE,Winter-2021,5800,Winter,2021,5800,30730,Department of Natural Resources State Park,DNR,State Recreation Area,TRUE
Minnesota Valley,Department of Natural Resources State Park,DNR,State Recreation Area,TRUE,Winter-2022,578,Winter,2022,578,578,Department of Natural Resources State Park,DNR,State Recreation Area,TRUE
Mississippi Gateway,Metropolitan Regional Park System,Three Rivers Park District,Regional Park,TRUE,Fall-2018,13875,Fall,2018,13875,71466,Metropolitan Regional Park System,Three Rivers Park District,Regional Park,TRUE
Mississippi Gateway,Metropolitan Regional Park System,Three Rivers Park District,Regional Park,TRUE,Fall-2019,13851,Fall,2019,13851,77877,Metropolitan Regional Park System,Three Rivers Park District,Regional Park,TRUE
Mississippi Gateway,Metropolitan Regional Park System,Three Rivers Park District,Regional Park,TRUE,Fall-2020,21196,Fall,2020,21196,117145,Metropolitan Regional Park System,Three Rivers Park District,Regional Park,TRUE
Mississippi Gateway,Metropolitan Regional Park System,Three Rivers Park District,Regional Park,TRUE,Fall-2021,19077,Fall,2021,19077,95694,Metropolitan Regional Park System,Three Rivers Park District,Regional Park,TRUE
Mississippi Gateway,Metropolitan Regional Park System,Three Rivers Park District,Regional Park,TRUE,Spring-2018,16748,Spring,2018,16748,71466,Metropolitan Regional Park System,Three Rivers Park District,Regional Park,TRUE
Mississippi Gateway,Metropolitan Regional Park System,Three Rivers Park District,Regional Park,TRUE,Spring-2019,22295,Spring,2019,22295,77877,Metropolitan Regional Park System,Three Rivers Park District,Regional Park,TRUE
Mississippi Gateway,Metropolitan Regional Park System,Three Rivers Park District,Regional Park,TRUE,Spring-2020,36912,Spring,2020,36912,117145,Metropolitan Regional Park System,Three Rivers Park District,Regional Park,TRUE
Mississippi Gateway,Metropolitan Regional Park System,Three Rivers Park District,Regional Park,TRUE,Spring-2021,29277,Spring,2021,29277,95694,Metropolitan Regional Park System,Three Rivers Park District,Regional Park,TRUE
Mississippi Gateway,Metropolitan Regional Park System,Three Rivers Park District,Regional Park,TRUE,Summer-2018,36829,Summer,2018,36829,71466,Metropolitan Regional Park System,Three Rivers Park District,Regional Park,TRUE
Mississippi Gateway,Metropolitan Regional Park System,Three Rivers Park District,Regional Park,TRUE,Summer-2019,36071,Summer,2019,36071,77877,Metropolitan Regional Park System,Three Rivers Park District,Regional Park,TRUE
Mississippi Gateway,Metropolitan Regional Park System,Three Rivers Park District,Regional Park,TRUE,Summer-2020,53519,Summer,2020,53519,117145,Metropolitan Regional Park System,Three Rivers Park District,Regional Park,TRUE
Mississippi Gateway,Metropolitan Regional Park System,Three Rivers Park District,Regional Park,TRUE,Summer-2021,38223,Summer,2021,38223,95694,Metropolitan Regional Park System,Three Rivers Park District,Regional Park,TRUE
Mississippi Gateway,Metropolitan Regional Park System,Three Rivers Park District,Regional Park,TRUE,Winter-2018,4014,Winter,2018,4014,71466,Metropolitan Regional Park System,Three Rivers Park District,Regional Park,TRUE
Mississippi Gateway,Metropolitan Regional Park System,Three Rivers Park District,Regional Park,TRUE,Winter-2019,5660,Winter,2019,5660,77877,Metropolitan Regional Park System,Three Rivers Park District,Regional Park,TRUE
Mississippi Gateway,Metropolitan Regional Park System,Three Rivers Park District,Regional Park,TRUE,Winter-2020,5518,Winter,2020,5518,117145,Metropolitan Regional Park System,Three Rivers Park District,Regional Park,TRUE
Mississippi Gateway,Metropolitan Regional Park System,Three Rivers Park District,Regional Park,TRUE,Winter-2021,9117,Winter,2021,9117,95694,Metropolitan Regional Park System,Three Rivers Park District,Regional Park,TRUE
Mississippi Gateway,Metropolitan Regional Park System,Three Rivers Park District,Regional Park,TRUE,Winter-2022,1377,Winter,2022,1377,1377,Metropolitan Regional Park System,Three Rivers Park District,Regional Park,TRUE
Mississippi Gorge (Minneapolis Park and Recreation Board),Metropolitan Regional Park System,Minneapolis Park and Recreation Board,Regional Park,TRUE,Fall-2018,24434,Fall,2018,24434,91673,Metropolitan Regional Park System,Minneapolis Park and Recreation Board,Regional Park,TRUE
Mississippi Gorge (Minneapolis Park and Recreation Board),Metropolitan Regional Park System,Minneapolis Park and Recreation Board,Regional Park,TRUE,Fall-2019,20469,Fall,2019,20469,82601,Metropolitan Regional Park System,Minneapolis Park and Recreation Board,Regional Park,TRUE
Mississippi Gorge (Minneapolis Park and Recreation Board),Metropolitan Regional Park System,Minneapolis Park and Recreation Board,Regional Park,TRUE,Fall-2020,25656,Fall,2020,25656,90129,Metropolitan Regional Park System,Minneapolis Park and Recreation Board,Regional Park,TRUE
Mississippi Gorge (Minneapolis Park and Recreation Board),Metropolitan Regional Park System,Minneapolis Park and Recreation Board,Regional Park,TRUE,Fall-2021,25581,Fall,2021,25581,109796,Metropolitan Regional Park System,Minneapolis Park and Recreation Board,Regional Park,TRUE
Mississippi Gorge (Minneapolis Park and Recreation Board),Metropolitan Regional Park System,Minneapolis Park and Recreation Board,Regional Park,TRUE,Spring-2018,19327,Spring,2018,19327,91673,Metropolitan Regional Park System,Minneapolis Park and Recreation Board,Regional Park,TRUE
Mississippi Gorge (Minneapolis Park and Recreation Board),Metropolitan Regional Park System,Minneapolis Park and Recreation Board,Regional Park,TRUE,Spring-2019,21105,Spring,2019,21105,82601,Metropolitan Regional Park System,Minneapolis Park and Recreation Board,Regional Park,TRUE
Mississippi Gorge (Minneapolis Park and Recreation Board),Metropolitan Regional Park System,Minneapolis Park and Recreation Board,Regional Park,TRUE,Spring-2020,21666,Spring,2020,21666,90129,Metropolitan Regional Park System,Minneapolis Park and Recreation Board,Regional Park,TRUE
Mississippi Gorge (Minneapolis Park and Recreation Board),Metropolitan Regional Park System,Minneapolis Park and Recreation Board,Regional Park,TRUE,Spring-2021,33514,Spring,2021,33514,109796,Metropolitan Regional Park System,Minneapolis Park and Recreation Board,Regional Park,TRUE
Mississippi Gorge (Minneapolis Park and Recreation Board),Metropolitan Regional Park System,Minneapolis Park and Recreation Board,Regional Park,TRUE,Summer-2018,33157,Summer,2018,33157,91673,Metropolitan Regional Park System,Minneapolis Park and Recreation Board,Regional Park,TRUE
Mississippi Gorge (Minneapolis Park and Recreation Board),Metropolitan Regional Park System,Minneapolis Park and Recreation Board,Regional Park,TRUE,Summer-2019,31768,Summer,2019,31768,82601,Metropolitan Regional Park System,Minneapolis Park and Recreation Board,Regional Park,TRUE
Mississippi Gorge (Minneapolis Park and Recreation Board),Metropolitan Regional Park System,Minneapolis Park and Recreation Board,Regional Park,TRUE,Summer-2020,35749,Summer,2020,35749,90129,Metropolitan Regional Park System,Minneapolis Park and Recreation Board,Regional Park,TRUE
Mississippi Gorge (Minneapolis Park and Recreation Board),Metropolitan Regional Park System,Minneapolis Park and Recreation Board,Regional Park,TRUE,Summer-2021,39796,Summer,2021,39796,109796,Metropolitan Regional Park System,Minneapolis Park and Recreation Board,Regional Park,TRUE
Mississippi Gorge (Minneapolis Park and Recreation Board),Metropolitan Regional Park System,Minneapolis Park and Recreation Board,Regional Park,TRUE,Winter-2018,14755,Winter,2018,14755,91673,Metropolitan Regional Park System,Minneapolis Park and Recreation Board,Regional Park,TRUE
Mississippi Gorge (Minneapolis Park and Recreation Board),Metropolitan Regional Park System,Minneapolis Park and Recreation Board,Regional Park,TRUE,Winter-2019,9259,Winter,2019,9259,82601,Metropolitan Regional Park System,Minneapolis Park and Recreation Board,Regional Park,TRUE
Mississippi Gorge (Minneapolis Park and Recreation Board),Metropolitan Regional Park System,Minneapolis Park and Recreation Board,Regional Park,TRUE,Winter-2020,7058,Winter,2020,7058,90129,Metropolitan Regional Park System,Minneapolis Park and Recreation Board,Regional Park,TRUE
Mississippi Gorge (Minneapolis Park and Recreation Board),Metropolitan Regional Park System,Minneapolis Park and Recreation Board,Regional Park,TRUE,Winter-2021,10905,Winter,2021,10905,109796,Metropolitan Regional Park System,Minneapolis Park and Recreation Board,Regional Park,TRUE
Mississippi Gorge (Minneapolis Park and Recreation Board),Metropolitan Regional Park System,Minneapolis Park and Recreation Board,Regional Park,TRUE,Winter-2022,1082,Winter,2022,1082,1082,Metropolitan Regional Park System,Minneapolis Park and Recreation Board,Regional Park,TRUE
Mississippi Gorge (St. Paul Parks and Recreation),Metropolitan Regional Park System,St. Paul Parks and Recreation,Regional Park,TRUE,Fall-2018,14774,Fall,2018,14774,58133,Metropolitan Regional Park System,St. Paul Parks and Recreation,Regional Park,TRUE
Mississippi Gorge (St. Paul Parks and Recreation),Metropolitan Regional Park System,St. Paul Parks and Recreation,Regional Park,TRUE,Fall-2019,19525,Fall,2019,19525,76737,Metropolitan Regional Park System,St. Paul Parks and Recreation,Regional Park,TRUE
Mississippi Gorge (St. Paul Parks and Recreation),Metropolitan Regional Park System,St. Paul Parks and Recreation,Regional Park,TRUE,Fall-2020,36562,Fall,2020,36562,110223,Metropolitan Regional Park System,St. Paul Parks and Recreation,Regional Park,TRUE
Mississippi Gorge (St. Paul Parks and Recreation),Metropolitan Regional Park System,St. Paul Parks and Recreation,Regional Park,TRUE,Fall-2021,29506,Fall,2021,29506,105398,Metropolitan Regional Park System,St. Paul Parks and Recreation,Regional Park,TRUE
Mississippi Gorge (St. Paul Parks and Recreation),Metropolitan Regional Park System,St. Paul Parks and Recreation,Regional Park,TRUE,Spring-2018,13773,Spring,2018,13773,58133,Metropolitan Regional Park System,St. Paul Parks and Recreation,Regional Park,TRUE
Mississippi Gorge (St. Paul Parks and Recreation),Metropolitan Regional Park System,St. Paul Parks and Recreation,Regional Park,TRUE,Spring-2019,20960,Spring,2019,20960,76737,Metropolitan Regional Park System,St. Paul Parks and Recreation,Regional Park,TRUE
Mississippi Gorge (St. Paul Parks and Recreation),Metropolitan Regional Park System,St. Paul Parks and Recreation,Regional Park,TRUE,Spring-2020,24546,Spring,2020,24546,110223,Metropolitan Regional Park System,St. Paul Parks and Recreation,Regional Park,TRUE
Mississippi Gorge (St. Paul Parks and Recreation),Metropolitan Regional Park System,St. Paul Parks and Recreation,Regional Park,TRUE,Spring-2021,31311,Spring,2021,31311,105398,Metropolitan Regional Park System,St. Paul Parks and Recreation,Regional Park,TRUE
Mississippi Gorge (St. Paul Parks and Recreation),Metropolitan Regional Park System,St. Paul Parks and Recreation,Regional Park,TRUE,Summer-2018,25281,Summer,2018,25281,58133,Metropolitan Regional Park System,St. Paul Parks and Recreation,Regional Park,TRUE
Mississippi Gorge (St. Paul Parks and Recreation),Metropolitan Regional Park System,St. Paul Parks and Recreation,Regional Park,TRUE,Summer-2019,30837,Summer,2019,30837,76737,Metropolitan Regional Park System,St. Paul Parks and Recreation,Regional Park,TRUE
Mississippi Gorge (St. Paul Parks and Recreation),Metropolitan Regional Park System,St. Paul Parks and Recreation,Regional Park,TRUE,Summer-2020,42907,Summer,2020,42907,110223,Metropolitan Regional Park System,St. Paul Parks and Recreation,Regional Park,TRUE
Mississippi Gorge (St. Paul Parks and Recreation),Metropolitan Regional Park System,St. Paul Parks and Recreation,Regional Park,TRUE,Summer-2021,31146,Summer,2021,31146,105398,Metropolitan Regional Park System,St. Paul Parks and Recreation,Regional Park,TRUE
Mississippi Gorge (St. Paul Parks and Recreation),Metropolitan Regional Park System,St. Paul Parks and Recreation,Regional Park,TRUE,Winter-2018,4305,Winter,2018,4305,58133,Metropolitan Regional Park System,St. Paul Parks and Recreation,Regional Park,TRUE
Mississippi Gorge (St. Paul Parks and Recreation),Metropolitan Regional Park System,St. Paul Parks and Recreation,Regional Park,TRUE,Winter-2019,5415,Winter,2019,5415,76737,Metropolitan Regional Park System,St. Paul Parks and Recreation,Regional Park,TRUE
Mississippi Gorge (St. Paul Parks and Recreation),Metropolitan Regional Park System,St. Paul Parks and Recreation,Regional Park,TRUE,Winter-2020,6208,Winter,2020,6208,110223,Metropolitan Regional Park System,St. Paul Parks and Recreation,Regional Park,TRUE
Mississippi Gorge (St. Paul Parks and Recreation),Metropolitan Regional Park System,St. Paul Parks and Recreation,Regional Park,TRUE,Winter-2021,13435,Winter,2021,13435,105398,Metropolitan Regional Park System,St. Paul Parks and Recreation,Regional Park,TRUE
Mississippi Gorge (St. Paul Parks and Recreation),Metropolitan Regional Park System,St. Paul Parks and Recreation,Regional Park,TRUE,Winter-2022,2449,Winter,2022,2449,2449,Metropolitan Regional Park System,St. Paul Parks and Recreation,Regional Park,TRUE
Mississippi River Park (GRPC),Greater Minnesota Regional Parks & Trails,Greater MN,Regional Park,TRUE,Fall-2018,1873,Fall,2018,1873,9300,Greater Minnesota Regional Parks & Trails,Greater MN,Regional Park,TRUE
Mississippi River Park (GRPC),Greater Minnesota Regional Parks & Trails,Greater MN,Regional Park,TRUE,Fall-2019,2899,Fall,2019,2899,12357,Greater Minnesota Regional Parks & Trails,Greater MN,Regional Park,TRUE
Mississippi River Park (GRPC),Greater Minnesota Regional Parks & Trails,Greater MN,Regional Park,TRUE,Fall-2020,5845,Fall,2020,5845,20788,Greater Minnesota Regional Parks & Trails,Greater MN,Regional Park,TRUE
Mississippi River Park (GRPC),Greater Minnesota Regional Parks & Trails,Greater MN,Regional Park,TRUE,Fall-2021,3785,Fall,2021,3785,19383,Greater Minnesota Regional Parks & Trails,Greater MN,Regional Park,TRUE
Mississippi River Park (GRPC),Greater Minnesota Regional Parks & Trails,Greater MN,Regional Park,TRUE,Spring-2018,2075,Spring,2018,2075,9300,Greater Minnesota Regional Parks & Trails,Greater MN,Regional Park,TRUE
Mississippi River Park (GRPC),Greater Minnesota Regional Parks & Trails,Greater MN,Regional Park,TRUE,Spring-2019,3113,Spring,2019,3113,12357,Greater Minnesota Regional Parks & Trails,Greater MN,Regional Park,TRUE
Mississippi River Park (GRPC),Greater Minnesota Regional Parks & Trails,Greater MN,Regional Park,TRUE,Spring-2020,6246,Spring,2020,6246,20788,Greater Minnesota Regional Parks & Trails,Greater MN,Regional Park,TRUE
Mississippi River Park (GRPC),Greater Minnesota Regional Parks & Trails,Greater MN,Regional Park,TRUE,Spring-2021,4742,Spring,2021,4742,19383,Greater Minnesota Regional Parks & Trails,Greater MN,Regional Park,TRUE
Mississippi River Park (GRPC),Greater Minnesota Regional Parks & Trails,Greater MN,Regional Park,TRUE,Summer-2018,3620,Summer,2018,3620,9300,Greater Minnesota Regional Parks & Trails,Greater MN,Regional Park,TRUE
Mississippi River Park (GRPC),Greater Minnesota Regional Parks & Trails,Greater MN,Regional Park,TRUE,Summer-2019,4451,Summer,2019,4451,12357,Greater Minnesota Regional Parks & Trails,Greater MN,Regional Park,TRUE
Mississippi River Park (GRPC),Greater Minnesota Regional Parks & Trails,Greater MN,Regional Park,TRUE,Summer-2020,6659,Summer,2020,6659,20788,Greater Minnesota Regional Parks & Trails,Greater MN,Regional Park,TRUE
Mississippi River Park (GRPC),Greater Minnesota Regional Parks & Trails,Greater MN,Regional Park,TRUE,Summer-2021,7652,Summer,2021,7652,19383,Greater Minnesota Regional Parks & Trails,Greater MN,Regional Park,TRUE
Mississippi River Park (GRPC),Greater Minnesota Regional Parks & Trails,Greater MN,Regional Park,TRUE,Winter-2018,1732,Winter,2018,1732,9300,Greater Minnesota Regional Parks & Trails,Greater MN,Regional Park,TRUE
Mississippi River Park (GRPC),Greater Minnesota Regional Parks & Trails,Greater MN,Regional Park,TRUE,Winter-2019,1894,Winter,2019,1894,12357,Greater Minnesota Regional Parks & Trails,Greater MN,Regional Park,TRUE
Mississippi River Park (GRPC),Greater Minnesota Regional Parks & Trails,Greater MN,Regional Park,TRUE,Winter-2020,2038,Winter,2020,2038,20788,Greater Minnesota Regional Parks & Trails,Greater MN,Regional Park,TRUE
Mississippi River Park (GRPC),Greater Minnesota Regional Parks & Trails,Greater MN,Regional Park,TRUE,Winter-2021,3204,Winter,2021,3204,19383,Greater Minnesota Regional Parks & Trails,Greater MN,Regional Park,TRUE
Mississippi River Park (GRPC),Greater Minnesota Regional Parks & Trails,Greater MN,Regional Park,TRUE,Winter-2022,646,Winter,2022,646,646,Greater Minnesota Regional Parks & Trails,Greater MN,Regional Park,TRUE
Mississippi West,Metropolitan Regional Park System,Anoka County Parks and Recreation,Regional Park,TRUE,Fall-2018,2477,Fall,2018,2477,14293,Metropolitan Regional Park System,Anoka County Parks and Recreation,Regional Park,TRUE
Mississippi West,Metropolitan Regional Park System,Anoka County Parks and Recreation,Regional Park,TRUE,Fall-2019,1938,Fall,2019,1938,11340,Metropolitan Regional Park System,Anoka County Parks and Recreation,Regional Park,TRUE
Mississippi West,Metropolitan Regional Park System,Anoka County Parks and Recreation,Regional Park,TRUE,Fall-2020,3653,Fall,2020,3653,17857,Metropolitan Regional Park System,Anoka County Parks and Recreation,Regional Park,TRUE
Mississippi West,Metropolitan Regional Park System,Anoka County Parks and Recreation,Regional Park,TRUE,Fall-2021,2967,Fall,2021,2967,14538,Metropolitan Regional Park System,Anoka County Parks and Recreation,Regional Park,TRUE
Mississippi West,Metropolitan Regional Park System,Anoka County Parks and Recreation,Regional Park,TRUE,Spring-2018,3607,Spring,2018,3607,14293,Metropolitan Regional Park System,Anoka County Parks and Recreation,Regional Park,TRUE
Mississippi West,Metropolitan Regional Park System,Anoka County Parks and Recreation,Regional Park,TRUE,Spring-2019,3690,Spring,2019,3690,11340,Metropolitan Regional Park System,Anoka County Parks and Recreation,Regional Park,TRUE
Mississippi West,Metropolitan Regional Park System,Anoka County Parks and Recreation,Regional Park,TRUE,Spring-2020,5534,Spring,2020,5534,17857,Metropolitan Regional Park System,Anoka County Parks and Recreation,Regional Park,TRUE
Mississippi West,Metropolitan Regional Park System,Anoka County Parks and Recreation,Regional Park,TRUE,Spring-2021,4367,Spring,2021,4367,14538,Metropolitan Regional Park System,Anoka County Parks and Recreation,Regional Park,TRUE
Mississippi West,Metropolitan Regional Park System,Anoka County Parks and Recreation,Regional Park,TRUE,Summer-2018,5901,Summer,2018,5901,14293,Metropolitan Regional Park System,Anoka County Parks and Recreation,Regional Park,TRUE
Mississippi West,Metropolitan Regional Park System,Anoka County Parks and Recreation,Regional Park,TRUE,Summer-2019,4305,Summer,2019,4305,11340,Metropolitan Regional Park System,Anoka County Parks and Recreation,Regional Park,TRUE
Mississippi West,Metropolitan Regional Park System,Anoka County Parks and Recreation,Regional Park,TRUE,Summer-2020,7425,Summer,2020,7425,17857,Metropolitan Regional Park System,Anoka County Parks and Recreation,Regional Park,TRUE
Mississippi West,Metropolitan Regional Park System,Anoka County Parks and Recreation,Regional Park,TRUE,Summer-2021,5353,Summer,2021,5353,14538,Metropolitan Regional Park System,Anoka County Parks and Recreation,Regional Park,TRUE
Mississippi West,Metropolitan Regional Park System,Anoka County Parks and Recreation,Regional Park,TRUE,Winter-2018,2308,Winter,2018,2308,14293,Metropolitan Regional Park System,Anoka County Parks and Recreation,Regional Park,TRUE
Mississippi West,Metropolitan Regional Park System,Anoka County Parks and Recreation,Regional Park,TRUE,Winter-2019,1407,Winter,2019,1407,11340,Metropolitan Regional Park System,Anoka County Parks and Recreation,Regional Park,TRUE
Mississippi West,Metropolitan Regional Park System,Anoka County Parks and Recreation,Regional Park,TRUE,Winter-2020,1245,Winter,2020,1245,17857,Metropolitan Regional Park System,Anoka County Parks and Recreation,Regional Park,TRUE
Mississippi West,Metropolitan Regional Park System,Anoka County Parks and Recreation,Regional Park,TRUE,Winter-2021,1851,Winter,2021,1851,14538,Metropolitan Regional Park System,Anoka County Parks and Recreation,Regional Park,TRUE
Mississippi West,Metropolitan Regional Park System,Anoka County Parks and Recreation,Regional Park,TRUE,Winter-2022,568,Winter,2022,568,568,Metropolitan Regional Park System,Anoka County Parks and Recreation,Regional Park,TRUE
Monson Lake,Department of Natural Resources State Park,DNR,State Park,TRUE,Fall-2018,2659,Fall,2018,2659,11292,Department of Natural Resources State Park,DNR,State Park,TRUE
Monson Lake,Department of Natural Resources State Park,DNR,State Park,TRUE,Fall-2019,1105,Fall,2019,1105,6313,Department of Natural Resources State Park,DNR,State Park,TRUE
Monson Lake,Department of Natural Resources State Park,DNR,State Park,TRUE,Fall-2020,982,Fall,2020,982,5981,Department of Natural Resources State Park,DNR,State Park,TRUE
Monson Lake,Department of Natural Resources State Park,DNR,State Park,TRUE,Fall-2021,842,Fall,2021,842,4991,Department of Natural Resources State Park,DNR,State Park,TRUE
Monson Lake,Department of Natural Resources State Park,DNR,State Park,TRUE,Spring-2018,2950,Spring,2018,2950,11292,Department of Natural Resources State Park,DNR,State Park,TRUE
Monson Lake,Department of Natural Resources State Park,DNR,State Park,TRUE,Spring-2019,1033,Spring,2019,1033,6313,Department of Natural Resources State Park,DNR,State Park,TRUE
Monson Lake,Department of Natural Resources State Park,DNR,State Park,TRUE,Spring-2020,1227,Spring,2020,1227,5981,Department of Natural Resources State Park,DNR,State Park,TRUE
Monson Lake,Department of Natural Resources State Park,DNR,State Park,TRUE,Spring-2021,1140,Spring,2021,1140,4991,Department of Natural Resources State Park,DNR,State Park,TRUE
Monson Lake,Department of Natural Resources State Park,DNR,State Park,TRUE,Summer-2018,3888,Summer,2018,3888,11292,Department of Natural Resources State Park,DNR,State Park,TRUE
Monson Lake,Department of Natural Resources State Park,DNR,State Park,TRUE,Summer-2019,3411,Summer,2019,3411,6313,Department of Natural Resources State Park,DNR,State Park,TRUE
Monson Lake,Department of Natural Resources State Park,DNR,State Park,TRUE,Summer-2020,3136,Summer,2020,3136,5981,Department of Natural Resources State Park,DNR,State Park,TRUE
Monson Lake,Department of Natural Resources State Park,DNR,State Park,TRUE,Summer-2021,1954,Summer,2021,1954,4991,Department of Natural Resources State Park,DNR,State Park,TRUE
Monson Lake,Department of Natural Resources State Park,DNR,State Park,TRUE,Winter-2018,1795,Winter,2018,1795,11292,Department of Natural Resources State Park,DNR,State Park,TRUE
Monson Lake,Department of Natural Resources State Park,DNR,State Park,TRUE,Winter-2019,764,Winter,2019,764,6313,Department of Natural Resources State Park,DNR,State Park,TRUE
Monson Lake,Department of Natural Resources State Park,DNR,State Park,TRUE,Winter-2020,636,Winter,2020,636,5981,Department of Natural Resources State Park,DNR,State Park,TRUE
Monson Lake,Department of Natural Resources State Park,DNR,State Park,TRUE,Winter-2021,1055,Winter,2021,1055,4991,Department of Natural Resources State Park,DNR,State Park,TRUE
Monson Lake,Department of Natural Resources State Park,DNR,State Park,TRUE,Winter-2022,222,Winter,2022,222,222,Department of Natural Resources State Park,DNR,State Park,TRUE
Moose Lake,Department of Natural Resources State Park,DNR,State Park,TRUE,Fall-2018,7832,Fall,2018,7832,37588,Department of Natural Resources State Park,DNR,State Park,TRUE
Moose Lake,Department of Natural Resources State Park,DNR,State Park,TRUE,Fall-2019,3531,Fall,2019,3531,26312,Department of Natural Resources State Park,DNR,State Park,TRUE
Moose Lake,Department of Natural Resources State Park,DNR,State Park,TRUE,Fall-2020,4895,Fall,2020,4895,28051,Department of Natural Resources State Park,DNR,State Park,TRUE
Moose Lake,Department of Natural Resources State Park,DNR,State Park,TRUE,Fall-2021,4264,Fall,2021,4264,24710,Department of Natural Resources State Park,DNR,State Park,TRUE
Moose Lake,Department of Natural Resources State Park,DNR,State Park,TRUE,Spring-2018,5314,Spring,2018,5314,37588,Department of Natural Resources State Park,DNR,State Park,TRUE
Moose Lake,Department of Natural Resources State Park,DNR,State Park,TRUE,Spring-2019,3890,Spring,2019,3890,26312,Department of Natural Resources State Park,DNR,State Park,TRUE
Moose Lake,Department of Natural Resources State Park,DNR,State Park,TRUE,Spring-2020,2951,Spring,2020,2951,28051,Department of Natural Resources State Park,DNR,State Park,TRUE
Moose Lake,Department of Natural Resources State Park,DNR,State Park,TRUE,Spring-2021,4004,Spring,2021,4004,24710,Department of Natural Resources State Park,DNR,State Park,TRUE
Moose Lake,Department of Natural Resources State Park,DNR,State Park,TRUE,Summer-2018,21385,Summer,2018,21385,37588,Department of Natural Resources State Park,DNR,State Park,TRUE
Moose Lake,Department of Natural Resources State Park,DNR,State Park,TRUE,Summer-2019,16487,Summer,2019,16487,26312,Department of Natural Resources State Park,DNR,State Park,TRUE
Moose Lake,Department of Natural Resources State Park,DNR,State Park,TRUE,Summer-2020,18647,Summer,2020,18647,28051,Department of Natural Resources State Park,DNR,State Park,TRUE
Moose Lake,Department of Natural Resources State Park,DNR,State Park,TRUE,Summer-2021,13678,Summer,2021,13678,24710,Department of Natural Resources State Park,DNR,State Park,TRUE
Moose Lake,Department of Natural Resources State Park,DNR,State Park,TRUE,Winter-2018,3057,Winter,2018,3057,37588,Department of Natural Resources State Park,DNR,State Park,TRUE
Moose Lake,Department of Natural Resources State Park,DNR,State Park,TRUE,Winter-2019,2404,Winter,2019,2404,26312,Department of Natural Resources State Park,DNR,State Park,TRUE
Moose Lake,Department of Natural Resources State Park,DNR,State Park,TRUE,Winter-2020,1558,Winter,2020,1558,28051,Department of Natural Resources State Park,DNR,State Park,TRUE
Moose Lake,Department of Natural Resources State Park,DNR,State Park,TRUE,Winter-2021,2764,Winter,2021,2764,24710,Department of Natural Resources State Park,DNR,State Park,TRUE
Moose Lake,Department of Natural Resources State Park,DNR,State Park,TRUE,Winter-2022,265,Winter,2022,265,265,Department of Natural Resources State Park,DNR,State Park,TRUE
Murphy-Hanrehan,Metropolitan Regional Park System,Three Rivers Park District,Regional Park,TRUE,Fall-2018,18441,Fall,2018,18441,63963,Metropolitan Regional Park System,Three Rivers Park District,Regional Park,TRUE
Murphy-Hanrehan,Metropolitan Regional Park System,Three Rivers Park District,Regional Park,TRUE,Fall-2019,19116,Fall,2019,19116,66641,Metropolitan Regional Park System,Three Rivers Park District,Regional Park,TRUE
Murphy-Hanrehan,Metropolitan Regional Park System,Three Rivers Park District,Regional Park,TRUE,Fall-2020,27559,Fall,2020,27559,108983,Metropolitan Regional Park System,Three Rivers Park District,Regional Park,TRUE
Murphy-Hanrehan,Metropolitan Regional Park System,Three Rivers Park District,Regional Park,TRUE,Fall-2021,24552,Fall,2021,24552,94247,Metropolitan Regional Park System,Three Rivers Park District,Regional Park,TRUE
Murphy-Hanrehan,Metropolitan Regional Park System,Three Rivers Park District,Regional Park,TRUE,Spring-2018,12120,Spring,2018,12120,63963,Metropolitan Regional Park System,Three Rivers Park District,Regional Park,TRUE
Murphy-Hanrehan,Metropolitan Regional Park System,Three Rivers Park District,Regional Park,TRUE,Spring-2019,13248,Spring,2019,13248,66641,Metropolitan Regional Park System,Three Rivers Park District,Regional Park,TRUE
Murphy-Hanrehan,Metropolitan Regional Park System,Three Rivers Park District,Regional Park,TRUE,Spring-2020,35318,Spring,2020,35318,108983,Metropolitan Regional Park System,Three Rivers Park District,Regional Park,TRUE
Murphy-Hanrehan,Metropolitan Regional Park System,Three Rivers Park District,Regional Park,TRUE,Spring-2021,22856,Spring,2021,22856,94247,Metropolitan Regional Park System,Three Rivers Park District,Regional Park,TRUE
Murphy-Hanrehan,Metropolitan Regional Park System,Three Rivers Park District,Regional Park,TRUE,Summer-2018,30813,Summer,2018,30813,63963,Metropolitan Regional Park System,Three Rivers Park District,Regional Park,TRUE
Murphy-Hanrehan,Metropolitan Regional Park System,Three Rivers Park District,Regional Park,TRUE,Summer-2019,27073,Summer,2019,27073,66641,Metropolitan Regional Park System,Three Rivers Park District,Regional Park,TRUE
Murphy-Hanrehan,Metropolitan Regional Park System,Three Rivers Park District,Regional Park,TRUE,Summer-2020,38239,Summer,2020,38239,108983,Metropolitan Regional Park System,Three Rivers Park District,Regional Park,TRUE
Murphy-Hanrehan,Metropolitan Regional Park System,Three Rivers Park District,Regional Park,TRUE,Summer-2021,28371,Summer,2021,28371,94247,Metropolitan Regional Park System,Three Rivers Park District,Regional Park,TRUE
Murphy-Hanrehan,Metropolitan Regional Park System,Three Rivers Park District,Regional Park,TRUE,Winter-2018,2589,Winter,2018,2589,63963,Metropolitan Regional Park System,Three Rivers Park District,Regional Park,TRUE
Murphy-Hanrehan,Metropolitan Regional Park System,Three Rivers Park District,Regional Park,TRUE,Winter-2019,7204,Winter,2019,7204,66641,Metropolitan Regional Park System,Three Rivers Park District,Regional Park,TRUE
Murphy-Hanrehan,Metropolitan Regional Park System,Three Rivers Park District,Regional Park,TRUE,Winter-2020,7867,Winter,2020,7867,108983,Metropolitan Regional Park System,Three Rivers Park District,Regional Park,TRUE
Murphy-Hanrehan,Metropolitan Regional Park System,Three Rivers Park District,Regional Park,TRUE,Winter-2021,18468,Winter,2021,18468,94247,Metropolitan Regional Park System,Three Rivers Park District,Regional Park,TRUE
Murphy-Hanrehan,Metropolitan Regional Park System,Three Rivers Park District,Regional Park,TRUE,Winter-2022,2223,Winter,2022,2223,2223,Metropolitan Regional Park System,Three Rivers Park District,Regional Park,TRUE
Myre-Big Island,Department of Natural Resources State Park,DNR,State Park,TRUE,Fall-2018,12252,Fall,2018,12252,52903,Department of Natural Resources State Park,DNR,State Park,TRUE
Myre-Big Island,Department of Natural Resources State Park,DNR,State Park,TRUE,Fall-2019,7143,Fall,2019,7143,37724,Department of Natural Resources State Park,DNR,State Park,TRUE
Myre-Big Island,Department of Natural Resources State Park,DNR,State Park,TRUE,Fall-2020,9840,Fall,2020,9840,38577,Department of Natural Resources State Park,DNR,State Park,TRUE
Myre-Big Island,Department of Natural Resources State Park,DNR,State Park,TRUE,Fall-2021,8504,Fall,2021,8504,41422,Department of Natural Resources State Park,DNR,State Park,TRUE
Myre-Big Island,Department of Natural Resources State Park,DNR,State Park,TRUE,Spring-2018,13733,Spring,2018,13733,52903,Department of Natural Resources State Park,DNR,State Park,TRUE
Myre-Big Island,Department of Natural Resources State Park,DNR,State Park,TRUE,Spring-2019,7734,Spring,2019,7734,37724,Department of Natural Resources State Park,DNR,State Park,TRUE
Myre-Big Island,Department of Natural Resources State Park,DNR,State Park,TRUE,Spring-2020,8949,Spring,2020,8949,38577,Department of Natural Resources State Park,DNR,State Park,TRUE
Myre-Big Island,Department of Natural Resources State Park,DNR,State Park,TRUE,Spring-2021,10194,Spring,2021,10194,41422,Department of Natural Resources State Park,DNR,State Park,TRUE
Myre-Big Island,Department of Natural Resources State Park,DNR,State Park,TRUE,Summer-2018,23394,Summer,2018,23394,52903,Department of Natural Resources State Park,DNR,State Park,TRUE
Myre-Big Island,Department of Natural Resources State Park,DNR,State Park,TRUE,Summer-2019,20216,Summer,2019,20216,37724,Department of Natural Resources State Park,DNR,State Park,TRUE
Myre-Big Island,Department of Natural Resources State Park,DNR,State Park,TRUE,Summer-2020,17291,Summer,2020,17291,38577,Department of Natural Resources State Park,DNR,State Park,TRUE
Myre-Big Island,Department of Natural Resources State Park,DNR,State Park,TRUE,Summer-2021,19265,Summer,2021,19265,41422,Department of Natural Resources State Park,DNR,State Park,TRUE
Myre-Big Island,Department of Natural Resources State Park,DNR,State Park,TRUE,Winter-2018,3524,Winter,2018,3524,52903,Department of Natural Resources State Park,DNR,State Park,TRUE
Myre-Big Island,Department of Natural Resources State Park,DNR,State Park,TRUE,Winter-2019,2631,Winter,2019,2631,37724,Department of Natural Resources State Park,DNR,State Park,TRUE
Myre-Big Island,Department of Natural Resources State Park,DNR,State Park,TRUE,Winter-2020,2497,Winter,2020,2497,38577,Department of Natural Resources State Park,DNR,State Park,TRUE
Myre-Big Island,Department of Natural Resources State Park,DNR,State Park,TRUE,Winter-2021,3459,Winter,2021,3459,41422,Department of Natural Resources State Park,DNR,State Park,TRUE
Myre-Big Island,Department of Natural Resources State Park,DNR,State Park,TRUE,Winter-2022,596,Winter,2022,596,596,Department of Natural Resources State Park,DNR,State Park,TRUE
Nerstrand Big Woods,Department of Natural Resources State Park,DNR,State Park,TRUE,Fall-2018,12991,Fall,2018,12991,51518,Department of Natural Resources State Park,DNR,State Park,TRUE
Nerstrand Big Woods,Department of Natural Resources State Park,DNR,State Park,TRUE,Fall-2019,11649,Fall,2019,11649,47256,Department of Natural Resources State Park,DNR,State Park,TRUE
Nerstrand Big Woods,Department of Natural Resources State Park,DNR,State Park,TRUE,Fall-2020,27983,Fall,2020,27983,125349,Department of Natural Resources State Park,DNR,State Park,TRUE
Nerstrand Big Woods,Department of Natural Resources State Park,DNR,State Park,TRUE,Fall-2021,11839,Fall,2021,11839,55906,Department of Natural Resources State Park,DNR,State Park,TRUE
Nerstrand Big Woods,Department of Natural Resources State Park,DNR,State Park,TRUE,Spring-2018,11600,Spring,2018,11600,51518,Department of Natural Resources State Park,DNR,State Park,TRUE
Nerstrand Big Woods,Department of Natural Resources State Park,DNR,State Park,TRUE,Spring-2019,8461,Spring,2019,8461,47256,Department of Natural Resources State Park,DNR,State Park,TRUE
Nerstrand Big Woods,Department of Natural Resources State Park,DNR,State Park,TRUE,Spring-2020,29832,Spring,2020,29832,125349,Department of Natural Resources State Park,DNR,State Park,TRUE
Nerstrand Big Woods,Department of Natural Resources State Park,DNR,State Park,TRUE,Spring-2021,17499,Spring,2021,17499,55906,Department of Natural Resources State Park,DNR,State Park,TRUE
Nerstrand Big Woods,Department of Natural Resources State Park,DNR,State Park,TRUE,Summer-2018,24908,Summer,2018,24908,51518,Department of Natural Resources State Park,DNR,State Park,TRUE
Nerstrand Big Woods,Department of Natural Resources State Park,DNR,State Park,TRUE,Summer-2019,24023,Summer,2019,24023,47256,Department of Natural Resources State Park,DNR,State Park,TRUE
Nerstrand Big Woods,Department of Natural Resources State Park,DNR,State Park,TRUE,Summer-2020,64869,Summer,2020,64869,125349,Department of Natural Resources State Park,DNR,State Park,TRUE
Nerstrand Big Woods,Department of Natural Resources State Park,DNR,State Park,TRUE,Summer-2021,21112,Summer,2021,21112,55906,Department of Natural Resources State Park,DNR,State Park,TRUE
Nerstrand Big Woods,Department of Natural Resources State Park,DNR,State Park,TRUE,Winter-2018,2019,Winter,2018,2019,51518,Department of Natural Resources State Park,DNR,State Park,TRUE
Nerstrand Big Woods,Department of Natural Resources State Park,DNR,State Park,TRUE,Winter-2019,3123,Winter,2019,3123,47256,Department of Natural Resources State Park,DNR,State Park,TRUE
Nerstrand Big Woods,Department of Natural Resources State Park,DNR,State Park,TRUE,Winter-2020,2665,Winter,2020,2665,125349,Department of Natural Resources State Park,DNR,State Park,TRUE
Nerstrand Big Woods,Department of Natural Resources State Park,DNR,State Park,TRUE,Winter-2021,5456,Winter,2021,5456,55906,Department of Natural Resources State Park,DNR,State Park,TRUE
Nerstrand Big Woods,Department of Natural Resources State Park,DNR,State Park,TRUE,Winter-2022,397,Winter,2022,397,397,Department of Natural Resources State Park,DNR,State Park,TRUE
Ney Nature Center,Eligible for Greater Minnesota Designation,Eligible Greater MN,Eligible Regional Park,FALSE,Fall-2018,3771,Fall,2018,3771,12069,Eligible for Greater Minnesota Designation,Eligible Greater MN,Eligible Regional Park,FALSE
Ney Nature Center,Eligible for Greater Minnesota Designation,Eligible Greater MN,Eligible Regional Park,FALSE,Fall-2019,3358,Fall,2019,3358,10225,Eligible for Greater Minnesota Designation,Eligible Greater MN,Eligible Regional Park,FALSE
Ney Nature Center,Eligible for Greater Minnesota Designation,Eligible Greater MN,Eligible Regional Park,FALSE,Fall-2020,6740,Fall,2020,6740,16521,Eligible for Greater Minnesota Designation,Eligible Greater MN,Eligible Regional Park,FALSE
Ney Nature Center,Eligible for Greater Minnesota Designation,Eligible Greater MN,Eligible Regional Park,FALSE,Fall-2021,3456,Fall,2021,3456,15597,Eligible for Greater Minnesota Designation,Eligible Greater MN,Eligible Regional Park,FALSE
Ney Nature Center,Eligible for Greater Minnesota Designation,Eligible Greater MN,Eligible Regional Park,FALSE,Spring-2018,1712,Spring,2018,1712,12069,Eligible for Greater Minnesota Designation,Eligible Greater MN,Eligible Regional Park,FALSE
Ney Nature Center,Eligible for Greater Minnesota Designation,Eligible Greater MN,Eligible Regional Park,FALSE,Spring-2019,2396,Spring,2019,2396,10225,Eligible for Greater Minnesota Designation,Eligible Greater MN,Eligible Regional Park,FALSE
Ney Nature Center,Eligible for Greater Minnesota Designation,Eligible Greater MN,Eligible Regional Park,FALSE,Spring-2020,3197,Spring,2020,3197,16521,Eligible for Greater Minnesota Designation,Eligible Greater MN,Eligible Regional Park,FALSE
Ney Nature Center,Eligible for Greater Minnesota Designation,Eligible Greater MN,Eligible Regional Park,FALSE,Spring-2021,3589,Spring,2021,3589,15597,Eligible for Greater Minnesota Designation,Eligible Greater MN,Eligible Regional Park,FALSE
Ney Nature Center,Eligible for Greater Minnesota Designation,Eligible Greater MN,Eligible Regional Park,FALSE,Summer-2018,4589,Summer,2018,4589,12069,Eligible for Greater Minnesota Designation,Eligible Greater MN,Eligible Regional Park,FALSE
Ney Nature Center,Eligible for Greater Minnesota Designation,Eligible Greater MN,Eligible Regional Park,FALSE,Summer-2019,3285,Summer,2019,3285,10225,Eligible for Greater Minnesota Designation,Eligible Greater MN,Eligible Regional Park,FALSE
Ney Nature Center,Eligible for Greater Minnesota Designation,Eligible Greater MN,Eligible Regional Park,FALSE,Summer-2020,4778,Summer,2020,4778,16521,Eligible for Greater Minnesota Designation,Eligible Greater MN,Eligible Regional Park,FALSE
Ney Nature Center,Eligible for Greater Minnesota Designation,Eligible Greater MN,Eligible Regional Park,FALSE,Summer-2021,3249,Summer,2021,3249,15597,Eligible for Greater Minnesota Designation,Eligible Greater MN,Eligible Regional Park,FALSE
Ney Nature Center,Eligible for Greater Minnesota Designation,Eligible Greater MN,Eligible Regional Park,FALSE,Winter-2018,1997,Winter,2018,1997,12069,Eligible for Greater Minnesota Designation,Eligible Greater MN,Eligible Regional Park,FALSE
Ney Nature Center,Eligible for Greater Minnesota Designation,Eligible Greater MN,Eligible Regional Park,FALSE,Winter-2019,1186,Winter,2019,1186,10225,Eligible for Greater Minnesota Designation,Eligible Greater MN,Eligible Regional Park,FALSE
Ney Nature Center,Eligible for Greater Minnesota Designation,Eligible Greater MN,Eligible Regional Park,FALSE,Winter-2020,1806,Winter,2020,1806,16521,Eligible for Greater Minnesota Designation,Eligible Greater MN,Eligible Regional Park,FALSE
Ney Nature Center,Eligible for Greater Minnesota Designation,Eligible Greater MN,Eligible Regional Park,FALSE,Winter-2021,5303,Winter,2021,5303,15597,Eligible for Greater Minnesota Designation,Eligible Greater MN,Eligible Regional Park,FALSE
Ney Nature Center,Eligible for Greater Minnesota Designation,Eligible Greater MN,Eligible Regional Park,FALSE,Winter-2022,219,Winter,2022,219,219,Eligible for Greater Minnesota Designation,Eligible Greater MN,Eligible Regional Park,FALSE
Noerenberg Gardens,Metropolitan Regional Park System,Three Rivers Park District,Regional Park,TRUE,Fall-2018,4870,Fall,2018,4870,19186,Metropolitan Regional Park System,Three Rivers Park District,Regional Park,TRUE
Noerenberg Gardens,Metropolitan Regional Park System,Three Rivers Park District,Regional Park,TRUE,Fall-2019,6776,Fall,2019,6776,24725,Metropolitan Regional Park System,Three Rivers Park District,Regional Park,TRUE
Noerenberg Gardens,Metropolitan Regional Park System,Three Rivers Park District,Regional Park,TRUE,Fall-2020,6751,Fall,2020,6751,29232,Metropolitan Regional Park System,Three Rivers Park District,Regional Park,TRUE
Noerenberg Gardens,Metropolitan Regional Park System,Three Rivers Park District,Regional Park,TRUE,Fall-2021,10244,Fall,2021,10244,35842,Metropolitan Regional Park System,Three Rivers Park District,Regional Park,TRUE
Noerenberg Gardens,Metropolitan Regional Park System,Three Rivers Park District,Regional Park,TRUE,Spring-2018,3717,Spring,2018,3717,19186,Metropolitan Regional Park System,Three Rivers Park District,Regional Park,TRUE
Noerenberg Gardens,Metropolitan Regional Park System,Three Rivers Park District,Regional Park,TRUE,Spring-2019,5349,Spring,2019,5349,24725,Metropolitan Regional Park System,Three Rivers Park District,Regional Park,TRUE
Noerenberg Gardens,Metropolitan Regional Park System,Three Rivers Park District,Regional Park,TRUE,Spring-2020,2100,Spring,2020,2100,29232,Metropolitan Regional Park System,Three Rivers Park District,Regional Park,TRUE
Noerenberg Gardens,Metropolitan Regional Park System,Three Rivers Park District,Regional Park,TRUE,Spring-2021,10035,Spring,2021,10035,35842,Metropolitan Regional Park System,Three Rivers Park District,Regional Park,TRUE
Noerenberg Gardens,Metropolitan Regional Park System,Three Rivers Park District,Regional Park,TRUE,Summer-2018,9328,Summer,2018,9328,19186,Metropolitan Regional Park System,Three Rivers Park District,Regional Park,TRUE
Noerenberg Gardens,Metropolitan Regional Park System,Three Rivers Park District,Regional Park,TRUE,Summer-2019,12099,Summer,2019,12099,24725,Metropolitan Regional Park System,Three Rivers Park District,Regional Park,TRUE
Noerenberg Gardens,Metropolitan Regional Park System,Three Rivers Park District,Regional Park,TRUE,Summer-2020,19932,Summer,2020,19932,29232,Metropolitan Regional Park System,Three Rivers Park District,Regional Park,TRUE
Noerenberg Gardens,Metropolitan Regional Park System,Three Rivers Park District,Regional Park,TRUE,Summer-2021,13651,Summer,2021,13651,35842,Metropolitan Regional Park System,Three Rivers Park District,Regional Park,TRUE
Noerenberg Gardens,Metropolitan Regional Park System,Three Rivers Park District,Regional Park,TRUE,Winter-2018,1271,Winter,2018,1271,19186,Metropolitan Regional Park System,Three Rivers Park District,Regional Park,TRUE
Noerenberg Gardens,Metropolitan Regional Park System,Three Rivers Park District,Regional Park,TRUE,Winter-2019,501,Winter,2019,501,24725,Metropolitan Regional Park System,Three Rivers Park District,Regional Park,TRUE
Noerenberg Gardens,Metropolitan Regional Park System,Three Rivers Park District,Regional Park,TRUE,Winter-2020,449,Winter,2020,449,29232,Metropolitan Regional Park System,Three Rivers Park District,Regional Park,TRUE
Noerenberg Gardens,Metropolitan Regional Park System,Three Rivers Park District,Regional Park,TRUE,Winter-2021,1912,Winter,2021,1912,35842,Metropolitan Regional Park System,Three Rivers Park District,Regional Park,TRUE
Noerenberg Gardens,Metropolitan Regional Park System,Three Rivers Park District,Regional Park,TRUE,Winter-2022,186,Winter,2022,186,186,Metropolitan Regional Park System,Three Rivers Park District,Regional Park,TRUE
Nokomis Hiawatha (exclusive boundary),Metropolitan Regional Park System,Minneapolis Park and Recreation Board,Regional Park,TRUE,Fall-2018,55455,Fall,2018,55455,300564,Metropolitan Regional Park System,Minneapolis Park and Recreation Board,Regional Park,TRUE
Nokomis Hiawatha (exclusive boundary),Metropolitan Regional Park System,Minneapolis Park and Recreation Board,Regional Park,TRUE,Fall-2019,42731,Fall,2019,42731,328939,Metropolitan Regional Park System,Minneapolis Park and Recreation Board,Regional Park,TRUE
Nokomis Hiawatha (exclusive boundary),Metropolitan Regional Park System,Minneapolis Park and Recreation Board,Regional Park,TRUE,Fall-2020,51698,Fall,2020,51698,331234,Metropolitan Regional Park System,Minneapolis Park and Recreation Board,Regional Park,TRUE
Nokomis Hiawatha (exclusive boundary),Metropolitan Regional Park System,Minneapolis Park and Recreation Board,Regional Park,TRUE,Fall-2021,56130,Fall,2021,56130,363896,Metropolitan Regional Park System,Minneapolis Park and Recreation Board,Regional Park,TRUE
Nokomis Hiawatha (exclusive boundary),Metropolitan Regional Park System,Minneapolis Park and Recreation Board,Regional Park,TRUE,Spring-2018,61601,Spring,2018,61601,300564,Metropolitan Regional Park System,Minneapolis Park and Recreation Board,Regional Park,TRUE
Nokomis Hiawatha (exclusive boundary),Metropolitan Regional Park System,Minneapolis Park and Recreation Board,Regional Park,TRUE,Spring-2019,61538,Spring,2019,61538,328939,Metropolitan Regional Park System,Minneapolis Park and Recreation Board,Regional Park,TRUE
Nokomis Hiawatha (exclusive boundary),Metropolitan Regional Park System,Minneapolis Park and Recreation Board,Regional Park,TRUE,Spring-2020,54617,Spring,2020,54617,331234,Metropolitan Regional Park System,Minneapolis Park and Recreation Board,Regional Park,TRUE
Nokomis Hiawatha (exclusive boundary),Metropolitan Regional Park System,Minneapolis Park and Recreation Board,Regional Park,TRUE,Spring-2021,82059,Spring,2021,82059,363896,Metropolitan Regional Park System,Minneapolis Park and Recreation Board,Regional Park,TRUE
Nokomis Hiawatha (exclusive boundary),Metropolitan Regional Park System,Minneapolis Park and Recreation Board,Regional Park,TRUE,Summer-2018,158501,Summer,2018,158501,300564,Metropolitan Regional Park System,Minneapolis Park and Recreation Board,Regional Park,TRUE
Nokomis Hiawatha (exclusive boundary),Metropolitan Regional Park System,Minneapolis Park and Recreation Board,Regional Park,TRUE,Summer-2019,186802,Summer,2019,186802,328939,Metropolitan Regional Park System,Minneapolis Park and Recreation Board,Regional Park,TRUE
Nokomis Hiawatha (exclusive boundary),Metropolitan Regional Park System,Minneapolis Park and Recreation Board,Regional Park,TRUE,Summer-2020,196753,Summer,2020,196753,331234,Metropolitan Regional Park System,Minneapolis Park and Recreation Board,Regional Park,TRUE
Nokomis Hiawatha (exclusive boundary),Metropolitan Regional Park System,Minneapolis Park and Recreation Board,Regional Park,TRUE,Summer-2021,188306,Summer,2021,188306,363896,Metropolitan Regional Park System,Minneapolis Park and Recreation Board,Regional Park,TRUE
Nokomis Hiawatha (exclusive boundary),Metropolitan Regional Park System,Minneapolis Park and Recreation Board,Regional Park,TRUE,Winter-2018,25007,Winter,2018,25007,300564,Metropolitan Regional Park System,Minneapolis Park and Recreation Board,Regional Park,TRUE
Nokomis Hiawatha (exclusive boundary),Metropolitan Regional Park System,Minneapolis Park and Recreation Board,Regional Park,TRUE,Winter-2019,37868,Winter,2019,37868,328939,Metropolitan Regional Park System,Minneapolis Park and Recreation Board,Regional Park,TRUE
Nokomis Hiawatha (exclusive boundary),Metropolitan Regional Park System,Minneapolis Park and Recreation Board,Regional Park,TRUE,Winter-2020,28166,Winter,2020,28166,331234,Metropolitan Regional Park System,Minneapolis Park and Recreation Board,Regional Park,TRUE
Nokomis Hiawatha (exclusive boundary),Metropolitan Regional Park System,Minneapolis Park and Recreation Board,Regional Park,TRUE,Winter-2021,37401,Winter,2021,37401,363896,Metropolitan Regional Park System,Minneapolis Park and Recreation Board,Regional Park,TRUE
Nokomis Hiawatha (exclusive boundary),Metropolitan Regional Park System,Minneapolis Park and Recreation Board,Regional Park,TRUE,Winter-2022,3720,Winter,2022,3720,3720,Metropolitan Regional Park System,Minneapolis Park and Recreation Board,Regional Park,TRUE
Nokomis Hiawatha (inclusive boundary),Metropolitan Regional Park System,Minneapolis Park and Recreation Board,Regional Park,FALSE,Fall-2018,101432,Fall,2018,101432,502149,Metropolitan Regional Park System,Minneapolis Park and Recreation Board,Regional Park,FALSE
Nokomis Hiawatha (inclusive boundary),Metropolitan Regional Park System,Minneapolis Park and Recreation Board,Regional Park,FALSE,Fall-2019,77216,Fall,2019,77216,523709,Metropolitan Regional Park System,Minneapolis Park and Recreation Board,Regional Park,FALSE
Nokomis Hiawatha (inclusive boundary),Metropolitan Regional Park System,Minneapolis Park and Recreation Board,Regional Park,FALSE,Fall-2020,87006,Fall,2020,87006,518277,Metropolitan Regional Park System,Minneapolis Park and Recreation Board,Regional Park,FALSE
Nokomis Hiawatha (inclusive boundary),Metropolitan Regional Park System,Minneapolis Park and Recreation Board,Regional Park,FALSE,Fall-2021,91319,Fall,2021,91319,561592,Metropolitan Regional Park System,Minneapolis Park and Recreation Board,Regional Park,FALSE
Nokomis Hiawatha (inclusive boundary),Metropolitan Regional Park System,Minneapolis Park and Recreation Board,Regional Park,FALSE,Spring-2018,106185,Spring,2018,106185,502149,Metropolitan Regional Park System,Minneapolis Park and Recreation Board,Regional Park,FALSE
Nokomis Hiawatha (inclusive boundary),Metropolitan Regional Park System,Minneapolis Park and Recreation Board,Regional Park,FALSE,Spring-2019,103024,Spring,2019,103024,523709,Metropolitan Regional Park System,Minneapolis Park and Recreation Board,Regional Park,FALSE
Nokomis Hiawatha (inclusive boundary),Metropolitan Regional Park System,Minneapolis Park and Recreation Board,Regional Park,FALSE,Spring-2020,91032,Spring,2020,91032,518277,Metropolitan Regional Park System,Minneapolis Park and Recreation Board,Regional Park,FALSE
Nokomis Hiawatha (inclusive boundary),Metropolitan Regional Park System,Minneapolis Park and Recreation Board,Regional Park,FALSE,Spring-2021,131921,Spring,2021,131921,561592,Metropolitan Regional Park System,Minneapolis Park and Recreation Board,Regional Park,FALSE
Nokomis Hiawatha (inclusive boundary),Metropolitan Regional Park System,Minneapolis Park and Recreation Board,Regional Park,FALSE,Summer-2018,250813,Summer,2018,250813,502149,Metropolitan Regional Park System,Minneapolis Park and Recreation Board,Regional Park,FALSE
Nokomis Hiawatha (inclusive boundary),Metropolitan Regional Park System,Minneapolis Park and Recreation Board,Regional Park,FALSE,Summer-2019,278652,Summer,2019,278652,523709,Metropolitan Regional Park System,Minneapolis Park and Recreation Board,Regional Park,FALSE
Nokomis Hiawatha (inclusive boundary),Metropolitan Regional Park System,Minneapolis Park and Recreation Board,Regional Park,FALSE,Summer-2020,291891,Summer,2020,291891,518277,Metropolitan Regional Park System,Minneapolis Park and Recreation Board,Regional Park,FALSE
Nokomis Hiawatha (inclusive boundary),Metropolitan Regional Park System,Minneapolis Park and Recreation Board,Regional Park,FALSE,Summer-2021,277229,Summer,2021,277229,561592,Metropolitan Regional Park System,Minneapolis Park and Recreation Board,Regional Park,FALSE
Nokomis Hiawatha (inclusive boundary),Metropolitan Regional Park System,Minneapolis Park and Recreation Board,Regional Park,FALSE,Winter-2018,43719,Winter,2018,43719,502149,Metropolitan Regional Park System,Minneapolis Park and Recreation Board,Regional Park,FALSE
Nokomis Hiawatha (inclusive boundary),Metropolitan Regional Park System,Minneapolis Park and Recreation Board,Regional Park,FALSE,Winter-2019,64817,Winter,2019,64817,523709,Metropolitan Regional Park System,Minneapolis Park and Recreation Board,Regional Park,FALSE
Nokomis Hiawatha (inclusive boundary),Metropolitan Regional Park System,Minneapolis Park and Recreation Board,Regional Park,FALSE,Winter-2020,48348,Winter,2020,48348,518277,Metropolitan Regional Park System,Minneapolis Park and Recreation Board,Regional Park,FALSE
Nokomis Hiawatha (inclusive boundary),Metropolitan Regional Park System,Minneapolis Park and Recreation Board,Regional Park,FALSE,Winter-2021,61123,Winter,2021,61123,561592,Metropolitan Regional Park System,Minneapolis Park and Recreation Board,Regional Park,FALSE
Nokomis Hiawatha (inclusive boundary),Metropolitan Regional Park System,Minneapolis Park and Recreation Board,Regional Park,FALSE,Winter-2022,7899,Winter,2022,7899,7899,Metropolitan Regional Park System,Minneapolis Park and Recreation Board,Regional Park,FALSE
North Mississippi (Minneapolis Park and Recreation Board),Metropolitan Regional Park System,Minneapolis Park and Recreation Board,Regional Park,TRUE,Fall-2018,14554,Fall,2018,14554,69261,Metropolitan Regional Park System,Minneapolis Park and Recreation Board,Regional Park,TRUE
North Mississippi (Minneapolis Park and Recreation Board),Metropolitan Regional Park System,Minneapolis Park and Recreation Board,Regional Park,TRUE,Fall-2019,10186,Fall,2019,10186,66621,Metropolitan Regional Park System,Minneapolis Park and Recreation Board,Regional Park,TRUE
North Mississippi (Minneapolis Park and Recreation Board),Metropolitan Regional Park System,Minneapolis Park and Recreation Board,Regional Park,TRUE,Fall-2020,18769,Fall,2020,18769,87774,Metropolitan Regional Park System,Minneapolis Park and Recreation Board,Regional Park,TRUE
North Mississippi (Minneapolis Park and Recreation Board),Metropolitan Regional Park System,Minneapolis Park and Recreation Board,Regional Park,TRUE,Fall-2021,17793,Fall,2021,17793,96003,Metropolitan Regional Park System,Minneapolis Park and Recreation Board,Regional Park,TRUE
North Mississippi (Minneapolis Park and Recreation Board),Metropolitan Regional Park System,Minneapolis Park and Recreation Board,Regional Park,TRUE,Spring-2018,14492,Spring,2018,14492,69261,Metropolitan Regional Park System,Minneapolis Park and Recreation Board,Regional Park,TRUE
North Mississippi (Minneapolis Park and Recreation Board),Metropolitan Regional Park System,Minneapolis Park and Recreation Board,Regional Park,TRUE,Spring-2019,13703,Spring,2019,13703,66621,Metropolitan Regional Park System,Minneapolis Park and Recreation Board,Regional Park,TRUE
North Mississippi (Minneapolis Park and Recreation Board),Metropolitan Regional Park System,Minneapolis Park and Recreation Board,Regional Park,TRUE,Spring-2020,20450,Spring,2020,20450,87774,Metropolitan Regional Park System,Minneapolis Park and Recreation Board,Regional Park,TRUE
North Mississippi (Minneapolis Park and Recreation Board),Metropolitan Regional Park System,Minneapolis Park and Recreation Board,Regional Park,TRUE,Spring-2021,29775,Spring,2021,29775,96003,Metropolitan Regional Park System,Minneapolis Park and Recreation Board,Regional Park,TRUE
North Mississippi (Minneapolis Park and Recreation Board),Metropolitan Regional Park System,Minneapolis Park and Recreation Board,Regional Park,TRUE,Summer-2018,34470,Summer,2018,34470,69261,Metropolitan Regional Park System,Minneapolis Park and Recreation Board,Regional Park,TRUE
North Mississippi (Minneapolis Park and Recreation Board),Metropolitan Regional Park System,Minneapolis Park and Recreation Board,Regional Park,TRUE,Summer-2019,35221,Summer,2019,35221,66621,Metropolitan Regional Park System,Minneapolis Park and Recreation Board,Regional Park,TRUE
North Mississippi (Minneapolis Park and Recreation Board),Metropolitan Regional Park System,Minneapolis Park and Recreation Board,Regional Park,TRUE,Summer-2020,42709,Summer,2020,42709,87774,Metropolitan Regional Park System,Minneapolis Park and Recreation Board,Regional Park,TRUE
North Mississippi (Minneapolis Park and Recreation Board),Metropolitan Regional Park System,Minneapolis Park and Recreation Board,Regional Park,TRUE,Summer-2021,38737,Summer,2021,38737,96003,Metropolitan Regional Park System,Minneapolis Park and Recreation Board,Regional Park,TRUE
North Mississippi (Minneapolis Park and Recreation Board),Metropolitan Regional Park System,Minneapolis Park and Recreation Board,Regional Park,TRUE,Winter-2018,5745,Winter,2018,5745,69261,Metropolitan Regional Park System,Minneapolis Park and Recreation Board,Regional Park,TRUE
North Mississippi (Minneapolis Park and Recreation Board),Metropolitan Regional Park System,Minneapolis Park and Recreation Board,Regional Park,TRUE,Winter-2019,7511,Winter,2019,7511,66621,Metropolitan Regional Park System,Minneapolis Park and Recreation Board,Regional Park,TRUE
North Mississippi (Minneapolis Park and Recreation Board),Metropolitan Regional Park System,Minneapolis Park and Recreation Board,Regional Park,TRUE,Winter-2020,5846,Winter,2020,5846,87774,Metropolitan Regional Park System,Minneapolis Park and Recreation Board,Regional Park,TRUE
North Mississippi (Minneapolis Park and Recreation Board),Metropolitan Regional Park System,Minneapolis Park and Recreation Board,Regional Park,TRUE,Winter-2021,9698,Winter,2021,9698,96003,Metropolitan Regional Park System,Minneapolis Park and Recreation Board,Regional Park,TRUE
North Mississippi (Minneapolis Park and Recreation Board),Metropolitan Regional Park System,Minneapolis Park and Recreation Board,Regional Park,TRUE,Winter-2022,2472,Winter,2022,2472,2472,Metropolitan Regional Park System,Minneapolis Park and Recreation Board,Regional Park,TRUE
North Mississippi (Three Rivers Park District),Metropolitan Regional Park System,Three Rivers Park District,Regional Park,TRUE,Fall-2018,1729,Fall,2018,1729,10161,Metropolitan Regional Park System,Three Rivers Park District,Regional Park,TRUE
North Mississippi (Three Rivers Park District),Metropolitan Regional Park System,Three Rivers Park District,Regional Park,TRUE,Fall-2019,864,Fall,2019,864,4979,Metropolitan Regional Park System,Three Rivers Park District,Regional Park,TRUE
North Mississippi (Three Rivers Park District),Metropolitan Regional Park System,Three Rivers Park District,Regional Park,TRUE,Fall-2020,1226,Fall,2020,1226,4192,Metropolitan Regional Park System,Three Rivers Park District,Regional Park,TRUE
North Mississippi (Three Rivers Park District),Metropolitan Regional Park System,Three Rivers Park District,Regional Park,TRUE,Fall-2021,1090,Fall,2021,1090,4738,Metropolitan Regional Park System,Three Rivers Park District,Regional Park,TRUE
North Mississippi (Three Rivers Park District),Metropolitan Regional Park System,Three Rivers Park District,Regional Park,TRUE,Spring-2018,1794,Spring,2018,1794,10161,Metropolitan Regional Park System,Three Rivers Park District,Regional Park,TRUE
North Mississippi (Three Rivers Park District),Metropolitan Regional Park System,Three Rivers Park District,Regional Park,TRUE,Spring-2019,1172,Spring,2019,1172,4979,Metropolitan Regional Park System,Three Rivers Park District,Regional Park,TRUE
North Mississippi (Three Rivers Park District),Metropolitan Regional Park System,Three Rivers Park District,Regional Park,TRUE,Spring-2020,513,Spring,2020,513,4192,Metropolitan Regional Park System,Three Rivers Park District,Regional Park,TRUE
North Mississippi (Three Rivers Park District),Metropolitan Regional Park System,Three Rivers Park District,Regional Park,TRUE,Spring-2021,910,Spring,2021,910,4738,Metropolitan Regional Park System,Three Rivers Park District,Regional Park,TRUE
North Mississippi (Three Rivers Park District),Metropolitan Regional Park System,Three Rivers Park District,Regional Park,TRUE,Summer-2018,5252,Summer,2018,5252,10161,Metropolitan Regional Park System,Three Rivers Park District,Regional Park,TRUE
North Mississippi (Three Rivers Park District),Metropolitan Regional Park System,Three Rivers Park District,Regional Park,TRUE,Summer-2019,1765,Summer,2019,1765,4979,Metropolitan Regional Park System,Three Rivers Park District,Regional Park,TRUE
North Mississippi (Three Rivers Park District),Metropolitan Regional Park System,Three Rivers Park District,Regional Park,TRUE,Summer-2020,2221,Summer,2020,2221,4192,Metropolitan Regional Park System,Three Rivers Park District,Regional Park,TRUE
North Mississippi (Three Rivers Park District),Metropolitan Regional Park System,Three Rivers Park District,Regional Park,TRUE,Summer-2021,2566,Summer,2021,2566,4738,Metropolitan Regional Park System,Three Rivers Park District,Regional Park,TRUE
North Mississippi (Three Rivers Park District),Metropolitan Regional Park System,Three Rivers Park District,Regional Park,TRUE,Winter-2018,1386,Winter,2018,1386,10161,Metropolitan Regional Park System,Three Rivers Park District,Regional Park,TRUE
North Mississippi (Three Rivers Park District),Metropolitan Regional Park System,Three Rivers Park District,Regional Park,TRUE,Winter-2019,1178,Winter,2019,1178,4979,Metropolitan Regional Park System,Three Rivers Park District,Regional Park,TRUE
North Mississippi (Three Rivers Park District),Metropolitan Regional Park System,Three Rivers Park District,Regional Park,TRUE,Winter-2020,232,Winter,2020,232,4192,Metropolitan Regional Park System,Three Rivers Park District,Regional Park,TRUE
North Mississippi (Three Rivers Park District),Metropolitan Regional Park System,Three Rivers Park District,Regional Park,TRUE,Winter-2021,172,Winter,2021,172,4738,Metropolitan Regional Park System,Three Rivers Park District,Regional Park,TRUE
North Mississippi (Three Rivers Park District),Metropolitan Regional Park System,Three Rivers Park District,Regional Park,TRUE,Winter-2022,198,Winter,2022,198,198,Metropolitan Regional Park System,Three Rivers Park District,Regional Park,TRUE
Northerly Park,Eligible for Greater Minnesota Designation,Eligible Greater MN,Eligible Regional Park,FALSE,Fall-2018,948,Fall,2018,948,4630,Eligible for Greater Minnesota Designation,Eligible Greater MN,Eligible Regional Park,FALSE
Northerly Park,Eligible for Greater Minnesota Designation,Eligible Greater MN,Eligible Regional Park,FALSE,Fall-2019,488,Fall,2019,488,2237,Eligible for Greater Minnesota Designation,Eligible Greater MN,Eligible Regional Park,FALSE
Northerly Park,Eligible for Greater Minnesota Designation,Eligible Greater MN,Eligible Regional Park,FALSE,Fall-2020,336,Fall,2020,336,1246,Eligible for Greater Minnesota Designation,Eligible Greater MN,Eligible Regional Park,FALSE
Northerly Park,Eligible for Greater Minnesota Designation,Eligible Greater MN,Eligible Regional Park,FALSE,Fall-2021,688,Fall,2021,688,1994,Eligible for Greater Minnesota Designation,Eligible Greater MN,Eligible Regional Park,FALSE
Northerly Park,Eligible for Greater Minnesota Designation,Eligible Greater MN,Eligible Regional Park,FALSE,Spring-2018,1093,Spring,2018,1093,4630,Eligible for Greater Minnesota Designation,Eligible Greater MN,Eligible Regional Park,FALSE
Northerly Park,Eligible for Greater Minnesota Designation,Eligible Greater MN,Eligible Regional Park,FALSE,Spring-2019,553,Spring,2019,553,2237,Eligible for Greater Minnesota Designation,Eligible Greater MN,Eligible Regional Park,FALSE
Northerly Park,Eligible for Greater Minnesota Designation,Eligible Greater MN,Eligible Regional Park,FALSE,Spring-2020,241,Spring,2020,241,1246,Eligible for Greater Minnesota Designation,Eligible Greater MN,Eligible Regional Park,FALSE
Northerly Park,Eligible for Greater Minnesota Designation,Eligible Greater MN,Eligible Regional Park,FALSE,Spring-2021,368,Spring,2021,368,1994,Eligible for Greater Minnesota Designation,Eligible Greater MN,Eligible Regional Park,FALSE
Northerly Park,Eligible for Greater Minnesota Designation,Eligible Greater MN,Eligible Regional Park,FALSE,Summer-2018,1417,Summer,2018,1417,4630,Eligible for Greater Minnesota Designation,Eligible Greater MN,Eligible Regional Park,FALSE
Northerly Park,Eligible for Greater Minnesota Designation,Eligible Greater MN,Eligible Regional Park,FALSE,Summer-2019,831,Summer,2019,831,2237,Eligible for Greater Minnesota Designation,Eligible Greater MN,Eligible Regional Park,FALSE
Northerly Park,Eligible for Greater Minnesota Designation,Eligible Greater MN,Eligible Regional Park,FALSE,Summer-2020,396,Summer,2020,396,1246,Eligible for Greater Minnesota Designation,Eligible Greater MN,Eligible Regional Park,FALSE
Northerly Park,Eligible for Greater Minnesota Designation,Eligible Greater MN,Eligible Regional Park,FALSE,Summer-2021,578,Summer,2021,578,1994,Eligible for Greater Minnesota Designation,Eligible Greater MN,Eligible Regional Park,FALSE
Northerly Park,Eligible for Greater Minnesota Designation,Eligible Greater MN,Eligible Regional Park,FALSE,Winter-2018,1172,Winter,2018,1172,4630,Eligible for Greater Minnesota Designation,Eligible Greater MN,Eligible Regional Park,FALSE
Northerly Park,Eligible for Greater Minnesota Designation,Eligible Greater MN,Eligible Regional Park,FALSE,Winter-2019,365,Winter,2019,365,2237,Eligible for Greater Minnesota Designation,Eligible Greater MN,Eligible Regional Park,FALSE
Northerly Park,Eligible for Greater Minnesota Designation,Eligible Greater MN,Eligible Regional Park,FALSE,Winter-2020,273,Winter,2020,273,1246,Eligible for Greater Minnesota Designation,Eligible Greater MN,Eligible Regional Park,FALSE
Northerly Park,Eligible for Greater Minnesota Designation,Eligible Greater MN,Eligible Regional Park,FALSE,Winter-2021,360,Winter,2021,360,1994,Eligible for Greater Minnesota Designation,Eligible Greater MN,Eligible Regional Park,FALSE
Northerly Park,Eligible for Greater Minnesota Designation,Eligible Greater MN,Eligible Regional Park,FALSE,Winter-2022,264,Winter,2022,264,264,Eligible for Greater Minnesota Designation,Eligible Greater MN,Eligible Regional Park,FALSE
Northland Sports Park,Greater Minnesota Regional Parks & Trails,Greater MN,Regional Park,TRUE,Fall-2018,2976,Fall,2018,2976,13420,Greater Minnesota Regional Parks & Trails,Greater MN,Regional Park,TRUE
Northland Sports Park,Greater Minnesota Regional Parks & Trails,Greater MN,Regional Park,TRUE,Fall-2019,5610,Fall,2019,5610,18251,Greater Minnesota Regional Parks & Trails,Greater MN,Regional Park,TRUE
Northland Sports Park,Greater Minnesota Regional Parks & Trails,Greater MN,Regional Park,TRUE,Fall-2020,7396,Fall,2020,7396,17731,Greater Minnesota Regional Parks & Trails,Greater MN,Regional Park,TRUE
Northland Sports Park,Greater Minnesota Regional Parks & Trails,Greater MN,Regional Park,TRUE,Fall-2021,4059,Fall,2021,4059,16883,Greater Minnesota Regional Parks & Trails,Greater MN,Regional Park,TRUE
Northland Sports Park,Greater Minnesota Regional Parks & Trails,Greater MN,Regional Park,TRUE,Spring-2018,5275,Spring,2018,5275,13420,Greater Minnesota Regional Parks & Trails,Greater MN,Regional Park,TRUE
Northland Sports Park,Greater Minnesota Regional Parks & Trails,Greater MN,Regional Park,TRUE,Spring-2019,6221,Spring,2019,6221,18251,Greater Minnesota Regional Parks & Trails,Greater MN,Regional Park,TRUE
Northland Sports Park,Greater Minnesota Regional Parks & Trails,Greater MN,Regional Park,TRUE,Spring-2020,2384,Spring,2020,2384,17731,Greater Minnesota Regional Parks & Trails,Greater MN,Regional Park,TRUE
Northland Sports Park,Greater Minnesota Regional Parks & Trails,Greater MN,Regional Park,TRUE,Spring-2021,5114,Spring,2021,5114,16883,Greater Minnesota Regional Parks & Trails,Greater MN,Regional Park,TRUE
Northland Sports Park,Greater Minnesota Regional Parks & Trails,Greater MN,Regional Park,TRUE,Summer-2018,3933,Summer,2018,3933,13420,Greater Minnesota Regional Parks & Trails,Greater MN,Regional Park,TRUE
Northland Sports Park,Greater Minnesota Regional Parks & Trails,Greater MN,Regional Park,TRUE,Summer-2019,5599,Summer,2019,5599,18251,Greater Minnesota Regional Parks & Trails,Greater MN,Regional Park,TRUE
Northland Sports Park,Greater Minnesota Regional Parks & Trails,Greater MN,Regional Park,TRUE,Summer-2020,5809,Summer,2020,5809,17731,Greater Minnesota Regional Parks & Trails,Greater MN,Regional Park,TRUE
Northland Sports Park,Greater Minnesota Regional Parks & Trails,Greater MN,Regional Park,TRUE,Summer-2021,4031,Summer,2021,4031,16883,Greater Minnesota Regional Parks & Trails,Greater MN,Regional Park,TRUE
Northland Sports Park,Greater Minnesota Regional Parks & Trails,Greater MN,Regional Park,TRUE,Winter-2018,1236,Winter,2018,1236,13420,Greater Minnesota Regional Parks & Trails,Greater MN,Regional Park,TRUE
Northland Sports Park,Greater Minnesota Regional Parks & Trails,Greater MN,Regional Park,TRUE,Winter-2019,821,Winter,2019,821,18251,Greater Minnesota Regional Parks & Trails,Greater MN,Regional Park,TRUE
Northland Sports Park,Greater Minnesota Regional Parks & Trails,Greater MN,Regional Park,TRUE,Winter-2020,2142,Winter,2020,2142,17731,Greater Minnesota Regional Parks & Trails,Greater MN,Regional Park,TRUE
Northland Sports Park,Greater Minnesota Regional Parks & Trails,Greater MN,Regional Park,TRUE,Winter-2021,3679,Winter,2021,3679,16883,Greater Minnesota Regional Parks & Trails,Greater MN,Regional Park,TRUE
Northland Sports Park,Greater Minnesota Regional Parks & Trails,Greater MN,Regional Park,TRUE,Winter-2022,148,Winter,2022,148,148,Greater Minnesota Regional Parks & Trails,Greater MN,Regional Park,TRUE
Old Mill,Department of Natural Resources State Park,DNR,State Park,TRUE,Fall-2018,3102,Fall,2018,3102,14644,Department of Natural Resources State Park,DNR,State Park,TRUE
Old Mill,Department of Natural Resources State Park,DNR,State Park,TRUE,Fall-2019,1061,Fall,2019,1061,8388,Department of Natural Resources State Park,DNR,State Park,TRUE
Old Mill,Department of Natural Resources State Park,DNR,State Park,TRUE,Fall-2020,2464,Fall,2020,2464,8497,Department of Natural Resources State Park,DNR,State Park,TRUE
Old Mill,Department of Natural Resources State Park,DNR,State Park,TRUE,Fall-2021,991,Fall,2021,991,7532,Department of Natural Resources State Park,DNR,State Park,TRUE
Old Mill,Department of Natural Resources State Park,DNR,State Park,TRUE,Spring-2018,1513,Spring,2018,1513,14644,Department of Natural Resources State Park,DNR,State Park,TRUE
Old Mill,Department of Natural Resources State Park,DNR,State Park,TRUE,Spring-2019,925,Spring,2019,925,8388,Department of Natural Resources State Park,DNR,State Park,TRUE
Old Mill,Department of Natural Resources State Park,DNR,State Park,TRUE,Spring-2020,1331,Spring,2020,1331,8497,Department of Natural Resources State Park,DNR,State Park,TRUE
Old Mill,Department of Natural Resources State Park,DNR,State Park,TRUE,Spring-2021,738,Spring,2021,738,7532,Department of Natural Resources State Park,DNR,State Park,TRUE
Old Mill,Department of Natural Resources State Park,DNR,State Park,TRUE,Summer-2018,6076,Summer,2018,6076,14644,Department of Natural Resources State Park,DNR,State Park,TRUE
Old Mill,Department of Natural Resources State Park,DNR,State Park,TRUE,Summer-2019,5130,Summer,2019,5130,8388,Department of Natural Resources State Park,DNR,State Park,TRUE
Old Mill,Department of Natural Resources State Park,DNR,State Park,TRUE,Summer-2020,3859,Summer,2020,3859,8497,Department of Natural Resources State Park,DNR,State Park,TRUE
Old Mill,Department of Natural Resources State Park,DNR,State Park,TRUE,Summer-2021,4741,Summer,2021,4741,7532,Department of Natural Resources State Park,DNR,State Park,TRUE
Old Mill,Department of Natural Resources State Park,DNR,State Park,TRUE,Winter-2018,3953,Winter,2018,3953,14644,Department of Natural Resources State Park,DNR,State Park,TRUE
Old Mill,Department of Natural Resources State Park,DNR,State Park,TRUE,Winter-2019,1272,Winter,2019,1272,8388,Department of Natural Resources State Park,DNR,State Park,TRUE
Old Mill,Department of Natural Resources State Park,DNR,State Park,TRUE,Winter-2020,843,Winter,2020,843,8497,Department of Natural Resources State Park,DNR,State Park,TRUE
Old Mill,Department of Natural Resources State Park,DNR,State Park,TRUE,Winter-2021,1062,Winter,2021,1062,7532,Department of Natural Resources State Park,DNR,State Park,TRUE
Old Mill,Department of Natural Resources State Park,DNR,State Park,TRUE,Winter-2022,122,Winter,2022,122,122,Department of Natural Resources State Park,DNR,State Park,TRUE
Oxbow Park/Zollman Zoo,Greater Minnesota Regional Parks & Trails,Greater MN,Regional Park,TRUE,Fall-2018,11170,Fall,2018,11170,65697,Greater Minnesota Regional Parks & Trails,Greater MN,Regional Park,TRUE
Oxbow Park/Zollman Zoo,Greater Minnesota Regional Parks & Trails,Greater MN,Regional Park,TRUE,Fall-2019,10456,Fall,2019,10456,54146,Greater Minnesota Regional Parks & Trails,Greater MN,Regional Park,TRUE
Oxbow Park/Zollman Zoo,Greater Minnesota Regional Parks & Trails,Greater MN,Regional Park,TRUE,Fall-2020,15103,Fall,2020,15103,70456,Greater Minnesota Regional Parks & Trails,Greater MN,Regional Park,TRUE
Oxbow Park/Zollman Zoo,Greater Minnesota Regional Parks & Trails,Greater MN,Regional Park,TRUE,Fall-2021,11961,Fall,2021,11961,68118,Greater Minnesota Regional Parks & Trails,Greater MN,Regional Park,TRUE
Oxbow Park/Zollman Zoo,Greater Minnesota Regional Parks & Trails,Greater MN,Regional Park,TRUE,Spring-2018,12342,Spring,2018,12342,65697,Greater Minnesota Regional Parks & Trails,Greater MN,Regional Park,TRUE
Oxbow Park/Zollman Zoo,Greater Minnesota Regional Parks & Trails,Greater MN,Regional Park,TRUE,Spring-2019,12355,Spring,2019,12355,54146,Greater Minnesota Regional Parks & Trails,Greater MN,Regional Park,TRUE
Oxbow Park/Zollman Zoo,Greater Minnesota Regional Parks & Trails,Greater MN,Regional Park,TRUE,Spring-2020,15058,Spring,2020,15058,70456,Greater Minnesota Regional Parks & Trails,Greater MN,Regional Park,TRUE
Oxbow Park/Zollman Zoo,Greater Minnesota Regional Parks & Trails,Greater MN,Regional Park,TRUE,Spring-2021,19679,Spring,2021,19679,68118,Greater Minnesota Regional Parks & Trails,Greater MN,Regional Park,TRUE
Oxbow Park/Zollman Zoo,Greater Minnesota Regional Parks & Trails,Greater MN,Regional Park,TRUE,Summer-2018,36808,Summer,2018,36808,65697,Greater Minnesota Regional Parks & Trails,Greater MN,Regional Park,TRUE
Oxbow Park/Zollman Zoo,Greater Minnesota Regional Parks & Trails,Greater MN,Regional Park,TRUE,Summer-2019,23257,Summer,2019,23257,54146,Greater Minnesota Regional Parks & Trails,Greater MN,Regional Park,TRUE
Oxbow Park/Zollman Zoo,Greater Minnesota Regional Parks & Trails,Greater MN,Regional Park,TRUE,Summer-2020,34952,Summer,2020,34952,70456,Greater Minnesota Regional Parks & Trails,Greater MN,Regional Park,TRUE
Oxbow Park/Zollman Zoo,Greater Minnesota Regional Parks & Trails,Greater MN,Regional Park,TRUE,Summer-2021,29784,Summer,2021,29784,68118,Greater Minnesota Regional Parks & Trails,Greater MN,Regional Park,TRUE
Oxbow Park/Zollman Zoo,Greater Minnesota Regional Parks & Trails,Greater MN,Regional Park,TRUE,Winter-2018,5377,Winter,2018,5377,65697,Greater Minnesota Regional Parks & Trails,Greater MN,Regional Park,TRUE
Oxbow Park/Zollman Zoo,Greater Minnesota Regional Parks & Trails,Greater MN,Regional Park,TRUE,Winter-2019,8078,Winter,2019,8078,54146,Greater Minnesota Regional Parks & Trails,Greater MN,Regional Park,TRUE
Oxbow Park/Zollman Zoo,Greater Minnesota Regional Parks & Trails,Greater MN,Regional Park,TRUE,Winter-2020,5343,Winter,2020,5343,70456,Greater Minnesota Regional Parks & Trails,Greater MN,Regional Park,TRUE
Oxbow Park/Zollman Zoo,Greater Minnesota Regional Parks & Trails,Greater MN,Regional Park,TRUE,Winter-2021,6694,Winter,2021,6694,68118,Greater Minnesota Regional Parks & Trails,Greater MN,Regional Park,TRUE
Oxbow Park/Zollman Zoo,Greater Minnesota Regional Parks & Trails,Greater MN,Regional Park,TRUE,Winter-2022,961,Winter,2022,961,961,Greater Minnesota Regional Parks & Trails,Greater MN,Regional Park,TRUE
Phalen (exclusive boundary),Metropolitan Regional Park System,St Paul Parks and Recreation,Regional Park,TRUE,Fall-2018,54927,Fall,2018,54927,335976,Metropolitan Regional Park System,St Paul Parks and Recreation,Regional Park,TRUE
Phalen (exclusive boundary),Metropolitan Regional Park System,St Paul Parks and Recreation,Regional Park,TRUE,Fall-2019,64906,Fall,2019,64906,393314,Metropolitan Regional Park System,St Paul Parks and Recreation,Regional Park,TRUE
Phalen (exclusive boundary),Metropolitan Regional Park System,St Paul Parks and Recreation,Regional Park,TRUE,Fall-2020,72581,Fall,2020,72581,393327,Metropolitan Regional Park System,St Paul Parks and Recreation,Regional Park,TRUE
Phalen (exclusive boundary),Metropolitan Regional Park System,St Paul Parks and Recreation,Regional Park,TRUE,Fall-2021,78301,Fall,2021,78301,449410,Metropolitan Regional Park System,St Paul Parks and Recreation,Regional Park,TRUE
Phalen (exclusive boundary),Metropolitan Regional Park System,St Paul Parks and Recreation,Regional Park,TRUE,Spring-2018,86013,Spring,2018,86013,335976,Metropolitan Regional Park System,St Paul Parks and Recreation,Regional Park,TRUE
Phalen (exclusive boundary),Metropolitan Regional Park System,St Paul Parks and Recreation,Regional Park,TRUE,Spring-2019,93978,Spring,2019,93978,393314,Metropolitan Regional Park System,St Paul Parks and Recreation,Regional Park,TRUE
Phalen (exclusive boundary),Metropolitan Regional Park System,St Paul Parks and Recreation,Regional Park,TRUE,Spring-2020,81673,Spring,2020,81673,393327,Metropolitan Regional Park System,St Paul Parks and Recreation,Regional Park,TRUE
Phalen (exclusive boundary),Metropolitan Regional Park System,St Paul Parks and Recreation,Regional Park,TRUE,Spring-2021,127567,Spring,2021,127567,449410,Metropolitan Regional Park System,St Paul Parks and Recreation,Regional Park,TRUE
Phalen (exclusive boundary),Metropolitan Regional Park System,St Paul Parks and Recreation,Regional Park,TRUE,Summer-2018,169293,Summer,2018,169293,335976,Metropolitan Regional Park System,St Paul Parks and Recreation,Regional Park,TRUE
Phalen (exclusive boundary),Metropolitan Regional Park System,St Paul Parks and Recreation,Regional Park,TRUE,Summer-2019,203601,Summer,2019,203601,393314,Metropolitan Regional Park System,St Paul Parks and Recreation,Regional Park,TRUE
Phalen (exclusive boundary),Metropolitan Regional Park System,St Paul Parks and Recreation,Regional Park,TRUE,Summer-2020,205530,Summer,2020,205530,393327,Metropolitan Regional Park System,St Paul Parks and Recreation,Regional Park,TRUE
Phalen (exclusive boundary),Metropolitan Regional Park System,St Paul Parks and Recreation,Regional Park,TRUE,Summer-2021,204861,Summer,2021,204861,449410,Metropolitan Regional Park System,St Paul Parks and Recreation,Regional Park,TRUE
Phalen (exclusive boundary),Metropolitan Regional Park System,St Paul Parks and Recreation,Regional Park,TRUE,Winter-2018,25743,Winter,2018,25743,335976,Metropolitan Regional Park System,St Paul Parks and Recreation,Regional Park,TRUE
Phalen (exclusive boundary),Metropolitan Regional Park System,St Paul Parks and Recreation,Regional Park,TRUE,Winter-2019,30829,Winter,2019,30829,393314,Metropolitan Regional Park System,St Paul Parks and Recreation,Regional Park,TRUE
Phalen (exclusive boundary),Metropolitan Regional Park System,St Paul Parks and Recreation,Regional Park,TRUE,Winter-2020,33543,Winter,2020,33543,393327,Metropolitan Regional Park System,St Paul Parks and Recreation,Regional Park,TRUE
Phalen (exclusive boundary),Metropolitan Regional Park System,St Paul Parks and Recreation,Regional Park,TRUE,Winter-2021,38681,Winter,2021,38681,449410,Metropolitan Regional Park System,St Paul Parks and Recreation,Regional Park,TRUE
Phalen (exclusive boundary),Metropolitan Regional Park System,St Paul Parks and Recreation,Regional Park,TRUE,Winter-2022,7729,Winter,2022,7729,7729,Metropolitan Regional Park System,St Paul Parks and Recreation,Regional Park,TRUE
Phalen (inclusive boundary),Metropolitan Regional Park System,St Paul Parks and Recreation,Regional Park,FALSE,Fall-2018,73896,Fall,2018,73896,428352,Metropolitan Regional Park System,St Paul Parks and Recreation,Regional Park,FALSE
Phalen (inclusive boundary),Metropolitan Regional Park System,St Paul Parks and Recreation,Regional Park,FALSE,Fall-2019,80570,Fall,2019,80570,467223,Metropolitan Regional Park System,St Paul Parks and Recreation,Regional Park,FALSE
Phalen (inclusive boundary),Metropolitan Regional Park System,St Paul Parks and Recreation,Regional Park,FALSE,Fall-2020,85645,Fall,2020,85645,460346,Metropolitan Regional Park System,St Paul Parks and Recreation,Regional Park,FALSE
Phalen (inclusive boundary),Metropolitan Regional Park System,St Paul Parks and Recreation,Regional Park,FALSE,Fall-2021,90248,Fall,2021,90248,512819,Metropolitan Regional Park System,St Paul Parks and Recreation,Regional Park,FALSE
Phalen (inclusive boundary),Metropolitan Regional Park System,St Paul Parks and Recreation,Regional Park,FALSE,Spring-2018,113687,Spring,2018,113687,428352,Metropolitan Regional Park System,St Paul Parks and Recreation,Regional Park,FALSE
Phalen (inclusive boundary),Metropolitan Regional Park System,St Paul Parks and Recreation,Regional Park,FALSE,Spring-2019,111428,Spring,2019,111428,467223,Metropolitan Regional Park System,St Paul Parks and Recreation,Regional Park,FALSE
Phalen (inclusive boundary),Metropolitan Regional Park System,St Paul Parks and Recreation,Regional Park,FALSE,Spring-2020,95371,Spring,2020,95371,460346,Metropolitan Regional Park System,St Paul Parks and Recreation,Regional Park,FALSE
Phalen (inclusive boundary),Metropolitan Regional Park System,St Paul Parks and Recreation,Regional Park,FALSE,Spring-2021,146358,Spring,2021,146358,512819,Metropolitan Regional Park System,St Paul Parks and Recreation,Regional Park,FALSE
Phalen (inclusive boundary),Metropolitan Regional Park System,St Paul Parks and Recreation,Regional Park,FALSE,Summer-2018,201026,Summer,2018,201026,428352,Metropolitan Regional Park System,St Paul Parks and Recreation,Regional Park,FALSE
Phalen (inclusive boundary),Metropolitan Regional Park System,St Paul Parks and Recreation,Regional Park,FALSE,Summer-2019,232167,Summer,2019,232167,467223,Metropolitan Regional Park System,St Paul Parks and Recreation,Regional Park,FALSE
Phalen (inclusive boundary),Metropolitan Regional Park System,St Paul Parks and Recreation,Regional Park,FALSE,Summer-2020,235052,Summer,2020,235052,460346,Metropolitan Regional Park System,St Paul Parks and Recreation,Regional Park,FALSE
Phalen (inclusive boundary),Metropolitan Regional Park System,St Paul Parks and Recreation,Regional Park,FALSE,Summer-2021,225427,Summer,2021,225427,512819,Metropolitan Regional Park System,St Paul Parks and Recreation,Regional Park,FALSE
Phalen (inclusive boundary),Metropolitan Regional Park System,St Paul Parks and Recreation,Regional Park,FALSE,Winter-2018,39743,Winter,2018,39743,428352,Metropolitan Regional Park System,St Paul Parks and Recreation,Regional Park,FALSE
Phalen (inclusive boundary),Metropolitan Regional Park System,St Paul Parks and Recreation,Regional Park,FALSE,Winter-2019,43058,Winter,2019,43058,467223,Metropolitan Regional Park System,St Paul Parks and Recreation,Regional Park,FALSE
Phalen (inclusive boundary),Metropolitan Regional Park System,St Paul Parks and Recreation,Regional Park,FALSE,Winter-2020,44278,Winter,2020,44278,460346,Metropolitan Regional Park System,St Paul Parks and Recreation,Regional Park,FALSE
Phalen (inclusive boundary),Metropolitan Regional Park System,St Paul Parks and Recreation,Regional Park,FALSE,Winter-2021,50786,Winter,2021,50786,512819,Metropolitan Regional Park System,St Paul Parks and Recreation,Regional Park,FALSE
Phalen (inclusive boundary),Metropolitan Regional Park System,St Paul Parks and Recreation,Regional Park,FALSE,Winter-2022,11168,Winter,2022,11168,11168,Metropolitan Regional Park System,St Paul Parks and Recreation,Regional Park,FALSE
Pine Point,Metropolitan Regional Park System,Washington County Parks,Regional Park,TRUE,Fall-2018,2066,Fall,2018,2066,11598,Metropolitan Regional Park System,Washington County Parks,Regional Park,TRUE
Pine Point,Metropolitan Regional Park System,Washington County Parks,Regional Park,TRUE,Fall-2019,3205,Fall,2019,3205,11928,Metropolitan Regional Park System,Washington County Parks,Regional Park,TRUE
Pine Point,Metropolitan Regional Park System,Washington County Parks,Regional Park,TRUE,Fall-2020,3950,Fall,2020,3950,19121,Metropolitan Regional Park System,Washington County Parks,Regional Park,TRUE
Pine Point,Metropolitan Regional Park System,Washington County Parks,Regional Park,TRUE,Fall-2021,3574,Fall,2021,3574,17311,Metropolitan Regional Park System,Washington County Parks,Regional Park,TRUE
Pine Point,Metropolitan Regional Park System,Washington County Parks,Regional Park,TRUE,Spring-2018,2030,Spring,2018,2030,11598,Metropolitan Regional Park System,Washington County Parks,Regional Park,TRUE
Pine Point,Metropolitan Regional Park System,Washington County Parks,Regional Park,TRUE,Spring-2019,2552,Spring,2019,2552,11928,Metropolitan Regional Park System,Washington County Parks,Regional Park,TRUE
Pine Point,Metropolitan Regional Park System,Washington County Parks,Regional Park,TRUE,Spring-2020,5338,Spring,2020,5338,19121,Metropolitan Regional Park System,Washington County Parks,Regional Park,TRUE
Pine Point,Metropolitan Regional Park System,Washington County Parks,Regional Park,TRUE,Spring-2021,2825,Spring,2021,2825,17311,Metropolitan Regional Park System,Washington County Parks,Regional Park,TRUE
Pine Point,Metropolitan Regional Park System,Washington County Parks,Regional Park,TRUE,Summer-2018,5661,Summer,2018,5661,11598,Metropolitan Regional Park System,Washington County Parks,Regional Park,TRUE
Pine Point,Metropolitan Regional Park System,Washington County Parks,Regional Park,TRUE,Summer-2019,4165,Summer,2019,4165,11928,Metropolitan Regional Park System,Washington County Parks,Regional Park,TRUE
Pine Point,Metropolitan Regional Park System,Washington County Parks,Regional Park,TRUE,Summer-2020,6454,Summer,2020,6454,19121,Metropolitan Regional Park System,Washington County Parks,Regional Park,TRUE
Pine Point,Metropolitan Regional Park System,Washington County Parks,Regional Park,TRUE,Summer-2021,6378,Summer,2021,6378,17311,Metropolitan Regional Park System,Washington County Parks,Regional Park,TRUE
Pine Point,Metropolitan Regional Park System,Washington County Parks,Regional Park,TRUE,Winter-2018,1841,Winter,2018,1841,11598,Metropolitan Regional Park System,Washington County Parks,Regional Park,TRUE
Pine Point,Metropolitan Regional Park System,Washington County Parks,Regional Park,TRUE,Winter-2019,2006,Winter,2019,2006,11928,Metropolitan Regional Park System,Washington County Parks,Regional Park,TRUE
Pine Point,Metropolitan Regional Park System,Washington County Parks,Regional Park,TRUE,Winter-2020,3379,Winter,2020,3379,19121,Metropolitan Regional Park System,Washington County Parks,Regional Park,TRUE
Pine Point,Metropolitan Regional Park System,Washington County Parks,Regional Park,TRUE,Winter-2021,4534,Winter,2021,4534,17311,Metropolitan Regional Park System,Washington County Parks,Regional Park,TRUE
Pine Point,Metropolitan Regional Park System,Washington County Parks,Regional Park,TRUE,Winter-2022,563,Winter,2022,563,563,Metropolitan Regional Park System,Washington County Parks,Regional Park,TRUE
Pine Valley Recreation Area,Eligible for Greater Minnesota Designation,Eligible Greater MN,Eligible Regional Park,FALSE,Fall-2018,47228,Fall,2018,47228,169727,Eligible for Greater Minnesota Designation,Eligible Greater MN,Eligible Regional Park,FALSE
Pine Valley Recreation Area,Eligible for Greater Minnesota Designation,Eligible Greater MN,Eligible Regional Park,FALSE,Fall-2019,97280,Fall,2019,97280,311431,Eligible for Greater Minnesota Designation,Eligible Greater MN,Eligible Regional Park,FALSE
Pine Valley Recreation Area,Eligible for Greater Minnesota Designation,Eligible Greater MN,Eligible Regional Park,FALSE,Fall-2020,66430,Fall,2020,66430,289464,Eligible for Greater Minnesota Designation,Eligible Greater MN,Eligible Regional Park,FALSE
Pine Valley Recreation Area,Eligible for Greater Minnesota Designation,Eligible Greater MN,Eligible Regional Park,FALSE,Fall-2021,66224,Fall,2021,66224,277228,Eligible for Greater Minnesota Designation,Eligible Greater MN,Eligible Regional Park,FALSE
Pine Valley Recreation Area,Eligible for Greater Minnesota Designation,Eligible Greater MN,Eligible Regional Park,FALSE,Spring-2018,35032,Spring,2018,35032,169727,Eligible for Greater Minnesota Designation,Eligible Greater MN,Eligible Regional Park,FALSE
Pine Valley Recreation Area,Eligible for Greater Minnesota Designation,Eligible Greater MN,Eligible Regional Park,FALSE,Spring-2019,54873,Spring,2019,54873,311431,Eligible for Greater Minnesota Designation,Eligible Greater MN,Eligible Regional Park,FALSE
Pine Valley Recreation Area,Eligible for Greater Minnesota Designation,Eligible Greater MN,Eligible Regional Park,FALSE,Spring-2020,27595,Spring,2020,27595,289464,Eligible for Greater Minnesota Designation,Eligible Greater MN,Eligible Regional Park,FALSE
Pine Valley Recreation Area,Eligible for Greater Minnesota Designation,Eligible Greater MN,Eligible Regional Park,FALSE,Spring-2021,74415,Spring,2021,74415,277228,Eligible for Greater Minnesota Designation,Eligible Greater MN,Eligible Regional Park,FALSE
Pine Valley Recreation Area,Eligible for Greater Minnesota Designation,Eligible Greater MN,Eligible Regional Park,FALSE,Summer-2018,30998,Summer,2018,30998,169727,Eligible for Greater Minnesota Designation,Eligible Greater MN,Eligible Regional Park,FALSE
Pine Valley Recreation Area,Eligible for Greater Minnesota Designation,Eligible Greater MN,Eligible Regional Park,FALSE,Summer-2019,53397,Summer,2019,53397,311431,Eligible for Greater Minnesota Designation,Eligible Greater MN,Eligible Regional Park,FALSE
Pine Valley Recreation Area,Eligible for Greater Minnesota Designation,Eligible Greater MN,Eligible Regional Park,FALSE,Summer-2020,54903,Summer,2020,54903,289464,Eligible for Greater Minnesota Designation,Eligible Greater MN,Eligible Regional Park,FALSE
Pine Valley Recreation Area,Eligible for Greater Minnesota Designation,Eligible Greater MN,Eligible Regional Park,FALSE,Summer-2021,51268,Summer,2021,51268,277228,Eligible for Greater Minnesota Designation,Eligible Greater MN,Eligible Regional Park,FALSE
Pine Valley Recreation Area,Eligible for Greater Minnesota Designation,Eligible Greater MN,Eligible Regional Park,FALSE,Winter-2018,56469,Winter,2018,56469,169727,Eligible for Greater Minnesota Designation,Eligible Greater MN,Eligible Regional Park,FALSE
Pine Valley Recreation Area,Eligible for Greater Minnesota Designation,Eligible Greater MN,Eligible Regional Park,FALSE,Winter-2019,105881,Winter,2019,105881,311431,Eligible for Greater Minnesota Designation,Eligible Greater MN,Eligible Regional Park,FALSE
Pine Valley Recreation Area,Eligible for Greater Minnesota Designation,Eligible Greater MN,Eligible Regional Park,FALSE,Winter-2020,140536,Winter,2020,140536,289464,Eligible for Greater Minnesota Designation,Eligible Greater MN,Eligible Regional Park,FALSE
Pine Valley Recreation Area,Eligible for Greater Minnesota Designation,Eligible Greater MN,Eligible Regional Park,FALSE,Winter-2021,85321,Winter,2021,85321,277228,Eligible for Greater Minnesota Designation,Eligible Greater MN,Eligible Regional Park,FALSE
Pine Valley Recreation Area,Eligible for Greater Minnesota Designation,Eligible Greater MN,Eligible Regional Park,FALSE,Winter-2022,25658,Winter,2022,25658,25658,Eligible for Greater Minnesota Designation,Eligible Greater MN,Eligible Regional Park,FALSE
Plum Creek Park,Greater Minnesota Regional Parks & Trails,Greater MN,Regional Park,TRUE,Fall-2018,3314,Fall,2018,3314,18428,Greater Minnesota Regional Parks & Trails,Greater MN,Regional Park,TRUE
Plum Creek Park,Greater Minnesota Regional Parks & Trails,Greater MN,Regional Park,TRUE,Fall-2019,2371,Fall,2019,2371,21648,Greater Minnesota Regional Parks & Trails,Greater MN,Regional Park,TRUE
Plum Creek Park,Greater Minnesota Regional Parks & Trails,Greater MN,Regional Park,TRUE,Fall-2020,4150,Fall,2020,4150,21773,Greater Minnesota Regional Parks & Trails,Greater MN,Regional Park,TRUE
Plum Creek Park,Greater Minnesota Regional Parks & Trails,Greater MN,Regional Park,TRUE,Fall-2021,2056,Fall,2021,2056,23186,Greater Minnesota Regional Parks & Trails,Greater MN,Regional Park,TRUE
Plum Creek Park,Greater Minnesota Regional Parks & Trails,Greater MN,Regional Park,TRUE,Spring-2018,4197,Spring,2018,4197,18428,Greater Minnesota Regional Parks & Trails,Greater MN,Regional Park,TRUE
Plum Creek Park,Greater Minnesota Regional Parks & Trails,Greater MN,Regional Park,TRUE,Spring-2019,4002,Spring,2019,4002,21648,Greater Minnesota Regional Parks & Trails,Greater MN,Regional Park,TRUE
Plum Creek Park,Greater Minnesota Regional Parks & Trails,Greater MN,Regional Park,TRUE,Spring-2020,1416,Spring,2020,1416,21773,Greater Minnesota Regional Parks & Trails,Greater MN,Regional Park,TRUE
Plum Creek Park,Greater Minnesota Regional Parks & Trails,Greater MN,Regional Park,TRUE,Spring-2021,6529,Spring,2021,6529,23186,Greater Minnesota Regional Parks & Trails,Greater MN,Regional Park,TRUE
Plum Creek Park,Greater Minnesota Regional Parks & Trails,Greater MN,Regional Park,TRUE,Summer-2018,9150,Summer,2018,9150,18428,Greater Minnesota Regional Parks & Trails,Greater MN,Regional Park,TRUE
Plum Creek Park,Greater Minnesota Regional Parks & Trails,Greater MN,Regional Park,TRUE,Summer-2019,14710,Summer,2019,14710,21648,Greater Minnesota Regional Parks & Trails,Greater MN,Regional Park,TRUE
Plum Creek Park,Greater Minnesota Regional Parks & Trails,Greater MN,Regional Park,TRUE,Summer-2020,15420,Summer,2020,15420,21773,Greater Minnesota Regional Parks & Trails,Greater MN,Regional Park,TRUE
Plum Creek Park,Greater Minnesota Regional Parks & Trails,Greater MN,Regional Park,TRUE,Summer-2021,13773,Summer,2021,13773,23186,Greater Minnesota Regional Parks & Trails,Greater MN,Regional Park,TRUE
Plum Creek Park,Greater Minnesota Regional Parks & Trails,Greater MN,Regional Park,TRUE,Winter-2018,1767,Winter,2018,1767,18428,Greater Minnesota Regional Parks & Trails,Greater MN,Regional Park,TRUE
Plum Creek Park,Greater Minnesota Regional Parks & Trails,Greater MN,Regional Park,TRUE,Winter-2019,565,Winter,2019,565,21648,Greater Minnesota Regional Parks & Trails,Greater MN,Regional Park,TRUE
Plum Creek Park,Greater Minnesota Regional Parks & Trails,Greater MN,Regional Park,TRUE,Winter-2020,787,Winter,2020,787,21773,Greater Minnesota Regional Parks & Trails,Greater MN,Regional Park,TRUE
Plum Creek Park,Greater Minnesota Regional Parks & Trails,Greater MN,Regional Park,TRUE,Winter-2021,828,Winter,2021,828,23186,Greater Minnesota Regional Parks & Trails,Greater MN,Regional Park,TRUE
Plum Creek Park,Greater Minnesota Regional Parks & Trails,Greater MN,Regional Park,TRUE,Winter-2022,555,Winter,2022,555,555,Greater Minnesota Regional Parks & Trails,Greater MN,Regional Park,TRUE
Quarry Hill Park & Nature Center,Greater Minnesota Regional Parks & Trails,Greater MN,Regional Park,TRUE,Fall-2018,27434,Fall,2018,27434,135019,Greater Minnesota Regional Parks & Trails,Greater MN,Regional Park,TRUE
Quarry Hill Park & Nature Center,Greater Minnesota Regional Parks & Trails,Greater MN,Regional Park,TRUE,Fall-2019,36413,Fall,2019,36413,160168,Greater Minnesota Regional Parks & Trails,Greater MN,Regional Park,TRUE
Quarry Hill Park & Nature Center,Greater Minnesota Regional Parks & Trails,Greater MN,Regional Park,TRUE,Fall-2020,50635,Fall,2020,50635,210060,Greater Minnesota Regional Parks & Trails,Greater MN,Regional Park,TRUE
Quarry Hill Park & Nature Center,Greater Minnesota Regional Parks & Trails,Greater MN,Regional Park,TRUE,Fall-2021,36865,Fall,2021,36865,165458,Greater Minnesota Regional Parks & Trails,Greater MN,Regional Park,TRUE
Quarry Hill Park & Nature Center,Greater Minnesota Regional Parks & Trails,Greater MN,Regional Park,TRUE,Spring-2018,32401,Spring,2018,32401,135019,Greater Minnesota Regional Parks & Trails,Greater MN,Regional Park,TRUE
Quarry Hill Park & Nature Center,Greater Minnesota Regional Parks & Trails,Greater MN,Regional Park,TRUE,Spring-2019,38699,Spring,2019,38699,160168,Greater Minnesota Regional Parks & Trails,Greater MN,Regional Park,TRUE
Quarry Hill Park & Nature Center,Greater Minnesota Regional Parks & Trails,Greater MN,Regional Park,TRUE,Spring-2020,58384,Spring,2020,58384,210060,Greater Minnesota Regional Parks & Trails,Greater MN,Regional Park,TRUE
Quarry Hill Park & Nature Center,Greater Minnesota Regional Parks & Trails,Greater MN,Regional Park,TRUE,Spring-2021,48089,Spring,2021,48089,165458,Greater Minnesota Regional Parks & Trails,Greater MN,Regional Park,TRUE
Quarry Hill Park & Nature Center,Greater Minnesota Regional Parks & Trails,Greater MN,Regional Park,TRUE,Summer-2018,56407,Summer,2018,56407,135019,Greater Minnesota Regional Parks & Trails,Greater MN,Regional Park,TRUE
Quarry Hill Park & Nature Center,Greater Minnesota Regional Parks & Trails,Greater MN,Regional Park,TRUE,Summer-2019,66756,Summer,2019,66756,160168,Greater Minnesota Regional Parks & Trails,Greater MN,Regional Park,TRUE
Quarry Hill Park & Nature Center,Greater Minnesota Regional Parks & Trails,Greater MN,Regional Park,TRUE,Summer-2020,79443,Summer,2020,79443,210060,Greater Minnesota Regional Parks & Trails,Greater MN,Regional Park,TRUE
Quarry Hill Park & Nature Center,Greater Minnesota Regional Parks & Trails,Greater MN,Regional Park,TRUE,Summer-2021,54412,Summer,2021,54412,165458,Greater Minnesota Regional Parks & Trails,Greater MN,Regional Park,TRUE
Quarry Hill Park & Nature Center,Greater Minnesota Regional Parks & Trails,Greater MN,Regional Park,TRUE,Winter-2018,18777,Winter,2018,18777,135019,Greater Minnesota Regional Parks & Trails,Greater MN,Regional Park,TRUE
Quarry Hill Park & Nature Center,Greater Minnesota Regional Parks & Trails,Greater MN,Regional Park,TRUE,Winter-2019,18300,Winter,2019,18300,160168,Greater Minnesota Regional Parks & Trails,Greater MN,Regional Park,TRUE
Quarry Hill Park & Nature Center,Greater Minnesota Regional Parks & Trails,Greater MN,Regional Park,TRUE,Winter-2020,21598,Winter,2020,21598,210060,Greater Minnesota Regional Parks & Trails,Greater MN,Regional Park,TRUE
Quarry Hill Park & Nature Center,Greater Minnesota Regional Parks & Trails,Greater MN,Regional Park,TRUE,Winter-2021,26092,Winter,2021,26092,165458,Greater Minnesota Regional Parks & Trails,Greater MN,Regional Park,TRUE
Quarry Hill Park & Nature Center,Greater Minnesota Regional Parks & Trails,Greater MN,Regional Park,TRUE,Winter-2022,5310,Winter,2022,5310,5310,Greater Minnesota Regional Parks & Trails,Greater MN,Regional Park,TRUE
Quarry Park,Greater Minnesota Regional Parks & Trails,Greater MN,Regional Park,TRUE,Fall-2018,12314,Fall,2018,12314,100842,Greater Minnesota Regional Parks & Trails,Greater MN,Regional Park,TRUE
Quarry Park,Greater Minnesota Regional Parks & Trails,Greater MN,Regional Park,TRUE,Fall-2019,16001,Fall,2019,16001,153996,Greater Minnesota Regional Parks & Trails,Greater MN,Regional Park,TRUE
Quarry Park,Greater Minnesota Regional Parks & Trails,Greater MN,Regional Park,TRUE,Fall-2020,18968,Fall,2020,18968,197732,Greater Minnesota Regional Parks & Trails,Greater MN,Regional Park,TRUE
Quarry Park,Greater Minnesota Regional Parks & Trails,Greater MN,Regional Park,TRUE,Fall-2021,14430,Fall,2021,14430,140583,Greater Minnesota Regional Parks & Trails,Greater MN,Regional Park,TRUE
Quarry Park,Greater Minnesota Regional Parks & Trails,Greater MN,Regional Park,TRUE,Spring-2018,13080,Spring,2018,13080,100842,Greater Minnesota Regional Parks & Trails,Greater MN,Regional Park,TRUE
Quarry Park,Greater Minnesota Regional Parks & Trails,Greater MN,Regional Park,TRUE,Spring-2019,12322,Spring,2019,12322,153996,Greater Minnesota Regional Parks & Trails,Greater MN,Regional Park,TRUE
Quarry Park,Greater Minnesota Regional Parks & Trails,Greater MN,Regional Park,TRUE,Spring-2020,30796,Spring,2020,30796,197732,Greater Minnesota Regional Parks & Trails,Greater MN,Regional Park,TRUE
Quarry Park,Greater Minnesota Regional Parks & Trails,Greater MN,Regional Park,TRUE,Spring-2021,20404,Spring,2021,20404,140583,Greater Minnesota Regional Parks & Trails,Greater MN,Regional Park,TRUE
Quarry Park,Greater Minnesota Regional Parks & Trails,Greater MN,Regional Park,TRUE,Summer-2018,68952,Summer,2018,68952,100842,Greater Minnesota Regional Parks & Trails,Greater MN,Regional Park,TRUE
Quarry Park,Greater Minnesota Regional Parks & Trails,Greater MN,Regional Park,TRUE,Summer-2019,118622,Summer,2019,118622,153996,Greater Minnesota Regional Parks & Trails,Greater MN,Regional Park,TRUE
Quarry Park,Greater Minnesota Regional Parks & Trails,Greater MN,Regional Park,TRUE,Summer-2020,142120,Summer,2020,142120,197732,Greater Minnesota Regional Parks & Trails,Greater MN,Regional Park,TRUE
Quarry Park,Greater Minnesota Regional Parks & Trails,Greater MN,Regional Park,TRUE,Summer-2021,97248,Summer,2021,97248,140583,Greater Minnesota Regional Parks & Trails,Greater MN,Regional Park,TRUE
Quarry Park,Greater Minnesota Regional Parks & Trails,Greater MN,Regional Park,TRUE,Winter-2018,6496,Winter,2018,6496,100842,Greater Minnesota Regional Parks & Trails,Greater MN,Regional Park,TRUE
Quarry Park,Greater Minnesota Regional Parks & Trails,Greater MN,Regional Park,TRUE,Winter-2019,7051,Winter,2019,7051,153996,Greater Minnesota Regional Parks & Trails,Greater MN,Regional Park,TRUE
Quarry Park,Greater Minnesota Regional Parks & Trails,Greater MN,Regional Park,TRUE,Winter-2020,5848,Winter,2020,5848,197732,Greater Minnesota Regional Parks & Trails,Greater MN,Regional Park,TRUE
Quarry Park,Greater Minnesota Regional Parks & Trails,Greater MN,Regional Park,TRUE,Winter-2021,8501,Winter,2021,8501,140583,Greater Minnesota Regional Parks & Trails,Greater MN,Regional Park,TRUE
Quarry Park,Greater Minnesota Regional Parks & Trails,Greater MN,Regional Park,TRUE,Winter-2022,515,Winter,2022,515,515,Greater Minnesota Regional Parks & Trails,Greater MN,Regional Park,TRUE
Ray Berglund,Department of Natural Resources State Park,DNR,State Wayside,TRUE,Fall-2018,1598,Fall,2018,1598,9658,Department of Natural Resources State Park,DNR,State Wayside,TRUE
Ray Berglund,Department of Natural Resources State Park,DNR,State Wayside,TRUE,Fall-2019,1523,Fall,2019,1523,6185,Department of Natural Resources State Park,DNR,State Wayside,TRUE
Ray Berglund,Department of Natural Resources State Park,DNR,State Wayside,TRUE,Fall-2020,1773,Fall,2020,1773,6034,Department of Natural Resources State Park,DNR,State Wayside,TRUE
Ray Berglund,Department of Natural Resources State Park,DNR,State Wayside,TRUE,Fall-2021,1865,Fall,2021,1865,6593,Department of Natural Resources State Park,DNR,State Wayside,TRUE
Ray Berglund,Department of Natural Resources State Park,DNR,State Wayside,TRUE,Spring-2018,2455,Spring,2018,2455,9658,Department of Natural Resources State Park,DNR,State Wayside,TRUE
Ray Berglund,Department of Natural Resources State Park,DNR,State Wayside,TRUE,Spring-2019,1402,Spring,2019,1402,6185,Department of Natural Resources State Park,DNR,State Wayside,TRUE
Ray Berglund,Department of Natural Resources State Park,DNR,State Wayside,TRUE,Spring-2020,1104,Spring,2020,1104,6034,Department of Natural Resources State Park,DNR,State Wayside,TRUE
Ray Berglund,Department of Natural Resources State Park,DNR,State Wayside,TRUE,Spring-2021,1960,Spring,2021,1960,6593,Department of Natural Resources State Park,DNR,State Wayside,TRUE
Ray Berglund,Department of Natural Resources State Park,DNR,State Wayside,TRUE,Summer-2018,1645,Summer,2018,1645,9658,Department of Natural Resources State Park,DNR,State Wayside,TRUE
Ray Berglund,Department of Natural Resources State Park,DNR,State Wayside,TRUE,Summer-2019,2081,Summer,2019,2081,6185,Department of Natural Resources State Park,DNR,State Wayside,TRUE
Ray Berglund,Department of Natural Resources State Park,DNR,State Wayside,TRUE,Summer-2020,1935,Summer,2020,1935,6034,Department of Natural Resources State Park,DNR,State Wayside,TRUE
Ray Berglund,Department of Natural Resources State Park,DNR,State Wayside,TRUE,Summer-2021,1688,Summer,2021,1688,6593,Department of Natural Resources State Park,DNR,State Wayside,TRUE
Ray Berglund,Department of Natural Resources State Park,DNR,State Wayside,TRUE,Winter-2018,3960,Winter,2018,3960,9658,Department of Natural Resources State Park,DNR,State Wayside,TRUE
Ray Berglund,Department of Natural Resources State Park,DNR,State Wayside,TRUE,Winter-2019,1179,Winter,2019,1179,6185,Department of Natural Resources State Park,DNR,State Wayside,TRUE
Ray Berglund,Department of Natural Resources State Park,DNR,State Wayside,TRUE,Winter-2020,1222,Winter,2020,1222,6034,Department of Natural Resources State Park,DNR,State Wayside,TRUE
Ray Berglund,Department of Natural Resources State Park,DNR,State Wayside,TRUE,Winter-2021,1080,Winter,2021,1080,6593,Department of Natural Resources State Park,DNR,State Wayside,TRUE
Ray Berglund,Department of Natural Resources State Park,DNR,State Wayside,TRUE,Winter-2022,648,Winter,2022,648,648,Department of Natural Resources State Park,DNR,State Wayside,TRUE
Red River,Department of Natural Resources State Park,DNR,State Recreation Area,TRUE,Fall-2018,26638,Fall,2018,26638,71685,Department of Natural Resources State Park,DNR,State Recreation Area,TRUE
Red River,Department of Natural Resources State Park,DNR,State Recreation Area,TRUE,Fall-2019,9149,Fall,2019,9149,49255,Department of Natural Resources State Park,DNR,State Recreation Area,TRUE
Red River,Department of Natural Resources State Park,DNR,State Recreation Area,TRUE,Fall-2020,10990,Fall,2020,10990,42689,Department of Natural Resources State Park,DNR,State Recreation Area,TRUE
Red River,Department of Natural Resources State Park,DNR,State Recreation Area,TRUE,Fall-2021,11219,Fall,2021,11219,48047,Department of Natural Resources State Park,DNR,State Recreation Area,TRUE
Red River,Department of Natural Resources State Park,DNR,State Recreation Area,TRUE,Spring-2018,9630,Spring,2018,9630,71685,Department of Natural Resources State Park,DNR,State Recreation Area,TRUE
Red River,Department of Natural Resources State Park,DNR,State Recreation Area,TRUE,Spring-2019,6141,Spring,2019,6141,49255,Department of Natural Resources State Park,DNR,State Recreation Area,TRUE
Red River,Department of Natural Resources State Park,DNR,State Recreation Area,TRUE,Spring-2020,2194,Spring,2020,2194,42689,Department of Natural Resources State Park,DNR,State Recreation Area,TRUE
Red River,Department of Natural Resources State Park,DNR,State Recreation Area,TRUE,Spring-2021,8300,Spring,2021,8300,48047,Department of Natural Resources State Park,DNR,State Recreation Area,TRUE
Red River,Department of Natural Resources State Park,DNR,State Recreation Area,TRUE,Summer-2018,30524,Summer,2018,30524,71685,Department of Natural Resources State Park,DNR,State Recreation Area,TRUE
Red River,Department of Natural Resources State Park,DNR,State Recreation Area,TRUE,Summer-2019,30845,Summer,2019,30845,49255,Department of Natural Resources State Park,DNR,State Recreation Area,TRUE
Red River,Department of Natural Resources State Park,DNR,State Recreation Area,TRUE,Summer-2020,26909,Summer,2020,26909,42689,Department of Natural Resources State Park,DNR,State Recreation Area,TRUE
Red River,Department of Natural Resources State Park,DNR,State Recreation Area,TRUE,Summer-2021,27122,Summer,2021,27122,48047,Department of Natural Resources State Park,DNR,State Recreation Area,TRUE
Red River,Department of Natural Resources State Park,DNR,State Recreation Area,TRUE,Winter-2018,4893,Winter,2018,4893,71685,Department of Natural Resources State Park,DNR,State Recreation Area,TRUE
Red River,Department of Natural Resources State Park,DNR,State Recreation Area,TRUE,Winter-2019,3120,Winter,2019,3120,49255,Department of Natural Resources State Park,DNR,State Recreation Area,TRUE
Red River,Department of Natural Resources State Park,DNR,State Recreation Area,TRUE,Winter-2020,2596,Winter,2020,2596,42689,Department of Natural Resources State Park,DNR,State Recreation Area,TRUE
Red River,Department of Natural Resources State Park,DNR,State Recreation Area,TRUE,Winter-2021,1406,Winter,2021,1406,48047,Department of Natural Resources State Park,DNR,State Recreation Area,TRUE
Red River,Department of Natural Resources State Park,DNR,State Recreation Area,TRUE,Winter-2022,1031,Winter,2022,1031,1031,Department of Natural Resources State Park,DNR,State Recreation Area,TRUE
Rice Creek Chain of Lakes,Metropolitan Regional Park System,Anoka County Parks and Recreation,Regional Park,TRUE,Fall-2018,24051,Fall,2018,24051,133728,Metropolitan Regional Park System,Anoka County Parks and Recreation,Regional Park,TRUE
Rice Creek Chain of Lakes,Metropolitan Regional Park System,Anoka County Parks and Recreation,Regional Park,TRUE,Fall-2019,22434,Fall,2019,22434,152105,Metropolitan Regional Park System,Anoka County Parks and Recreation,Regional Park,TRUE
Rice Creek Chain of Lakes,Metropolitan Regional Park System,Anoka County Parks and Recreation,Regional Park,TRUE,Fall-2020,28349,Fall,2020,28349,191251,Metropolitan Regional Park System,Anoka County Parks and Recreation,Regional Park,TRUE
Rice Creek Chain of Lakes,Metropolitan Regional Park System,Anoka County Parks and Recreation,Regional Park,TRUE,Fall-2021,21093,Fall,2021,21093,153787,Metropolitan Regional Park System,Anoka County Parks and Recreation,Regional Park,TRUE
Rice Creek Chain of Lakes,Metropolitan Regional Park System,Anoka County Parks and Recreation,Regional Park,TRUE,Spring-2018,24569,Spring,2018,24569,133728,Metropolitan Regional Park System,Anoka County Parks and Recreation,Regional Park,TRUE
Rice Creek Chain of Lakes,Metropolitan Regional Park System,Anoka County Parks and Recreation,Regional Park,TRUE,Spring-2019,29129,Spring,2019,29129,152105,Metropolitan Regional Park System,Anoka County Parks and Recreation,Regional Park,TRUE
Rice Creek Chain of Lakes,Metropolitan Regional Park System,Anoka County Parks and Recreation,Regional Park,TRUE,Spring-2020,52109,Spring,2020,52109,191251,Metropolitan Regional Park System,Anoka County Parks and Recreation,Regional Park,TRUE
Rice Creek Chain of Lakes,Metropolitan Regional Park System,Anoka County Parks and Recreation,Regional Park,TRUE,Spring-2021,37371,Spring,2021,37371,153787,Metropolitan Regional Park System,Anoka County Parks and Recreation,Regional Park,TRUE
Rice Creek Chain of Lakes,Metropolitan Regional Park System,Anoka County Parks and Recreation,Regional Park,TRUE,Summer-2018,74605,Summer,2018,74605,133728,Metropolitan Regional Park System,Anoka County Parks and Recreation,Regional Park,TRUE
Rice Creek Chain of Lakes,Metropolitan Regional Park System,Anoka County Parks and Recreation,Regional Park,TRUE,Summer-2019,88740,Summer,2019,88740,152105,Metropolitan Regional Park System,Anoka County Parks and Recreation,Regional Park,TRUE
Rice Creek Chain of Lakes,Metropolitan Regional Park System,Anoka County Parks and Recreation,Regional Park,TRUE,Summer-2020,98193,Summer,2020,98193,191251,Metropolitan Regional Park System,Anoka County Parks and Recreation,Regional Park,TRUE
Rice Creek Chain of Lakes,Metropolitan Regional Park System,Anoka County Parks and Recreation,Regional Park,TRUE,Summer-2021,75551,Summer,2021,75551,153787,Metropolitan Regional Park System,Anoka County Parks and Recreation,Regional Park,TRUE
Rice Creek Chain of Lakes,Metropolitan Regional Park System,Anoka County Parks and Recreation,Regional Park,TRUE,Winter-2018,10503,Winter,2018,10503,133728,Metropolitan Regional Park System,Anoka County Parks and Recreation,Regional Park,TRUE
Rice Creek Chain of Lakes,Metropolitan Regional Park System,Anoka County Parks and Recreation,Regional Park,TRUE,Winter-2019,11802,Winter,2019,11802,152105,Metropolitan Regional Park System,Anoka County Parks and Recreation,Regional Park,TRUE
Rice Creek Chain of Lakes,Metropolitan Regional Park System,Anoka County Parks and Recreation,Regional Park,TRUE,Winter-2020,12600,Winter,2020,12600,191251,Metropolitan Regional Park System,Anoka County Parks and Recreation,Regional Park,TRUE
Rice Creek Chain of Lakes,Metropolitan Regional Park System,Anoka County Parks and Recreation,Regional Park,TRUE,Winter-2021,19772,Winter,2021,19772,153787,Metropolitan Regional Park System,Anoka County Parks and Recreation,Regional Park,TRUE
Rice Creek Chain of Lakes,Metropolitan Regional Park System,Anoka County Parks and Recreation,Regional Park,TRUE,Winter-2022,1902,Winter,2022,1902,1902,Metropolitan Regional Park System,Anoka County Parks and Recreation,Regional Park,TRUE
Rice Lake,Department of Natural Resources State Park,DNR,State Park,TRUE,Fall-2018,4584,Fall,2018,4584,21475,Department of Natural Resources State Park,DNR,State Park,TRUE
Rice Lake,Department of Natural Resources State Park,DNR,State Park,TRUE,Fall-2019,3048,Fall,2019,3048,16361,Department of Natural Resources State Park,DNR,State Park,TRUE
Rice Lake,Department of Natural Resources State Park,DNR,State Park,TRUE,Fall-2020,6118,Fall,2020,6118,22399,Department of Natural Resources State Park,DNR,State Park,TRUE
Rice Lake,Department of Natural Resources State Park,DNR,State Park,TRUE,Fall-2021,5837,Fall,2021,5837,19265,Department of Natural Resources State Park,DNR,State Park,TRUE
Rice Lake,Department of Natural Resources State Park,DNR,State Park,TRUE,Spring-2018,4127,Spring,2018,4127,21475,Department of Natural Resources State Park,DNR,State Park,TRUE
Rice Lake,Department of Natural Resources State Park,DNR,State Park,TRUE,Spring-2019,3509,Spring,2019,3509,16361,Department of Natural Resources State Park,DNR,State Park,TRUE
Rice Lake,Department of Natural Resources State Park,DNR,State Park,TRUE,Spring-2020,7007,Spring,2020,7007,22399,Department of Natural Resources State Park,DNR,State Park,TRUE
Rice Lake,Department of Natural Resources State Park,DNR,State Park,TRUE,Spring-2021,4897,Spring,2021,4897,19265,Department of Natural Resources State Park,DNR,State Park,TRUE
Rice Lake,Department of Natural Resources State Park,DNR,State Park,TRUE,Summer-2018,10789,Summer,2018,10789,21475,Department of Natural Resources State Park,DNR,State Park,TRUE
Rice Lake,Department of Natural Resources State Park,DNR,State Park,TRUE,Summer-2019,8253,Summer,2019,8253,16361,Department of Natural Resources State Park,DNR,State Park,TRUE
Rice Lake,Department of Natural Resources State Park,DNR,State Park,TRUE,Summer-2020,8050,Summer,2020,8050,22399,Department of Natural Resources State Park,DNR,State Park,TRUE
Rice Lake,Department of Natural Resources State Park,DNR,State Park,TRUE,Summer-2021,5801,Summer,2021,5801,19265,Department of Natural Resources State Park,DNR,State Park,TRUE
Rice Lake,Department of Natural Resources State Park,DNR,State Park,TRUE,Winter-2018,1975,Winter,2018,1975,21475,Department of Natural Resources State Park,DNR,State Park,TRUE
Rice Lake,Department of Natural Resources State Park,DNR,State Park,TRUE,Winter-2019,1551,Winter,2019,1551,16361,Department of Natural Resources State Park,DNR,State Park,TRUE
Rice Lake,Department of Natural Resources State Park,DNR,State Park,TRUE,Winter-2020,1224,Winter,2020,1224,22399,Department of Natural Resources State Park,DNR,State Park,TRUE
Rice Lake,Department of Natural Resources State Park,DNR,State Park,TRUE,Winter-2021,2730,Winter,2021,2730,19265,Department of Natural Resources State Park,DNR,State Park,TRUE
Rice Lake,Department of Natural Resources State Park,DNR,State Park,TRUE,Winter-2022,218,Winter,2022,218,218,Department of Natural Resources State Park,DNR,State Park,TRUE
River Bluffs Park,Eligible for Greater Minnesota Designation,Eligible Greater MN,Eligible Regional Park,FALSE,Fall-2018,7779,Fall,2018,7779,37597,Eligible for Greater Minnesota Designation,Eligible Greater MN,Eligible Regional Park,FALSE
River Bluffs Park,Eligible for Greater Minnesota Designation,Eligible Greater MN,Eligible Regional Park,FALSE,Fall-2019,4340,Fall,2019,4340,19801,Eligible for Greater Minnesota Designation,Eligible Greater MN,Eligible Regional Park,FALSE
River Bluffs Park,Eligible for Greater Minnesota Designation,Eligible Greater MN,Eligible Regional Park,FALSE,Fall-2020,5476,Fall,2020,5476,23458,Eligible for Greater Minnesota Designation,Eligible Greater MN,Eligible Regional Park,FALSE
River Bluffs Park,Eligible for Greater Minnesota Designation,Eligible Greater MN,Eligible Regional Park,FALSE,Fall-2021,7014,Fall,2021,7014,23194,Eligible for Greater Minnesota Designation,Eligible Greater MN,Eligible Regional Park,FALSE
River Bluffs Park,Eligible for Greater Minnesota Designation,Eligible Greater MN,Eligible Regional Park,FALSE,Spring-2018,7233,Spring,2018,7233,37597,Eligible for Greater Minnesota Designation,Eligible Greater MN,Eligible Regional Park,FALSE
River Bluffs Park,Eligible for Greater Minnesota Designation,Eligible Greater MN,Eligible Regional Park,FALSE,Spring-2019,5117,Spring,2019,5117,19801,Eligible for Greater Minnesota Designation,Eligible Greater MN,Eligible Regional Park,FALSE
River Bluffs Park,Eligible for Greater Minnesota Designation,Eligible Greater MN,Eligible Regional Park,FALSE,Spring-2020,6289,Spring,2020,6289,23458,Eligible for Greater Minnesota Designation,Eligible Greater MN,Eligible Regional Park,FALSE
River Bluffs Park,Eligible for Greater Minnesota Designation,Eligible Greater MN,Eligible Regional Park,FALSE,Spring-2021,7015,Spring,2021,7015,23194,Eligible for Greater Minnesota Designation,Eligible Greater MN,Eligible Regional Park,FALSE
River Bluffs Park,Eligible for Greater Minnesota Designation,Eligible Greater MN,Eligible Regional Park,FALSE,Summer-2018,21031,Summer,2018,21031,37597,Eligible for Greater Minnesota Designation,Eligible Greater MN,Eligible Regional Park,FALSE
River Bluffs Park,Eligible for Greater Minnesota Designation,Eligible Greater MN,Eligible Regional Park,FALSE,Summer-2019,8277,Summer,2019,8277,19801,Eligible for Greater Minnesota Designation,Eligible Greater MN,Eligible Regional Park,FALSE
River Bluffs Park,Eligible for Greater Minnesota Designation,Eligible Greater MN,Eligible Regional Park,FALSE,Summer-2020,10413,Summer,2020,10413,23458,Eligible for Greater Minnesota Designation,Eligible Greater MN,Eligible Regional Park,FALSE
River Bluffs Park,Eligible for Greater Minnesota Designation,Eligible Greater MN,Eligible Regional Park,FALSE,Summer-2021,7260,Summer,2021,7260,23194,Eligible for Greater Minnesota Designation,Eligible Greater MN,Eligible Regional Park,FALSE
River Bluffs Park,Eligible for Greater Minnesota Designation,Eligible Greater MN,Eligible Regional Park,FALSE,Winter-2018,1554,Winter,2018,1554,37597,Eligible for Greater Minnesota Designation,Eligible Greater MN,Eligible Regional Park,FALSE
River Bluffs Park,Eligible for Greater Minnesota Designation,Eligible Greater MN,Eligible Regional Park,FALSE,Winter-2019,2067,Winter,2019,2067,19801,Eligible for Greater Minnesota Designation,Eligible Greater MN,Eligible Regional Park,FALSE
River Bluffs Park,Eligible for Greater Minnesota Designation,Eligible Greater MN,Eligible Regional Park,FALSE,Winter-2020,1280,Winter,2020,1280,23458,Eligible for Greater Minnesota Designation,Eligible Greater MN,Eligible Regional Park,FALSE
River Bluffs Park,Eligible for Greater Minnesota Designation,Eligible Greater MN,Eligible Regional Park,FALSE,Winter-2021,1905,Winter,2021,1905,23194,Eligible for Greater Minnesota Designation,Eligible Greater MN,Eligible Regional Park,FALSE
River Bluffs Park,Eligible for Greater Minnesota Designation,Eligible Greater MN,Eligible Regional Park,FALSE,Winter-2022,1925,Winter,2022,1925,1925,Eligible for Greater Minnesota Designation,Eligible Greater MN,Eligible Regional Park,FALSE
Robbins Island Park,Greater Minnesota Regional Parks & Trails,Greater MN,Regional Park,TRUE,Fall-2018,27836,Fall,2018,27836,140108,Greater Minnesota Regional Parks & Trails,Greater MN,Regional Park,TRUE
Robbins Island Park,Greater Minnesota Regional Parks & Trails,Greater MN,Regional Park,TRUE,Fall-2019,19925,Fall,2019,19925,142810,Greater Minnesota Regional Parks & Trails,Greater MN,Regional Park,TRUE
Robbins Island Park,Greater Minnesota Regional Parks & Trails,Greater MN,Regional Park,TRUE,Fall-2020,11296,Fall,2020,11296,114737,Greater Minnesota Regional Parks & Trails,Greater MN,Regional Park,TRUE
Robbins Island Park,Greater Minnesota Regional Parks & Trails,Greater MN,Regional Park,TRUE,Fall-2021,29031,Fall,2021,29031,148932,Greater Minnesota Regional Parks & Trails,Greater MN,Regional Park,TRUE
Robbins Island Park,Greater Minnesota Regional Parks & Trails,Greater MN,Regional Park,TRUE,Spring-2018,27590,Spring,2018,27590,140108,Greater Minnesota Regional Parks & Trails,Greater MN,Regional Park,TRUE
Robbins Island Park,Greater Minnesota Regional Parks & Trails,Greater MN,Regional Park,TRUE,Spring-2019,24296,Spring,2019,24296,142810,Greater Minnesota Regional Parks & Trails,Greater MN,Regional Park,TRUE
Robbins Island Park,Greater Minnesota Regional Parks & Trails,Greater MN,Regional Park,TRUE,Spring-2020,25175,Spring,2020,25175,114737,Greater Minnesota Regional Parks & Trails,Greater MN,Regional Park,TRUE
Robbins Island Park,Greater Minnesota Regional Parks & Trails,Greater MN,Regional Park,TRUE,Spring-2021,31292,Spring,2021,31292,148932,Greater Minnesota Regional Parks & Trails,Greater MN,Regional Park,TRUE
Robbins Island Park,Greater Minnesota Regional Parks & Trails,Greater MN,Regional Park,TRUE,Summer-2018,75354,Summer,2018,75354,140108,Greater Minnesota Regional Parks & Trails,Greater MN,Regional Park,TRUE
Robbins Island Park,Greater Minnesota Regional Parks & Trails,Greater MN,Regional Park,TRUE,Summer-2019,77955,Summer,2019,77955,142810,Greater Minnesota Regional Parks & Trails,Greater MN,Regional Park,TRUE
Robbins Island Park,Greater Minnesota Regional Parks & Trails,Greater MN,Regional Park,TRUE,Summer-2020,62816,Summer,2020,62816,114737,Greater Minnesota Regional Parks & Trails,Greater MN,Regional Park,TRUE
Robbins Island Park,Greater Minnesota Regional Parks & Trails,Greater MN,Regional Park,TRUE,Summer-2021,66170,Summer,2021,66170,148932,Greater Minnesota Regional Parks & Trails,Greater MN,Regional Park,TRUE
Robbins Island Park,Greater Minnesota Regional Parks & Trails,Greater MN,Regional Park,TRUE,Winter-2018,9328,Winter,2018,9328,140108,Greater Minnesota Regional Parks & Trails,Greater MN,Regional Park,TRUE
Robbins Island Park,Greater Minnesota Regional Parks & Trails,Greater MN,Regional Park,TRUE,Winter-2019,20634,Winter,2019,20634,142810,Greater Minnesota Regional Parks & Trails,Greater MN,Regional Park,TRUE
Robbins Island Park,Greater Minnesota Regional Parks & Trails,Greater MN,Regional Park,TRUE,Winter-2020,15450,Winter,2020,15450,114737,Greater Minnesota Regional Parks & Trails,Greater MN,Regional Park,TRUE
Robbins Island Park,Greater Minnesota Regional Parks & Trails,Greater MN,Regional Park,TRUE,Winter-2021,22439,Winter,2021,22439,148932,Greater Minnesota Regional Parks & Trails,Greater MN,Regional Park,TRUE
Robbins Island Park,Greater Minnesota Regional Parks & Trails,Greater MN,Regional Park,TRUE,Winter-2022,10365,Winter,2022,10365,10365,Greater Minnesota Regional Parks & Trails,Greater MN,Regional Park,TRUE
Robert Ney Memorial Park Reserve,Greater Minnesota Regional Parks & Trails,Greater MN,Regional Park,TRUE,Fall-2018,2893,Fall,2018,2893,12389,Greater Minnesota Regional Parks & Trails,Greater MN,Regional Park,TRUE
Robert Ney Memorial Park Reserve,Greater Minnesota Regional Parks & Trails,Greater MN,Regional Park,TRUE,Fall-2019,3658,Fall,2019,3658,16477,Greater Minnesota Regional Parks & Trails,Greater MN,Regional Park,TRUE
Robert Ney Memorial Park Reserve,Greater Minnesota Regional Parks & Trails,Greater MN,Regional Park,TRUE,Fall-2020,6368,Fall,2020,6368,23402,Greater Minnesota Regional Parks & Trails,Greater MN,Regional Park,TRUE
Robert Ney Memorial Park Reserve,Greater Minnesota Regional Parks & Trails,Greater MN,Regional Park,TRUE,Fall-2021,3601,Fall,2021,3601,17216,Greater Minnesota Regional Parks & Trails,Greater MN,Regional Park,TRUE
Robert Ney Memorial Park Reserve,Greater Minnesota Regional Parks & Trails,Greater MN,Regional Park,TRUE,Spring-2018,3053,Spring,2018,3053,12389,Greater Minnesota Regional Parks & Trails,Greater MN,Regional Park,TRUE
Robert Ney Memorial Park Reserve,Greater Minnesota Regional Parks & Trails,Greater MN,Regional Park,TRUE,Spring-2019,3314,Spring,2019,3314,16477,Greater Minnesota Regional Parks & Trails,Greater MN,Regional Park,TRUE
Robert Ney Memorial Park Reserve,Greater Minnesota Regional Parks & Trails,Greater MN,Regional Park,TRUE,Spring-2020,6828,Spring,2020,6828,23402,Greater Minnesota Regional Parks & Trails,Greater MN,Regional Park,TRUE
Robert Ney Memorial Park Reserve,Greater Minnesota Regional Parks & Trails,Greater MN,Regional Park,TRUE,Spring-2021,3515,Spring,2021,3515,17216,Greater Minnesota Regional Parks & Trails,Greater MN,Regional Park,TRUE
Robert Ney Memorial Park Reserve,Greater Minnesota Regional Parks & Trails,Greater MN,Regional Park,TRUE,Summer-2018,3947,Summer,2018,3947,12389,Greater Minnesota Regional Parks & Trails,Greater MN,Regional Park,TRUE
Robert Ney Memorial Park Reserve,Greater Minnesota Regional Parks & Trails,Greater MN,Regional Park,TRUE,Summer-2019,6716,Summer,2019,6716,16477,Greater Minnesota Regional Parks & Trails,Greater MN,Regional Park,TRUE
Robert Ney Memorial Park Reserve,Greater Minnesota Regional Parks & Trails,Greater MN,Regional Park,TRUE,Summer-2020,6670,Summer,2020,6670,23402,Greater Minnesota Regional Parks & Trails,Greater MN,Regional Park,TRUE
Robert Ney Memorial Park Reserve,Greater Minnesota Regional Parks & Trails,Greater MN,Regional Park,TRUE,Summer-2021,5925,Summer,2021,5925,17216,Greater Minnesota Regional Parks & Trails,Greater MN,Regional Park,TRUE
Robert Ney Memorial Park Reserve,Greater Minnesota Regional Parks & Trails,Greater MN,Regional Park,TRUE,Winter-2018,2496,Winter,2018,2496,12389,Greater Minnesota Regional Parks & Trails,Greater MN,Regional Park,TRUE
Robert Ney Memorial Park Reserve,Greater Minnesota Regional Parks & Trails,Greater MN,Regional Park,TRUE,Winter-2019,2789,Winter,2019,2789,16477,Greater Minnesota Regional Parks & Trails,Greater MN,Regional Park,TRUE
Robert Ney Memorial Park Reserve,Greater Minnesota Regional Parks & Trails,Greater MN,Regional Park,TRUE,Winter-2020,3536,Winter,2020,3536,23402,Greater Minnesota Regional Parks & Trails,Greater MN,Regional Park,TRUE
Robert Ney Memorial Park Reserve,Greater Minnesota Regional Parks & Trails,Greater MN,Regional Park,TRUE,Winter-2021,4175,Winter,2021,4175,17216,Greater Minnesota Regional Parks & Trails,Greater MN,Regional Park,TRUE
Robert Ney Memorial Park Reserve,Greater Minnesota Regional Parks & Trails,Greater MN,Regional Park,TRUE,Winter-2022,676,Winter,2022,676,676,Greater Minnesota Regional Parks & Trails,Greater MN,Regional Park,TRUE
Rochester Gamehaven Park,Greater Minnesota Regional Parks & Trails,Greater MN,Regional Park,TRUE,Fall-2018,1615,Fall,2018,1615,7377,Greater Minnesota Regional Parks & Trails,Greater MN,Regional Park,TRUE
Rochester Gamehaven Park,Greater Minnesota Regional Parks & Trails,Greater MN,Regional Park,TRUE,Fall-2019,1083,Fall,2019,1083,8278,Greater Minnesota Regional Parks & Trails,Greater MN,Regional Park,TRUE
Rochester Gamehaven Park,Greater Minnesota Regional Parks & Trails,Greater MN,Regional Park,TRUE,Fall-2020,3002,Fall,2020,3002,14253,Greater Minnesota Regional Parks & Trails,Greater MN,Regional Park,TRUE
Rochester Gamehaven Park,Greater Minnesota Regional Parks & Trails,Greater MN,Regional Park,TRUE,Fall-2021,2700,Fall,2021,2700,11415,Greater Minnesota Regional Parks & Trails,Greater MN,Regional Park,TRUE
Rochester Gamehaven Park,Greater Minnesota Regional Parks & Trails,Greater MN,Regional Park,TRUE,Spring-2018,1299,Spring,2018,1299,7377,Greater Minnesota Regional Parks & Trails,Greater MN,Regional Park,TRUE
Rochester Gamehaven Park,Greater Minnesota Regional Parks & Trails,Greater MN,Regional Park,TRUE,Spring-2019,1706,Spring,2019,1706,8278,Greater Minnesota Regional Parks & Trails,Greater MN,Regional Park,TRUE
Rochester Gamehaven Park,Greater Minnesota Regional Parks & Trails,Greater MN,Regional Park,TRUE,Spring-2020,3816,Spring,2020,3816,14253,Greater Minnesota Regional Parks & Trails,Greater MN,Regional Park,TRUE
Rochester Gamehaven Park,Greater Minnesota Regional Parks & Trails,Greater MN,Regional Park,TRUE,Spring-2021,2539,Spring,2021,2539,11415,Greater Minnesota Regional Parks & Trails,Greater MN,Regional Park,TRUE
Rochester Gamehaven Park,Greater Minnesota Regional Parks & Trails,Greater MN,Regional Park,TRUE,Summer-2018,2630,Summer,2018,2630,7377,Greater Minnesota Regional Parks & Trails,Greater MN,Regional Park,TRUE
Rochester Gamehaven Park,Greater Minnesota Regional Parks & Trails,Greater MN,Regional Park,TRUE,Summer-2019,3789,Summer,2019,3789,8278,Greater Minnesota Regional Parks & Trails,Greater MN,Regional Park,TRUE
Rochester Gamehaven Park,Greater Minnesota Regional Parks & Trails,Greater MN,Regional Park,TRUE,Summer-2020,6210,Summer,2020,6210,14253,Greater Minnesota Regional Parks & Trails,Greater MN,Regional Park,TRUE
Rochester Gamehaven Park,Greater Minnesota Regional Parks & Trails,Greater MN,Regional Park,TRUE,Summer-2021,3068,Summer,2021,3068,11415,Greater Minnesota Regional Parks & Trails,Greater MN,Regional Park,TRUE
Rochester Gamehaven Park,Greater Minnesota Regional Parks & Trails,Greater MN,Regional Park,TRUE,Winter-2018,1833,Winter,2018,1833,7377,Greater Minnesota Regional Parks & Trails,Greater MN,Regional Park,TRUE
Rochester Gamehaven Park,Greater Minnesota Regional Parks & Trails,Greater MN,Regional Park,TRUE,Winter-2019,1700,Winter,2019,1700,8278,Greater Minnesota Regional Parks & Trails,Greater MN,Regional Park,TRUE
Rochester Gamehaven Park,Greater Minnesota Regional Parks & Trails,Greater MN,Regional Park,TRUE,Winter-2020,1225,Winter,2020,1225,14253,Greater Minnesota Regional Parks & Trails,Greater MN,Regional Park,TRUE
Rochester Gamehaven Park,Greater Minnesota Regional Parks & Trails,Greater MN,Regional Park,TRUE,Winter-2021,3108,Winter,2021,3108,11415,Greater Minnesota Regional Parks & Trails,Greater MN,Regional Park,TRUE
Rochester Gamehaven Park,Greater Minnesota Regional Parks & Trails,Greater MN,Regional Park,TRUE,Winter-2022,485,Winter,2022,485,485,Greater Minnesota Regional Parks & Trails,Greater MN,Regional Park,TRUE
Rockville County Park,Greater Minnesota Regional Parks & Trails,Greater MN,Regional Park,TRUE,Fall-2018,1894,Fall,2018,1894,5327,Greater Minnesota Regional Parks & Trails,Greater MN,Regional Park,TRUE
Rockville County Park,Greater Minnesota Regional Parks & Trails,Greater MN,Regional Park,TRUE,Fall-2019,1316,Fall,2019,1316,3816,Greater Minnesota Regional Parks & Trails,Greater MN,Regional Park,TRUE
Rockville County Park,Greater Minnesota Regional Parks & Trails,Greater MN,Regional Park,TRUE,Fall-2020,1646,Fall,2020,1646,7914,Greater Minnesota Regional Parks & Trails,Greater MN,Regional Park,TRUE
Rockville County Park,Greater Minnesota Regional Parks & Trails,Greater MN,Regional Park,TRUE,Fall-2021,1362,Fall,2021,1362,6125,Greater Minnesota Regional Parks & Trails,Greater MN,Regional Park,TRUE
Rockville County Park,Greater Minnesota Regional Parks & Trails,Greater MN,Regional Park,TRUE,Spring-2018,1064,Spring,2018,1064,5327,Greater Minnesota Regional Parks & Trails,Greater MN,Regional Park,TRUE
Rockville County Park,Greater Minnesota Regional Parks & Trails,Greater MN,Regional Park,TRUE,Spring-2019,866,Spring,2019,866,3816,Greater Minnesota Regional Parks & Trails,Greater MN,Regional Park,TRUE
Rockville County Park,Greater Minnesota Regional Parks & Trails,Greater MN,Regional Park,TRUE,Spring-2020,3013,Spring,2020,3013,7914,Greater Minnesota Regional Parks & Trails,Greater MN,Regional Park,TRUE
Rockville County Park,Greater Minnesota Regional Parks & Trails,Greater MN,Regional Park,TRUE,Spring-2021,2008,Spring,2021,2008,6125,Greater Minnesota Regional Parks & Trails,Greater MN,Regional Park,TRUE
Rockville County Park,Greater Minnesota Regional Parks & Trails,Greater MN,Regional Park,TRUE,Summer-2018,1391,Summer,2018,1391,5327,Greater Minnesota Regional Parks & Trails,Greater MN,Regional Park,TRUE
Rockville County Park,Greater Minnesota Regional Parks & Trails,Greater MN,Regional Park,TRUE,Summer-2019,766,Summer,2019,766,3816,Greater Minnesota Regional Parks & Trails,Greater MN,Regional Park,TRUE
Rockville County Park,Greater Minnesota Regional Parks & Trails,Greater MN,Regional Park,TRUE,Summer-2020,2841,Summer,2020,2841,7914,Greater Minnesota Regional Parks & Trails,Greater MN,Regional Park,TRUE
Rockville County Park,Greater Minnesota Regional Parks & Trails,Greater MN,Regional Park,TRUE,Summer-2021,2027,Summer,2021,2027,6125,Greater Minnesota Regional Parks & Trails,Greater MN,Regional Park,TRUE
Rockville County Park,Greater Minnesota Regional Parks & Trails,Greater MN,Regional Park,TRUE,Winter-2018,978,Winter,2018,978,5327,Greater Minnesota Regional Parks & Trails,Greater MN,Regional Park,TRUE
Rockville County Park,Greater Minnesota Regional Parks & Trails,Greater MN,Regional Park,TRUE,Winter-2019,868,Winter,2019,868,3816,Greater Minnesota Regional Parks & Trails,Greater MN,Regional Park,TRUE
Rockville County Park,Greater Minnesota Regional Parks & Trails,Greater MN,Regional Park,TRUE,Winter-2020,414,Winter,2020,414,7914,Greater Minnesota Regional Parks & Trails,Greater MN,Regional Park,TRUE
Rockville County Park,Greater Minnesota Regional Parks & Trails,Greater MN,Regional Park,TRUE,Winter-2021,728,Winter,2021,728,6125,Greater Minnesota Regional Parks & Trails,Greater MN,Regional Park,TRUE
Rockville County Park,Greater Minnesota Regional Parks & Trails,Greater MN,Regional Park,TRUE,Winter-2022,115,Winter,2022,115,115,Greater Minnesota Regional Parks & Trails,Greater MN,Regional Park,TRUE
Root River Park,Eligible for Greater Minnesota Designation,Eligible Greater MN,Eligible Regional Park,FALSE,Fall-2018,1767,Fall,2018,1767,7612,Eligible for Greater Minnesota Designation,Eligible Greater MN,Eligible Regional Park,FALSE
Root River Park,Eligible for Greater Minnesota Designation,Eligible Greater MN,Eligible Regional Park,FALSE,Fall-2019,1087,Fall,2019,1087,6301,Eligible for Greater Minnesota Designation,Eligible Greater MN,Eligible Regional Park,FALSE
Root River Park,Eligible for Greater Minnesota Designation,Eligible Greater MN,Eligible Regional Park,FALSE,Fall-2020,3051,Fall,2020,3051,11896,Eligible for Greater Minnesota Designation,Eligible Greater MN,Eligible Regional Park,FALSE
Root River Park,Eligible for Greater Minnesota Designation,Eligible Greater MN,Eligible Regional Park,FALSE,Fall-2021,1112,Fall,2021,1112,6500,Eligible for Greater Minnesota Designation,Eligible Greater MN,Eligible Regional Park,FALSE
Root River Park,Eligible for Greater Minnesota Designation,Eligible Greater MN,Eligible Regional Park,FALSE,Spring-2018,1811,Spring,2018,1811,7612,Eligible for Greater Minnesota Designation,Eligible Greater MN,Eligible Regional Park,FALSE
Root River Park,Eligible for Greater Minnesota Designation,Eligible Greater MN,Eligible Regional Park,FALSE,Spring-2019,2281,Spring,2019,2281,6301,Eligible for Greater Minnesota Designation,Eligible Greater MN,Eligible Regional Park,FALSE
Root River Park,Eligible for Greater Minnesota Designation,Eligible Greater MN,Eligible Regional Park,FALSE,Spring-2020,4671,Spring,2020,4671,11896,Eligible for Greater Minnesota Designation,Eligible Greater MN,Eligible Regional Park,FALSE
Root River Park,Eligible for Greater Minnesota Designation,Eligible Greater MN,Eligible Regional Park,FALSE,Spring-2021,1731,Spring,2021,1731,6500,Eligible for Greater Minnesota Designation,Eligible Greater MN,Eligible Regional Park,FALSE
Root River Park,Eligible for Greater Minnesota Designation,Eligible Greater MN,Eligible Regional Park,FALSE,Summer-2018,1239,Summer,2018,1239,7612,Eligible for Greater Minnesota Designation,Eligible Greater MN,Eligible Regional Park,FALSE
Root River Park,Eligible for Greater Minnesota Designation,Eligible Greater MN,Eligible Regional Park,FALSE,Summer-2019,1941,Summer,2019,1941,6301,Eligible for Greater Minnesota Designation,Eligible Greater MN,Eligible Regional Park,FALSE
Root River Park,Eligible for Greater Minnesota Designation,Eligible Greater MN,Eligible Regional Park,FALSE,Summer-2020,3474,Summer,2020,3474,11896,Eligible for Greater Minnesota Designation,Eligible Greater MN,Eligible Regional Park,FALSE
Root River Park,Eligible for Greater Minnesota Designation,Eligible Greater MN,Eligible Regional Park,FALSE,Summer-2021,1341,Summer,2021,1341,6500,Eligible for Greater Minnesota Designation,Eligible Greater MN,Eligible Regional Park,FALSE
Root River Park,Eligible for Greater Minnesota Designation,Eligible Greater MN,Eligible Regional Park,FALSE,Winter-2018,2795,Winter,2018,2795,7612,Eligible for Greater Minnesota Designation,Eligible Greater MN,Eligible Regional Park,FALSE
Root River Park,Eligible for Greater Minnesota Designation,Eligible Greater MN,Eligible Regional Park,FALSE,Winter-2019,992,Winter,2019,992,6301,Eligible for Greater Minnesota Designation,Eligible Greater MN,Eligible Regional Park,FALSE
Root River Park,Eligible for Greater Minnesota Designation,Eligible Greater MN,Eligible Regional Park,FALSE,Winter-2020,700,Winter,2020,700,11896,Eligible for Greater Minnesota Designation,Eligible Greater MN,Eligible Regional Park,FALSE
Root River Park,Eligible for Greater Minnesota Designation,Eligible Greater MN,Eligible Regional Park,FALSE,Winter-2021,2316,Winter,2021,2316,6500,Eligible for Greater Minnesota Designation,Eligible Greater MN,Eligible Regional Park,FALSE
Root River Park,Eligible for Greater Minnesota Designation,Eligible Greater MN,Eligible Regional Park,FALSE,Winter-2022,197,Winter,2022,197,197,Eligible for Greater Minnesota Designation,Eligible Greater MN,Eligible Regional Park,FALSE
Rum River Central,Metropolitan Regional Park System,Anoka County Parks and Recreation,Regional Park,TRUE,Fall-2018,6691,Fall,2018,6691,28035,Metropolitan Regional Park System,Anoka County Parks and Recreation,Regional Park,TRUE
Rum River Central,Metropolitan Regional Park System,Anoka County Parks and Recreation,Regional Park,TRUE,Fall-2019,8115,Fall,2019,8115,36570,Metropolitan Regional Park System,Anoka County Parks and Recreation,Regional Park,TRUE
Rum River Central,Metropolitan Regional Park System,Anoka County Parks and Recreation,Regional Park,TRUE,Fall-2020,14080,Fall,2020,14080,61075,Metropolitan Regional Park System,Anoka County Parks and Recreation,Regional Park,TRUE
Rum River Central,Metropolitan Regional Park System,Anoka County Parks and Recreation,Regional Park,TRUE,Fall-2021,8356,Fall,2021,8356,45324,Metropolitan Regional Park System,Anoka County Parks and Recreation,Regional Park,TRUE
Rum River Central,Metropolitan Regional Park System,Anoka County Parks and Recreation,Regional Park,TRUE,Spring-2018,4220,Spring,2018,4220,28035,Metropolitan Regional Park System,Anoka County Parks and Recreation,Regional Park,TRUE
Rum River Central,Metropolitan Regional Park System,Anoka County Parks and Recreation,Regional Park,TRUE,Spring-2019,8065,Spring,2019,8065,36570,Metropolitan Regional Park System,Anoka County Parks and Recreation,Regional Park,TRUE
Rum River Central,Metropolitan Regional Park System,Anoka County Parks and Recreation,Regional Park,TRUE,Spring-2020,19418,Spring,2020,19418,61075,Metropolitan Regional Park System,Anoka County Parks and Recreation,Regional Park,TRUE
Rum River Central,Metropolitan Regional Park System,Anoka County Parks and Recreation,Regional Park,TRUE,Spring-2021,14595,Spring,2021,14595,45324,Metropolitan Regional Park System,Anoka County Parks and Recreation,Regional Park,TRUE
Rum River Central,Metropolitan Regional Park System,Anoka County Parks and Recreation,Regional Park,TRUE,Summer-2018,14389,Summer,2018,14389,28035,Metropolitan Regional Park System,Anoka County Parks and Recreation,Regional Park,TRUE
Rum River Central,Metropolitan Regional Park System,Anoka County Parks and Recreation,Regional Park,TRUE,Summer-2019,17405,Summer,2019,17405,36570,Metropolitan Regional Park System,Anoka County Parks and Recreation,Regional Park,TRUE
Rum River Central,Metropolitan Regional Park System,Anoka County Parks and Recreation,Regional Park,TRUE,Summer-2020,23007,Summer,2020,23007,61075,Metropolitan Regional Park System,Anoka County Parks and Recreation,Regional Park,TRUE
Rum River Central,Metropolitan Regional Park System,Anoka County Parks and Recreation,Regional Park,TRUE,Summer-2021,13638,Summer,2021,13638,45324,Metropolitan Regional Park System,Anoka County Parks and Recreation,Regional Park,TRUE
Rum River Central,Metropolitan Regional Park System,Anoka County Parks and Recreation,Regional Park,TRUE,Winter-2018,2735,Winter,2018,2735,28035,Metropolitan Regional Park System,Anoka County Parks and Recreation,Regional Park,TRUE
Rum River Central,Metropolitan Regional Park System,Anoka County Parks and Recreation,Regional Park,TRUE,Winter-2019,2985,Winter,2019,2985,36570,Metropolitan Regional Park System,Anoka County Parks and Recreation,Regional Park,TRUE
Rum River Central,Metropolitan Regional Park System,Anoka County Parks and Recreation,Regional Park,TRUE,Winter-2020,4570,Winter,2020,4570,61075,Metropolitan Regional Park System,Anoka County Parks and Recreation,Regional Park,TRUE
Rum River Central,Metropolitan Regional Park System,Anoka County Parks and Recreation,Regional Park,TRUE,Winter-2021,8735,Winter,2021,8735,45324,Metropolitan Regional Park System,Anoka County Parks and Recreation,Regional Park,TRUE
Rum River Central,Metropolitan Regional Park System,Anoka County Parks and Recreation,Regional Park,TRUE,Winter-2022,1136,Winter,2022,1136,1136,Metropolitan Regional Park System,Anoka County Parks and Recreation,Regional Park,TRUE
Saint Croix Boom Site,Department of Natural Resources State Park,DNR,State Wayside,TRUE,Fall-2018,5069,Fall,2018,5069,20636,Department of Natural Resources State Park,DNR,State Wayside,TRUE
Saint Croix Boom Site,Department of Natural Resources State Park,DNR,State Wayside,TRUE,Fall-2019,4839,Fall,2019,4839,20701,Department of Natural Resources State Park,DNR,State Wayside,TRUE
Saint Croix Boom Site,Department of Natural Resources State Park,DNR,State Wayside,TRUE,Fall-2020,11484,Fall,2020,11484,59083,Department of Natural Resources State Park,DNR,State Wayside,TRUE
Saint Croix Boom Site,Department of Natural Resources State Park,DNR,State Wayside,TRUE,Fall-2021,10537,Fall,2021,10537,53538,Department of Natural Resources State Park,DNR,State Wayside,TRUE
Saint Croix Boom Site,Department of Natural Resources State Park,DNR,State Wayside,TRUE,Spring-2018,4792,Spring,2018,4792,20636,Department of Natural Resources State Park,DNR,State Wayside,TRUE
Saint Croix Boom Site,Department of Natural Resources State Park,DNR,State Wayside,TRUE,Spring-2019,4043,Spring,2019,4043,20701,Department of Natural Resources State Park,DNR,State Wayside,TRUE
Saint Croix Boom Site,Department of Natural Resources State Park,DNR,State Wayside,TRUE,Spring-2020,14967,Spring,2020,14967,59083,Department of Natural Resources State Park,DNR,State Wayside,TRUE
Saint Croix Boom Site,Department of Natural Resources State Park,DNR,State Wayside,TRUE,Spring-2021,14712,Spring,2021,14712,53538,Department of Natural Resources State Park,DNR,State Wayside,TRUE
Saint Croix Boom Site,Department of Natural Resources State Park,DNR,State Wayside,TRUE,Summer-2018,8969,Summer,2018,8969,20636,Department of Natural Resources State Park,DNR,State Wayside,TRUE
Saint Croix Boom Site,Department of Natural Resources State Park,DNR,State Wayside,TRUE,Summer-2019,10706,Summer,2019,10706,20701,Department of Natural Resources State Park,DNR,State Wayside,TRUE
Saint Croix Boom Site,Department of Natural Resources State Park,DNR,State Wayside,TRUE,Summer-2020,31172,Summer,2020,31172,59083,Department of Natural Resources State Park,DNR,State Wayside,TRUE
Saint Croix Boom Site,Department of Natural Resources State Park,DNR,State Wayside,TRUE,Summer-2021,23863,Summer,2021,23863,53538,Department of Natural Resources State Park,DNR,State Wayside,TRUE
Saint Croix Boom Site,Department of Natural Resources State Park,DNR,State Wayside,TRUE,Winter-2018,1806,Winter,2018,1806,20636,Department of Natural Resources State Park,DNR,State Wayside,TRUE
Saint Croix Boom Site,Department of Natural Resources State Park,DNR,State Wayside,TRUE,Winter-2019,1113,Winter,2019,1113,20701,Department of Natural Resources State Park,DNR,State Wayside,TRUE
Saint Croix Boom Site,Department of Natural Resources State Park,DNR,State Wayside,TRUE,Winter-2020,1460,Winter,2020,1460,59083,Department of Natural Resources State Park,DNR,State Wayside,TRUE
Saint Croix Boom Site,Department of Natural Resources State Park,DNR,State Wayside,TRUE,Winter-2021,4426,Winter,2021,4426,53538,Department of Natural Resources State Park,DNR,State Wayside,TRUE
Saint Croix Boom Site,Department of Natural Resources State Park,DNR,State Wayside,TRUE,Winter-2022,558,Winter,2022,558,558,Department of Natural Resources State Park,DNR,State Wayside,TRUE
Sakatah Lake,Department of Natural Resources State Park,DNR,State Park,TRUE,Fall-2018,4050,Fall,2018,4050,29655,Department of Natural Resources State Park,DNR,State Park,TRUE
Sakatah Lake,Department of Natural Resources State Park,DNR,State Park,TRUE,Fall-2019,4070,Fall,2019,4070,24257,Department of Natural Resources State Park,DNR,State Park,TRUE
Sakatah Lake,Department of Natural Resources State Park,DNR,State Park,TRUE,Fall-2020,6630,Fall,2020,6630,33307,Department of Natural Resources State Park,DNR,State Park,TRUE
Sakatah Lake,Department of Natural Resources State Park,DNR,State Park,TRUE,Fall-2021,5537,Fall,2021,5537,31439,Department of Natural Resources State Park,DNR,State Park,TRUE
Sakatah Lake,Department of Natural Resources State Park,DNR,State Park,TRUE,Spring-2018,6844,Spring,2018,6844,29655,Department of Natural Resources State Park,DNR,State Park,TRUE
Sakatah Lake,Department of Natural Resources State Park,DNR,State Park,TRUE,Spring-2019,5397,Spring,2019,5397,24257,Department of Natural Resources State Park,DNR,State Park,TRUE
Sakatah Lake,Department of Natural Resources State Park,DNR,State Park,TRUE,Spring-2020,7445,Spring,2020,7445,33307,Department of Natural Resources State Park,DNR,State Park,TRUE
Sakatah Lake,Department of Natural Resources State Park,DNR,State Park,TRUE,Spring-2021,7184,Spring,2021,7184,31439,Department of Natural Resources State Park,DNR,State Park,TRUE
Sakatah Lake,Department of Natural Resources State Park,DNR,State Park,TRUE,Summer-2018,16351,Summer,2018,16351,29655,Department of Natural Resources State Park,DNR,State Park,TRUE
Sakatah Lake,Department of Natural Resources State Park,DNR,State Park,TRUE,Summer-2019,13624,Summer,2019,13624,24257,Department of Natural Resources State Park,DNR,State Park,TRUE
Sakatah Lake,Department of Natural Resources State Park,DNR,State Park,TRUE,Summer-2020,18573,Summer,2020,18573,33307,Department of Natural Resources State Park,DNR,State Park,TRUE
Sakatah Lake,Department of Natural Resources State Park,DNR,State Park,TRUE,Summer-2021,16656,Summer,2021,16656,31439,Department of Natural Resources State Park,DNR,State Park,TRUE
Sakatah Lake,Department of Natural Resources State Park,DNR,State Park,TRUE,Winter-2018,2410,Winter,2018,2410,29655,Department of Natural Resources State Park,DNR,State Park,TRUE
Sakatah Lake,Department of Natural Resources State Park,DNR,State Park,TRUE,Winter-2019,1166,Winter,2019,1166,24257,Department of Natural Resources State Park,DNR,State Park,TRUE
Sakatah Lake,Department of Natural Resources State Park,DNR,State Park,TRUE,Winter-2020,659,Winter,2020,659,33307,Department of Natural Resources State Park,DNR,State Park,TRUE
Sakatah Lake,Department of Natural Resources State Park,DNR,State Park,TRUE,Winter-2021,2062,Winter,2021,2062,31439,Department of Natural Resources State Park,DNR,State Park,TRUE
Sakatah Lake,Department of Natural Resources State Park,DNR,State Park,TRUE,Winter-2022,161,Winter,2022,161,161,Department of Natural Resources State Park,DNR,State Park,TRUE
Sand Hill Recreation Area,Eligible for Greater Minnesota Designation,Eligible Greater MN,Eligible Regional Park,FALSE,Fall-2018,12406,Fall,2018,12406,40805,Eligible for Greater Minnesota Designation,Eligible Greater MN,Eligible Regional Park,FALSE
Sand Hill Recreation Area,Eligible for Greater Minnesota Designation,Eligible Greater MN,Eligible Regional Park,FALSE,Fall-2019,10433,Fall,2019,10433,38943,Eligible for Greater Minnesota Designation,Eligible Greater MN,Eligible Regional Park,FALSE
Sand Hill Recreation Area,Eligible for Greater Minnesota Designation,Eligible Greater MN,Eligible Regional Park,FALSE,Fall-2020,7690,Fall,2020,7690,29928,Eligible for Greater Minnesota Designation,Eligible Greater MN,Eligible Regional Park,FALSE
Sand Hill Recreation Area,Eligible for Greater Minnesota Designation,Eligible Greater MN,Eligible Regional Park,FALSE,Fall-2021,7249,Fall,2021,7249,23661,Eligible for Greater Minnesota Designation,Eligible Greater MN,Eligible Regional Park,FALSE
Sand Hill Recreation Area,Eligible for Greater Minnesota Designation,Eligible Greater MN,Eligible Regional Park,FALSE,Spring-2018,6721,Spring,2018,6721,40805,Eligible for Greater Minnesota Designation,Eligible Greater MN,Eligible Regional Park,FALSE
Sand Hill Recreation Area,Eligible for Greater Minnesota Designation,Eligible Greater MN,Eligible Regional Park,FALSE,Spring-2019,9196,Spring,2019,9196,38943,Eligible for Greater Minnesota Designation,Eligible Greater MN,Eligible Regional Park,FALSE
Sand Hill Recreation Area,Eligible for Greater Minnesota Designation,Eligible Greater MN,Eligible Regional Park,FALSE,Spring-2020,5458,Spring,2020,5458,29928,Eligible for Greater Minnesota Designation,Eligible Greater MN,Eligible Regional Park,FALSE
Sand Hill Recreation Area,Eligible for Greater Minnesota Designation,Eligible Greater MN,Eligible Regional Park,FALSE,Spring-2021,4172,Spring,2021,4172,23661,Eligible for Greater Minnesota Designation,Eligible Greater MN,Eligible Regional Park,FALSE
Sand Hill Recreation Area,Eligible for Greater Minnesota Designation,Eligible Greater MN,Eligible Regional Park,FALSE,Summer-2018,18245,Summer,2018,18245,40805,Eligible for Greater Minnesota Designation,Eligible Greater MN,Eligible Regional Park,FALSE
Sand Hill Recreation Area,Eligible for Greater Minnesota Designation,Eligible Greater MN,Eligible Regional Park,FALSE,Summer-2019,14879,Summer,2019,14879,38943,Eligible for Greater Minnesota Designation,Eligible Greater MN,Eligible Regional Park,FALSE
Sand Hill Recreation Area,Eligible for Greater Minnesota Designation,Eligible Greater MN,Eligible Regional Park,FALSE,Summer-2020,14087,Summer,2020,14087,29928,Eligible for Greater Minnesota Designation,Eligible Greater MN,Eligible Regional Park,FALSE
Sand Hill Recreation Area,Eligible for Greater Minnesota Designation,Eligible Greater MN,Eligible Regional Park,FALSE,Summer-2021,8509,Summer,2021,8509,23661,Eligible for Greater Minnesota Designation,Eligible Greater MN,Eligible Regional Park,FALSE
Sand Hill Recreation Area,Eligible for Greater Minnesota Designation,Eligible Greater MN,Eligible Regional Park,FALSE,Winter-2018,3433,Winter,2018,3433,40805,Eligible for Greater Minnesota Designation,Eligible Greater MN,Eligible Regional Park,FALSE
Sand Hill Recreation Area,Eligible for Greater Minnesota Designation,Eligible Greater MN,Eligible Regional Park,FALSE,Winter-2019,4435,Winter,2019,4435,38943,Eligible for Greater Minnesota Designation,Eligible Greater MN,Eligible Regional Park,FALSE
Sand Hill Recreation Area,Eligible for Greater Minnesota Designation,Eligible Greater MN,Eligible Regional Park,FALSE,Winter-2020,2693,Winter,2020,2693,29928,Eligible for Greater Minnesota Designation,Eligible Greater MN,Eligible Regional Park,FALSE
Sand Hill Recreation Area,Eligible for Greater Minnesota Designation,Eligible Greater MN,Eligible Regional Park,FALSE,Winter-2021,3731,Winter,2021,3731,23661,Eligible for Greater Minnesota Designation,Eligible Greater MN,Eligible Regional Park,FALSE
Sand Hill Recreation Area,Eligible for Greater Minnesota Designation,Eligible Greater MN,Eligible Regional Park,FALSE,Winter-2022,255,Winter,2022,255,255,Eligible for Greater Minnesota Designation,Eligible Greater MN,Eligible Regional Park,FALSE
Sandstone Robinson Park,Greater Minnesota Regional Parks & Trails,Greater MN,Regional Park,TRUE,Fall-2018,9889,Fall,2018,9889,42608,Greater Minnesota Regional Parks & Trails,Greater MN,Regional Park,TRUE
Sandstone Robinson Park,Greater Minnesota Regional Parks & Trails,Greater MN,Regional Park,TRUE,Fall-2019,4762,Fall,2019,4762,25774,Greater Minnesota Regional Parks & Trails,Greater MN,Regional Park,TRUE
Sandstone Robinson Park,Greater Minnesota Regional Parks & Trails,Greater MN,Regional Park,TRUE,Fall-2020,2978,Fall,2020,2978,24408,Greater Minnesota Regional Parks & Trails,Greater MN,Regional Park,TRUE
Sandstone Robinson Park,Greater Minnesota Regional Parks & Trails,Greater MN,Regional Park,TRUE,Fall-2021,4957,Fall,2021,4957,22326,Greater Minnesota Regional Parks & Trails,Greater MN,Regional Park,TRUE
Sandstone Robinson Park,Greater Minnesota Regional Parks & Trails,Greater MN,Regional Park,TRUE,Spring-2018,12878,Spring,2018,12878,42608,Greater Minnesota Regional Parks & Trails,Greater MN,Regional Park,TRUE
Sandstone Robinson Park,Greater Minnesota Regional Parks & Trails,Greater MN,Regional Park,TRUE,Spring-2019,6931,Spring,2019,6931,25774,Greater Minnesota Regional Parks & Trails,Greater MN,Regional Park,TRUE
Sandstone Robinson Park,Greater Minnesota Regional Parks & Trails,Greater MN,Regional Park,TRUE,Spring-2020,8595,Spring,2020,8595,24408,Greater Minnesota Regional Parks & Trails,Greater MN,Regional Park,TRUE
Sandstone Robinson Park,Greater Minnesota Regional Parks & Trails,Greater MN,Regional Park,TRUE,Spring-2021,8299,Spring,2021,8299,22326,Greater Minnesota Regional Parks & Trails,Greater MN,Regional Park,TRUE
Sandstone Robinson Park,Greater Minnesota Regional Parks & Trails,Greater MN,Regional Park,TRUE,Summer-2018,16911,Summer,2018,16911,42608,Greater Minnesota Regional Parks & Trails,Greater MN,Regional Park,TRUE
Sandstone Robinson Park,Greater Minnesota Regional Parks & Trails,Greater MN,Regional Park,TRUE,Summer-2019,7541,Summer,2019,7541,25774,Greater Minnesota Regional Parks & Trails,Greater MN,Regional Park,TRUE
Sandstone Robinson Park,Greater Minnesota Regional Parks & Trails,Greater MN,Regional Park,TRUE,Summer-2020,8567,Summer,2020,8567,24408,Greater Minnesota Regional Parks & Trails,Greater MN,Regional Park,TRUE
Sandstone Robinson Park,Greater Minnesota Regional Parks & Trails,Greater MN,Regional Park,TRUE,Summer-2021,6146,Summer,2021,6146,22326,Greater Minnesota Regional Parks & Trails,Greater MN,Regional Park,TRUE
Sandstone Robinson Park,Greater Minnesota Regional Parks & Trails,Greater MN,Regional Park,TRUE,Winter-2018,2930,Winter,2018,2930,42608,Greater Minnesota Regional Parks & Trails,Greater MN,Regional Park,TRUE
Sandstone Robinson Park,Greater Minnesota Regional Parks & Trails,Greater MN,Regional Park,TRUE,Winter-2019,6540,Winter,2019,6540,25774,Greater Minnesota Regional Parks & Trails,Greater MN,Regional Park,TRUE
Sandstone Robinson Park,Greater Minnesota Regional Parks & Trails,Greater MN,Regional Park,TRUE,Winter-2020,4268,Winter,2020,4268,24408,Greater Minnesota Regional Parks & Trails,Greater MN,Regional Park,TRUE
Sandstone Robinson Park,Greater Minnesota Regional Parks & Trails,Greater MN,Regional Park,TRUE,Winter-2021,2924,Winter,2021,2924,22326,Greater Minnesota Regional Parks & Trails,Greater MN,Regional Park,TRUE
Sandstone Robinson Park,Greater Minnesota Regional Parks & Trails,Greater MN,Regional Park,TRUE,Winter-2022,1168,Winter,2022,1168,1168,Greater Minnesota Regional Parks & Trails,Greater MN,Regional Park,TRUE
Savanna Portage,Department of Natural Resources State Park,DNR,State Park,TRUE,Fall-2018,13494,Fall,2018,13494,51229,Department of Natural Resources State Park,DNR,State Park,TRUE
Savanna Portage,Department of Natural Resources State Park,DNR,State Park,TRUE,Fall-2019,6346,Fall,2019,6346,42720,Department of Natural Resources State Park,DNR,State Park,TRUE
Savanna Portage,Department of Natural Resources State Park,DNR,State Park,TRUE,Fall-2020,7020,Fall,2020,7020,38568,Department of Natural Resources State Park,DNR,State Park,TRUE
Savanna Portage,Department of Natural Resources State Park,DNR,State Park,TRUE,Fall-2021,5919,Fall,2021,5919,29165,Department of Natural Resources State Park,DNR,State Park,TRUE
Savanna Portage,Department of Natural Resources State Park,DNR,State Park,TRUE,Spring-2018,8140,Spring,2018,8140,51229,Department of Natural Resources State Park,DNR,State Park,TRUE
Savanna Portage,Department of Natural Resources State Park,DNR,State Park,TRUE,Spring-2019,6443,Spring,2019,6443,42720,Department of Natural Resources State Park,DNR,State Park,TRUE
Savanna Portage,Department of Natural Resources State Park,DNR,State Park,TRUE,Spring-2020,3251,Spring,2020,3251,38568,Department of Natural Resources State Park,DNR,State Park,TRUE
Savanna Portage,Department of Natural Resources State Park,DNR,State Park,TRUE,Spring-2021,4886,Spring,2021,4886,29165,Department of Natural Resources State Park,DNR,State Park,TRUE
Savanna Portage,Department of Natural Resources State Park,DNR,State Park,TRUE,Summer-2018,25394,Summer,2018,25394,51229,Department of Natural Resources State Park,DNR,State Park,TRUE
Savanna Portage,Department of Natural Resources State Park,DNR,State Park,TRUE,Summer-2019,25751,Summer,2019,25751,42720,Department of Natural Resources State Park,DNR,State Park,TRUE
Savanna Portage,Department of Natural Resources State Park,DNR,State Park,TRUE,Summer-2020,26114,Summer,2020,26114,38568,Department of Natural Resources State Park,DNR,State Park,TRUE
Savanna Portage,Department of Natural Resources State Park,DNR,State Park,TRUE,Summer-2021,16116,Summer,2021,16116,29165,Department of Natural Resources State Park,DNR,State Park,TRUE
Savanna Portage,Department of Natural Resources State Park,DNR,State Park,TRUE,Winter-2018,4201,Winter,2018,4201,51229,Department of Natural Resources State Park,DNR,State Park,TRUE
Savanna Portage,Department of Natural Resources State Park,DNR,State Park,TRUE,Winter-2019,4180,Winter,2019,4180,42720,Department of Natural Resources State Park,DNR,State Park,TRUE
Savanna Portage,Department of Natural Resources State Park,DNR,State Park,TRUE,Winter-2020,2183,Winter,2020,2183,38568,Department of Natural Resources State Park,DNR,State Park,TRUE
Savanna Portage,Department of Natural Resources State Park,DNR,State Park,TRUE,Winter-2021,2244,Winter,2021,2244,29165,Department of Natural Resources State Park,DNR,State Park,TRUE
Savanna Portage,Department of Natural Resources State Park,DNR,State Park,TRUE,Winter-2022,143,Winter,2022,143,143,Department of Natural Resources State Park,DNR,State Park,TRUE
Sawtooth Bluff,Eligible for Greater Minnesota Designation,Eligible Greater MN,Eligible Regional Park,FALSE,Fall-2018,41771,Fall,2018,41771,182359,Eligible for Greater Minnesota Designation,Eligible Greater MN,Eligible Regional Park,FALSE
Sawtooth Bluff,Eligible for Greater Minnesota Designation,Eligible Greater MN,Eligible Regional Park,FALSE,Fall-2019,21517,Fall,2019,21517,113541,Eligible for Greater Minnesota Designation,Eligible Greater MN,Eligible Regional Park,FALSE
Sawtooth Bluff,Eligible for Greater Minnesota Designation,Eligible Greater MN,Eligible Regional Park,FALSE,Fall-2020,9296,Fall,2020,9296,53067,Eligible for Greater Minnesota Designation,Eligible Greater MN,Eligible Regional Park,FALSE
Sawtooth Bluff,Eligible for Greater Minnesota Designation,Eligible Greater MN,Eligible Regional Park,FALSE,Fall-2021,17624,Fall,2021,17624,68774,Eligible for Greater Minnesota Designation,Eligible Greater MN,Eligible Regional Park,FALSE
Sawtooth Bluff,Eligible for Greater Minnesota Designation,Eligible Greater MN,Eligible Regional Park,FALSE,Spring-2018,57411,Spring,2018,57411,182359,Eligible for Greater Minnesota Designation,Eligible Greater MN,Eligible Regional Park,FALSE
Sawtooth Bluff,Eligible for Greater Minnesota Designation,Eligible Greater MN,Eligible Regional Park,FALSE,Spring-2019,27961,Spring,2019,27961,113541,Eligible for Greater Minnesota Designation,Eligible Greater MN,Eligible Regional Park,FALSE
Sawtooth Bluff,Eligible for Greater Minnesota Designation,Eligible Greater MN,Eligible Regional Park,FALSE,Spring-2020,10779,Spring,2020,10779,53067,Eligible for Greater Minnesota Designation,Eligible Greater MN,Eligible Regional Park,FALSE
Sawtooth Bluff,Eligible for Greater Minnesota Designation,Eligible Greater MN,Eligible Regional Park,FALSE,Spring-2021,19167,Spring,2021,19167,68774,Eligible for Greater Minnesota Designation,Eligible Greater MN,Eligible Regional Park,FALSE
Sawtooth Bluff,Eligible for Greater Minnesota Designation,Eligible Greater MN,Eligible Regional Park,FALSE,Summer-2018,31822,Summer,2018,31822,182359,Eligible for Greater Minnesota Designation,Eligible Greater MN,Eligible Regional Park,FALSE
Sawtooth Bluff,Eligible for Greater Minnesota Designation,Eligible Greater MN,Eligible Regional Park,FALSE,Summer-2019,25596,Summer,2019,25596,113541,Eligible for Greater Minnesota Designation,Eligible Greater MN,Eligible Regional Park,FALSE
Sawtooth Bluff,Eligible for Greater Minnesota Designation,Eligible Greater MN,Eligible Regional Park,FALSE,Summer-2020,12479,Summer,2020,12479,53067,Eligible for Greater Minnesota Designation,Eligible Greater MN,Eligible Regional Park,FALSE
Sawtooth Bluff,Eligible for Greater Minnesota Designation,Eligible Greater MN,Eligible Regional Park,FALSE,Summer-2021,18933,Summer,2021,18933,68774,Eligible for Greater Minnesota Designation,Eligible Greater MN,Eligible Regional Park,FALSE
Sawtooth Bluff,Eligible for Greater Minnesota Designation,Eligible Greater MN,Eligible Regional Park,FALSE,Winter-2018,51355,Winter,2018,51355,182359,Eligible for Greater Minnesota Designation,Eligible Greater MN,Eligible Regional Park,FALSE
Sawtooth Bluff,Eligible for Greater Minnesota Designation,Eligible Greater MN,Eligible Regional Park,FALSE,Winter-2019,38467,Winter,2019,38467,113541,Eligible for Greater Minnesota Designation,Eligible Greater MN,Eligible Regional Park,FALSE
Sawtooth Bluff,Eligible for Greater Minnesota Designation,Eligible Greater MN,Eligible Regional Park,FALSE,Winter-2020,20513,Winter,2020,20513,53067,Eligible for Greater Minnesota Designation,Eligible Greater MN,Eligible Regional Park,FALSE
Sawtooth Bluff,Eligible for Greater Minnesota Designation,Eligible Greater MN,Eligible Regional Park,FALSE,Winter-2021,13050,Winter,2021,13050,68774,Eligible for Greater Minnesota Designation,Eligible Greater MN,Eligible Regional Park,FALSE
Sawtooth Bluff,Eligible for Greater Minnesota Designation,Eligible Greater MN,Eligible Regional Park,FALSE,Winter-2022,6505,Winter,2022,6505,6505,Eligible for Greater Minnesota Designation,Eligible Greater MN,Eligible Regional Park,FALSE
Scenic,Department of Natural Resources State Park,DNR,State Park,TRUE,Fall-2018,12473,Fall,2018,12473,73515,Department of Natural Resources State Park,DNR,State Park,TRUE
Scenic,Department of Natural Resources State Park,DNR,State Park,TRUE,Fall-2019,5216,Fall,2019,5216,47427,Department of Natural Resources State Park,DNR,State Park,TRUE
Scenic,Department of Natural Resources State Park,DNR,State Park,TRUE,Fall-2020,13273,Fall,2020,13273,61932,Department of Natural Resources State Park,DNR,State Park,TRUE
Scenic,Department of Natural Resources State Park,DNR,State Park,TRUE,Fall-2021,7151,Fall,2021,7151,54062,Department of Natural Resources State Park,DNR,State Park,TRUE
Scenic,Department of Natural Resources State Park,DNR,State Park,TRUE,Spring-2018,5128,Spring,2018,5128,73515,Department of Natural Resources State Park,DNR,State Park,TRUE
Scenic,Department of Natural Resources State Park,DNR,State Park,TRUE,Spring-2019,5279,Spring,2019,5279,47427,Department of Natural Resources State Park,DNR,State Park,TRUE
Scenic,Department of Natural Resources State Park,DNR,State Park,TRUE,Spring-2020,6508,Spring,2020,6508,61932,Department of Natural Resources State Park,DNR,State Park,TRUE
Scenic,Department of Natural Resources State Park,DNR,State Park,TRUE,Spring-2021,12843,Spring,2021,12843,54062,Department of Natural Resources State Park,DNR,State Park,TRUE
Scenic,Department of Natural Resources State Park,DNR,State Park,TRUE,Summer-2018,52258,Summer,2018,52258,73515,Department of Natural Resources State Park,DNR,State Park,TRUE
Scenic,Department of Natural Resources State Park,DNR,State Park,TRUE,Summer-2019,34408,Summer,2019,34408,47427,Department of Natural Resources State Park,DNR,State Park,TRUE
Scenic,Department of Natural Resources State Park,DNR,State Park,TRUE,Summer-2020,40359,Summer,2020,40359,61932,Department of Natural Resources State Park,DNR,State Park,TRUE
Scenic,Department of Natural Resources State Park,DNR,State Park,TRUE,Summer-2021,29334,Summer,2021,29334,54062,Department of Natural Resources State Park,DNR,State Park,TRUE
Scenic,Department of Natural Resources State Park,DNR,State Park,TRUE,Winter-2018,3656,Winter,2018,3656,73515,Department of Natural Resources State Park,DNR,State Park,TRUE
Scenic,Department of Natural Resources State Park,DNR,State Park,TRUE,Winter-2019,2524,Winter,2019,2524,47427,Department of Natural Resources State Park,DNR,State Park,TRUE
Scenic,Department of Natural Resources State Park,DNR,State Park,TRUE,Winter-2020,1792,Winter,2020,1792,61932,Department of Natural Resources State Park,DNR,State Park,TRUE
Scenic,Department of Natural Resources State Park,DNR,State Park,TRUE,Winter-2021,4734,Winter,2021,4734,54062,Department of Natural Resources State Park,DNR,State Park,TRUE
Scenic,Department of Natural Resources State Park,DNR,State Park,TRUE,Winter-2022,759,Winter,2022,759,759,Department of Natural Resources State Park,DNR,State Park,TRUE
Schoolcraft,Department of Natural Resources State Park,DNR,State Park,TRUE,Fall-2018,1033,Fall,2018,1033,8411,Department of Natural Resources State Park,DNR,State Park,TRUE
Schoolcraft,Department of Natural Resources State Park,DNR,State Park,TRUE,Fall-2019,708,Fall,2019,708,5108,Department of Natural Resources State Park,DNR,State Park,TRUE
Schoolcraft,Department of Natural Resources State Park,DNR,State Park,TRUE,Fall-2020,886,Fall,2020,886,5866,Department of Natural Resources State Park,DNR,State Park,TRUE
Schoolcraft,Department of Natural Resources State Park,DNR,State Park,TRUE,Fall-2021,440,Fall,2021,440,3670,Department of Natural Resources State Park,DNR,State Park,TRUE
Schoolcraft,Department of Natural Resources State Park,DNR,State Park,TRUE,Spring-2018,1878,Spring,2018,1878,8411,Department of Natural Resources State Park,DNR,State Park,TRUE
Schoolcraft,Department of Natural Resources State Park,DNR,State Park,TRUE,Spring-2019,679,Spring,2019,679,5108,Department of Natural Resources State Park,DNR,State Park,TRUE
Schoolcraft,Department of Natural Resources State Park,DNR,State Park,TRUE,Spring-2020,793,Spring,2020,793,5866,Department of Natural Resources State Park,DNR,State Park,TRUE
Schoolcraft,Department of Natural Resources State Park,DNR,State Park,TRUE,Spring-2021,855,Spring,2021,855,3670,Department of Natural Resources State Park,DNR,State Park,TRUE
Schoolcraft,Department of Natural Resources State Park,DNR,State Park,TRUE,Summer-2018,3250,Summer,2018,3250,8411,Department of Natural Resources State Park,DNR,State Park,TRUE
Schoolcraft,Department of Natural Resources State Park,DNR,State Park,TRUE,Summer-2019,2460,Summer,2019,2460,5108,Department of Natural Resources State Park,DNR,State Park,TRUE
Schoolcraft,Department of Natural Resources State Park,DNR,State Park,TRUE,Summer-2020,3155,Summer,2020,3155,5866,Department of Natural Resources State Park,DNR,State Park,TRUE
Schoolcraft,Department of Natural Resources State Park,DNR,State Park,TRUE,Summer-2021,1607,Summer,2021,1607,3670,Department of Natural Resources State Park,DNR,State Park,TRUE
Schoolcraft,Department of Natural Resources State Park,DNR,State Park,TRUE,Winter-2018,2250,Winter,2018,2250,8411,Department of Natural Resources State Park,DNR,State Park,TRUE
Schoolcraft,Department of Natural Resources State Park,DNR,State Park,TRUE,Winter-2019,1261,Winter,2019,1261,5108,Department of Natural Resources State Park,DNR,State Park,TRUE
Schoolcraft,Department of Natural Resources State Park,DNR,State Park,TRUE,Winter-2020,1032,Winter,2020,1032,5866,Department of Natural Resources State Park,DNR,State Park,TRUE
Schoolcraft,Department of Natural Resources State Park,DNR,State Park,TRUE,Winter-2021,768,Winter,2021,768,3670,Department of Natural Resources State Park,DNR,State Park,TRUE
Schoolcraft,Department of Natural Resources State Park,DNR,State Park,TRUE,Winter-2022,99,Winter,2022,99,99,Department of Natural Resources State Park,DNR,State Park,TRUE
Sibley,Department of Natural Resources State Park,DNR,State Park,TRUE,Fall-2018,27261,Fall,2018,27261,93040,Department of Natural Resources State Park,DNR,State Park,TRUE
Sibley,Department of Natural Resources State Park,DNR,State Park,TRUE,Fall-2019,20242,Fall,2019,20242,112648,Department of Natural Resources State Park,DNR,State Park,TRUE
Sibley,Department of Natural Resources State Park,DNR,State Park,TRUE,Fall-2020,23594,Fall,2020,23594,109968,Department of Natural Resources State Park,DNR,State Park,TRUE
Sibley,Department of Natural Resources State Park,DNR,State Park,TRUE,Fall-2021,18110,Fall,2021,18110,90208,Department of Natural Resources State Park,DNR,State Park,TRUE
Sibley,Department of Natural Resources State Park,DNR,State Park,TRUE,Spring-2018,15649,Spring,2018,15649,93040,Department of Natural Resources State Park,DNR,State Park,TRUE
Sibley,Department of Natural Resources State Park,DNR,State Park,TRUE,Spring-2019,16419,Spring,2019,16419,112648,Department of Natural Resources State Park,DNR,State Park,TRUE
Sibley,Department of Natural Resources State Park,DNR,State Park,TRUE,Spring-2020,22553,Spring,2020,22553,109968,Department of Natural Resources State Park,DNR,State Park,TRUE
Sibley,Department of Natural Resources State Park,DNR,State Park,TRUE,Spring-2021,19611,Spring,2021,19611,90208,Department of Natural Resources State Park,DNR,State Park,TRUE
Sibley,Department of Natural Resources State Park,DNR,State Park,TRUE,Summer-2018,47022,Summer,2018,47022,93040,Department of Natural Resources State Park,DNR,State Park,TRUE
Sibley,Department of Natural Resources State Park,DNR,State Park,TRUE,Summer-2019,71118,Summer,2019,71118,112648,Department of Natural Resources State Park,DNR,State Park,TRUE
Sibley,Department of Natural Resources State Park,DNR,State Park,TRUE,Summer-2020,59150,Summer,2020,59150,109968,Department of Natural Resources State Park,DNR,State Park,TRUE
Sibley,Department of Natural Resources State Park,DNR,State Park,TRUE,Summer-2021,46632,Summer,2021,46632,90208,Department of Natural Resources State Park,DNR,State Park,TRUE
Sibley,Department of Natural Resources State Park,DNR,State Park,TRUE,Winter-2018,3108,Winter,2018,3108,93040,Department of Natural Resources State Park,DNR,State Park,TRUE
Sibley,Department of Natural Resources State Park,DNR,State Park,TRUE,Winter-2019,4869,Winter,2019,4869,112648,Department of Natural Resources State Park,DNR,State Park,TRUE
Sibley,Department of Natural Resources State Park,DNR,State Park,TRUE,Winter-2020,4671,Winter,2020,4671,109968,Department of Natural Resources State Park,DNR,State Park,TRUE
Sibley,Department of Natural Resources State Park,DNR,State Park,TRUE,Winter-2021,5855,Winter,2021,5855,90208,Department of Natural Resources State Park,DNR,State Park,TRUE
Sibley,Department of Natural Resources State Park,DNR,State Park,TRUE,Winter-2022,748,Winter,2022,748,748,Department of Natural Resources State Park,DNR,State Park,TRUE
Silverwood,Metropolitan Regional Park System,Three Rivers Park District,Regional Park,TRUE,Fall-2018,42629,Fall,2018,42629,185479,Metropolitan Regional Park System,Three Rivers Park District,Regional Park,TRUE
Silverwood,Metropolitan Regional Park System,Three Rivers Park District,Regional Park,TRUE,Fall-2019,41651,Fall,2019,41651,174751,Metropolitan Regional Park System,Three Rivers Park District,Regional Park,TRUE
Silverwood,Metropolitan Regional Park System,Three Rivers Park District,Regional Park,TRUE,Fall-2020,42502,Fall,2020,42502,196287,Metropolitan Regional Park System,Three Rivers Park District,Regional Park,TRUE
Silverwood,Metropolitan Regional Park System,Three Rivers Park District,Regional Park,TRUE,Fall-2021,40237,Fall,2021,40237,187936,Metropolitan Regional Park System,Three Rivers Park District,Regional Park,TRUE
Silverwood,Metropolitan Regional Park System,Three Rivers Park District,Regional Park,TRUE,Spring-2018,52454,Spring,2018,52454,185479,Metropolitan Regional Park System,Three Rivers Park District,Regional Park,TRUE
Silverwood,Metropolitan Regional Park System,Three Rivers Park District,Regional Park,TRUE,Spring-2019,43484,Spring,2019,43484,174751,Metropolitan Regional Park System,Three Rivers Park District,Regional Park,TRUE
Silverwood,Metropolitan Regional Park System,Three Rivers Park District,Regional Park,TRUE,Spring-2020,52356,Spring,2020,52356,196287,Metropolitan Regional Park System,Three Rivers Park District,Regional Park,TRUE
Silverwood,Metropolitan Regional Park System,Three Rivers Park District,Regional Park,TRUE,Spring-2021,56034,Spring,2021,56034,187936,Metropolitan Regional Park System,Three Rivers Park District,Regional Park,TRUE
Silverwood,Metropolitan Regional Park System,Three Rivers Park District,Regional Park,TRUE,Summer-2018,65558,Summer,2018,65558,185479,Metropolitan Regional Park System,Three Rivers Park District,Regional Park,TRUE
Silverwood,Metropolitan Regional Park System,Three Rivers Park District,Regional Park,TRUE,Summer-2019,69479,Summer,2019,69479,174751,Metropolitan Regional Park System,Three Rivers Park District,Regional Park,TRUE
Silverwood,Metropolitan Regional Park System,Three Rivers Park District,Regional Park,TRUE,Summer-2020,78696,Summer,2020,78696,196287,Metropolitan Regional Park System,Three Rivers Park District,Regional Park,TRUE
Silverwood,Metropolitan Regional Park System,Three Rivers Park District,Regional Park,TRUE,Summer-2021,60767,Summer,2021,60767,187936,Metropolitan Regional Park System,Three Rivers Park District,Regional Park,TRUE
Silverwood,Metropolitan Regional Park System,Three Rivers Park District,Regional Park,TRUE,Winter-2018,24838,Winter,2018,24838,185479,Metropolitan Regional Park System,Three Rivers Park District,Regional Park,TRUE
Silverwood,Metropolitan Regional Park System,Three Rivers Park District,Regional Park,TRUE,Winter-2019,20137,Winter,2019,20137,174751,Metropolitan Regional Park System,Three Rivers Park District,Regional Park,TRUE
Silverwood,Metropolitan Regional Park System,Three Rivers Park District,Regional Park,TRUE,Winter-2020,22733,Winter,2020,22733,196287,Metropolitan Regional Park System,Three Rivers Park District,Regional Park,TRUE
Silverwood,Metropolitan Regional Park System,Three Rivers Park District,Regional Park,TRUE,Winter-2021,30898,Winter,2021,30898,187936,Metropolitan Regional Park System,Three Rivers Park District,Regional Park,TRUE
Silverwood,Metropolitan Regional Park System,Three Rivers Park District,Regional Park,TRUE,Winter-2022,4416,Winter,2022,4416,4416,Metropolitan Regional Park System,Three Rivers Park District,Regional Park,TRUE
Spirit Mountain Recreation Area,Greater Minnesota Regional Parks & Trails,Greater MN,Regional Park,TRUE,Fall-2018,70023,Fall,2018,70023,346829,Greater Minnesota Regional Parks & Trails,Greater MN,Regional Park,TRUE
Spirit Mountain Recreation Area,Greater Minnesota Regional Parks & Trails,Greater MN,Regional Park,TRUE,Fall-2019,80963,Fall,2019,80963,461794,Greater Minnesota Regional Parks & Trails,Greater MN,Regional Park,TRUE
Spirit Mountain Recreation Area,Greater Minnesota Regional Parks & Trails,Greater MN,Regional Park,TRUE,Fall-2020,43929,Fall,2020,43929,360103,Greater Minnesota Regional Parks & Trails,Greater MN,Regional Park,TRUE
Spirit Mountain Recreation Area,Greater Minnesota Regional Parks & Trails,Greater MN,Regional Park,TRUE,Fall-2021,48857,Fall,2021,48857,400768,Greater Minnesota Regional Parks & Trails,Greater MN,Regional Park,TRUE
Spirit Mountain Recreation Area,Greater Minnesota Regional Parks & Trails,Greater MN,Regional Park,TRUE,Spring-2018,70249,Spring,2018,70249,346829,Greater Minnesota Regional Parks & Trails,Greater MN,Regional Park,TRUE
Spirit Mountain Recreation Area,Greater Minnesota Regional Parks & Trails,Greater MN,Regional Park,TRUE,Spring-2019,81447,Spring,2019,81447,461794,Greater Minnesota Regional Parks & Trails,Greater MN,Regional Park,TRUE
Spirit Mountain Recreation Area,Greater Minnesota Regional Parks & Trails,Greater MN,Regional Park,TRUE,Spring-2020,54595,Spring,2020,54595,360103,Greater Minnesota Regional Parks & Trails,Greater MN,Regional Park,TRUE
Spirit Mountain Recreation Area,Greater Minnesota Regional Parks & Trails,Greater MN,Regional Park,TRUE,Spring-2021,73859,Spring,2021,73859,400768,Greater Minnesota Regional Parks & Trails,Greater MN,Regional Park,TRUE
Spirit Mountain Recreation Area,Greater Minnesota Regional Parks & Trails,Greater MN,Regional Park,TRUE,Summer-2018,84809,Summer,2018,84809,346829,Greater Minnesota Regional Parks & Trails,Greater MN,Regional Park,TRUE
Spirit Mountain Recreation Area,Greater Minnesota Regional Parks & Trails,Greater MN,Regional Park,TRUE,Summer-2019,108803,Summer,2019,108803,461794,Greater Minnesota Regional Parks & Trails,Greater MN,Regional Park,TRUE
Spirit Mountain Recreation Area,Greater Minnesota Regional Parks & Trails,Greater MN,Regional Park,TRUE,Summer-2020,40635,Summer,2020,40635,360103,Greater Minnesota Regional Parks & Trails,Greater MN,Regional Park,TRUE
Spirit Mountain Recreation Area,Greater Minnesota Regional Parks & Trails,Greater MN,Regional Park,TRUE,Summer-2021,96497,Summer,2021,96497,400768,Greater Minnesota Regional Parks & Trails,Greater MN,Regional Park,TRUE
Spirit Mountain Recreation Area,Greater Minnesota Regional Parks & Trails,Greater MN,Regional Park,TRUE,Winter-2018,121748,Winter,2018,121748,346829,Greater Minnesota Regional Parks & Trails,Greater MN,Regional Park,TRUE
Spirit Mountain Recreation Area,Greater Minnesota Regional Parks & Trails,Greater MN,Regional Park,TRUE,Winter-2019,190581,Winter,2019,190581,461794,Greater Minnesota Regional Parks & Trails,Greater MN,Regional Park,TRUE
Spirit Mountain Recreation Area,Greater Minnesota Regional Parks & Trails,Greater MN,Regional Park,TRUE,Winter-2020,220944,Winter,2020,220944,360103,Greater Minnesota Regional Parks & Trails,Greater MN,Regional Park,TRUE
Spirit Mountain Recreation Area,Greater Minnesota Regional Parks & Trails,Greater MN,Regional Park,TRUE,Winter-2021,181555,Winter,2021,181555,400768,Greater Minnesota Regional Parks & Trails,Greater MN,Regional Park,TRUE
Spirit Mountain Recreation Area,Greater Minnesota Regional Parks & Trails,Greater MN,Regional Park,TRUE,Winter-2022,32518,Winter,2022,32518,32518,Greater Minnesota Regional Parks & Trails,Greater MN,Regional Park,TRUE
Split Rock Creek,Department of Natural Resources State Park,DNR,State Park,TRUE,Fall-2018,1778,Fall,2018,1778,16907,Department of Natural Resources State Park,DNR,State Park,TRUE
Split Rock Creek,Department of Natural Resources State Park,DNR,State Park,TRUE,Fall-2019,1621,Fall,2019,1621,10993,Department of Natural Resources State Park,DNR,State Park,TRUE
Split Rock Creek,Department of Natural Resources State Park,DNR,State Park,TRUE,Fall-2020,2193,Fall,2020,2193,14478,Department of Natural Resources State Park,DNR,State Park,TRUE
Split Rock Creek,Department of Natural Resources State Park,DNR,State Park,TRUE,Fall-2021,1940,Fall,2021,1940,13184,Department of Natural Resources State Park,DNR,State Park,TRUE
Split Rock Creek,Department of Natural Resources State Park,DNR,State Park,TRUE,Spring-2018,2477,Spring,2018,2477,16907,Department of Natural Resources State Park,DNR,State Park,TRUE
Split Rock Creek,Department of Natural Resources State Park,DNR,State Park,TRUE,Spring-2019,1453,Spring,2019,1453,10993,Department of Natural Resources State Park,DNR,State Park,TRUE
Split Rock Creek,Department of Natural Resources State Park,DNR,State Park,TRUE,Spring-2020,1563,Spring,2020,1563,14478,Department of Natural Resources State Park,DNR,State Park,TRUE
Split Rock Creek,Department of Natural Resources State Park,DNR,State Park,TRUE,Spring-2021,3330,Spring,2021,3330,13184,Department of Natural Resources State Park,DNR,State Park,TRUE
Split Rock Creek,Department of Natural Resources State Park,DNR,State Park,TRUE,Summer-2018,10935,Summer,2018,10935,16907,Department of Natural Resources State Park,DNR,State Park,TRUE
Split Rock Creek,Department of Natural Resources State Park,DNR,State Park,TRUE,Summer-2019,7154,Summer,2019,7154,10993,Department of Natural Resources State Park,DNR,State Park,TRUE
Split Rock Creek,Department of Natural Resources State Park,DNR,State Park,TRUE,Summer-2020,10351,Summer,2020,10351,14478,Department of Natural Resources State Park,DNR,State Park,TRUE
Split Rock Creek,Department of Natural Resources State Park,DNR,State Park,TRUE,Summer-2021,7410,Summer,2021,7410,13184,Department of Natural Resources State Park,DNR,State Park,TRUE
Split Rock Creek,Department of Natural Resources State Park,DNR,State Park,TRUE,Winter-2018,1717,Winter,2018,1717,16907,Department of Natural Resources State Park,DNR,State Park,TRUE
Split Rock Creek,Department of Natural Resources State Park,DNR,State Park,TRUE,Winter-2019,765,Winter,2019,765,10993,Department of Natural Resources State Park,DNR,State Park,TRUE
Split Rock Creek,Department of Natural Resources State Park,DNR,State Park,TRUE,Winter-2020,371,Winter,2020,371,14478,Department of Natural Resources State Park,DNR,State Park,TRUE
Split Rock Creek,Department of Natural Resources State Park,DNR,State Park,TRUE,Winter-2021,504,Winter,2021,504,13184,Department of Natural Resources State Park,DNR,State Park,TRUE
Split Rock Creek,Department of Natural Resources State Park,DNR,State Park,TRUE,Winter-2022,69,Winter,2022,69,69,Department of Natural Resources State Park,DNR,State Park,TRUE
Split Rock Lighthouse,Department of Natural Resources State Park,DNR,State Park,TRUE,Fall-2018,27844,Fall,2018,27844,106535,Department of Natural Resources State Park,DNR,State Park,TRUE
Split Rock Lighthouse,Department of Natural Resources State Park,DNR,State Park,TRUE,Fall-2019,22863,Fall,2019,22863,86498,Department of Natural Resources State Park,DNR,State Park,TRUE
Split Rock Lighthouse,Department of Natural Resources State Park,DNR,State Park,TRUE,Fall-2020,28717,Fall,2020,28717,116145,Department of Natural Resources State Park,DNR,State Park,TRUE
Split Rock Lighthouse,Department of Natural Resources State Park,DNR,State Park,TRUE,Fall-2021,21459,Fall,2021,21459,96653,Department of Natural Resources State Park,DNR,State Park,TRUE
Split Rock Lighthouse,Department of Natural Resources State Park,DNR,State Park,TRUE,Spring-2018,21433,Spring,2018,21433,106535,Department of Natural Resources State Park,DNR,State Park,TRUE
Split Rock Lighthouse,Department of Natural Resources State Park,DNR,State Park,TRUE,Spring-2019,14596,Spring,2019,14596,86498,Department of Natural Resources State Park,DNR,State Park,TRUE
Split Rock Lighthouse,Department of Natural Resources State Park,DNR,State Park,TRUE,Spring-2020,17408,Spring,2020,17408,116145,Department of Natural Resources State Park,DNR,State Park,TRUE
Split Rock Lighthouse,Department of Natural Resources State Park,DNR,State Park,TRUE,Spring-2021,23573,Spring,2021,23573,96653,Department of Natural Resources State Park,DNR,State Park,TRUE
Split Rock Lighthouse,Department of Natural Resources State Park,DNR,State Park,TRUE,Summer-2018,47917,Summer,2018,47917,106535,Department of Natural Resources State Park,DNR,State Park,TRUE
Split Rock Lighthouse,Department of Natural Resources State Park,DNR,State Park,TRUE,Summer-2019,39401,Summer,2019,39401,86498,Department of Natural Resources State Park,DNR,State Park,TRUE
Split Rock Lighthouse,Department of Natural Resources State Park,DNR,State Park,TRUE,Summer-2020,64043,Summer,2020,64043,116145,Department of Natural Resources State Park,DNR,State Park,TRUE
Split Rock Lighthouse,Department of Natural Resources State Park,DNR,State Park,TRUE,Summer-2021,40249,Summer,2021,40249,96653,Department of Natural Resources State Park,DNR,State Park,TRUE
Split Rock Lighthouse,Department of Natural Resources State Park,DNR,State Park,TRUE,Winter-2018,9341,Winter,2018,9341,106535,Department of Natural Resources State Park,DNR,State Park,TRUE
Split Rock Lighthouse,Department of Natural Resources State Park,DNR,State Park,TRUE,Winter-2019,9638,Winter,2019,9638,86498,Department of Natural Resources State Park,DNR,State Park,TRUE
Split Rock Lighthouse,Department of Natural Resources State Park,DNR,State Park,TRUE,Winter-2020,5977,Winter,2020,5977,116145,Department of Natural Resources State Park,DNR,State Park,TRUE
Split Rock Lighthouse,Department of Natural Resources State Park,DNR,State Park,TRUE,Winter-2021,11372,Winter,2021,11372,96653,Department of Natural Resources State Park,DNR,State Park,TRUE
Split Rock Lighthouse,Department of Natural Resources State Park,DNR,State Park,TRUE,Winter-2022,2656,Winter,2022,2656,2656,Department of Natural Resources State Park,DNR,State Park,TRUE
Spring Lake (Dakota County Parks),Metropolitan Regional Park System,Dakota County Parks,Regional Park,TRUE,Fall-2018,15175,Fall,2018,15175,55717,Metropolitan Regional Park System,Dakota County Parks,Regional Park,TRUE
Spring Lake (Dakota County Parks),Metropolitan Regional Park System,Dakota County Parks,Regional Park,TRUE,Fall-2019,14125,Fall,2019,14125,61983,Metropolitan Regional Park System,Dakota County Parks,Regional Park,TRUE
Spring Lake (Dakota County Parks),Metropolitan Regional Park System,Dakota County Parks,Regional Park,TRUE,Fall-2020,29038,Fall,2020,29038,126668,Metropolitan Regional Park System,Dakota County Parks,Regional Park,TRUE
Spring Lake (Dakota County Parks),Metropolitan Regional Park System,Dakota County Parks,Regional Park,TRUE,Fall-2021,26172,Fall,2021,26172,111638,Metropolitan Regional Park System,Dakota County Parks,Regional Park,TRUE
Spring Lake (Dakota County Parks),Metropolitan Regional Park System,Dakota County Parks,Regional Park,TRUE,Spring-2018,11884,Spring,2018,11884,55717,Metropolitan Regional Park System,Dakota County Parks,Regional Park,TRUE
Spring Lake (Dakota County Parks),Metropolitan Regional Park System,Dakota County Parks,Regional Park,TRUE,Spring-2019,14198,Spring,2019,14198,61983,Metropolitan Regional Park System,Dakota County Parks,Regional Park,TRUE
Spring Lake (Dakota County Parks),Metropolitan Regional Park System,Dakota County Parks,Regional Park,TRUE,Spring-2020,41101,Spring,2020,41101,126668,Metropolitan Regional Park System,Dakota County Parks,Regional Park,TRUE
Spring Lake (Dakota County Parks),Metropolitan Regional Park System,Dakota County Parks,Regional Park,TRUE,Spring-2021,29833,Spring,2021,29833,111638,Metropolitan Regional Park System,Dakota County Parks,Regional Park,TRUE
Spring Lake (Dakota County Parks),Metropolitan Regional Park System,Dakota County Parks,Regional Park,TRUE,Summer-2018,24283,Summer,2018,24283,55717,Metropolitan Regional Park System,Dakota County Parks,Regional Park,TRUE
Spring Lake (Dakota County Parks),Metropolitan Regional Park System,Dakota County Parks,Regional Park,TRUE,Summer-2019,29349,Summer,2019,29349,61983,Metropolitan Regional Park System,Dakota County Parks,Regional Park,TRUE
Spring Lake (Dakota County Parks),Metropolitan Regional Park System,Dakota County Parks,Regional Park,TRUE,Summer-2020,49375,Summer,2020,49375,126668,Metropolitan Regional Park System,Dakota County Parks,Regional Park,TRUE
Spring Lake (Dakota County Parks),Metropolitan Regional Park System,Dakota County Parks,Regional Park,TRUE,Summer-2021,43851,Summer,2021,43851,111638,Metropolitan Regional Park System,Dakota County Parks,Regional Park,TRUE
Spring Lake (Dakota County Parks),Metropolitan Regional Park System,Dakota County Parks,Regional Park,TRUE,Winter-2018,4375,Winter,2018,4375,55717,Metropolitan Regional Park System,Dakota County Parks,Regional Park,TRUE
Spring Lake (Dakota County Parks),Metropolitan Regional Park System,Dakota County Parks,Regional Park,TRUE,Winter-2019,4311,Winter,2019,4311,61983,Metropolitan Regional Park System,Dakota County Parks,Regional Park,TRUE
Spring Lake (Dakota County Parks),Metropolitan Regional Park System,Dakota County Parks,Regional Park,TRUE,Winter-2020,7154,Winter,2020,7154,126668,Metropolitan Regional Park System,Dakota County Parks,Regional Park,TRUE
Spring Lake (Dakota County Parks),Metropolitan Regional Park System,Dakota County Parks,Regional Park,TRUE,Winter-2021,11782,Winter,2021,11782,111638,Metropolitan Regional Park System,Dakota County Parks,Regional Park,TRUE
Spring Lake (Dakota County Parks),Metropolitan Regional Park System,Dakota County Parks,Regional Park,TRUE,Winter-2022,2220,Winter,2022,2220,2220,Metropolitan Regional Park System,Dakota County Parks,Regional Park,TRUE
Spring Lake (Scott County Parks),Metropolitan Regional Park System,Scott County Parks,Regional Park,TRUE,Fall-2018,4845,Fall,2018,4845,18236,Metropolitan Regional Park System,Scott County Parks,Regional Park,TRUE
Spring Lake (Scott County Parks),Metropolitan Regional Park System,Scott County Parks,Regional Park,TRUE,Fall-2019,5797,Fall,2019,5797,20595,Metropolitan Regional Park System,Scott County Parks,Regional Park,TRUE
Spring Lake (Scott County Parks),Metropolitan Regional Park System,Scott County Parks,Regional Park,TRUE,Fall-2020,7452,Fall,2020,7452,36663,Metropolitan Regional Park System,Scott County Parks,Regional Park,TRUE
Spring Lake (Scott County Parks),Metropolitan Regional Park System,Scott County Parks,Regional Park,TRUE,Fall-2021,12876,Fall,2021,12876,48999,Metropolitan Regional Park System,Scott County Parks,Regional Park,TRUE
Spring Lake (Scott County Parks),Metropolitan Regional Park System,Scott County Parks,Regional Park,TRUE,Spring-2018,4967,Spring,2018,4967,18236,Metropolitan Regional Park System,Scott County Parks,Regional Park,TRUE
Spring Lake (Scott County Parks),Metropolitan Regional Park System,Scott County Parks,Regional Park,TRUE,Spring-2019,5270,Spring,2019,5270,20595,Metropolitan Regional Park System,Scott County Parks,Regional Park,TRUE
Spring Lake (Scott County Parks),Metropolitan Regional Park System,Scott County Parks,Regional Park,TRUE,Spring-2020,14629,Spring,2020,14629,36663,Metropolitan Regional Park System,Scott County Parks,Regional Park,TRUE
Spring Lake (Scott County Parks),Metropolitan Regional Park System,Scott County Parks,Regional Park,TRUE,Spring-2021,12721,Spring,2021,12721,48999,Metropolitan Regional Park System,Scott County Parks,Regional Park,TRUE
Spring Lake (Scott County Parks),Metropolitan Regional Park System,Scott County Parks,Regional Park,TRUE,Summer-2018,5779,Summer,2018,5779,18236,Metropolitan Regional Park System,Scott County Parks,Regional Park,TRUE
Spring Lake (Scott County Parks),Metropolitan Regional Park System,Scott County Parks,Regional Park,TRUE,Summer-2019,6256,Summer,2019,6256,20595,Metropolitan Regional Park System,Scott County Parks,Regional Park,TRUE
Spring Lake (Scott County Parks),Metropolitan Regional Park System,Scott County Parks,Regional Park,TRUE,Summer-2020,10500,Summer,2020,10500,36663,Metropolitan Regional Park System,Scott County Parks,Regional Park,TRUE
Spring Lake (Scott County Parks),Metropolitan Regional Park System,Scott County Parks,Regional Park,TRUE,Summer-2021,12822,Summer,2021,12822,48999,Metropolitan Regional Park System,Scott County Parks,Regional Park,TRUE
Spring Lake (Scott County Parks),Metropolitan Regional Park System,Scott County Parks,Regional Park,TRUE,Winter-2018,2645,Winter,2018,2645,18236,Metropolitan Regional Park System,Scott County Parks,Regional Park,TRUE
Spring Lake (Scott County Parks),Metropolitan Regional Park System,Scott County Parks,Regional Park,TRUE,Winter-2019,3272,Winter,2019,3272,20595,Metropolitan Regional Park System,Scott County Parks,Regional Park,TRUE
Spring Lake (Scott County Parks),Metropolitan Regional Park System,Scott County Parks,Regional Park,TRUE,Winter-2020,4082,Winter,2020,4082,36663,Metropolitan Regional Park System,Scott County Parks,Regional Park,TRUE
Spring Lake (Scott County Parks),Metropolitan Regional Park System,Scott County Parks,Regional Park,TRUE,Winter-2021,10580,Winter,2021,10580,48999,Metropolitan Regional Park System,Scott County Parks,Regional Park,TRUE
Spring Lake (Scott County Parks),Metropolitan Regional Park System,Scott County Parks,Regional Park,TRUE,Winter-2022,1215,Winter,2022,1215,1215,Metropolitan Regional Park System,Scott County Parks,Regional Park,TRUE
Springvale Park,Eligible for Greater Minnesota Designation,Eligible Greater MN,Eligible Regional Park,FALSE,Fall-2018,2380,Fall,2018,2380,8069,Eligible for Greater Minnesota Designation,Eligible Greater MN,Eligible Regional Park,FALSE
Springvale Park,Eligible for Greater Minnesota Designation,Eligible Greater MN,Eligible Regional Park,FALSE,Fall-2019,2694,Fall,2019,2694,6771,Eligible for Greater Minnesota Designation,Eligible Greater MN,Eligible Regional Park,FALSE
Springvale Park,Eligible for Greater Minnesota Designation,Eligible Greater MN,Eligible Regional Park,FALSE,Fall-2020,3969,Fall,2020,3969,18410,Eligible for Greater Minnesota Designation,Eligible Greater MN,Eligible Regional Park,FALSE
Springvale Park,Eligible for Greater Minnesota Designation,Eligible Greater MN,Eligible Regional Park,FALSE,Fall-2021,3378,Fall,2021,3378,15853,Eligible for Greater Minnesota Designation,Eligible Greater MN,Eligible Regional Park,FALSE
Springvale Park,Eligible for Greater Minnesota Designation,Eligible Greater MN,Eligible Regional Park,FALSE,Spring-2018,1987,Spring,2018,1987,8069,Eligible for Greater Minnesota Designation,Eligible Greater MN,Eligible Regional Park,FALSE
Springvale Park,Eligible for Greater Minnesota Designation,Eligible Greater MN,Eligible Regional Park,FALSE,Spring-2019,1398,Spring,2019,1398,6771,Eligible for Greater Minnesota Designation,Eligible Greater MN,Eligible Regional Park,FALSE
Springvale Park,Eligible for Greater Minnesota Designation,Eligible Greater MN,Eligible Regional Park,FALSE,Spring-2020,6946,Spring,2020,6946,18410,Eligible for Greater Minnesota Designation,Eligible Greater MN,Eligible Regional Park,FALSE
Springvale Park,Eligible for Greater Minnesota Designation,Eligible Greater MN,Eligible Regional Park,FALSE,Spring-2021,5386,Spring,2021,5386,15853,Eligible for Greater Minnesota Designation,Eligible Greater MN,Eligible Regional Park,FALSE
Springvale Park,Eligible for Greater Minnesota Designation,Eligible Greater MN,Eligible Regional Park,FALSE,Summer-2018,2686,Summer,2018,2686,8069,Eligible for Greater Minnesota Designation,Eligible Greater MN,Eligible Regional Park,FALSE
Springvale Park,Eligible for Greater Minnesota Designation,Eligible Greater MN,Eligible Regional Park,FALSE,Summer-2019,2178,Summer,2019,2178,6771,Eligible for Greater Minnesota Designation,Eligible Greater MN,Eligible Regional Park,FALSE
Springvale Park,Eligible for Greater Minnesota Designation,Eligible Greater MN,Eligible Regional Park,FALSE,Summer-2020,6793,Summer,2020,6793,18410,Eligible for Greater Minnesota Designation,Eligible Greater MN,Eligible Regional Park,FALSE
Springvale Park,Eligible for Greater Minnesota Designation,Eligible Greater MN,Eligible Regional Park,FALSE,Summer-2021,5706,Summer,2021,5706,15853,Eligible for Greater Minnesota Designation,Eligible Greater MN,Eligible Regional Park,FALSE
Springvale Park,Eligible for Greater Minnesota Designation,Eligible Greater MN,Eligible Regional Park,FALSE,Winter-2018,1016,Winter,2018,1016,8069,Eligible for Greater Minnesota Designation,Eligible Greater MN,Eligible Regional Park,FALSE
Springvale Park,Eligible for Greater Minnesota Designation,Eligible Greater MN,Eligible Regional Park,FALSE,Winter-2019,501,Winter,2019,501,6771,Eligible for Greater Minnesota Designation,Eligible Greater MN,Eligible Regional Park,FALSE
Springvale Park,Eligible for Greater Minnesota Designation,Eligible Greater MN,Eligible Regional Park,FALSE,Winter-2020,702,Winter,2020,702,18410,Eligible for Greater Minnesota Designation,Eligible Greater MN,Eligible Regional Park,FALSE
Springvale Park,Eligible for Greater Minnesota Designation,Eligible Greater MN,Eligible Regional Park,FALSE,Winter-2021,1383,Winter,2021,1383,15853,Eligible for Greater Minnesota Designation,Eligible Greater MN,Eligible Regional Park,FALSE
Springvale Park,Eligible for Greater Minnesota Designation,Eligible Greater MN,Eligible Regional Park,FALSE,Winter-2022,171,Winter,2022,171,171,Eligible for Greater Minnesota Designation,Eligible Greater MN,Eligible Regional Park,FALSE
Square Lake,Metropolitan Regional Park System,Washington County Parks,Regional Park,TRUE,Fall-2018,2885,Fall,2018,2885,38780,Metropolitan Regional Park System,Washington County Parks,Regional Park,TRUE
Square Lake,Metropolitan Regional Park System,Washington County Parks,Regional Park,TRUE,Fall-2019,1744,Fall,2019,1744,37572,Metropolitan Regional Park System,Washington County Parks,Regional Park,TRUE
Square Lake,Metropolitan Regional Park System,Washington County Parks,Regional Park,TRUE,Fall-2020,2583,Fall,2020,2583,53657,Metropolitan Regional Park System,Washington County Parks,Regional Park,TRUE
Square Lake,Metropolitan Regional Park System,Washington County Parks,Regional Park,TRUE,Fall-2021,3272,Fall,2021,3272,52433,Metropolitan Regional Park System,Washington County Parks,Regional Park,TRUE
Square Lake,Metropolitan Regional Park System,Washington County Parks,Regional Park,TRUE,Spring-2018,4162,Spring,2018,4162,38780,Metropolitan Regional Park System,Washington County Parks,Regional Park,TRUE
Square Lake,Metropolitan Regional Park System,Washington County Parks,Regional Park,TRUE,Spring-2019,1487,Spring,2019,1487,37572,Metropolitan Regional Park System,Washington County Parks,Regional Park,TRUE
Square Lake,Metropolitan Regional Park System,Washington County Parks,Regional Park,TRUE,Spring-2020,3412,Spring,2020,3412,53657,Metropolitan Regional Park System,Washington County Parks,Regional Park,TRUE
Square Lake,Metropolitan Regional Park System,Washington County Parks,Regional Park,TRUE,Spring-2021,6289,Spring,2021,6289,52433,Metropolitan Regional Park System,Washington County Parks,Regional Park,TRUE
Square Lake,Metropolitan Regional Park System,Washington County Parks,Regional Park,TRUE,Summer-2018,29898,Summer,2018,29898,38780,Metropolitan Regional Park System,Washington County Parks,Regional Park,TRUE
Square Lake,Metropolitan Regional Park System,Washington County Parks,Regional Park,TRUE,Summer-2019,33394,Summer,2019,33394,37572,Metropolitan Regional Park System,Washington County Parks,Regional Park,TRUE
Square Lake,Metropolitan Regional Park System,Washington County Parks,Regional Park,TRUE,Summer-2020,47070,Summer,2020,47070,53657,Metropolitan Regional Park System,Washington County Parks,Regional Park,TRUE
Square Lake,Metropolitan Regional Park System,Washington County Parks,Regional Park,TRUE,Summer-2021,41586,Summer,2021,41586,52433,Metropolitan Regional Park System,Washington County Parks,Regional Park,TRUE
Square Lake,Metropolitan Regional Park System,Washington County Parks,Regional Park,TRUE,Winter-2018,1835,Winter,2018,1835,38780,Metropolitan Regional Park System,Washington County Parks,Regional Park,TRUE
Square Lake,Metropolitan Regional Park System,Washington County Parks,Regional Park,TRUE,Winter-2019,947,Winter,2019,947,37572,Metropolitan Regional Park System,Washington County Parks,Regional Park,TRUE
Square Lake,Metropolitan Regional Park System,Washington County Parks,Regional Park,TRUE,Winter-2020,592,Winter,2020,592,53657,Metropolitan Regional Park System,Washington County Parks,Regional Park,TRUE
Square Lake,Metropolitan Regional Park System,Washington County Parks,Regional Park,TRUE,Winter-2021,1286,Winter,2021,1286,52433,Metropolitan Regional Park System,Washington County Parks,Regional Park,TRUE
Square Lake,Metropolitan Regional Park System,Washington County Parks,Regional Park,TRUE,Winter-2022,522,Winter,2022,522,522,Metropolitan Regional Park System,Washington County Parks,Regional Park,TRUE
St Croix,Department of Natural Resources State Park,DNR,State Park,TRUE,Fall-2018,42608,Fall,2018,42608,156743,Department of Natural Resources State Park,DNR,State Park,TRUE
St Croix,Department of Natural Resources State Park,DNR,State Park,TRUE,Fall-2019,39312,Fall,2019,39312,153097,Department of Natural Resources State Park,DNR,State Park,TRUE
St Croix,Department of Natural Resources State Park,DNR,State Park,TRUE,Fall-2020,33046,Fall,2020,33046,109961,Department of Natural Resources State Park,DNR,State Park,TRUE
St Croix,Department of Natural Resources State Park,DNR,State Park,TRUE,Fall-2021,19300,Fall,2021,19300,105939,Department of Natural Resources State Park,DNR,State Park,TRUE
St Croix,Department of Natural Resources State Park,DNR,State Park,TRUE,Spring-2018,31169,Spring,2018,31169,156743,Department of Natural Resources State Park,DNR,State Park,TRUE
St Croix,Department of Natural Resources State Park,DNR,State Park,TRUE,Spring-2019,27855,Spring,2019,27855,153097,Department of Natural Resources State Park,DNR,State Park,TRUE
St Croix,Department of Natural Resources State Park,DNR,State Park,TRUE,Spring-2020,11975,Spring,2020,11975,109961,Department of Natural Resources State Park,DNR,State Park,TRUE
St Croix,Department of Natural Resources State Park,DNR,State Park,TRUE,Spring-2021,31255,Spring,2021,31255,105939,Department of Natural Resources State Park,DNR,State Park,TRUE
St Croix,Department of Natural Resources State Park,DNR,State Park,TRUE,Summer-2018,75438,Summer,2018,75438,156743,Department of Natural Resources State Park,DNR,State Park,TRUE
St Croix,Department of Natural Resources State Park,DNR,State Park,TRUE,Summer-2019,75836,Summer,2019,75836,153097,Department of Natural Resources State Park,DNR,State Park,TRUE
St Croix,Department of Natural Resources State Park,DNR,State Park,TRUE,Summer-2020,48393,Summer,2020,48393,109961,Department of Natural Resources State Park,DNR,State Park,TRUE
St Croix,Department of Natural Resources State Park,DNR,State Park,TRUE,Summer-2021,42008,Summer,2021,42008,105939,Department of Natural Resources State Park,DNR,State Park,TRUE
St Croix,Department of Natural Resources State Park,DNR,State Park,TRUE,Winter-2018,7528,Winter,2018,7528,156743,Department of Natural Resources State Park,DNR,State Park,TRUE
St Croix,Department of Natural Resources State Park,DNR,State Park,TRUE,Winter-2019,10094,Winter,2019,10094,153097,Department of Natural Resources State Park,DNR,State Park,TRUE
St Croix,Department of Natural Resources State Park,DNR,State Park,TRUE,Winter-2020,16547,Winter,2020,16547,109961,Department of Natural Resources State Park,DNR,State Park,TRUE
St Croix,Department of Natural Resources State Park,DNR,State Park,TRUE,Winter-2021,13376,Winter,2021,13376,105939,Department of Natural Resources State Park,DNR,State Park,TRUE
St Croix,Department of Natural Resources State Park,DNR,State Park,TRUE,Winter-2022,1560,Winter,2022,1560,1560,Department of Natural Resources State Park,DNR,State Park,TRUE
St Croix Bluffs,Metropolitan Regional Park System,Washington County Parks,Regional Park,TRUE,Fall-2018,9528,Fall,2018,9528,42251,Metropolitan Regional Park System,Washington County Parks,Regional Park,TRUE
St Croix Bluffs,Metropolitan Regional Park System,Washington County Parks,Regional Park,TRUE,Fall-2019,12492,Fall,2019,12492,52211,Metropolitan Regional Park System,Washington County Parks,Regional Park,TRUE
St Croix Bluffs,Metropolitan Regional Park System,Washington County Parks,Regional Park,TRUE,Fall-2020,24340,Fall,2020,24340,89314,Metropolitan Regional Park System,Washington County Parks,Regional Park,TRUE
St Croix Bluffs,Metropolitan Regional Park System,Washington County Parks,Regional Park,TRUE,Fall-2021,14078,Fall,2021,14078,62529,Metropolitan Regional Park System,Washington County Parks,Regional Park,TRUE
St Croix Bluffs,Metropolitan Regional Park System,Washington County Parks,Regional Park,TRUE,Spring-2018,5848,Spring,2018,5848,42251,Metropolitan Regional Park System,Washington County Parks,Regional Park,TRUE
St Croix Bluffs,Metropolitan Regional Park System,Washington County Parks,Regional Park,TRUE,Spring-2019,5094,Spring,2019,5094,52211,Metropolitan Regional Park System,Washington County Parks,Regional Park,TRUE
St Croix Bluffs,Metropolitan Regional Park System,Washington County Parks,Regional Park,TRUE,Spring-2020,13353,Spring,2020,13353,89314,Metropolitan Regional Park System,Washington County Parks,Regional Park,TRUE
St Croix Bluffs,Metropolitan Regional Park System,Washington County Parks,Regional Park,TRUE,Spring-2021,11324,Spring,2021,11324,62529,Metropolitan Regional Park System,Washington County Parks,Regional Park,TRUE
St Croix Bluffs,Metropolitan Regional Park System,Washington County Parks,Regional Park,TRUE,Summer-2018,25786,Summer,2018,25786,42251,Metropolitan Regional Park System,Washington County Parks,Regional Park,TRUE
St Croix Bluffs,Metropolitan Regional Park System,Washington County Parks,Regional Park,TRUE,Summer-2019,34041,Summer,2019,34041,52211,Metropolitan Regional Park System,Washington County Parks,Regional Park,TRUE
St Croix Bluffs,Metropolitan Regional Park System,Washington County Parks,Regional Park,TRUE,Summer-2020,50818,Summer,2020,50818,89314,Metropolitan Regional Park System,Washington County Parks,Regional Park,TRUE
St Croix Bluffs,Metropolitan Regional Park System,Washington County Parks,Regional Park,TRUE,Summer-2021,34711,Summer,2021,34711,62529,Metropolitan Regional Park System,Washington County Parks,Regional Park,TRUE
St Croix Bluffs,Metropolitan Regional Park System,Washington County Parks,Regional Park,TRUE,Winter-2018,1089,Winter,2018,1089,42251,Metropolitan Regional Park System,Washington County Parks,Regional Park,TRUE
St Croix Bluffs,Metropolitan Regional Park System,Washington County Parks,Regional Park,TRUE,Winter-2019,584,Winter,2019,584,52211,Metropolitan Regional Park System,Washington County Parks,Regional Park,TRUE
St Croix Bluffs,Metropolitan Regional Park System,Washington County Parks,Regional Park,TRUE,Winter-2020,803,Winter,2020,803,89314,Metropolitan Regional Park System,Washington County Parks,Regional Park,TRUE
St Croix Bluffs,Metropolitan Regional Park System,Washington County Parks,Regional Park,TRUE,Winter-2021,2416,Winter,2021,2416,62529,Metropolitan Regional Park System,Washington County Parks,Regional Park,TRUE
St Croix Bluffs,Metropolitan Regional Park System,Washington County Parks,Regional Park,TRUE,Winter-2022,244,Winter,2022,244,244,Metropolitan Regional Park System,Washington County Parks,Regional Park,TRUE
Stanley Eddy Park Reserve,Greater Minnesota Regional Parks & Trails,Greater MN,Regional Park,TRUE,Fall-2018,4523,Fall,2018,4523,19699,Greater Minnesota Regional Parks & Trails,Greater MN,Regional Park,TRUE
Stanley Eddy Park Reserve,Greater Minnesota Regional Parks & Trails,Greater MN,Regional Park,TRUE,Fall-2019,3094,Fall,2019,3094,11509,Greater Minnesota Regional Parks & Trails,Greater MN,Regional Park,TRUE
Stanley Eddy Park Reserve,Greater Minnesota Regional Parks & Trails,Greater MN,Regional Park,TRUE,Fall-2020,6343,Fall,2020,6343,18924,Greater Minnesota Regional Parks & Trails,Greater MN,Regional Park,TRUE
Stanley Eddy Park Reserve,Greater Minnesota Regional Parks & Trails,Greater MN,Regional Park,TRUE,Fall-2021,2892,Fall,2021,2892,10793,Greater Minnesota Regional Parks & Trails,Greater MN,Regional Park,TRUE
Stanley Eddy Park Reserve,Greater Minnesota Regional Parks & Trails,Greater MN,Regional Park,TRUE,Spring-2018,5620,Spring,2018,5620,19699,Greater Minnesota Regional Parks & Trails,Greater MN,Regional Park,TRUE
Stanley Eddy Park Reserve,Greater Minnesota Regional Parks & Trails,Greater MN,Regional Park,TRUE,Spring-2019,1717,Spring,2019,1717,11509,Greater Minnesota Regional Parks & Trails,Greater MN,Regional Park,TRUE
Stanley Eddy Park Reserve,Greater Minnesota Regional Parks & Trails,Greater MN,Regional Park,TRUE,Spring-2020,4323,Spring,2020,4323,18924,Greater Minnesota Regional Parks & Trails,Greater MN,Regional Park,TRUE
Stanley Eddy Park Reserve,Greater Minnesota Regional Parks & Trails,Greater MN,Regional Park,TRUE,Spring-2021,2557,Spring,2021,2557,10793,Greater Minnesota Regional Parks & Trails,Greater MN,Regional Park,TRUE
Stanley Eddy Park Reserve,Greater Minnesota Regional Parks & Trails,Greater MN,Regional Park,TRUE,Summer-2018,5669,Summer,2018,5669,19699,Greater Minnesota Regional Parks & Trails,Greater MN,Regional Park,TRUE
Stanley Eddy Park Reserve,Greater Minnesota Regional Parks & Trails,Greater MN,Regional Park,TRUE,Summer-2019,3879,Summer,2019,3879,11509,Greater Minnesota Regional Parks & Trails,Greater MN,Regional Park,TRUE
Stanley Eddy Park Reserve,Greater Minnesota Regional Parks & Trails,Greater MN,Regional Park,TRUE,Summer-2020,6302,Summer,2020,6302,18924,Greater Minnesota Regional Parks & Trails,Greater MN,Regional Park,TRUE
Stanley Eddy Park Reserve,Greater Minnesota Regional Parks & Trails,Greater MN,Regional Park,TRUE,Summer-2021,2596,Summer,2021,2596,10793,Greater Minnesota Regional Parks & Trails,Greater MN,Regional Park,TRUE
Stanley Eddy Park Reserve,Greater Minnesota Regional Parks & Trails,Greater MN,Regional Park,TRUE,Winter-2018,3887,Winter,2018,3887,19699,Greater Minnesota Regional Parks & Trails,Greater MN,Regional Park,TRUE
Stanley Eddy Park Reserve,Greater Minnesota Regional Parks & Trails,Greater MN,Regional Park,TRUE,Winter-2019,2819,Winter,2019,2819,11509,Greater Minnesota Regional Parks & Trails,Greater MN,Regional Park,TRUE
Stanley Eddy Park Reserve,Greater Minnesota Regional Parks & Trails,Greater MN,Regional Park,TRUE,Winter-2020,1956,Winter,2020,1956,18924,Greater Minnesota Regional Parks & Trails,Greater MN,Regional Park,TRUE
Stanley Eddy Park Reserve,Greater Minnesota Regional Parks & Trails,Greater MN,Regional Park,TRUE,Winter-2021,2748,Winter,2021,2748,10793,Greater Minnesota Regional Parks & Trails,Greater MN,Regional Park,TRUE
Stanley Eddy Park Reserve,Greater Minnesota Regional Parks & Trails,Greater MN,Regional Park,TRUE,Winter-2022,580,Winter,2022,580,580,Greater Minnesota Regional Parks & Trails,Greater MN,Regional Park,TRUE
Temperance River,Department of Natural Resources State Park,DNR,State Park,TRUE,Fall-2018,38993,Fall,2018,38993,135408,Department of Natural Resources State Park,DNR,State Park,TRUE
Temperance River,Department of Natural Resources State Park,DNR,State Park,TRUE,Fall-2019,34376,Fall,2019,34376,124763,Department of Natural Resources State Park,DNR,State Park,TRUE
Temperance River,Department of Natural Resources State Park,DNR,State Park,TRUE,Fall-2020,31138,Fall,2020,31138,116020,Department of Natural Resources State Park,DNR,State Park,TRUE
Temperance River,Department of Natural Resources State Park,DNR,State Park,TRUE,Fall-2021,27128,Fall,2021,27128,116488,Department of Natural Resources State Park,DNR,State Park,TRUE
Temperance River,Department of Natural Resources State Park,DNR,State Park,TRUE,Spring-2018,18932,Spring,2018,18932,135408,Department of Natural Resources State Park,DNR,State Park,TRUE
Temperance River,Department of Natural Resources State Park,DNR,State Park,TRUE,Spring-2019,20278,Spring,2019,20278,124763,Department of Natural Resources State Park,DNR,State Park,TRUE
Temperance River,Department of Natural Resources State Park,DNR,State Park,TRUE,Spring-2020,11325,Spring,2020,11325,116020,Department of Natural Resources State Park,DNR,State Park,TRUE
Temperance River,Department of Natural Resources State Park,DNR,State Park,TRUE,Spring-2021,28278,Spring,2021,28278,116488,Department of Natural Resources State Park,DNR,State Park,TRUE
Temperance River,Department of Natural Resources State Park,DNR,State Park,TRUE,Summer-2018,68697,Summer,2018,68697,135408,Department of Natural Resources State Park,DNR,State Park,TRUE
Temperance River,Department of Natural Resources State Park,DNR,State Park,TRUE,Summer-2019,63187,Summer,2019,63187,124763,Department of Natural Resources State Park,DNR,State Park,TRUE
Temperance River,Department of Natural Resources State Park,DNR,State Park,TRUE,Summer-2020,69109,Summer,2020,69109,116020,Department of Natural Resources State Park,DNR,State Park,TRUE
Temperance River,Department of Natural Resources State Park,DNR,State Park,TRUE,Summer-2021,51331,Summer,2021,51331,116488,Department of Natural Resources State Park,DNR,State Park,TRUE
Temperance River,Department of Natural Resources State Park,DNR,State Park,TRUE,Winter-2018,8786,Winter,2018,8786,135408,Department of Natural Resources State Park,DNR,State Park,TRUE
Temperance River,Department of Natural Resources State Park,DNR,State Park,TRUE,Winter-2019,6922,Winter,2019,6922,124763,Department of Natural Resources State Park,DNR,State Park,TRUE
Temperance River,Department of Natural Resources State Park,DNR,State Park,TRUE,Winter-2020,4448,Winter,2020,4448,116020,Department of Natural Resources State Park,DNR,State Park,TRUE
Temperance River,Department of Natural Resources State Park,DNR,State Park,TRUE,Winter-2021,9751,Winter,2021,9751,116488,Department of Natural Resources State Park,DNR,State Park,TRUE
Temperance River,Department of Natural Resources State Park,DNR,State Park,TRUE,Winter-2022,1915,Winter,2022,1915,1915,Department of Natural Resources State Park,DNR,State Park,TRUE
Tettegouche,Department of Natural Resources State Park,DNR,State Park,TRUE,Fall-2018,109177,Fall,2018,109177,420786,Department of Natural Resources State Park,DNR,State Park,TRUE
Tettegouche,Department of Natural Resources State Park,DNR,State Park,TRUE,Fall-2019,108348,Fall,2019,108348,425395,Department of Natural Resources State Park,DNR,State Park,TRUE
Tettegouche,Department of Natural Resources State Park,DNR,State Park,TRUE,Fall-2020,129241,Fall,2020,129241,466308,Department of Natural Resources State Park,DNR,State Park,TRUE
Tettegouche,Department of Natural Resources State Park,DNR,State Park,TRUE,Fall-2021,88004,Fall,2021,88004,375826,Department of Natural Resources State Park,DNR,State Park,TRUE
Tettegouche,Department of Natural Resources State Park,DNR,State Park,TRUE,Spring-2018,73246,Spring,2018,73246,420786,Department of Natural Resources State Park,DNR,State Park,TRUE
Tettegouche,Department of Natural Resources State Park,DNR,State Park,TRUE,Spring-2019,65531,Spring,2019,65531,425395,Department of Natural Resources State Park,DNR,State Park,TRUE
Tettegouche,Department of Natural Resources State Park,DNR,State Park,TRUE,Spring-2020,41580,Spring,2020,41580,466308,Department of Natural Resources State Park,DNR,State Park,TRUE
Tettegouche,Department of Natural Resources State Park,DNR,State Park,TRUE,Spring-2021,87188,Spring,2021,87188,375826,Department of Natural Resources State Park,DNR,State Park,TRUE
Tettegouche,Department of Natural Resources State Park,DNR,State Park,TRUE,Summer-2018,214499,Summer,2018,214499,420786,Department of Natural Resources State Park,DNR,State Park,TRUE
Tettegouche,Department of Natural Resources State Park,DNR,State Park,TRUE,Summer-2019,225616,Summer,2019,225616,425395,Department of Natural Resources State Park,DNR,State Park,TRUE
Tettegouche,Department of Natural Resources State Park,DNR,State Park,TRUE,Summer-2020,272368,Summer,2020,272368,466308,Department of Natural Resources State Park,DNR,State Park,TRUE
Tettegouche,Department of Natural Resources State Park,DNR,State Park,TRUE,Summer-2021,173507,Summer,2021,173507,375826,Department of Natural Resources State Park,DNR,State Park,TRUE
Tettegouche,Department of Natural Resources State Park,DNR,State Park,TRUE,Winter-2018,23864,Winter,2018,23864,420786,Department of Natural Resources State Park,DNR,State Park,TRUE
Tettegouche,Department of Natural Resources State Park,DNR,State Park,TRUE,Winter-2019,25900,Winter,2019,25900,425395,Department of Natural Resources State Park,DNR,State Park,TRUE
Tettegouche,Department of Natural Resources State Park,DNR,State Park,TRUE,Winter-2020,23119,Winter,2020,23119,466308,Department of Natural Resources State Park,DNR,State Park,TRUE
Tettegouche,Department of Natural Resources State Park,DNR,State Park,TRUE,Winter-2021,27127,Winter,2021,27127,375826,Department of Natural Resources State Park,DNR,State Park,TRUE
Tettegouche,Department of Natural Resources State Park,DNR,State Park,TRUE,Winter-2022,5194,Winter,2022,5194,5194,Department of Natural Resources State Park,DNR,State Park,TRUE
The Landing,Metropolitan Regional Park System,Three Rivers Park District,Regional Park,TRUE,Fall-2018,1838,Fall,2018,1838,11475,Metropolitan Regional Park System,Three Rivers Park District,Regional Park,TRUE
The Landing,Metropolitan Regional Park System,Three Rivers Park District,Regional Park,TRUE,Fall-2019,1783,Fall,2019,1783,8201,Metropolitan Regional Park System,Three Rivers Park District,Regional Park,TRUE
The Landing,Metropolitan Regional Park System,Three Rivers Park District,Regional Park,TRUE,Fall-2020,3462,Fall,2020,3462,11803,Metropolitan Regional Park System,Three Rivers Park District,Regional Park,TRUE
The Landing,Metropolitan Regional Park System,Three Rivers Park District,Regional Park,TRUE,Fall-2021,3916,Fall,2021,3916,13033,Metropolitan Regional Park System,Three Rivers Park District,Regional Park,TRUE
The Landing,Metropolitan Regional Park System,Three Rivers Park District,Regional Park,TRUE,Spring-2018,2266,Spring,2018,2266,11475,Metropolitan Regional Park System,Three Rivers Park District,Regional Park,TRUE
The Landing,Metropolitan Regional Park System,Three Rivers Park District,Regional Park,TRUE,Spring-2019,916,Spring,2019,916,8201,Metropolitan Regional Park System,Three Rivers Park District,Regional Park,TRUE
The Landing,Metropolitan Regional Park System,Three Rivers Park District,Regional Park,TRUE,Spring-2020,1304,Spring,2020,1304,11803,Metropolitan Regional Park System,Three Rivers Park District,Regional Park,TRUE
The Landing,Metropolitan Regional Park System,Three Rivers Park District,Regional Park,TRUE,Spring-2021,3068,Spring,2021,3068,13033,Metropolitan Regional Park System,Three Rivers Park District,Regional Park,TRUE
The Landing,Metropolitan Regional Park System,Three Rivers Park District,Regional Park,TRUE,Summer-2018,4359,Summer,2018,4359,11475,Metropolitan Regional Park System,Three Rivers Park District,Regional Park,TRUE
The Landing,Metropolitan Regional Park System,Three Rivers Park District,Regional Park,TRUE,Summer-2019,4411,Summer,2019,4411,8201,Metropolitan Regional Park System,Three Rivers Park District,Regional Park,TRUE
The Landing,Metropolitan Regional Park System,Three Rivers Park District,Regional Park,TRUE,Summer-2020,6575,Summer,2020,6575,11803,Metropolitan Regional Park System,Three Rivers Park District,Regional Park,TRUE
The Landing,Metropolitan Regional Park System,Three Rivers Park District,Regional Park,TRUE,Summer-2021,4592,Summer,2021,4592,13033,Metropolitan Regional Park System,Three Rivers Park District,Regional Park,TRUE
The Landing,Metropolitan Regional Park System,Three Rivers Park District,Regional Park,TRUE,Winter-2018,3012,Winter,2018,3012,11475,Metropolitan Regional Park System,Three Rivers Park District,Regional Park,TRUE
The Landing,Metropolitan Regional Park System,Three Rivers Park District,Regional Park,TRUE,Winter-2019,1091,Winter,2019,1091,8201,Metropolitan Regional Park System,Three Rivers Park District,Regional Park,TRUE
The Landing,Metropolitan Regional Park System,Three Rivers Park District,Regional Park,TRUE,Winter-2020,462,Winter,2020,462,11803,Metropolitan Regional Park System,Three Rivers Park District,Regional Park,TRUE
The Landing,Metropolitan Regional Park System,Three Rivers Park District,Regional Park,TRUE,Winter-2021,1457,Winter,2021,1457,13033,Metropolitan Regional Park System,Three Rivers Park District,Regional Park,TRUE
The Landing,Metropolitan Regional Park System,Three Rivers Park District,Regional Park,TRUE,Winter-2022,249,Winter,2022,249,249,Metropolitan Regional Park System,Three Rivers Park District,Regional Park,TRUE
Tony Schmidt,Metropolitan Regional Park System,Ramsey County Parks and Recreation,Regional Park,TRUE,Fall-2018,10939,Fall,2018,10939,61423,Metropolitan Regional Park System,Ramsey County Parks and Recreation,Regional Park,TRUE
Tony Schmidt,Metropolitan Regional Park System,Ramsey County Parks and Recreation,Regional Park,TRUE,Fall-2019,8884,Fall,2019,8884,61998,Metropolitan Regional Park System,Ramsey County Parks and Recreation,Regional Park,TRUE
Tony Schmidt,Metropolitan Regional Park System,Ramsey County Parks and Recreation,Regional Park,TRUE,Fall-2020,12543,Fall,2020,12543,62869,Metropolitan Regional Park System,Ramsey County Parks and Recreation,Regional Park,TRUE
Tony Schmidt,Metropolitan Regional Park System,Ramsey County Parks and Recreation,Regional Park,TRUE,Fall-2021,13947,Fall,2021,13947,68405,Metropolitan Regional Park System,Ramsey County Parks and Recreation,Regional Park,TRUE
Tony Schmidt,Metropolitan Regional Park System,Ramsey County Parks and Recreation,Regional Park,TRUE,Spring-2018,11765,Spring,2018,11765,61423,Metropolitan Regional Park System,Ramsey County Parks and Recreation,Regional Park,TRUE
Tony Schmidt,Metropolitan Regional Park System,Ramsey County Parks and Recreation,Regional Park,TRUE,Spring-2019,10578,Spring,2019,10578,61998,Metropolitan Regional Park System,Ramsey County Parks and Recreation,Regional Park,TRUE
Tony Schmidt,Metropolitan Regional Park System,Ramsey County Parks and Recreation,Regional Park,TRUE,Spring-2020,13405,Spring,2020,13405,62869,Metropolitan Regional Park System,Ramsey County Parks and Recreation,Regional Park,TRUE
Tony Schmidt,Metropolitan Regional Park System,Ramsey County Parks and Recreation,Regional Park,TRUE,Spring-2021,16637,Spring,2021,16637,68405,Metropolitan Regional Park System,Ramsey County Parks and Recreation,Regional Park,TRUE
Tony Schmidt,Metropolitan Regional Park System,Ramsey County Parks and Recreation,Regional Park,TRUE,Summer-2018,31266,Summer,2018,31266,61423,Metropolitan Regional Park System,Ramsey County Parks and Recreation,Regional Park,TRUE
Tony Schmidt,Metropolitan Regional Park System,Ramsey County Parks and Recreation,Regional Park,TRUE,Summer-2019,38164,Summer,2019,38164,61998,Metropolitan Regional Park System,Ramsey County Parks and Recreation,Regional Park,TRUE
Tony Schmidt,Metropolitan Regional Park System,Ramsey County Parks and Recreation,Regional Park,TRUE,Summer-2020,34632,Summer,2020,34632,62869,Metropolitan Regional Park System,Ramsey County Parks and Recreation,Regional Park,TRUE
Tony Schmidt,Metropolitan Regional Park System,Ramsey County Parks and Recreation,Regional Park,TRUE,Summer-2021,30557,Summer,2021,30557,68405,Metropolitan Regional Park System,Ramsey County Parks and Recreation,Regional Park,TRUE
Tony Schmidt,Metropolitan Regional Park System,Ramsey County Parks and Recreation,Regional Park,TRUE,Winter-2018,7453,Winter,2018,7453,61423,Metropolitan Regional Park System,Ramsey County Parks and Recreation,Regional Park,TRUE
Tony Schmidt,Metropolitan Regional Park System,Ramsey County Parks and Recreation,Regional Park,TRUE,Winter-2019,4372,Winter,2019,4372,61998,Metropolitan Regional Park System,Ramsey County Parks and Recreation,Regional Park,TRUE
Tony Schmidt,Metropolitan Regional Park System,Ramsey County Parks and Recreation,Regional Park,TRUE,Winter-2020,2289,Winter,2020,2289,62869,Metropolitan Regional Park System,Ramsey County Parks and Recreation,Regional Park,TRUE
Tony Schmidt,Metropolitan Regional Park System,Ramsey County Parks and Recreation,Regional Park,TRUE,Winter-2021,7264,Winter,2021,7264,68405,Metropolitan Regional Park System,Ramsey County Parks and Recreation,Regional Park,TRUE
Tony Schmidt,Metropolitan Regional Park System,Ramsey County Parks and Recreation,Regional Park,TRUE,Winter-2022,1054,Winter,2022,1054,1054,Metropolitan Regional Park System,Ramsey County Parks and Recreation,Regional Park,TRUE
Upper Sioux Agency,Department of Natural Resources State Park,DNR,State Park,TRUE,Fall-2018,4437,Fall,2018,4437,41507,Department of Natural Resources State Park,DNR,State Park,TRUE
Upper Sioux Agency,Department of Natural Resources State Park,DNR,State Park,TRUE,Fall-2019,1492,Fall,2019,1492,5421,Department of Natural Resources State Park,DNR,State Park,TRUE
Upper Sioux Agency,Department of Natural Resources State Park,DNR,State Park,TRUE,Fall-2020,2851,Fall,2020,2851,8917,Department of Natural Resources State Park,DNR,State Park,TRUE
Upper Sioux Agency,Department of Natural Resources State Park,DNR,State Park,TRUE,Fall-2021,1565,Fall,2021,1565,7361,Department of Natural Resources State Park,DNR,State Park,TRUE
Upper Sioux Agency,Department of Natural Resources State Park,DNR,State Park,TRUE,Spring-2018,8902,Spring,2018,8902,41507,Department of Natural Resources State Park,DNR,State Park,TRUE
Upper Sioux Agency,Department of Natural Resources State Park,DNR,State Park,TRUE,Spring-2019,848,Spring,2019,848,5421,Department of Natural Resources State Park,DNR,State Park,TRUE
Upper Sioux Agency,Department of Natural Resources State Park,DNR,State Park,TRUE,Spring-2020,939,Spring,2020,939,8917,Department of Natural Resources State Park,DNR,State Park,TRUE
Upper Sioux Agency,Department of Natural Resources State Park,DNR,State Park,TRUE,Spring-2021,2250,Spring,2021,2250,7361,Department of Natural Resources State Park,DNR,State Park,TRUE
Upper Sioux Agency,Department of Natural Resources State Park,DNR,State Park,TRUE,Summer-2018,26475,Summer,2018,26475,41507,Department of Natural Resources State Park,DNR,State Park,TRUE
Upper Sioux Agency,Department of Natural Resources State Park,DNR,State Park,TRUE,Summer-2019,2263,Summer,2019,2263,5421,Department of Natural Resources State Park,DNR,State Park,TRUE
Upper Sioux Agency,Department of Natural Resources State Park,DNR,State Park,TRUE,Summer-2020,4303,Summer,2020,4303,8917,Department of Natural Resources State Park,DNR,State Park,TRUE
Upper Sioux Agency,Department of Natural Resources State Park,DNR,State Park,TRUE,Summer-2021,3007,Summer,2021,3007,7361,Department of Natural Resources State Park,DNR,State Park,TRUE
Upper Sioux Agency,Department of Natural Resources State Park,DNR,State Park,TRUE,Winter-2018,1693,Winter,2018,1693,41507,Department of Natural Resources State Park,DNR,State Park,TRUE
Upper Sioux Agency,Department of Natural Resources State Park,DNR,State Park,TRUE,Winter-2019,818,Winter,2019,818,5421,Department of Natural Resources State Park,DNR,State Park,TRUE
Upper Sioux Agency,Department of Natural Resources State Park,DNR,State Park,TRUE,Winter-2020,824,Winter,2020,824,8917,Department of Natural Resources State Park,DNR,State Park,TRUE
Upper Sioux Agency,Department of Natural Resources State Park,DNR,State Park,TRUE,Winter-2021,539,Winter,2021,539,7361,Department of Natural Resources State Park,DNR,State Park,TRUE
Upper Sioux Agency,Department of Natural Resources State Park,DNR,State Park,TRUE,Winter-2022,66,Winter,2022,66,66,Department of Natural Resources State Park,DNR,State Park,TRUE
Vadnais-Snail Lake,Metropolitan Regional Park System,Ramsey County Parks and Recreation,Regional Park,TRUE,Fall-2018,17374,Fall,2018,17374,92237,Metropolitan Regional Park System,Ramsey County Parks and Recreation,Regional Park,TRUE
Vadnais-Snail Lake,Metropolitan Regional Park System,Ramsey County Parks and Recreation,Regional Park,TRUE,Fall-2019,16358,Fall,2019,16358,92976,Metropolitan Regional Park System,Ramsey County Parks and Recreation,Regional Park,TRUE
Vadnais-Snail Lake,Metropolitan Regional Park System,Ramsey County Parks and Recreation,Regional Park,TRUE,Fall-2020,26487,Fall,2020,26487,139789,Metropolitan Regional Park System,Ramsey County Parks and Recreation,Regional Park,TRUE
Vadnais-Snail Lake,Metropolitan Regional Park System,Ramsey County Parks and Recreation,Regional Park,TRUE,Fall-2021,22046,Fall,2021,22046,127385,Metropolitan Regional Park System,Ramsey County Parks and Recreation,Regional Park,TRUE
Vadnais-Snail Lake,Metropolitan Regional Park System,Ramsey County Parks and Recreation,Regional Park,TRUE,Spring-2018,22646,Spring,2018,22646,92237,Metropolitan Regional Park System,Ramsey County Parks and Recreation,Regional Park,TRUE
Vadnais-Snail Lake,Metropolitan Regional Park System,Ramsey County Parks and Recreation,Regional Park,TRUE,Spring-2019,21907,Spring,2019,21907,92976,Metropolitan Regional Park System,Ramsey County Parks and Recreation,Regional Park,TRUE
Vadnais-Snail Lake,Metropolitan Regional Park System,Ramsey County Parks and Recreation,Regional Park,TRUE,Spring-2020,40812,Spring,2020,40812,139789,Metropolitan Regional Park System,Ramsey County Parks and Recreation,Regional Park,TRUE
Vadnais-Snail Lake,Metropolitan Regional Park System,Ramsey County Parks and Recreation,Regional Park,TRUE,Spring-2021,37436,Spring,2021,37436,127385,Metropolitan Regional Park System,Ramsey County Parks and Recreation,Regional Park,TRUE
Vadnais-Snail Lake,Metropolitan Regional Park System,Ramsey County Parks and Recreation,Regional Park,TRUE,Summer-2018,44154,Summer,2018,44154,92237,Metropolitan Regional Park System,Ramsey County Parks and Recreation,Regional Park,TRUE
Vadnais-Snail Lake,Metropolitan Regional Park System,Ramsey County Parks and Recreation,Regional Park,TRUE,Summer-2019,46565,Summer,2019,46565,92976,Metropolitan Regional Park System,Ramsey County Parks and Recreation,Regional Park,TRUE
Vadnais-Snail Lake,Metropolitan Regional Park System,Ramsey County Parks and Recreation,Regional Park,TRUE,Summer-2020,65264,Summer,2020,65264,139789,Metropolitan Regional Park System,Ramsey County Parks and Recreation,Regional Park,TRUE
Vadnais-Snail Lake,Metropolitan Regional Park System,Ramsey County Parks and Recreation,Regional Park,TRUE,Summer-2021,47885,Summer,2021,47885,127385,Metropolitan Regional Park System,Ramsey County Parks and Recreation,Regional Park,TRUE
Vadnais-Snail Lake,Metropolitan Regional Park System,Ramsey County Parks and Recreation,Regional Park,TRUE,Winter-2018,8063,Winter,2018,8063,92237,Metropolitan Regional Park System,Ramsey County Parks and Recreation,Regional Park,TRUE
Vadnais-Snail Lake,Metropolitan Regional Park System,Ramsey County Parks and Recreation,Regional Park,TRUE,Winter-2019,8146,Winter,2019,8146,92976,Metropolitan Regional Park System,Ramsey County Parks and Recreation,Regional Park,TRUE
Vadnais-Snail Lake,Metropolitan Regional Park System,Ramsey County Parks and Recreation,Regional Park,TRUE,Winter-2020,7226,Winter,2020,7226,139789,Metropolitan Regional Park System,Ramsey County Parks and Recreation,Regional Park,TRUE
Vadnais-Snail Lake,Metropolitan Regional Park System,Ramsey County Parks and Recreation,Regional Park,TRUE,Winter-2021,20018,Winter,2021,20018,127385,Metropolitan Regional Park System,Ramsey County Parks and Recreation,Regional Park,TRUE
Vadnais-Snail Lake,Metropolitan Regional Park System,Ramsey County Parks and Recreation,Regional Park,TRUE,Winter-2022,1775,Winter,2022,1775,1775,Metropolitan Regional Park System,Ramsey County Parks and Recreation,Regional Park,TRUE
Warner Lake Park,Greater Minnesota Regional Parks & Trails,Greater MN,Regional Park,TRUE,Fall-2018,3743,Fall,2018,3743,31845,Greater Minnesota Regional Parks & Trails,Greater MN,Regional Park,TRUE
Warner Lake Park,Greater Minnesota Regional Parks & Trails,Greater MN,Regional Park,TRUE,Fall-2019,1687,Fall,2019,1687,28336,Greater Minnesota Regional Parks & Trails,Greater MN,Regional Park,TRUE
Warner Lake Park,Greater Minnesota Regional Parks & Trails,Greater MN,Regional Park,TRUE,Fall-2020,4446,Fall,2020,4446,50068,Greater Minnesota Regional Parks & Trails,Greater MN,Regional Park,TRUE
Warner Lake Park,Greater Minnesota Regional Parks & Trails,Greater MN,Regional Park,TRUE,Fall-2021,6821,Fall,2021,6821,50382,Greater Minnesota Regional Parks & Trails,Greater MN,Regional Park,TRUE
Warner Lake Park,Greater Minnesota Regional Parks & Trails,Greater MN,Regional Park,TRUE,Spring-2018,3815,Spring,2018,3815,31845,Greater Minnesota Regional Parks & Trails,Greater MN,Regional Park,TRUE
Warner Lake Park,Greater Minnesota Regional Parks & Trails,Greater MN,Regional Park,TRUE,Spring-2019,3856,Spring,2019,3856,28336,Greater Minnesota Regional Parks & Trails,Greater MN,Regional Park,TRUE
Warner Lake Park,Greater Minnesota Regional Parks & Trails,Greater MN,Regional Park,TRUE,Spring-2020,6715,Spring,2020,6715,50068,Greater Minnesota Regional Parks & Trails,Greater MN,Regional Park,TRUE
Warner Lake Park,Greater Minnesota Regional Parks & Trails,Greater MN,Regional Park,TRUE,Spring-2021,9000,Spring,2021,9000,50382,Greater Minnesota Regional Parks & Trails,Greater MN,Regional Park,TRUE
Warner Lake Park,Greater Minnesota Regional Parks & Trails,Greater MN,Regional Park,TRUE,Summer-2018,20613,Summer,2018,20613,31845,Greater Minnesota Regional Parks & Trails,Greater MN,Regional Park,TRUE
Warner Lake Park,Greater Minnesota Regional Parks & Trails,Greater MN,Regional Park,TRUE,Summer-2019,21556,Summer,2019,21556,28336,Greater Minnesota Regional Parks & Trails,Greater MN,Regional Park,TRUE
Warner Lake Park,Greater Minnesota Regional Parks & Trails,Greater MN,Regional Park,TRUE,Summer-2020,36805,Summer,2020,36805,50068,Greater Minnesota Regional Parks & Trails,Greater MN,Regional Park,TRUE
Warner Lake Park,Greater Minnesota Regional Parks & Trails,Greater MN,Regional Park,TRUE,Summer-2021,30473,Summer,2021,30473,50382,Greater Minnesota Regional Parks & Trails,Greater MN,Regional Park,TRUE
Warner Lake Park,Greater Minnesota Regional Parks & Trails,Greater MN,Regional Park,TRUE,Winter-2018,3674,Winter,2018,3674,31845,Greater Minnesota Regional Parks & Trails,Greater MN,Regional Park,TRUE
Warner Lake Park,Greater Minnesota Regional Parks & Trails,Greater MN,Regional Park,TRUE,Winter-2019,1237,Winter,2019,1237,28336,Greater Minnesota Regional Parks & Trails,Greater MN,Regional Park,TRUE
Warner Lake Park,Greater Minnesota Regional Parks & Trails,Greater MN,Regional Park,TRUE,Winter-2020,2102,Winter,2020,2102,50068,Greater Minnesota Regional Parks & Trails,Greater MN,Regional Park,TRUE
Warner Lake Park,Greater Minnesota Regional Parks & Trails,Greater MN,Regional Park,TRUE,Winter-2021,4088,Winter,2021,4088,50382,Greater Minnesota Regional Parks & Trails,Greater MN,Regional Park,TRUE
Warner Lake Park,Greater Minnesota Regional Parks & Trails,Greater MN,Regional Park,TRUE,Winter-2022,1523,Winter,2022,1523,1523,Greater Minnesota Regional Parks & Trails,Greater MN,Regional Park,TRUE
Whitetail Woods,Metropolitan Regional Park System,Dakota County Parks,Regional Park,TRUE,Fall-2018,12283,Fall,2018,12283,47013,Metropolitan Regional Park System,Dakota County Parks,Regional Park,TRUE
Whitetail Woods,Metropolitan Regional Park System,Dakota County Parks,Regional Park,TRUE,Fall-2019,11609,Fall,2019,11609,55035,Metropolitan Regional Park System,Dakota County Parks,Regional Park,TRUE
Whitetail Woods,Metropolitan Regional Park System,Dakota County Parks,Regional Park,TRUE,Fall-2020,27425,Fall,2020,27425,81138,Metropolitan Regional Park System,Dakota County Parks,Regional Park,TRUE
Whitetail Woods,Metropolitan Regional Park System,Dakota County Parks,Regional Park,TRUE,Fall-2021,19297,Fall,2021,19297,97127,Metropolitan Regional Park System,Dakota County Parks,Regional Park,TRUE
Whitetail Woods,Metropolitan Regional Park System,Dakota County Parks,Regional Park,TRUE,Spring-2018,9632,Spring,2018,9632,47013,Metropolitan Regional Park System,Dakota County Parks,Regional Park,TRUE
Whitetail Woods,Metropolitan Regional Park System,Dakota County Parks,Regional Park,TRUE,Spring-2019,15985,Spring,2019,15985,55035,Metropolitan Regional Park System,Dakota County Parks,Regional Park,TRUE
Whitetail Woods,Metropolitan Regional Park System,Dakota County Parks,Regional Park,TRUE,Spring-2020,26676,Spring,2020,26676,81138,Metropolitan Regional Park System,Dakota County Parks,Regional Park,TRUE
Whitetail Woods,Metropolitan Regional Park System,Dakota County Parks,Regional Park,TRUE,Spring-2021,27358,Spring,2021,27358,97127,Metropolitan Regional Park System,Dakota County Parks,Regional Park,TRUE
Whitetail Woods,Metropolitan Regional Park System,Dakota County Parks,Regional Park,TRUE,Summer-2018,17839,Summer,2018,17839,47013,Metropolitan Regional Park System,Dakota County Parks,Regional Park,TRUE
Whitetail Woods,Metropolitan Regional Park System,Dakota County Parks,Regional Park,TRUE,Summer-2019,20600,Summer,2019,20600,55035,Metropolitan Regional Park System,Dakota County Parks,Regional Park,TRUE
Whitetail Woods,Metropolitan Regional Park System,Dakota County Parks,Regional Park,TRUE,Summer-2020,20017,Summer,2020,20017,81138,Metropolitan Regional Park System,Dakota County Parks,Regional Park,TRUE
Whitetail Woods,Metropolitan Regional Park System,Dakota County Parks,Regional Park,TRUE,Summer-2021,27291,Summer,2021,27291,97127,Metropolitan Regional Park System,Dakota County Parks,Regional Park,TRUE
Whitetail Woods,Metropolitan Regional Park System,Dakota County Parks,Regional Park,TRUE,Winter-2018,7259,Winter,2018,7259,47013,Metropolitan Regional Park System,Dakota County Parks,Regional Park,TRUE
Whitetail Woods,Metropolitan Regional Park System,Dakota County Parks,Regional Park,TRUE,Winter-2019,6841,Winter,2019,6841,55035,Metropolitan Regional Park System,Dakota County Parks,Regional Park,TRUE
Whitetail Woods,Metropolitan Regional Park System,Dakota County Parks,Regional Park,TRUE,Winter-2020,7020,Winter,2020,7020,81138,Metropolitan Regional Park System,Dakota County Parks,Regional Park,TRUE
Whitetail Woods,Metropolitan Regional Park System,Dakota County Parks,Regional Park,TRUE,Winter-2021,23181,Winter,2021,23181,97127,Metropolitan Regional Park System,Dakota County Parks,Regional Park,TRUE
Whitetail Woods,Metropolitan Regional Park System,Dakota County Parks,Regional Park,TRUE,Winter-2022,2634,Winter,2022,2634,2634,Metropolitan Regional Park System,Dakota County Parks,Regional Park,TRUE
Whitewater,Department of Natural Resources State Park,DNR,State Park,TRUE,Fall-2018,16585,Fall,2018,16585,78406,Department of Natural Resources State Park,DNR,State Park,TRUE
Whitewater,Department of Natural Resources State Park,DNR,State Park,TRUE,Fall-2019,10232,Fall,2019,10232,55695,Department of Natural Resources State Park,DNR,State Park,TRUE
Whitewater,Department of Natural Resources State Park,DNR,State Park,TRUE,Fall-2020,12536,Fall,2020,12536,62982,Department of Natural Resources State Park,DNR,State Park,TRUE
Whitewater,Department of Natural Resources State Park,DNR,State Park,TRUE,Fall-2021,8004,Fall,2021,8004,35374,Department of Natural Resources State Park,DNR,State Park,TRUE
Whitewater,Department of Natural Resources State Park,DNR,State Park,TRUE,Spring-2018,13309,Spring,2018,13309,78406,Department of Natural Resources State Park,DNR,State Park,TRUE
Whitewater,Department of Natural Resources State Park,DNR,State Park,TRUE,Spring-2019,14709,Spring,2019,14709,55695,Department of Natural Resources State Park,DNR,State Park,TRUE
Whitewater,Department of Natural Resources State Park,DNR,State Park,TRUE,Spring-2020,17603,Spring,2020,17603,62982,Department of Natural Resources State Park,DNR,State Park,TRUE
Whitewater,Department of Natural Resources State Park,DNR,State Park,TRUE,Spring-2021,9496,Spring,2021,9496,35374,Department of Natural Resources State Park,DNR,State Park,TRUE
Whitewater,Department of Natural Resources State Park,DNR,State Park,TRUE,Summer-2018,42283,Summer,2018,42283,78406,Department of Natural Resources State Park,DNR,State Park,TRUE
Whitewater,Department of Natural Resources State Park,DNR,State Park,TRUE,Summer-2019,27758,Summer,2019,27758,55695,Department of Natural Resources State Park,DNR,State Park,TRUE
Whitewater,Department of Natural Resources State Park,DNR,State Park,TRUE,Summer-2020,25619,Summer,2020,25619,62982,Department of Natural Resources State Park,DNR,State Park,TRUE
Whitewater,Department of Natural Resources State Park,DNR,State Park,TRUE,Summer-2021,14512,Summer,2021,14512,35374,Department of Natural Resources State Park,DNR,State Park,TRUE
Whitewater,Department of Natural Resources State Park,DNR,State Park,TRUE,Winter-2018,6229,Winter,2018,6229,78406,Department of Natural Resources State Park,DNR,State Park,TRUE
Whitewater,Department of Natural Resources State Park,DNR,State Park,TRUE,Winter-2019,2996,Winter,2019,2996,55695,Department of Natural Resources State Park,DNR,State Park,TRUE
Whitewater,Department of Natural Resources State Park,DNR,State Park,TRUE,Winter-2020,7224,Winter,2020,7224,62982,Department of Natural Resources State Park,DNR,State Park,TRUE
Whitewater,Department of Natural Resources State Park,DNR,State Park,TRUE,Winter-2021,3362,Winter,2021,3362,35374,Department of Natural Resources State Park,DNR,State Park,TRUE
Whitewater,Department of Natural Resources State Park,DNR,State Park,TRUE,Winter-2022,928,Winter,2022,928,928,Department of Natural Resources State Park,DNR,State Park,TRUE
Wild River,Department of Natural Resources State Park,DNR,State Park,TRUE,Fall-2018,15597,Fall,2018,15597,53524,Department of Natural Resources State Park,DNR,State Park,TRUE
Wild River,Department of Natural Resources State Park,DNR,State Park,TRUE,Fall-2019,13167,Fall,2019,13167,56151,Department of Natural Resources State Park,DNR,State Park,TRUE
Wild River,Department of Natural Resources State Park,DNR,State Park,TRUE,Fall-2020,17453,Fall,2020,17453,73353,Department of Natural Resources State Park,DNR,State Park,TRUE
Wild River,Department of Natural Resources State Park,DNR,State Park,TRUE,Fall-2021,11871,Fall,2021,11871,54033,Department of Natural Resources State Park,DNR,State Park,TRUE
Wild River,Department of Natural Resources State Park,DNR,State Park,TRUE,Spring-2018,9922,Spring,2018,9922,53524,Department of Natural Resources State Park,DNR,State Park,TRUE
Wild River,Department of Natural Resources State Park,DNR,State Park,TRUE,Spring-2019,12276,Spring,2019,12276,56151,Department of Natural Resources State Park,DNR,State Park,TRUE
Wild River,Department of Natural Resources State Park,DNR,State Park,TRUE,Spring-2020,15140,Spring,2020,15140,73353,Department of Natural Resources State Park,DNR,State Park,TRUE
Wild River,Department of Natural Resources State Park,DNR,State Park,TRUE,Spring-2021,14727,Spring,2021,14727,54033,Department of Natural Resources State Park,DNR,State Park,TRUE
Wild River,Department of Natural Resources State Park,DNR,State Park,TRUE,Summer-2018,24761,Summer,2018,24761,53524,Department of Natural Resources State Park,DNR,State Park,TRUE
Wild River,Department of Natural Resources State Park,DNR,State Park,TRUE,Summer-2019,25256,Summer,2019,25256,56151,Department of Natural Resources State Park,DNR,State Park,TRUE
Wild River,Department of Natural Resources State Park,DNR,State Park,TRUE,Summer-2020,35558,Summer,2020,35558,73353,Department of Natural Resources State Park,DNR,State Park,TRUE
Wild River,Department of Natural Resources State Park,DNR,State Park,TRUE,Summer-2021,21135,Summer,2021,21135,54033,Department of Natural Resources State Park,DNR,State Park,TRUE
Wild River,Department of Natural Resources State Park,DNR,State Park,TRUE,Winter-2018,3244,Winter,2018,3244,53524,Department of Natural Resources State Park,DNR,State Park,TRUE
Wild River,Department of Natural Resources State Park,DNR,State Park,TRUE,Winter-2019,5452,Winter,2019,5452,56151,Department of Natural Resources State Park,DNR,State Park,TRUE
Wild River,Department of Natural Resources State Park,DNR,State Park,TRUE,Winter-2020,5202,Winter,2020,5202,73353,Department of Natural Resources State Park,DNR,State Park,TRUE
Wild River,Department of Natural Resources State Park,DNR,State Park,TRUE,Winter-2021,6300,Winter,2021,6300,54033,Department of Natural Resources State Park,DNR,State Park,TRUE
Wild River,Department of Natural Resources State Park,DNR,State Park,TRUE,Winter-2022,771,Winter,2022,771,771,Department of Natural Resources State Park,DNR,State Park,TRUE
William O'Brien,Department of Natural Resources State Park,DNR,State Park,TRUE,Fall-2018,16890,Fall,2018,16890,94975,Department of Natural Resources State Park,DNR,State Park,TRUE
William O'Brien,Department of Natural Resources State Park,DNR,State Park,TRUE,Fall-2019,19479,Fall,2019,19479,94539,Department of Natural Resources State Park,DNR,State Park,TRUE
William O'Brien,Department of Natural Resources State Park,DNR,State Park,TRUE,Fall-2020,29163,Fall,2020,29163,114831,Department of Natural Resources State Park,DNR,State Park,TRUE
William O'Brien,Department of Natural Resources State Park,DNR,State Park,TRUE,Fall-2021,17597,Fall,2021,17597,80850,Department of Natural Resources State Park,DNR,State Park,TRUE
William O'Brien,Department of Natural Resources State Park,DNR,State Park,TRUE,Spring-2018,15997,Spring,2018,15997,94975,Department of Natural Resources State Park,DNR,State Park,TRUE
William O'Brien,Department of Natural Resources State Park,DNR,State Park,TRUE,Spring-2019,19569,Spring,2019,19569,94539,Department of Natural Resources State Park,DNR,State Park,TRUE
William O'Brien,Department of Natural Resources State Park,DNR,State Park,TRUE,Spring-2020,36385,Spring,2020,36385,114831,Department of Natural Resources State Park,DNR,State Park,TRUE
William O'Brien,Department of Natural Resources State Park,DNR,State Park,TRUE,Spring-2021,24269,Spring,2021,24269,80850,Department of Natural Resources State Park,DNR,State Park,TRUE
William O'Brien,Department of Natural Resources State Park,DNR,State Park,TRUE,Summer-2018,53130,Summer,2018,53130,94975,Department of Natural Resources State Park,DNR,State Park,TRUE
William O'Brien,Department of Natural Resources State Park,DNR,State Park,TRUE,Summer-2019,45652,Summer,2019,45652,94539,Department of Natural Resources State Park,DNR,State Park,TRUE
William O'Brien,Department of Natural Resources State Park,DNR,State Park,TRUE,Summer-2020,40844,Summer,2020,40844,114831,Department of Natural Resources State Park,DNR,State Park,TRUE
William O'Brien,Department of Natural Resources State Park,DNR,State Park,TRUE,Summer-2021,28134,Summer,2021,28134,80850,Department of Natural Resources State Park,DNR,State Park,TRUE
William O'Brien,Department of Natural Resources State Park,DNR,State Park,TRUE,Winter-2018,8958,Winter,2018,8958,94975,Department of Natural Resources State Park,DNR,State Park,TRUE
William O'Brien,Department of Natural Resources State Park,DNR,State Park,TRUE,Winter-2019,9839,Winter,2019,9839,94539,Department of Natural Resources State Park,DNR,State Park,TRUE
William O'Brien,Department of Natural Resources State Park,DNR,State Park,TRUE,Winter-2020,8439,Winter,2020,8439,114831,Department of Natural Resources State Park,DNR,State Park,TRUE
William O'Brien,Department of Natural Resources State Park,DNR,State Park,TRUE,Winter-2021,10850,Winter,2021,10850,80850,Department of Natural Resources State Park,DNR,State Park,TRUE
William O'Brien,Department of Natural Resources State Park,DNR,State Park,TRUE,Winter-2022,596,Winter,2022,596,596,Department of Natural Resources State Park,DNR,State Park,TRUE
Zippel Bay,Department of Natural Resources State Park,DNR,State Park,TRUE,Fall-2018,7936,Fall,2018,7936,49927,Department of Natural Resources State Park,DNR,State Park,TRUE
Zippel Bay,Department of Natural Resources State Park,DNR,State Park,TRUE,Fall-2019,3698,Fall,2019,3698,39929,Department of Natural Resources State Park,DNR,State Park,TRUE
Zippel Bay,Department of Natural Resources State Park,DNR,State Park,TRUE,Fall-2020,5051,Fall,2020,5051,44667,Department of Natural Resources State Park,DNR,State Park,TRUE
Zippel Bay,Department of Natural Resources State Park,DNR,State Park,TRUE,Fall-2021,5402,Fall,2021,5402,57451,Department of Natural Resources State Park,DNR,State Park,TRUE
Zippel Bay,Department of Natural Resources State Park,DNR,State Park,TRUE,Spring-2018,5284,Spring,2018,5284,49927,Department of Natural Resources State Park,DNR,State Park,TRUE
Zippel Bay,Department of Natural Resources State Park,DNR,State Park,TRUE,Spring-2019,3576,Spring,2019,3576,39929,Department of Natural Resources State Park,DNR,State Park,TRUE
Zippel Bay,Department of Natural Resources State Park,DNR,State Park,TRUE,Spring-2020,3563,Spring,2020,3563,44667,Department of Natural Resources State Park,DNR,State Park,TRUE
Zippel Bay,Department of Natural Resources State Park,DNR,State Park,TRUE,Spring-2021,8679,Spring,2021,8679,57451,Department of Natural Resources State Park,DNR,State Park,TRUE
Zippel Bay,Department of Natural Resources State Park,DNR,State Park,TRUE,Summer-2018,32252,Summer,2018,32252,49927,Department of Natural Resources State Park,DNR,State Park,TRUE
Zippel Bay,Department of Natural Resources State Park,DNR,State Park,TRUE,Summer-2019,27755,Summer,2019,27755,39929,Department of Natural Resources State Park,DNR,State Park,TRUE
Zippel Bay,Department of Natural Resources State Park,DNR,State Park,TRUE,Summer-2020,31864,Summer,2020,31864,44667,Department of Natural Resources State Park,DNR,State Park,TRUE
Zippel Bay,Department of Natural Resources State Park,DNR,State Park,TRUE,Summer-2021,40084,Summer,2021,40084,57451,Department of Natural Resources State Park,DNR,State Park,TRUE
Zippel Bay,Department of Natural Resources State Park,DNR,State Park,TRUE,Winter-2018,4455,Winter,2018,4455,49927,Department of Natural Resources State Park,DNR,State Park,TRUE
Zippel Bay,Department of Natural Resources State Park,DNR,State Park,TRUE,Winter-2019,4900,Winter,2019,4900,39929,Department of Natural Resources State Park,DNR,State Park,TRUE
Zippel Bay,Department of Natural Resources State Park,DNR,State Park,TRUE,Winter-2020,4189,Winter,2020,4189,44667,Department of Natural Resources State Park,DNR,State Park,TRUE
Zippel Bay,Department of Natural Resources State Park,DNR,State Park,TRUE,Winter-2021,3286,Winter,2021,3286,57451,Department of Natural Resources State Park,DNR,State Park,TRUE
Zippel Bay,Department of Natural Resources State Park,DNR,State Park,TRUE,Winter-2022,254,Winter,2022,254,254,Department of Natural Resources State Park,DNR,State Park,TRUE
