"","Season","name","System","Implementing agency","Unit type","total"
"1","Fall-2018","Afton State Park","Department of Natural Resources State Park","DNR","State Park",26982
"2","Fall-2019","Afton State Park","Department of Natural Resources State Park","DNR","State Park",23996
"3","Fall-2020","Afton State Park","Department of Natural Resources State Park","DNR","State Park",45281
"4","Fall-2021","Afton State Park","Department of Natural Resources State Park","DNR","State Park",24457
"5","Spring-2018","Afton State Park","Department of Natural Resources State Park","DNR","State Park",25862
"6","Spring-2019","Afton State Park","Department of Natural Resources State Park","DNR","State Park",21643
"7","Spring-2020","Afton State Park","Department of Natural Resources State Park","DNR","State Park",61812
"8","Spring-2021","Afton State Park","Department of Natural Resources State Park","DNR","State Park",38993
"9","Summer-2018","Afton State Park","Department of Natural Resources State Park","DNR","State Park",56588
"10","Summer-2019","Afton State Park","Department of Natural Resources State Park","DNR","State Park",43484
"11","Summer-2020","Afton State Park","Department of Natural Resources State Park","DNR","State Park",80682
"12","Summer-2021","Afton State Park","Department of Natural Resources State Park","DNR","State Park",47544
"13","Winter-2018","Afton State Park","Department of Natural Resources State Park","DNR","State Park",11239
"14","Winter-2019","Afton State Park","Department of Natural Resources State Park","DNR","State Park",8516
"15","Winter-2020","Afton State Park","Department of Natural Resources State Park","DNR","State Park",8763
"16","Winter-2021","Afton State Park","Department of Natural Resources State Park","DNR","State Park",20400
"17","Winter-2022","Afton State Park","Department of Natural Resources State Park","DNR","State Park",1436
"18","Fall-2018","Banning State Park","Department of Natural Resources State Park","DNR","State Park",32100
"19","Fall-2019","Banning State Park","Department of Natural Resources State Park","DNR","State Park",15661
"20","Fall-2020","Banning State Park","Department of Natural Resources State Park","DNR","State Park",33284
"21","Fall-2021","Banning State Park","Department of Natural Resources State Park","DNR","State Park",19050
"22","Spring-2018","Banning State Park","Department of Natural Resources State Park","DNR","State Park",21967
"23","Spring-2019","Banning State Park","Department of Natural Resources State Park","DNR","State Park",14985
"24","Spring-2020","Banning State Park","Department of Natural Resources State Park","DNR","State Park",37926
"25","Spring-2021","Banning State Park","Department of Natural Resources State Park","DNR","State Park",22637
"26","Summer-2018","Banning State Park","Department of Natural Resources State Park","DNR","State Park",50349
"27","Summer-2019","Banning State Park","Department of Natural Resources State Park","DNR","State Park",29135
"28","Summer-2020","Banning State Park","Department of Natural Resources State Park","DNR","State Park",70279
"29","Summer-2021","Banning State Park","Department of Natural Resources State Park","DNR","State Park",30943
"30","Winter-2018","Banning State Park","Department of Natural Resources State Park","DNR","State Park",7392
"31","Winter-2019","Banning State Park","Department of Natural Resources State Park","DNR","State Park",4710
"32","Winter-2020","Banning State Park","Department of Natural Resources State Park","DNR","State Park",4343
"33","Winter-2021","Banning State Park","Department of Natural Resources State Park","DNR","State Park",10957
"34","Winter-2022","Banning State Park","Department of Natural Resources State Park","DNR","State Park",1089
"35","Fall-2018","Bear Head Lake State Park","Department of Natural Resources State Park","DNR","State Park",13122
"36","Fall-2019","Bear Head Lake State Park","Department of Natural Resources State Park","DNR","State Park",12245
"37","Fall-2020","Bear Head Lake State Park","Department of Natural Resources State Park","DNR","State Park",14382
"38","Fall-2021","Bear Head Lake State Park","Department of Natural Resources State Park","DNR","State Park",10052
"39","Spring-2018","Bear Head Lake State Park","Department of Natural Resources State Park","DNR","State Park",11010
"40","Spring-2019","Bear Head Lake State Park","Department of Natural Resources State Park","DNR","State Park",9790
"41","Spring-2020","Bear Head Lake State Park","Department of Natural Resources State Park","DNR","State Park",2987
"42","Spring-2021","Bear Head Lake State Park","Department of Natural Resources State Park","DNR","State Park",12570
"43","Summer-2018","Bear Head Lake State Park","Department of Natural Resources State Park","DNR","State Park",50244
"44","Summer-2019","Bear Head Lake State Park","Department of Natural Resources State Park","DNR","State Park",43516
"45","Summer-2020","Bear Head Lake State Park","Department of Natural Resources State Park","DNR","State Park",33598
"46","Summer-2021","Bear Head Lake State Park","Department of Natural Resources State Park","DNR","State Park",32345
"47","Winter-2018","Bear Head Lake State Park","Department of Natural Resources State Park","DNR","State Park",5170
"48","Winter-2019","Bear Head Lake State Park","Department of Natural Resources State Park","DNR","State Park",4180
"49","Winter-2020","Bear Head Lake State Park","Department of Natural Resources State Park","DNR","State Park",6244
"50","Winter-2021","Bear Head Lake State Park","Department of Natural Resources State Park","DNR","State Park",4219
"51","Winter-2022","Bear Head Lake State Park","Department of Natural Resources State Park","DNR","State Park",280
"52","Fall-2018","Beaver Creek Valley State Park","Department of Natural Resources State Park","DNR","State Park",1456
"53","Fall-2019","Beaver Creek Valley State Park","Department of Natural Resources State Park","DNR","State Park",1536
"54","Fall-2020","Beaver Creek Valley State Park","Department of Natural Resources State Park","DNR","State Park",1989
"55","Fall-2021","Beaver Creek Valley State Park","Department of Natural Resources State Park","DNR","State Park",1100
"56","Spring-2018","Beaver Creek Valley State Park","Department of Natural Resources State Park","DNR","State Park",1516
"57","Spring-2019","Beaver Creek Valley State Park","Department of Natural Resources State Park","DNR","State Park",2556
"58","Spring-2020","Beaver Creek Valley State Park","Department of Natural Resources State Park","DNR","State Park",1362
"59","Spring-2021","Beaver Creek Valley State Park","Department of Natural Resources State Park","DNR","State Park",1411
"60","Summer-2018","Beaver Creek Valley State Park","Department of Natural Resources State Park","DNR","State Park",3783
"61","Summer-2019","Beaver Creek Valley State Park","Department of Natural Resources State Park","DNR","State Park",4470
"62","Summer-2020","Beaver Creek Valley State Park","Department of Natural Resources State Park","DNR","State Park",2989
"63","Summer-2021","Beaver Creek Valley State Park","Department of Natural Resources State Park","DNR","State Park",1217
"64","Winter-2018","Beaver Creek Valley State Park","Department of Natural Resources State Park","DNR","State Park",1108
"65","Winter-2019","Beaver Creek Valley State Park","Department of Natural Resources State Park","DNR","State Park",1459
"66","Winter-2020","Beaver Creek Valley State Park","Department of Natural Resources State Park","DNR","State Park",810
"67","Winter-2021","Beaver Creek Valley State Park","Department of Natural Resources State Park","DNR","State Park",384
"68","Winter-2022","Beaver Creek Valley State Park","Department of Natural Resources State Park","DNR","State Park",97
"69","Fall-2018","Big Stone Lake State Park","Department of Natural Resources State Park","DNR","State Park",4568
"70","Fall-2019","Big Stone Lake State Park","Department of Natural Resources State Park","DNR","State Park",4527
"71","Fall-2020","Big Stone Lake State Park","Department of Natural Resources State Park","DNR","State Park",4496
"72","Fall-2021","Big Stone Lake State Park","Department of Natural Resources State Park","DNR","State Park",7904
"73","Spring-2018","Big Stone Lake State Park","Department of Natural Resources State Park","DNR","State Park",5078
"74","Spring-2019","Big Stone Lake State Park","Department of Natural Resources State Park","DNR","State Park",3622
"75","Spring-2020","Big Stone Lake State Park","Department of Natural Resources State Park","DNR","State Park",3423
"76","Spring-2021","Big Stone Lake State Park","Department of Natural Resources State Park","DNR","State Park",6127
"77","Summer-2018","Big Stone Lake State Park","Department of Natural Resources State Park","DNR","State Park",11063
"78","Summer-2019","Big Stone Lake State Park","Department of Natural Resources State Park","DNR","State Park",12728
"79","Summer-2020","Big Stone Lake State Park","Department of Natural Resources State Park","DNR","State Park",12418
"80","Summer-2021","Big Stone Lake State Park","Department of Natural Resources State Park","DNR","State Park",10523
"81","Winter-2018","Big Stone Lake State Park","Department of Natural Resources State Park","DNR","State Park",2045
"82","Winter-2019","Big Stone Lake State Park","Department of Natural Resources State Park","DNR","State Park",1586
"83","Winter-2020","Big Stone Lake State Park","Department of Natural Resources State Park","DNR","State Park",1971
"84","Winter-2021","Big Stone Lake State Park","Department of Natural Resources State Park","DNR","State Park",1286
"85","Winter-2022","Big Stone Lake State Park","Department of Natural Resources State Park","DNR","State Park",1035
"86","Fall-2018","Blue Mounds State Park","Department of Natural Resources State Park","DNR","State Park",9719
"87","Fall-2019","Blue Mounds State Park","Department of Natural Resources State Park","DNR","State Park",7136
"88","Fall-2020","Blue Mounds State Park","Department of Natural Resources State Park","DNR","State Park",11087
"89","Fall-2021","Blue Mounds State Park","Department of Natural Resources State Park","DNR","State Park",6651
"90","Spring-2018","Blue Mounds State Park","Department of Natural Resources State Park","DNR","State Park",6418
"91","Spring-2019","Blue Mounds State Park","Department of Natural Resources State Park","DNR","State Park",7323
"92","Spring-2020","Blue Mounds State Park","Department of Natural Resources State Park","DNR","State Park",10885
"93","Spring-2021","Blue Mounds State Park","Department of Natural Resources State Park","DNR","State Park",10150
"94","Summer-2018","Blue Mounds State Park","Department of Natural Resources State Park","DNR","State Park",28314
"95","Summer-2019","Blue Mounds State Park","Department of Natural Resources State Park","DNR","State Park",26070
"96","Summer-2020","Blue Mounds State Park","Department of Natural Resources State Park","DNR","State Park",28686
"97","Summer-2021","Blue Mounds State Park","Department of Natural Resources State Park","DNR","State Park",19272
"98","Winter-2018","Blue Mounds State Park","Department of Natural Resources State Park","DNR","State Park",1816
"99","Winter-2019","Blue Mounds State Park","Department of Natural Resources State Park","DNR","State Park",3077
"100","Winter-2020","Blue Mounds State Park","Department of Natural Resources State Park","DNR","State Park",1443
"101","Winter-2021","Blue Mounds State Park","Department of Natural Resources State Park","DNR","State Park",2185
"102","Winter-2022","Blue Mounds State Park","Department of Natural Resources State Park","DNR","State Park",384
"103","Fall-2018","Buffalo River State Park","Department of Natural Resources State Park","DNR","State Park",5213
"104","Fall-2019","Buffalo River State Park","Department of Natural Resources State Park","DNR","State Park",5038
"105","Fall-2020","Buffalo River State Park","Department of Natural Resources State Park","DNR","State Park",9346
"106","Fall-2021","Buffalo River State Park","Department of Natural Resources State Park","DNR","State Park",8506
"107","Spring-2018","Buffalo River State Park","Department of Natural Resources State Park","DNR","State Park",8876
"108","Spring-2019","Buffalo River State Park","Department of Natural Resources State Park","DNR","State Park",4750
"109","Spring-2020","Buffalo River State Park","Department of Natural Resources State Park","DNR","State Park",8254
"110","Spring-2021","Buffalo River State Park","Department of Natural Resources State Park","DNR","State Park",7113
"111","Summer-2018","Buffalo River State Park","Department of Natural Resources State Park","DNR","State Park",32208
"112","Summer-2019","Buffalo River State Park","Department of Natural Resources State Park","DNR","State Park",14109
"113","Summer-2020","Buffalo River State Park","Department of Natural Resources State Park","DNR","State Park",13890
"114","Summer-2021","Buffalo River State Park","Department of Natural Resources State Park","DNR","State Park",12086
"115","Winter-2018","Buffalo River State Park","Department of Natural Resources State Park","DNR","State Park",1712
"116","Winter-2019","Buffalo River State Park","Department of Natural Resources State Park","DNR","State Park",1397
"117","Winter-2020","Buffalo River State Park","Department of Natural Resources State Park","DNR","State Park",687
"118","Winter-2021","Buffalo River State Park","Department of Natural Resources State Park","DNR","State Park",2615
"119","Winter-2022","Buffalo River State Park","Department of Natural Resources State Park","DNR","State Park",125
"120","Fall-2018","Camden State Park","Department of Natural Resources State Park","DNR","State Park",7889
"121","Fall-2019","Camden State Park","Department of Natural Resources State Park","DNR","State Park",10219
"122","Fall-2020","Camden State Park","Department of Natural Resources State Park","DNR","State Park",10998
"123","Fall-2021","Camden State Park","Department of Natural Resources State Park","DNR","State Park",7502
"124","Spring-2018","Camden State Park","Department of Natural Resources State Park","DNR","State Park",5632
"125","Spring-2019","Camden State Park","Department of Natural Resources State Park","DNR","State Park",5608
"126","Spring-2020","Camden State Park","Department of Natural Resources State Park","DNR","State Park",8691
"127","Spring-2021","Camden State Park","Department of Natural Resources State Park","DNR","State Park",7105
"128","Summer-2018","Camden State Park","Department of Natural Resources State Park","DNR","State Park",21394
"129","Summer-2019","Camden State Park","Department of Natural Resources State Park","DNR","State Park",22588
"130","Summer-2020","Camden State Park","Department of Natural Resources State Park","DNR","State Park",23627
"131","Summer-2021","Camden State Park","Department of Natural Resources State Park","DNR","State Park",17753
"132","Winter-2018","Camden State Park","Department of Natural Resources State Park","DNR","State Park",2981
"133","Winter-2019","Camden State Park","Department of Natural Resources State Park","DNR","State Park",599
"134","Winter-2020","Camden State Park","Department of Natural Resources State Park","DNR","State Park",1172
"135","Winter-2021","Camden State Park","Department of Natural Resources State Park","DNR","State Park",1348
"136","Winter-2022","Camden State Park","Department of Natural Resources State Park","DNR","State Park",156
"137","Fall-2018","Carley State Park","Department of Natural Resources State Park","DNR","State Park",1975
"138","Fall-2019","Carley State Park","Department of Natural Resources State Park","DNR","State Park",2377
"139","Fall-2020","Carley State Park","Department of Natural Resources State Park","DNR","State Park",5182
"140","Fall-2021","Carley State Park","Department of Natural Resources State Park","DNR","State Park",2163
"141","Spring-2018","Carley State Park","Department of Natural Resources State Park","DNR","State Park",2956
"142","Spring-2019","Carley State Park","Department of Natural Resources State Park","DNR","State Park",3479
"143","Spring-2020","Carley State Park","Department of Natural Resources State Park","DNR","State Park",7926
"144","Spring-2021","Carley State Park","Department of Natural Resources State Park","DNR","State Park",5825
"145","Summer-2018","Carley State Park","Department of Natural Resources State Park","DNR","State Park",5098
"146","Summer-2019","Carley State Park","Department of Natural Resources State Park","DNR","State Park",3851
"147","Summer-2020","Carley State Park","Department of Natural Resources State Park","DNR","State Park",5932
"148","Summer-2021","Carley State Park","Department of Natural Resources State Park","DNR","State Park",4503
"149","Winter-2018","Carley State Park","Department of Natural Resources State Park","DNR","State Park",2758
"150","Winter-2019","Carley State Park","Department of Natural Resources State Park","DNR","State Park",900
"151","Winter-2020","Carley State Park","Department of Natural Resources State Park","DNR","State Park",1269
"152","Winter-2021","Carley State Park","Department of Natural Resources State Park","DNR","State Park",2410
"153","Winter-2022","Carley State Park","Department of Natural Resources State Park","DNR","State Park",364
"154","Fall-2018","Cascade River State Park","Department of Natural Resources State Park","DNR","State Park",18474
"155","Fall-2019","Cascade River State Park","Department of Natural Resources State Park","DNR","State Park",21604
"156","Fall-2020","Cascade River State Park","Department of Natural Resources State Park","DNR","State Park",26734
"157","Fall-2021","Cascade River State Park","Department of Natural Resources State Park","DNR","State Park",19841
"158","Spring-2018","Cascade River State Park","Department of Natural Resources State Park","DNR","State Park",16218
"159","Spring-2019","Cascade River State Park","Department of Natural Resources State Park","DNR","State Park",13523
"160","Spring-2020","Cascade River State Park","Department of Natural Resources State Park","DNR","State Park",8314
"161","Spring-2021","Cascade River State Park","Department of Natural Resources State Park","DNR","State Park",27337
"162","Summer-2018","Cascade River State Park","Department of Natural Resources State Park","DNR","State Park",38672
"163","Summer-2019","Cascade River State Park","Department of Natural Resources State Park","DNR","State Park",44915
"164","Summer-2020","Cascade River State Park","Department of Natural Resources State Park","DNR","State Park",52572
"165","Summer-2021","Cascade River State Park","Department of Natural Resources State Park","DNR","State Park",47878
"166","Winter-2018","Cascade River State Park","Department of Natural Resources State Park","DNR","State Park",7345
"167","Winter-2019","Cascade River State Park","Department of Natural Resources State Park","DNR","State Park",4273
"168","Winter-2020","Cascade River State Park","Department of Natural Resources State Park","DNR","State Park",5140
"169","Winter-2021","Cascade River State Park","Department of Natural Resources State Park","DNR","State Park",8593
"170","Winter-2022","Cascade River State Park","Department of Natural Resources State Park","DNR","State Park",1306
"171","Fall-2018","Charles A Lindbergh State Park","Department of Natural Resources State Park","DNR","State Park",2251
"172","Fall-2019","Charles A Lindbergh State Park","Department of Natural Resources State Park","DNR","State Park",4224
"173","Fall-2020","Charles A Lindbergh State Park","Department of Natural Resources State Park","DNR","State Park",4279
"174","Fall-2021","Charles A Lindbergh State Park","Department of Natural Resources State Park","DNR","State Park",3977
"175","Spring-2018","Charles A Lindbergh State Park","Department of Natural Resources State Park","DNR","State Park",2795
"176","Spring-2019","Charles A Lindbergh State Park","Department of Natural Resources State Park","DNR","State Park",2603
"177","Spring-2020","Charles A Lindbergh State Park","Department of Natural Resources State Park","DNR","State Park",5066
"178","Spring-2021","Charles A Lindbergh State Park","Department of Natural Resources State Park","DNR","State Park",4793
"179","Summer-2018","Charles A Lindbergh State Park","Department of Natural Resources State Park","DNR","State Park",6284
"180","Summer-2019","Charles A Lindbergh State Park","Department of Natural Resources State Park","DNR","State Park",10634
"181","Summer-2020","Charles A Lindbergh State Park","Department of Natural Resources State Park","DNR","State Park",9852
"182","Summer-2021","Charles A Lindbergh State Park","Department of Natural Resources State Park","DNR","State Park",6438
"183","Winter-2018","Charles A Lindbergh State Park","Department of Natural Resources State Park","DNR","State Park",853
"184","Winter-2019","Charles A Lindbergh State Park","Department of Natural Resources State Park","DNR","State Park",888
"185","Winter-2020","Charles A Lindbergh State Park","Department of Natural Resources State Park","DNR","State Park",1113
"186","Winter-2021","Charles A Lindbergh State Park","Department of Natural Resources State Park","DNR","State Park",2333
"187","Winter-2022","Charles A Lindbergh State Park","Department of Natural Resources State Park","DNR","State Park",167
"188","Fall-2018","Crow Wing State Park","Department of Natural Resources State Park","DNR","State Park",7217
"189","Fall-2019","Crow Wing State Park","Department of Natural Resources State Park","DNR","State Park",5975
"190","Fall-2020","Crow Wing State Park","Department of Natural Resources State Park","DNR","State Park",9592
"191","Fall-2021","Crow Wing State Park","Department of Natural Resources State Park","DNR","State Park",7664
"192","Spring-2018","Crow Wing State Park","Department of Natural Resources State Park","DNR","State Park",3487
"193","Spring-2019","Crow Wing State Park","Department of Natural Resources State Park","DNR","State Park",3149
"194","Spring-2020","Crow Wing State Park","Department of Natural Resources State Park","DNR","State Park",7135
"195","Spring-2021","Crow Wing State Park","Department of Natural Resources State Park","DNR","State Park",5953
"196","Summer-2018","Crow Wing State Park","Department of Natural Resources State Park","DNR","State Park",17540
"197","Summer-2019","Crow Wing State Park","Department of Natural Resources State Park","DNR","State Park",15659
"198","Summer-2020","Crow Wing State Park","Department of Natural Resources State Park","DNR","State Park",17946
"199","Summer-2021","Crow Wing State Park","Department of Natural Resources State Park","DNR","State Park",12241
"200","Winter-2018","Crow Wing State Park","Department of Natural Resources State Park","DNR","State Park",1959
"201","Winter-2019","Crow Wing State Park","Department of Natural Resources State Park","DNR","State Park",696
"202","Winter-2020","Crow Wing State Park","Department of Natural Resources State Park","DNR","State Park",941
"203","Winter-2021","Crow Wing State Park","Department of Natural Resources State Park","DNR","State Park",1372
"204","Winter-2022","Crow Wing State Park","Department of Natural Resources State Park","DNR","State Park",260
"205","Fall-2018","Father Hennepin State Park","Department of Natural Resources State Park","DNR","State Park",9283
"206","Fall-2019","Father Hennepin State Park","Department of Natural Resources State Park","DNR","State Park",9575
"207","Fall-2020","Father Hennepin State Park","Department of Natural Resources State Park","DNR","State Park",10691
"208","Fall-2021","Father Hennepin State Park","Department of Natural Resources State Park","DNR","State Park",10780
"209","Spring-2018","Father Hennepin State Park","Department of Natural Resources State Park","DNR","State Park",10388
"210","Spring-2019","Father Hennepin State Park","Department of Natural Resources State Park","DNR","State Park",6234
"211","Spring-2020","Father Hennepin State Park","Department of Natural Resources State Park","DNR","State Park",4839
"212","Spring-2021","Father Hennepin State Park","Department of Natural Resources State Park","DNR","State Park",10751
"213","Summer-2018","Father Hennepin State Park","Department of Natural Resources State Park","DNR","State Park",42601
"214","Summer-2019","Father Hennepin State Park","Department of Natural Resources State Park","DNR","State Park",32630
"215","Summer-2020","Father Hennepin State Park","Department of Natural Resources State Park","DNR","State Park",42678
"216","Summer-2021","Father Hennepin State Park","Department of Natural Resources State Park","DNR","State Park",31781
"217","Winter-2018","Father Hennepin State Park","Department of Natural Resources State Park","DNR","State Park",2486
"218","Winter-2019","Father Hennepin State Park","Department of Natural Resources State Park","DNR","State Park",1123
"219","Winter-2020","Father Hennepin State Park","Department of Natural Resources State Park","DNR","State Park",754
"220","Winter-2021","Father Hennepin State Park","Department of Natural Resources State Park","DNR","State Park",1070
"221","Winter-2022","Father Hennepin State Park","Department of Natural Resources State Park","DNR","State Park",245
"222","Fall-2018","Flandrau State Park","Department of Natural Resources State Park","DNR","State Park",9382
"223","Fall-2019","Flandrau State Park","Department of Natural Resources State Park","DNR","State Park",6523
"224","Fall-2020","Flandrau State Park","Department of Natural Resources State Park","DNR","State Park",10129
"225","Fall-2021","Flandrau State Park","Department of Natural Resources State Park","DNR","State Park",9714
"226","Spring-2018","Flandrau State Park","Department of Natural Resources State Park","DNR","State Park",9975
"227","Spring-2019","Flandrau State Park","Department of Natural Resources State Park","DNR","State Park",7611
"228","Spring-2020","Flandrau State Park","Department of Natural Resources State Park","DNR","State Park",12525
"229","Spring-2021","Flandrau State Park","Department of Natural Resources State Park","DNR","State Park",11677
"230","Summer-2018","Flandrau State Park","Department of Natural Resources State Park","DNR","State Park",35929
"231","Summer-2019","Flandrau State Park","Department of Natural Resources State Park","DNR","State Park",35652
"232","Summer-2020","Flandrau State Park","Department of Natural Resources State Park","DNR","State Park",16355
"233","Summer-2021","Flandrau State Park","Department of Natural Resources State Park","DNR","State Park",22634
"234","Winter-2018","Flandrau State Park","Department of Natural Resources State Park","DNR","State Park",2173
"235","Winter-2019","Flandrau State Park","Department of Natural Resources State Park","DNR","State Park",3239
"236","Winter-2020","Flandrau State Park","Department of Natural Resources State Park","DNR","State Park",2612
"237","Winter-2021","Flandrau State Park","Department of Natural Resources State Park","DNR","State Park",3112
"238","Winter-2022","Flandrau State Park","Department of Natural Resources State Park","DNR","State Park",296
"239","Fall-2018","Forestville/Mystery Cave State Park","Department of Natural Resources State Park","DNR","State Park",9398
"240","Fall-2019","Forestville/Mystery Cave State Park","Department of Natural Resources State Park","DNR","State Park",6410
"241","Fall-2020","Forestville/Mystery Cave State Park","Department of Natural Resources State Park","DNR","State Park",7422
"242","Fall-2021","Forestville/Mystery Cave State Park","Department of Natural Resources State Park","DNR","State Park",2960
"243","Spring-2018","Forestville/Mystery Cave State Park","Department of Natural Resources State Park","DNR","State Park",4500
"244","Spring-2019","Forestville/Mystery Cave State Park","Department of Natural Resources State Park","DNR","State Park",5119
"245","Spring-2020","Forestville/Mystery Cave State Park","Department of Natural Resources State Park","DNR","State Park",3839
"246","Spring-2021","Forestville/Mystery Cave State Park","Department of Natural Resources State Park","DNR","State Park",3116
"247","Summer-2018","Forestville/Mystery Cave State Park","Department of Natural Resources State Park","DNR","State Park",26776
"248","Summer-2019","Forestville/Mystery Cave State Park","Department of Natural Resources State Park","DNR","State Park",17903
"249","Summer-2020","Forestville/Mystery Cave State Park","Department of Natural Resources State Park","DNR","State Park",11383
"250","Summer-2021","Forestville/Mystery Cave State Park","Department of Natural Resources State Park","DNR","State Park",7640
"251","Winter-2018","Forestville/Mystery Cave State Park","Department of Natural Resources State Park","DNR","State Park",5838
"252","Winter-2019","Forestville/Mystery Cave State Park","Department of Natural Resources State Park","DNR","State Park",2205
"253","Winter-2020","Forestville/Mystery Cave State Park","Department of Natural Resources State Park","DNR","State Park",1787
"254","Winter-2021","Forestville/Mystery Cave State Park","Department of Natural Resources State Park","DNR","State Park",872
"255","Winter-2022","Forestville/Mystery Cave State Park","Department of Natural Resources State Park","DNR","State Park",288
"256","Fall-2018","Fort Ridgely State Park","Department of Natural Resources State Park","DNR","State Park",2886
"257","Fall-2019","Fort Ridgely State Park","Department of Natural Resources State Park","DNR","State Park",4816
"258","Fall-2020","Fort Ridgely State Park","Department of Natural Resources State Park","DNR","State Park",3645
"259","Fall-2021","Fort Ridgely State Park","Department of Natural Resources State Park","DNR","State Park",4265
"260","Spring-2018","Fort Ridgely State Park","Department of Natural Resources State Park","DNR","State Park",3972
"261","Spring-2019","Fort Ridgely State Park","Department of Natural Resources State Park","DNR","State Park",3423
"262","Spring-2020","Fort Ridgely State Park","Department of Natural Resources State Park","DNR","State Park",4209
"263","Spring-2021","Fort Ridgely State Park","Department of Natural Resources State Park","DNR","State Park",3711
"264","Summer-2018","Fort Ridgely State Park","Department of Natural Resources State Park","DNR","State Park",10619
"265","Summer-2019","Fort Ridgely State Park","Department of Natural Resources State Park","DNR","State Park",6939
"266","Summer-2020","Fort Ridgely State Park","Department of Natural Resources State Park","DNR","State Park",7166
"267","Summer-2021","Fort Ridgely State Park","Department of Natural Resources State Park","DNR","State Park",4624
"268","Winter-2018","Fort Ridgely State Park","Department of Natural Resources State Park","DNR","State Park",3826
"269","Winter-2019","Fort Ridgely State Park","Department of Natural Resources State Park","DNR","State Park",1888
"270","Winter-2020","Fort Ridgely State Park","Department of Natural Resources State Park","DNR","State Park",1912
"271","Winter-2021","Fort Ridgely State Park","Department of Natural Resources State Park","DNR","State Park",1411
"272","Winter-2022","Fort Ridgely State Park","Department of Natural Resources State Park","DNR","State Park",376
"273","Fall-2018","Fort Snelling State Park","Department of Natural Resources State Park","DNR","State Park",29401
"274","Fall-2019","Fort Snelling State Park","Department of Natural Resources State Park","DNR","State Park",19768
"275","Fall-2020","Fort Snelling State Park","Department of Natural Resources State Park","DNR","State Park",46707
"276","Fall-2021","Fort Snelling State Park","Department of Natural Resources State Park","DNR","State Park",35452
"277","Spring-2018","Fort Snelling State Park","Department of Natural Resources State Park","DNR","State Park",36406
"278","Spring-2019","Fort Snelling State Park","Department of Natural Resources State Park","DNR","State Park",11135
"279","Spring-2020","Fort Snelling State Park","Department of Natural Resources State Park","DNR","State Park",51146
"280","Spring-2021","Fort Snelling State Park","Department of Natural Resources State Park","DNR","State Park",41815
"281","Summer-2018","Fort Snelling State Park","Department of Natural Resources State Park","DNR","State Park",44579
"282","Summer-2019","Fort Snelling State Park","Department of Natural Resources State Park","DNR","State Park",12222
"283","Summer-2020","Fort Snelling State Park","Department of Natural Resources State Park","DNR","State Park",76563
"284","Summer-2021","Fort Snelling State Park","Department of Natural Resources State Park","DNR","State Park",53950
"285","Winter-2018","Fort Snelling State Park","Department of Natural Resources State Park","DNR","State Park",24879
"286","Winter-2019","Fort Snelling State Park","Department of Natural Resources State Park","DNR","State Park",21488
"287","Winter-2020","Fort Snelling State Park","Department of Natural Resources State Park","DNR","State Park",16454
"288","Winter-2021","Fort Snelling State Park","Department of Natural Resources State Park","DNR","State Park",26418
"289","Winter-2022","Fort Snelling State Park","Department of Natural Resources State Park","DNR","State Park",3510
"290","Fall-2018","Franz Jevne State Park","Department of Natural Resources State Park","DNR","State Park",1625
"291","Fall-2019","Franz Jevne State Park","Department of Natural Resources State Park","DNR","State Park",1423
"292","Fall-2020","Franz Jevne State Park","Department of Natural Resources State Park","DNR","State Park",1097
"293","Fall-2021","Franz Jevne State Park","Department of Natural Resources State Park","DNR","State Park",1098
"294","Spring-2018","Franz Jevne State Park","Department of Natural Resources State Park","DNR","State Park",1435
"295","Spring-2019","Franz Jevne State Park","Department of Natural Resources State Park","DNR","State Park",638
"296","Spring-2020","Franz Jevne State Park","Department of Natural Resources State Park","DNR","State Park",972
"297","Spring-2021","Franz Jevne State Park","Department of Natural Resources State Park","DNR","State Park",1807
"298","Summer-2018","Franz Jevne State Park","Department of Natural Resources State Park","DNR","State Park",2975
"299","Summer-2019","Franz Jevne State Park","Department of Natural Resources State Park","DNR","State Park",1771
"300","Summer-2020","Franz Jevne State Park","Department of Natural Resources State Park","DNR","State Park",1662
"301","Summer-2021","Franz Jevne State Park","Department of Natural Resources State Park","DNR","State Park",1861
"302","Winter-2018","Franz Jevne State Park","Department of Natural Resources State Park","DNR","State Park",1260
"303","Winter-2019","Franz Jevne State Park","Department of Natural Resources State Park","DNR","State Park",1153
"304","Winter-2020","Franz Jevne State Park","Department of Natural Resources State Park","DNR","State Park",818
"305","Winter-2021","Franz Jevne State Park","Department of Natural Resources State Park","DNR","State Park",748
"306","Winter-2022","Franz Jevne State Park","Department of Natural Resources State Park","DNR","State Park",330
"307","Fall-2018","Frontenac State Park","Department of Natural Resources State Park","DNR","State Park",15925
"308","Fall-2019","Frontenac State Park","Department of Natural Resources State Park","DNR","State Park",19269
"309","Fall-2020","Frontenac State Park","Department of Natural Resources State Park","DNR","State Park",33334
"310","Fall-2021","Frontenac State Park","Department of Natural Resources State Park","DNR","State Park",14378
"311","Spring-2018","Frontenac State Park","Department of Natural Resources State Park","DNR","State Park",11224
"312","Spring-2019","Frontenac State Park","Department of Natural Resources State Park","DNR","State Park",9696
"313","Spring-2020","Frontenac State Park","Department of Natural Resources State Park","DNR","State Park",26162
"314","Spring-2021","Frontenac State Park","Department of Natural Resources State Park","DNR","State Park",16502
"315","Summer-2018","Frontenac State Park","Department of Natural Resources State Park","DNR","State Park",27592
"316","Summer-2019","Frontenac State Park","Department of Natural Resources State Park","DNR","State Park",29761
"317","Summer-2020","Frontenac State Park","Department of Natural Resources State Park","DNR","State Park",54626
"318","Summer-2021","Frontenac State Park","Department of Natural Resources State Park","DNR","State Park",23511
"319","Winter-2018","Frontenac State Park","Department of Natural Resources State Park","DNR","State Park",3724
"320","Winter-2019","Frontenac State Park","Department of Natural Resources State Park","DNR","State Park",4320
"321","Winter-2020","Frontenac State Park","Department of Natural Resources State Park","DNR","State Park",2744
"322","Winter-2021","Frontenac State Park","Department of Natural Resources State Park","DNR","State Park",8206
"323","Winter-2022","Frontenac State Park","Department of Natural Resources State Park","DNR","State Park",882
"324","Fall-2018","George H Crosby-Manitou State Park","Department of Natural Resources State Park","DNR","State Park",4200
"325","Fall-2019","George H Crosby-Manitou State Park","Department of Natural Resources State Park","DNR","State Park",3798
"326","Fall-2020","George H Crosby-Manitou State Park","Department of Natural Resources State Park","DNR","State Park",1744
"327","Fall-2021","George H Crosby-Manitou State Park","Department of Natural Resources State Park","DNR","State Park",1684
"328","Spring-2018","George H Crosby-Manitou State Park","Department of Natural Resources State Park","DNR","State Park",8342
"329","Spring-2019","George H Crosby-Manitou State Park","Department of Natural Resources State Park","DNR","State Park",2566
"330","Spring-2020","George H Crosby-Manitou State Park","Department of Natural Resources State Park","DNR","State Park",1497
"331","Spring-2021","George H Crosby-Manitou State Park","Department of Natural Resources State Park","DNR","State Park",2178
"332","Summer-2018","George H Crosby-Manitou State Park","Department of Natural Resources State Park","DNR","State Park",9079
"333","Summer-2019","George H Crosby-Manitou State Park","Department of Natural Resources State Park","DNR","State Park",5237
"334","Summer-2020","George H Crosby-Manitou State Park","Department of Natural Resources State Park","DNR","State Park",3569
"335","Summer-2021","George H Crosby-Manitou State Park","Department of Natural Resources State Park","DNR","State Park",1938
"336","Winter-2018","George H Crosby-Manitou State Park","Department of Natural Resources State Park","DNR","State Park",3812
"337","Winter-2019","George H Crosby-Manitou State Park","Department of Natural Resources State Park","DNR","State Park",1844
"338","Winter-2020","George H Crosby-Manitou State Park","Department of Natural Resources State Park","DNR","State Park",1500
"339","Winter-2021","George H Crosby-Manitou State Park","Department of Natural Resources State Park","DNR","State Park",2296
"340","Winter-2022","George H Crosby-Manitou State Park","Department of Natural Resources State Park","DNR","State Park",626
"341","Fall-2018","Glacial Lakes State Park","Department of Natural Resources State Park","DNR","State Park",7903
"342","Fall-2019","Glacial Lakes State Park","Department of Natural Resources State Park","DNR","State Park",5848
"343","Fall-2020","Glacial Lakes State Park","Department of Natural Resources State Park","DNR","State Park",7035
"344","Fall-2021","Glacial Lakes State Park","Department of Natural Resources State Park","DNR","State Park",5366
"345","Spring-2018","Glacial Lakes State Park","Department of Natural Resources State Park","DNR","State Park",4233
"346","Spring-2019","Glacial Lakes State Park","Department of Natural Resources State Park","DNR","State Park",3957
"347","Spring-2020","Glacial Lakes State Park","Department of Natural Resources State Park","DNR","State Park",3462
"348","Spring-2021","Glacial Lakes State Park","Department of Natural Resources State Park","DNR","State Park",5331
"349","Summer-2018","Glacial Lakes State Park","Department of Natural Resources State Park","DNR","State Park",17124
"350","Summer-2019","Glacial Lakes State Park","Department of Natural Resources State Park","DNR","State Park",15072
"351","Summer-2020","Glacial Lakes State Park","Department of Natural Resources State Park","DNR","State Park",11526
"352","Summer-2021","Glacial Lakes State Park","Department of Natural Resources State Park","DNR","State Park",10796
"353","Winter-2018","Glacial Lakes State Park","Department of Natural Resources State Park","DNR","State Park",2397
"354","Winter-2019","Glacial Lakes State Park","Department of Natural Resources State Park","DNR","State Park",892
"355","Winter-2020","Glacial Lakes State Park","Department of Natural Resources State Park","DNR","State Park",904
"356","Winter-2021","Glacial Lakes State Park","Department of Natural Resources State Park","DNR","State Park",2145
"357","Winter-2022","Glacial Lakes State Park","Department of Natural Resources State Park","DNR","State Park",430
"358","Fall-2018","Glendalough State Park","Department of Natural Resources State Park","DNR","State Park",7563
"359","Fall-2019","Glendalough State Park","Department of Natural Resources State Park","DNR","State Park",8454
"360","Fall-2020","Glendalough State Park","Department of Natural Resources State Park","DNR","State Park",11498
"361","Fall-2021","Glendalough State Park","Department of Natural Resources State Park","DNR","State Park",9982
"362","Spring-2018","Glendalough State Park","Department of Natural Resources State Park","DNR","State Park",9012
"363","Spring-2019","Glendalough State Park","Department of Natural Resources State Park","DNR","State Park",7189
"364","Spring-2020","Glendalough State Park","Department of Natural Resources State Park","DNR","State Park",13910
"365","Spring-2021","Glendalough State Park","Department of Natural Resources State Park","DNR","State Park",11450
"366","Summer-2018","Glendalough State Park","Department of Natural Resources State Park","DNR","State Park",32653
"367","Summer-2019","Glendalough State Park","Department of Natural Resources State Park","DNR","State Park",32383
"368","Summer-2020","Glendalough State Park","Department of Natural Resources State Park","DNR","State Park",41069
"369","Summer-2021","Glendalough State Park","Department of Natural Resources State Park","DNR","State Park",32285
"370","Winter-2018","Glendalough State Park","Department of Natural Resources State Park","DNR","State Park",3955
"371","Winter-2019","Glendalough State Park","Department of Natural Resources State Park","DNR","State Park",3436
"372","Winter-2020","Glendalough State Park","Department of Natural Resources State Park","DNR","State Park",4654
"373","Winter-2021","Glendalough State Park","Department of Natural Resources State Park","DNR","State Park",2950
"374","Winter-2022","Glendalough State Park","Department of Natural Resources State Park","DNR","State Park",637
"375","Fall-2018","Gooseberry Falls State Park","Department of Natural Resources State Park","DNR","State Park",110398
"376","Fall-2019","Gooseberry Falls State Park","Department of Natural Resources State Park","DNR","State Park",103226
"377","Fall-2020","Gooseberry Falls State Park","Department of Natural Resources State Park","DNR","State Park",113101
"378","Fall-2021","Gooseberry Falls State Park","Department of Natural Resources State Park","DNR","State Park",90238
"379","Spring-2018","Gooseberry Falls State Park","Department of Natural Resources State Park","DNR","State Park",105315
"380","Spring-2019","Gooseberry Falls State Park","Department of Natural Resources State Park","DNR","State Park",86620
"381","Spring-2020","Gooseberry Falls State Park","Department of Natural Resources State Park","DNR","State Park",59442
"382","Spring-2021","Gooseberry Falls State Park","Department of Natural Resources State Park","DNR","State Park",106361
"383","Summer-2018","Gooseberry Falls State Park","Department of Natural Resources State Park","DNR","State Park",239290
"384","Summer-2019","Gooseberry Falls State Park","Department of Natural Resources State Park","DNR","State Park",237708
"385","Summer-2020","Gooseberry Falls State Park","Department of Natural Resources State Park","DNR","State Park",258960
"386","Summer-2021","Gooseberry Falls State Park","Department of Natural Resources State Park","DNR","State Park",186493
"387","Winter-2018","Gooseberry Falls State Park","Department of Natural Resources State Park","DNR","State Park",57318
"388","Winter-2019","Gooseberry Falls State Park","Department of Natural Resources State Park","DNR","State Park",35653
"389","Winter-2020","Gooseberry Falls State Park","Department of Natural Resources State Park","DNR","State Park",35766
"390","Winter-2021","Gooseberry Falls State Park","Department of Natural Resources State Park","DNR","State Park",52888
"391","Winter-2022","Gooseberry Falls State Park","Department of Natural Resources State Park","DNR","State Park",13635
"392","Fall-2018","Grand Portage State Park","Department of Natural Resources State Park","DNR","State Park",3161
"393","Fall-2019","Grand Portage State Park","Department of Natural Resources State Park","DNR","State Park",7751
"394","Fall-2020","Grand Portage State Park","Department of Natural Resources State Park","DNR","State Park",5605
"395","Fall-2021","Grand Portage State Park","Department of Natural Resources State Park","DNR","State Park",4354
"396","Spring-2018","Grand Portage State Park","Department of Natural Resources State Park","DNR","State Park",2952
"397","Spring-2019","Grand Portage State Park","Department of Natural Resources State Park","DNR","State Park",3914
"398","Spring-2020","Grand Portage State Park","Department of Natural Resources State Park","DNR","State Park",1351
"399","Spring-2021","Grand Portage State Park","Department of Natural Resources State Park","DNR","State Park",2667
"400","Summer-2018","Grand Portage State Park","Department of Natural Resources State Park","DNR","State Park",7452
"401","Summer-2019","Grand Portage State Park","Department of Natural Resources State Park","DNR","State Park",12503
"402","Summer-2020","Grand Portage State Park","Department of Natural Resources State Park","DNR","State Park",12036
"403","Summer-2021","Grand Portage State Park","Department of Natural Resources State Park","DNR","State Park",6321
"404","Winter-2018","Grand Portage State Park","Department of Natural Resources State Park","DNR","State Park",2240
"405","Winter-2019","Grand Portage State Park","Department of Natural Resources State Park","DNR","State Park",1426
"406","Winter-2020","Grand Portage State Park","Department of Natural Resources State Park","DNR","State Park",1388
"407","Winter-2021","Grand Portage State Park","Department of Natural Resources State Park","DNR","State Park",937
"408","Winter-2022","Grand Portage State Park","Department of Natural Resources State Park","DNR","State Park",336
"409","Fall-2018","Great River Bluffs State Park","Department of Natural Resources State Park","DNR","State Park",10362
"410","Fall-2019","Great River Bluffs State Park","Department of Natural Resources State Park","DNR","State Park",7565
"411","Fall-2020","Great River Bluffs State Park","Department of Natural Resources State Park","DNR","State Park",14126
"412","Fall-2021","Great River Bluffs State Park","Department of Natural Resources State Park","DNR","State Park",7633
"413","Spring-2018","Great River Bluffs State Park","Department of Natural Resources State Park","DNR","State Park",4641
"414","Spring-2019","Great River Bluffs State Park","Department of Natural Resources State Park","DNR","State Park",4318
"415","Spring-2020","Great River Bluffs State Park","Department of Natural Resources State Park","DNR","State Park",9760
"416","Spring-2021","Great River Bluffs State Park","Department of Natural Resources State Park","DNR","State Park",6858
"417","Summer-2018","Great River Bluffs State Park","Department of Natural Resources State Park","DNR","State Park",15503
"418","Summer-2019","Great River Bluffs State Park","Department of Natural Resources State Park","DNR","State Park",9633
"419","Summer-2020","Great River Bluffs State Park","Department of Natural Resources State Park","DNR","State Park",17431
"420","Summer-2021","Great River Bluffs State Park","Department of Natural Resources State Park","DNR","State Park",9128
"421","Winter-2018","Great River Bluffs State Park","Department of Natural Resources State Park","DNR","State Park",1751
"422","Winter-2019","Great River Bluffs State Park","Department of Natural Resources State Park","DNR","State Park",2178
"423","Winter-2020","Great River Bluffs State Park","Department of Natural Resources State Park","DNR","State Park",1620
"424","Winter-2021","Great River Bluffs State Park","Department of Natural Resources State Park","DNR","State Park",3555
"425","Winter-2022","Great River Bluffs State Park","Department of Natural Resources State Park","DNR","State Park",298
"426","Fall-2018","Hayes Lake State Park","Department of Natural Resources State Park","DNR","State Park",1542
"427","Fall-2019","Hayes Lake State Park","Department of Natural Resources State Park","DNR","State Park",787
"428","Fall-2020","Hayes Lake State Park","Department of Natural Resources State Park","DNR","State Park",1360
"429","Fall-2021","Hayes Lake State Park","Department of Natural Resources State Park","DNR","State Park",1450
"430","Spring-2018","Hayes Lake State Park","Department of Natural Resources State Park","DNR","State Park",1896
"431","Spring-2019","Hayes Lake State Park","Department of Natural Resources State Park","DNR","State Park",1548
"432","Spring-2020","Hayes Lake State Park","Department of Natural Resources State Park","DNR","State Park",940
"433","Spring-2021","Hayes Lake State Park","Department of Natural Resources State Park","DNR","State Park",1187
"434","Summer-2018","Hayes Lake State Park","Department of Natural Resources State Park","DNR","State Park",8632
"435","Summer-2019","Hayes Lake State Park","Department of Natural Resources State Park","DNR","State Park",5357
"436","Summer-2020","Hayes Lake State Park","Department of Natural Resources State Park","DNR","State Park",5179
"437","Summer-2021","Hayes Lake State Park","Department of Natural Resources State Park","DNR","State Park",4944
"438","Winter-2018","Hayes Lake State Park","Department of Natural Resources State Park","DNR","State Park",1394
"439","Winter-2019","Hayes Lake State Park","Department of Natural Resources State Park","DNR","State Park",1074
"440","Winter-2020","Hayes Lake State Park","Department of Natural Resources State Park","DNR","State Park",699
"441","Winter-2021","Hayes Lake State Park","Department of Natural Resources State Park","DNR","State Park",993
"442","Winter-2022","Hayes Lake State Park","Department of Natural Resources State Park","DNR","State Park",398
"443","Fall-2018","Hill Annex Mine State Park","Department of Natural Resources State Park","DNR","State Park",1917
"444","Fall-2019","Hill Annex Mine State Park","Department of Natural Resources State Park","DNR","State Park",450
"445","Fall-2020","Hill Annex Mine State Park","Department of Natural Resources State Park","DNR","State Park",518
"446","Fall-2021","Hill Annex Mine State Park","Department of Natural Resources State Park","DNR","State Park",323
"447","Spring-2018","Hill Annex Mine State Park","Department of Natural Resources State Park","DNR","State Park",1887
"448","Spring-2019","Hill Annex Mine State Park","Department of Natural Resources State Park","DNR","State Park",2025
"449","Spring-2020","Hill Annex Mine State Park","Department of Natural Resources State Park","DNR","State Park",334
"450","Spring-2021","Hill Annex Mine State Park","Department of Natural Resources State Park","DNR","State Park",343
"451","Summer-2018","Hill Annex Mine State Park","Department of Natural Resources State Park","DNR","State Park",4717
"452","Summer-2019","Hill Annex Mine State Park","Department of Natural Resources State Park","DNR","State Park",1556
"453","Summer-2020","Hill Annex Mine State Park","Department of Natural Resources State Park","DNR","State Park",1181
"454","Summer-2021","Hill Annex Mine State Park","Department of Natural Resources State Park","DNR","State Park",894
"455","Winter-2018","Hill Annex Mine State Park","Department of Natural Resources State Park","DNR","State Park",2889
"456","Winter-2019","Hill Annex Mine State Park","Department of Natural Resources State Park","DNR","State Park",2100
"457","Winter-2020","Hill Annex Mine State Park","Department of Natural Resources State Park","DNR","State Park",426
"458","Winter-2021","Hill Annex Mine State Park","Department of Natural Resources State Park","DNR","State Park",275
"459","Winter-2022","Hill Annex Mine State Park","Department of Natural Resources State Park","DNR","State Park",132
"460","Fall-2018","Interstate State Park","Department of Natural Resources State Park","DNR","State Park",27756
"461","Fall-2019","Interstate State Park","Department of Natural Resources State Park","DNR","State Park",35635
"462","Fall-2020","Interstate State Park","Department of Natural Resources State Park","DNR","State Park",49938
"463","Fall-2021","Interstate State Park","Department of Natural Resources State Park","DNR","State Park",30894
"464","Spring-2018","Interstate State Park","Department of Natural Resources State Park","DNR","State Park",18699
"465","Spring-2019","Interstate State Park","Department of Natural Resources State Park","DNR","State Park",27133
"466","Spring-2020","Interstate State Park","Department of Natural Resources State Park","DNR","State Park",62890
"467","Spring-2021","Interstate State Park","Department of Natural Resources State Park","DNR","State Park",34352
"468","Summer-2018","Interstate State Park","Department of Natural Resources State Park","DNR","State Park",67449
"469","Summer-2019","Interstate State Park","Department of Natural Resources State Park","DNR","State Park",91602
"470","Summer-2020","Interstate State Park","Department of Natural Resources State Park","DNR","State Park",119741
"471","Summer-2021","Interstate State Park","Department of Natural Resources State Park","DNR","State Park",66406
"472","Winter-2018","Interstate State Park","Department of Natural Resources State Park","DNR","State Park",2370
"473","Winter-2019","Interstate State Park","Department of Natural Resources State Park","DNR","State Park",1625
"474","Winter-2020","Interstate State Park","Department of Natural Resources State Park","DNR","State Park",1860
"475","Winter-2021","Interstate State Park","Department of Natural Resources State Park","DNR","State Park",4425
"476","Winter-2022","Interstate State Park","Department of Natural Resources State Park","DNR","State Park",368
"477","Fall-2018","Itasca State Park","Department of Natural Resources State Park","DNR","State Park",167904
"478","Fall-2019","Itasca State Park","Department of Natural Resources State Park","DNR","State Park",133592
"479","Fall-2020","Itasca State Park","Department of Natural Resources State Park","DNR","State Park",112264
"480","Fall-2021","Itasca State Park","Department of Natural Resources State Park","DNR","State Park",105231
"481","Spring-2018","Itasca State Park","Department of Natural Resources State Park","DNR","State Park",87574
"482","Spring-2019","Itasca State Park","Department of Natural Resources State Park","DNR","State Park",65460
"483","Spring-2020","Itasca State Park","Department of Natural Resources State Park","DNR","State Park",48161
"484","Spring-2021","Itasca State Park","Department of Natural Resources State Park","DNR","State Park",85975
"485","Summer-2018","Itasca State Park","Department of Natural Resources State Park","DNR","State Park",448039
"486","Summer-2019","Itasca State Park","Department of Natural Resources State Park","DNR","State Park",421775
"487","Summer-2020","Itasca State Park","Department of Natural Resources State Park","DNR","State Park",348496
"488","Summer-2021","Itasca State Park","Department of Natural Resources State Park","DNR","State Park",336599
"489","Winter-2018","Itasca State Park","Department of Natural Resources State Park","DNR","State Park",23191
"490","Winter-2019","Itasca State Park","Department of Natural Resources State Park","DNR","State Park",37763
"491","Winter-2020","Itasca State Park","Department of Natural Resources State Park","DNR","State Park",33274
"492","Winter-2021","Itasca State Park","Department of Natural Resources State Park","DNR","State Park",23612
"493","Winter-2022","Itasca State Park","Department of Natural Resources State Park","DNR","State Park",2968
"494","Fall-2018","Jay Cooke State Park","Department of Natural Resources State Park","DNR","State Park",47659
"495","Fall-2019","Jay Cooke State Park","Department of Natural Resources State Park","DNR","State Park",36609
"496","Fall-2020","Jay Cooke State Park","Department of Natural Resources State Park","DNR","State Park",59726
"497","Fall-2021","Jay Cooke State Park","Department of Natural Resources State Park","DNR","State Park",36190
"498","Spring-2018","Jay Cooke State Park","Department of Natural Resources State Park","DNR","State Park",32009
"499","Spring-2019","Jay Cooke State Park","Department of Natural Resources State Park","DNR","State Park",31973
"500","Spring-2020","Jay Cooke State Park","Department of Natural Resources State Park","DNR","State Park",49876
"501","Spring-2021","Jay Cooke State Park","Department of Natural Resources State Park","DNR","State Park",40998
"502","Summer-2018","Jay Cooke State Park","Department of Natural Resources State Park","DNR","State Park",89031
"503","Summer-2019","Jay Cooke State Park","Department of Natural Resources State Park","DNR","State Park",77699
"504","Summer-2020","Jay Cooke State Park","Department of Natural Resources State Park","DNR","State Park",132721
"505","Summer-2021","Jay Cooke State Park","Department of Natural Resources State Park","DNR","State Park",79036
"506","Winter-2018","Jay Cooke State Park","Department of Natural Resources State Park","DNR","State Park",14754
"507","Winter-2019","Jay Cooke State Park","Department of Natural Resources State Park","DNR","State Park",14261
"508","Winter-2020","Jay Cooke State Park","Department of Natural Resources State Park","DNR","State Park",10860
"509","Winter-2021","Jay Cooke State Park","Department of Natural Resources State Park","DNR","State Park",17504
"510","Winter-2022","Jay Cooke State Park","Department of Natural Resources State Park","DNR","State Park",2653
"511","Fall-2018","John A Latsch State Park","Department of Natural Resources State Park","DNR","State Park",1337
"512","Fall-2019","John A Latsch State Park","Department of Natural Resources State Park","DNR","State Park",1695
"513","Fall-2020","John A Latsch State Park","Department of Natural Resources State Park","DNR","State Park",1780
"514","Fall-2021","John A Latsch State Park","Department of Natural Resources State Park","DNR","State Park",1299
"515","Spring-2018","John A Latsch State Park","Department of Natural Resources State Park","DNR","State Park",973
"516","Spring-2019","John A Latsch State Park","Department of Natural Resources State Park","DNR","State Park",1209
"517","Spring-2020","John A Latsch State Park","Department of Natural Resources State Park","DNR","State Park",2785
"518","Spring-2021","John A Latsch State Park","Department of Natural Resources State Park","DNR","State Park",1558
"519","Summer-2018","John A Latsch State Park","Department of Natural Resources State Park","DNR","State Park",1637
"520","Summer-2019","John A Latsch State Park","Department of Natural Resources State Park","DNR","State Park",1934
"521","Summer-2020","John A Latsch State Park","Department of Natural Resources State Park","DNR","State Park",3187
"522","Summer-2021","John A Latsch State Park","Department of Natural Resources State Park","DNR","State Park",1439
"523","Winter-2018","John A Latsch State Park","Department of Natural Resources State Park","DNR","State Park",1086
"524","Winter-2019","John A Latsch State Park","Department of Natural Resources State Park","DNR","State Park",563
"525","Winter-2020","John A Latsch State Park","Department of Natural Resources State Park","DNR","State Park",504
"526","Winter-2021","John A Latsch State Park","Department of Natural Resources State Park","DNR","State Park",535
"527","Winter-2022","John A Latsch State Park","Department of Natural Resources State Park","DNR","State Park",94
"528","Fall-2018","Judge C R Magney State Park","Department of Natural Resources State Park","DNR","State Park",8878
"529","Fall-2019","Judge C R Magney State Park","Department of Natural Resources State Park","DNR","State Park",8729
"530","Fall-2020","Judge C R Magney State Park","Department of Natural Resources State Park","DNR","State Park",8314
"531","Fall-2021","Judge C R Magney State Park","Department of Natural Resources State Park","DNR","State Park",7201
"532","Spring-2018","Judge C R Magney State Park","Department of Natural Resources State Park","DNR","State Park",5061
"533","Spring-2019","Judge C R Magney State Park","Department of Natural Resources State Park","DNR","State Park",4489
"534","Spring-2020","Judge C R Magney State Park","Department of Natural Resources State Park","DNR","State Park",3563
"535","Spring-2021","Judge C R Magney State Park","Department of Natural Resources State Park","DNR","State Park",8193
"536","Summer-2018","Judge C R Magney State Park","Department of Natural Resources State Park","DNR","State Park",21143
"537","Summer-2019","Judge C R Magney State Park","Department of Natural Resources State Park","DNR","State Park",16211
"538","Summer-2020","Judge C R Magney State Park","Department of Natural Resources State Park","DNR","State Park",15634
"539","Summer-2021","Judge C R Magney State Park","Department of Natural Resources State Park","DNR","State Park",11251
"540","Winter-2018","Judge C R Magney State Park","Department of Natural Resources State Park","DNR","State Park",3537
"541","Winter-2019","Judge C R Magney State Park","Department of Natural Resources State Park","DNR","State Park",2072
"542","Winter-2020","Judge C R Magney State Park","Department of Natural Resources State Park","DNR","State Park",1007
"543","Winter-2021","Judge C R Magney State Park","Department of Natural Resources State Park","DNR","State Park",1588
"544","Winter-2022","Judge C R Magney State Park","Department of Natural Resources State Park","DNR","State Park",443
"545","Fall-2018","Kilen Woods State Park","Department of Natural Resources State Park","DNR","State Park",4884
"546","Fall-2019","Kilen Woods State Park","Department of Natural Resources State Park","DNR","State Park",2729
"547","Fall-2020","Kilen Woods State Park","Department of Natural Resources State Park","DNR","State Park",2656
"548","Fall-2021","Kilen Woods State Park","Department of Natural Resources State Park","DNR","State Park",1852
"549","Spring-2018","Kilen Woods State Park","Department of Natural Resources State Park","DNR","State Park",1694
"550","Spring-2019","Kilen Woods State Park","Department of Natural Resources State Park","DNR","State Park",1446
"551","Spring-2020","Kilen Woods State Park","Department of Natural Resources State Park","DNR","State Park",2049
"552","Spring-2021","Kilen Woods State Park","Department of Natural Resources State Park","DNR","State Park",1529
"553","Summer-2018","Kilen Woods State Park","Department of Natural Resources State Park","DNR","State Park",3114
"554","Summer-2019","Kilen Woods State Park","Department of Natural Resources State Park","DNR","State Park",2330
"555","Summer-2020","Kilen Woods State Park","Department of Natural Resources State Park","DNR","State Park",2999
"556","Summer-2021","Kilen Woods State Park","Department of Natural Resources State Park","DNR","State Park",3012
"557","Winter-2018","Kilen Woods State Park","Department of Natural Resources State Park","DNR","State Park",1260
"558","Winter-2019","Kilen Woods State Park","Department of Natural Resources State Park","DNR","State Park",657
"559","Winter-2020","Kilen Woods State Park","Department of Natural Resources State Park","DNR","State Park",516
"560","Winter-2021","Kilen Woods State Park","Department of Natural Resources State Park","DNR","State Park",1100
"561","Winter-2022","Kilen Woods State Park","Department of Natural Resources State Park","DNR","State Park",87
"562","Fall-2018","Lac qui Parle State Park","Department of Natural Resources State Park","DNR","State Park",6694
"563","Fall-2019","Lac qui Parle State Park","Department of Natural Resources State Park","DNR","State Park",5148
"564","Fall-2020","Lac qui Parle State Park","Department of Natural Resources State Park","DNR","State Park",4002
"565","Fall-2021","Lac qui Parle State Park","Department of Natural Resources State Park","DNR","State Park",2463
"566","Spring-2018","Lac qui Parle State Park","Department of Natural Resources State Park","DNR","State Park",4348
"567","Spring-2019","Lac qui Parle State Park","Department of Natural Resources State Park","DNR","State Park",3029
"568","Spring-2020","Lac qui Parle State Park","Department of Natural Resources State Park","DNR","State Park",2527
"569","Spring-2021","Lac qui Parle State Park","Department of Natural Resources State Park","DNR","State Park",2524
"570","Summer-2018","Lac qui Parle State Park","Department of Natural Resources State Park","DNR","State Park",15559
"571","Summer-2019","Lac qui Parle State Park","Department of Natural Resources State Park","DNR","State Park",11964
"572","Summer-2020","Lac qui Parle State Park","Department of Natural Resources State Park","DNR","State Park",12830
"573","Summer-2021","Lac qui Parle State Park","Department of Natural Resources State Park","DNR","State Park",11491
"574","Winter-2018","Lac qui Parle State Park","Department of Natural Resources State Park","DNR","State Park",1508
"575","Winter-2019","Lac qui Parle State Park","Department of Natural Resources State Park","DNR","State Park",1850
"576","Winter-2020","Lac qui Parle State Park","Department of Natural Resources State Park","DNR","State Park",1149
"577","Winter-2021","Lac qui Parle State Park","Department of Natural Resources State Park","DNR","State Park",997
"578","Winter-2022","Lac qui Parle State Park","Department of Natural Resources State Park","DNR","State Park",113
"579","Fall-2018","Lake Bemidji State Park","Department of Natural Resources State Park","DNR","State Park",13518
"580","Fall-2019","Lake Bemidji State Park","Department of Natural Resources State Park","DNR","State Park",16709
"581","Fall-2020","Lake Bemidji State Park","Department of Natural Resources State Park","DNR","State Park",16208
"582","Fall-2021","Lake Bemidji State Park","Department of Natural Resources State Park","DNR","State Park",12124
"583","Spring-2018","Lake Bemidji State Park","Department of Natural Resources State Park","DNR","State Park",15790
"584","Spring-2019","Lake Bemidji State Park","Department of Natural Resources State Park","DNR","State Park",13177
"585","Spring-2020","Lake Bemidji State Park","Department of Natural Resources State Park","DNR","State Park",11464
"586","Spring-2021","Lake Bemidji State Park","Department of Natural Resources State Park","DNR","State Park",16273
"587","Summer-2018","Lake Bemidji State Park","Department of Natural Resources State Park","DNR","State Park",75007
"588","Summer-2019","Lake Bemidji State Park","Department of Natural Resources State Park","DNR","State Park",83056
"589","Summer-2020","Lake Bemidji State Park","Department of Natural Resources State Park","DNR","State Park",64140
"590","Summer-2021","Lake Bemidji State Park","Department of Natural Resources State Park","DNR","State Park",49200
"591","Winter-2018","Lake Bemidji State Park","Department of Natural Resources State Park","DNR","State Park",4437
"592","Winter-2019","Lake Bemidji State Park","Department of Natural Resources State Park","DNR","State Park",4684
"593","Winter-2020","Lake Bemidji State Park","Department of Natural Resources State Park","DNR","State Park",5163
"594","Winter-2021","Lake Bemidji State Park","Department of Natural Resources State Park","DNR","State Park",5381
"595","Winter-2022","Lake Bemidji State Park","Department of Natural Resources State Park","DNR","State Park",574
"596","Fall-2018","Lake Bronson State Park","Department of Natural Resources State Park","DNR","State Park",5120
"597","Fall-2019","Lake Bronson State Park","Department of Natural Resources State Park","DNR","State Park",4112
"598","Fall-2020","Lake Bronson State Park","Department of Natural Resources State Park","DNR","State Park",3965
"599","Fall-2021","Lake Bronson State Park","Department of Natural Resources State Park","DNR","State Park",3133
"600","Spring-2018","Lake Bronson State Park","Department of Natural Resources State Park","DNR","State Park",12670
"601","Spring-2019","Lake Bronson State Park","Department of Natural Resources State Park","DNR","State Park",6725
"602","Spring-2020","Lake Bronson State Park","Department of Natural Resources State Park","DNR","State Park",3579
"603","Spring-2021","Lake Bronson State Park","Department of Natural Resources State Park","DNR","State Park",7282
"604","Summer-2018","Lake Bronson State Park","Department of Natural Resources State Park","DNR","State Park",31581
"605","Summer-2019","Lake Bronson State Park","Department of Natural Resources State Park","DNR","State Park",42162
"606","Summer-2020","Lake Bronson State Park","Department of Natural Resources State Park","DNR","State Park",42909
"607","Summer-2021","Lake Bronson State Park","Department of Natural Resources State Park","DNR","State Park",50656
"608","Winter-2018","Lake Bronson State Park","Department of Natural Resources State Park","DNR","State Park",4993
"609","Winter-2019","Lake Bronson State Park","Department of Natural Resources State Park","DNR","State Park",8087
"610","Winter-2020","Lake Bronson State Park","Department of Natural Resources State Park","DNR","State Park",3139
"611","Winter-2021","Lake Bronson State Park","Department of Natural Resources State Park","DNR","State Park",3778
"612","Winter-2022","Lake Bronson State Park","Department of Natural Resources State Park","DNR","State Park",444
"613","Fall-2018","Lake Carlos State Park","Department of Natural Resources State Park","DNR","State Park",13500
"614","Fall-2019","Lake Carlos State Park","Department of Natural Resources State Park","DNR","State Park",12067
"615","Fall-2020","Lake Carlos State Park","Department of Natural Resources State Park","DNR","State Park",15652
"616","Fall-2021","Lake Carlos State Park","Department of Natural Resources State Park","DNR","State Park",12616
"617","Spring-2018","Lake Carlos State Park","Department of Natural Resources State Park","DNR","State Park",10322
"618","Spring-2019","Lake Carlos State Park","Department of Natural Resources State Park","DNR","State Park",9219
"619","Spring-2020","Lake Carlos State Park","Department of Natural Resources State Park","DNR","State Park",6985
"620","Spring-2021","Lake Carlos State Park","Department of Natural Resources State Park","DNR","State Park",13220
"621","Summer-2018","Lake Carlos State Park","Department of Natural Resources State Park","DNR","State Park",55923
"622","Summer-2019","Lake Carlos State Park","Department of Natural Resources State Park","DNR","State Park",60484
"623","Summer-2020","Lake Carlos State Park","Department of Natural Resources State Park","DNR","State Park",60272
"624","Summer-2021","Lake Carlos State Park","Department of Natural Resources State Park","DNR","State Park",60267
"625","Winter-2018","Lake Carlos State Park","Department of Natural Resources State Park","DNR","State Park",2165
"626","Winter-2019","Lake Carlos State Park","Department of Natural Resources State Park","DNR","State Park",2712
"627","Winter-2020","Lake Carlos State Park","Department of Natural Resources State Park","DNR","State Park",4820
"628","Winter-2021","Lake Carlos State Park","Department of Natural Resources State Park","DNR","State Park",3624
"629","Winter-2022","Lake Carlos State Park","Department of Natural Resources State Park","DNR","State Park",642
"630","Fall-2018","Lake Louise State Park","Department of Natural Resources State Park","DNR","State Park",3925
"631","Fall-2019","Lake Louise State Park","Department of Natural Resources State Park","DNR","State Park",1646
"632","Fall-2020","Lake Louise State Park","Department of Natural Resources State Park","DNR","State Park",2140
"633","Fall-2021","Lake Louise State Park","Department of Natural Resources State Park","DNR","State Park",1534
"634","Spring-2018","Lake Louise State Park","Department of Natural Resources State Park","DNR","State Park",2675
"635","Spring-2019","Lake Louise State Park","Department of Natural Resources State Park","DNR","State Park",2866
"636","Spring-2020","Lake Louise State Park","Department of Natural Resources State Park","DNR","State Park",3236
"637","Spring-2021","Lake Louise State Park","Department of Natural Resources State Park","DNR","State Park",2098
"638","Summer-2018","Lake Louise State Park","Department of Natural Resources State Park","DNR","State Park",11277
"639","Summer-2019","Lake Louise State Park","Department of Natural Resources State Park","DNR","State Park",7855
"640","Summer-2020","Lake Louise State Park","Department of Natural Resources State Park","DNR","State Park",7087
"641","Summer-2021","Lake Louise State Park","Department of Natural Resources State Park","DNR","State Park",5201
"642","Winter-2018","Lake Louise State Park","Department of Natural Resources State Park","DNR","State Park",4243
"643","Winter-2019","Lake Louise State Park","Department of Natural Resources State Park","DNR","State Park",1119
"644","Winter-2020","Lake Louise State Park","Department of Natural Resources State Park","DNR","State Park",662
"645","Winter-2021","Lake Louise State Park","Department of Natural Resources State Park","DNR","State Park",657
"646","Winter-2022","Lake Louise State Park","Department of Natural Resources State Park","DNR","State Park",223
"647","Fall-2018","Lake Maria State Park","Department of Natural Resources State Park","DNR","State Park",11377
"648","Fall-2019","Lake Maria State Park","Department of Natural Resources State Park","DNR","State Park",7412
"649","Fall-2020","Lake Maria State Park","Department of Natural Resources State Park","DNR","State Park",19716
"650","Fall-2021","Lake Maria State Park","Department of Natural Resources State Park","DNR","State Park",11765
"651","Spring-2018","Lake Maria State Park","Department of Natural Resources State Park","DNR","State Park",4967
"652","Spring-2019","Lake Maria State Park","Department of Natural Resources State Park","DNR","State Park",5765
"653","Spring-2020","Lake Maria State Park","Department of Natural Resources State Park","DNR","State Park",23403
"654","Spring-2021","Lake Maria State Park","Department of Natural Resources State Park","DNR","State Park",12235
"655","Summer-2018","Lake Maria State Park","Department of Natural Resources State Park","DNR","State Park",11178
"656","Summer-2019","Lake Maria State Park","Department of Natural Resources State Park","DNR","State Park",10763
"657","Summer-2020","Lake Maria State Park","Department of Natural Resources State Park","DNR","State Park",19488
"658","Summer-2021","Lake Maria State Park","Department of Natural Resources State Park","DNR","State Park",14508
"659","Winter-2018","Lake Maria State Park","Department of Natural Resources State Park","DNR","State Park",2029
"660","Winter-2019","Lake Maria State Park","Department of Natural Resources State Park","DNR","State Park",3516
"661","Winter-2020","Lake Maria State Park","Department of Natural Resources State Park","DNR","State Park",3404
"662","Winter-2021","Lake Maria State Park","Department of Natural Resources State Park","DNR","State Park",5085
"663","Winter-2022","Lake Maria State Park","Department of Natural Resources State Park","DNR","State Park",471
"664","Fall-2018","Lake Shetek State Park","Department of Natural Resources State Park","DNR","State Park",4632
"665","Fall-2019","Lake Shetek State Park","Department of Natural Resources State Park","DNR","State Park",8063
"666","Fall-2020","Lake Shetek State Park","Department of Natural Resources State Park","DNR","State Park",10128
"667","Fall-2021","Lake Shetek State Park","Department of Natural Resources State Park","DNR","State Park",5828
"668","Spring-2018","Lake Shetek State Park","Department of Natural Resources State Park","DNR","State Park",7890
"669","Spring-2019","Lake Shetek State Park","Department of Natural Resources State Park","DNR","State Park",4053
"670","Spring-2020","Lake Shetek State Park","Department of Natural Resources State Park","DNR","State Park",6505
"671","Spring-2021","Lake Shetek State Park","Department of Natural Resources State Park","DNR","State Park",7247
"672","Summer-2018","Lake Shetek State Park","Department of Natural Resources State Park","DNR","State Park",33564
"673","Summer-2019","Lake Shetek State Park","Department of Natural Resources State Park","DNR","State Park",36982
"674","Summer-2020","Lake Shetek State Park","Department of Natural Resources State Park","DNR","State Park",50366
"675","Summer-2021","Lake Shetek State Park","Department of Natural Resources State Park","DNR","State Park",38809
"676","Winter-2018","Lake Shetek State Park","Department of Natural Resources State Park","DNR","State Park",2310
"677","Winter-2019","Lake Shetek State Park","Department of Natural Resources State Park","DNR","State Park",3230
"678","Winter-2020","Lake Shetek State Park","Department of Natural Resources State Park","DNR","State Park",2075
"679","Winter-2021","Lake Shetek State Park","Department of Natural Resources State Park","DNR","State Park",2149
"680","Winter-2022","Lake Shetek State Park","Department of Natural Resources State Park","DNR","State Park",325
"681","Fall-2018","Lake Vermilion-Soudan Underground Mine State Park","Department of Natural Resources State Park","DNR","State Park",41289
"682","Fall-2019","Lake Vermilion-Soudan Underground Mine State Park","Department of Natural Resources State Park","DNR","State Park",19503
"683","Fall-2020","Lake Vermilion-Soudan Underground Mine State Park","Department of Natural Resources State Park","DNR","State Park",21186
"684","Fall-2021","Lake Vermilion-Soudan Underground Mine State Park","Department of Natural Resources State Park","DNR","State Park",14789
"685","Spring-2018","Lake Vermilion-Soudan Underground Mine State Park","Department of Natural Resources State Park","DNR","State Park",11050
"686","Spring-2019","Lake Vermilion-Soudan Underground Mine State Park","Department of Natural Resources State Park","DNR","State Park",15136
"687","Spring-2020","Lake Vermilion-Soudan Underground Mine State Park","Department of Natural Resources State Park","DNR","State Park",5280
"688","Spring-2021","Lake Vermilion-Soudan Underground Mine State Park","Department of Natural Resources State Park","DNR","State Park",12071
"689","Summer-2018","Lake Vermilion-Soudan Underground Mine State Park","Department of Natural Resources State Park","DNR","State Park",105092
"690","Summer-2019","Lake Vermilion-Soudan Underground Mine State Park","Department of Natural Resources State Park","DNR","State Park",77834
"691","Summer-2020","Lake Vermilion-Soudan Underground Mine State Park","Department of Natural Resources State Park","DNR","State Park",68237
"692","Summer-2021","Lake Vermilion-Soudan Underground Mine State Park","Department of Natural Resources State Park","DNR","State Park",57287
"693","Winter-2018","Lake Vermilion-Soudan Underground Mine State Park","Department of Natural Resources State Park","DNR","State Park",4193
"694","Winter-2019","Lake Vermilion-Soudan Underground Mine State Park","Department of Natural Resources State Park","DNR","State Park",9794
"695","Winter-2020","Lake Vermilion-Soudan Underground Mine State Park","Department of Natural Resources State Park","DNR","State Park",1492
"696","Winter-2021","Lake Vermilion-Soudan Underground Mine State Park","Department of Natural Resources State Park","DNR","State Park",5602
"697","Winter-2022","Lake Vermilion-Soudan Underground Mine State Park","Department of Natural Resources State Park","DNR","State Park",471
"698","Fall-2018","Maplewood State Park","Department of Natural Resources State Park","DNR","State Park",34602
"699","Fall-2019","Maplewood State Park","Department of Natural Resources State Park","DNR","State Park",42446
"700","Fall-2020","Maplewood State Park","Department of Natural Resources State Park","DNR","State Park",56525
"701","Fall-2021","Maplewood State Park","Department of Natural Resources State Park","DNR","State Park",43189
"702","Spring-2018","Maplewood State Park","Department of Natural Resources State Park","DNR","State Park",19532
"703","Spring-2019","Maplewood State Park","Department of Natural Resources State Park","DNR","State Park",12544
"704","Spring-2020","Maplewood State Park","Department of Natural Resources State Park","DNR","State Park",16518
"705","Spring-2021","Maplewood State Park","Department of Natural Resources State Park","DNR","State Park",19809
"706","Summer-2018","Maplewood State Park","Department of Natural Resources State Park","DNR","State Park",52541
"707","Summer-2019","Maplewood State Park","Department of Natural Resources State Park","DNR","State Park",53638
"708","Summer-2020","Maplewood State Park","Department of Natural Resources State Park","DNR","State Park",50240
"709","Summer-2021","Maplewood State Park","Department of Natural Resources State Park","DNR","State Park",43601
"710","Winter-2018","Maplewood State Park","Department of Natural Resources State Park","DNR","State Park",4851
"711","Winter-2019","Maplewood State Park","Department of Natural Resources State Park","DNR","State Park",6230
"712","Winter-2020","Maplewood State Park","Department of Natural Resources State Park","DNR","State Park",3508
"713","Winter-2021","Maplewood State Park","Department of Natural Resources State Park","DNR","State Park",5900
"714","Winter-2022","Maplewood State Park","Department of Natural Resources State Park","DNR","State Park",1212
"715","Fall-2018","McCarthy Beach State Park","Department of Natural Resources State Park","DNR","State Park",8131
"716","Fall-2019","McCarthy Beach State Park","Department of Natural Resources State Park","DNR","State Park",4374
"717","Fall-2020","McCarthy Beach State Park","Department of Natural Resources State Park","DNR","State Park",5686
"718","Fall-2021","McCarthy Beach State Park","Department of Natural Resources State Park","DNR","State Park",3479
"719","Spring-2018","McCarthy Beach State Park","Department of Natural Resources State Park","DNR","State Park",19669
"720","Spring-2019","McCarthy Beach State Park","Department of Natural Resources State Park","DNR","State Park",3432
"721","Spring-2020","McCarthy Beach State Park","Department of Natural Resources State Park","DNR","State Park",2323
"722","Spring-2021","McCarthy Beach State Park","Department of Natural Resources State Park","DNR","State Park",7788
"723","Summer-2018","McCarthy Beach State Park","Department of Natural Resources State Park","DNR","State Park",63148
"724","Summer-2019","McCarthy Beach State Park","Department of Natural Resources State Park","DNR","State Park",51562
"725","Summer-2020","McCarthy Beach State Park","Department of Natural Resources State Park","DNR","State Park",52894
"726","Summer-2021","McCarthy Beach State Park","Department of Natural Resources State Park","DNR","State Park",47935
"727","Winter-2018","McCarthy Beach State Park","Department of Natural Resources State Park","DNR","State Park",7885
"728","Winter-2019","McCarthy Beach State Park","Department of Natural Resources State Park","DNR","State Park",2058
"729","Winter-2020","McCarthy Beach State Park","Department of Natural Resources State Park","DNR","State Park",1663
"730","Winter-2021","McCarthy Beach State Park","Department of Natural Resources State Park","DNR","State Park",738
"731","Winter-2022","McCarthy Beach State Park","Department of Natural Resources State Park","DNR","State Park",210
"732","Fall-2018","Mille Lacs Kathio State Park","Department of Natural Resources State Park","DNR","State Park",20851
"733","Fall-2019","Mille Lacs Kathio State Park","Department of Natural Resources State Park","DNR","State Park",21652
"734","Fall-2020","Mille Lacs Kathio State Park","Department of Natural Resources State Park","DNR","State Park",23821
"735","Fall-2021","Mille Lacs Kathio State Park","Department of Natural Resources State Park","DNR","State Park",18812
"736","Spring-2018","Mille Lacs Kathio State Park","Department of Natural Resources State Park","DNR","State Park",12794
"737","Spring-2019","Mille Lacs Kathio State Park","Department of Natural Resources State Park","DNR","State Park",17531
"738","Spring-2020","Mille Lacs Kathio State Park","Department of Natural Resources State Park","DNR","State Park",15611
"739","Spring-2021","Mille Lacs Kathio State Park","Department of Natural Resources State Park","DNR","State Park",19065
"740","Summer-2018","Mille Lacs Kathio State Park","Department of Natural Resources State Park","DNR","State Park",48034
"741","Summer-2019","Mille Lacs Kathio State Park","Department of Natural Resources State Park","DNR","State Park",32205
"742","Summer-2020","Mille Lacs Kathio State Park","Department of Natural Resources State Park","DNR","State Park",33700
"743","Summer-2021","Mille Lacs Kathio State Park","Department of Natural Resources State Park","DNR","State Park",29457
"744","Winter-2018","Mille Lacs Kathio State Park","Department of Natural Resources State Park","DNR","State Park",10269
"745","Winter-2019","Mille Lacs Kathio State Park","Department of Natural Resources State Park","DNR","State Park",13411
"746","Winter-2020","Mille Lacs Kathio State Park","Department of Natural Resources State Park","DNR","State Park",15441
"747","Winter-2021","Mille Lacs Kathio State Park","Department of Natural Resources State Park","DNR","State Park",28306
"748","Winter-2022","Mille Lacs Kathio State Park","Department of Natural Resources State Park","DNR","State Park",2881
"749","Fall-2018","Minneopa State Park","Department of Natural Resources State Park","DNR","State Park",21365
"750","Fall-2019","Minneopa State Park","Department of Natural Resources State Park","DNR","State Park",24159
"751","Fall-2020","Minneopa State Park","Department of Natural Resources State Park","DNR","State Park",39310
"752","Fall-2021","Minneopa State Park","Department of Natural Resources State Park","DNR","State Park",28935
"753","Spring-2018","Minneopa State Park","Department of Natural Resources State Park","DNR","State Park",16084
"754","Spring-2019","Minneopa State Park","Department of Natural Resources State Park","DNR","State Park",22301
"755","Spring-2020","Minneopa State Park","Department of Natural Resources State Park","DNR","State Park",38686
"756","Spring-2021","Minneopa State Park","Department of Natural Resources State Park","DNR","State Park",35455
"757","Summer-2018","Minneopa State Park","Department of Natural Resources State Park","DNR","State Park",60046
"758","Summer-2019","Minneopa State Park","Department of Natural Resources State Park","DNR","State Park",60162
"759","Summer-2020","Minneopa State Park","Department of Natural Resources State Park","DNR","State Park",97118
"760","Summer-2021","Minneopa State Park","Department of Natural Resources State Park","DNR","State Park",58353
"761","Winter-2018","Minneopa State Park","Department of Natural Resources State Park","DNR","State Park",2691
"762","Winter-2019","Minneopa State Park","Department of Natural Resources State Park","DNR","State Park",5264
"763","Winter-2020","Minneopa State Park","Department of Natural Resources State Park","DNR","State Park",5071
"764","Winter-2021","Minneopa State Park","Department of Natural Resources State Park","DNR","State Park",12546
"765","Winter-2022","Minneopa State Park","Department of Natural Resources State Park","DNR","State Park",1263
"766","Fall-2018","Monson Lake State Park","Department of Natural Resources State Park","DNR","State Park",2659
"767","Fall-2019","Monson Lake State Park","Department of Natural Resources State Park","DNR","State Park",1105
"768","Fall-2020","Monson Lake State Park","Department of Natural Resources State Park","DNR","State Park",982
"769","Fall-2021","Monson Lake State Park","Department of Natural Resources State Park","DNR","State Park",842
"770","Spring-2018","Monson Lake State Park","Department of Natural Resources State Park","DNR","State Park",2950
"771","Spring-2019","Monson Lake State Park","Department of Natural Resources State Park","DNR","State Park",1033
"772","Spring-2020","Monson Lake State Park","Department of Natural Resources State Park","DNR","State Park",1227
"773","Spring-2021","Monson Lake State Park","Department of Natural Resources State Park","DNR","State Park",1140
"774","Summer-2018","Monson Lake State Park","Department of Natural Resources State Park","DNR","State Park",3888
"775","Summer-2019","Monson Lake State Park","Department of Natural Resources State Park","DNR","State Park",3411
"776","Summer-2020","Monson Lake State Park","Department of Natural Resources State Park","DNR","State Park",3136
"777","Summer-2021","Monson Lake State Park","Department of Natural Resources State Park","DNR","State Park",1954
"778","Winter-2018","Monson Lake State Park","Department of Natural Resources State Park","DNR","State Park",1795
"779","Winter-2019","Monson Lake State Park","Department of Natural Resources State Park","DNR","State Park",764
"780","Winter-2020","Monson Lake State Park","Department of Natural Resources State Park","DNR","State Park",636
"781","Winter-2021","Monson Lake State Park","Department of Natural Resources State Park","DNR","State Park",1055
"782","Winter-2022","Monson Lake State Park","Department of Natural Resources State Park","DNR","State Park",222
"783","Fall-2018","Moose Lake State Park","Department of Natural Resources State Park","DNR","State Park",7832
"784","Fall-2019","Moose Lake State Park","Department of Natural Resources State Park","DNR","State Park",3531
"785","Fall-2020","Moose Lake State Park","Department of Natural Resources State Park","DNR","State Park",4895
"786","Fall-2021","Moose Lake State Park","Department of Natural Resources State Park","DNR","State Park",4264
"787","Spring-2018","Moose Lake State Park","Department of Natural Resources State Park","DNR","State Park",5314
"788","Spring-2019","Moose Lake State Park","Department of Natural Resources State Park","DNR","State Park",3890
"789","Spring-2020","Moose Lake State Park","Department of Natural Resources State Park","DNR","State Park",2951
"790","Spring-2021","Moose Lake State Park","Department of Natural Resources State Park","DNR","State Park",4004
"791","Summer-2018","Moose Lake State Park","Department of Natural Resources State Park","DNR","State Park",21385
"792","Summer-2019","Moose Lake State Park","Department of Natural Resources State Park","DNR","State Park",16487
"793","Summer-2020","Moose Lake State Park","Department of Natural Resources State Park","DNR","State Park",18647
"794","Summer-2021","Moose Lake State Park","Department of Natural Resources State Park","DNR","State Park",13678
"795","Winter-2018","Moose Lake State Park","Department of Natural Resources State Park","DNR","State Park",3057
"796","Winter-2019","Moose Lake State Park","Department of Natural Resources State Park","DNR","State Park",2404
"797","Winter-2020","Moose Lake State Park","Department of Natural Resources State Park","DNR","State Park",1558
"798","Winter-2021","Moose Lake State Park","Department of Natural Resources State Park","DNR","State Park",2764
"799","Winter-2022","Moose Lake State Park","Department of Natural Resources State Park","DNR","State Park",265
"800","Fall-2018","Myre-Big Island State Park","Department of Natural Resources State Park","DNR","State Park",12252
"801","Fall-2019","Myre-Big Island State Park","Department of Natural Resources State Park","DNR","State Park",7143
"802","Fall-2020","Myre-Big Island State Park","Department of Natural Resources State Park","DNR","State Park",9840
"803","Fall-2021","Myre-Big Island State Park","Department of Natural Resources State Park","DNR","State Park",8504
"804","Spring-2018","Myre-Big Island State Park","Department of Natural Resources State Park","DNR","State Park",13733
"805","Spring-2019","Myre-Big Island State Park","Department of Natural Resources State Park","DNR","State Park",7734
"806","Spring-2020","Myre-Big Island State Park","Department of Natural Resources State Park","DNR","State Park",8949
"807","Spring-2021","Myre-Big Island State Park","Department of Natural Resources State Park","DNR","State Park",10194
"808","Summer-2018","Myre-Big Island State Park","Department of Natural Resources State Park","DNR","State Park",23394
"809","Summer-2019","Myre-Big Island State Park","Department of Natural Resources State Park","DNR","State Park",20216
"810","Summer-2020","Myre-Big Island State Park","Department of Natural Resources State Park","DNR","State Park",17291
"811","Summer-2021","Myre-Big Island State Park","Department of Natural Resources State Park","DNR","State Park",19265
"812","Winter-2018","Myre-Big Island State Park","Department of Natural Resources State Park","DNR","State Park",3524
"813","Winter-2019","Myre-Big Island State Park","Department of Natural Resources State Park","DNR","State Park",2631
"814","Winter-2020","Myre-Big Island State Park","Department of Natural Resources State Park","DNR","State Park",2497
"815","Winter-2021","Myre-Big Island State Park","Department of Natural Resources State Park","DNR","State Park",3459
"816","Winter-2022","Myre-Big Island State Park","Department of Natural Resources State Park","DNR","State Park",596
"817","Fall-2018","Nerstrand Big Woods State Park","Department of Natural Resources State Park","DNR","State Park",12991
"818","Fall-2019","Nerstrand Big Woods State Park","Department of Natural Resources State Park","DNR","State Park",11649
"819","Fall-2020","Nerstrand Big Woods State Park","Department of Natural Resources State Park","DNR","State Park",27983
"820","Fall-2021","Nerstrand Big Woods State Park","Department of Natural Resources State Park","DNR","State Park",11839
"821","Spring-2018","Nerstrand Big Woods State Park","Department of Natural Resources State Park","DNR","State Park",11600
"822","Spring-2019","Nerstrand Big Woods State Park","Department of Natural Resources State Park","DNR","State Park",8461
"823","Spring-2020","Nerstrand Big Woods State Park","Department of Natural Resources State Park","DNR","State Park",29832
"824","Spring-2021","Nerstrand Big Woods State Park","Department of Natural Resources State Park","DNR","State Park",17499
"825","Summer-2018","Nerstrand Big Woods State Park","Department of Natural Resources State Park","DNR","State Park",24908
"826","Summer-2019","Nerstrand Big Woods State Park","Department of Natural Resources State Park","DNR","State Park",24023
"827","Summer-2020","Nerstrand Big Woods State Park","Department of Natural Resources State Park","DNR","State Park",64869
"828","Summer-2021","Nerstrand Big Woods State Park","Department of Natural Resources State Park","DNR","State Park",21112
"829","Winter-2018","Nerstrand Big Woods State Park","Department of Natural Resources State Park","DNR","State Park",2019
"830","Winter-2019","Nerstrand Big Woods State Park","Department of Natural Resources State Park","DNR","State Park",3123
"831","Winter-2020","Nerstrand Big Woods State Park","Department of Natural Resources State Park","DNR","State Park",2665
"832","Winter-2021","Nerstrand Big Woods State Park","Department of Natural Resources State Park","DNR","State Park",5456
"833","Winter-2022","Nerstrand Big Woods State Park","Department of Natural Resources State Park","DNR","State Park",397
"834","Fall-2018","Old Mill State Park","Department of Natural Resources State Park","DNR","State Park",3102
"835","Fall-2019","Old Mill State Park","Department of Natural Resources State Park","DNR","State Park",1061
"836","Fall-2020","Old Mill State Park","Department of Natural Resources State Park","DNR","State Park",2464
"837","Fall-2021","Old Mill State Park","Department of Natural Resources State Park","DNR","State Park",991
"838","Spring-2018","Old Mill State Park","Department of Natural Resources State Park","DNR","State Park",1513
"839","Spring-2019","Old Mill State Park","Department of Natural Resources State Park","DNR","State Park",925
"840","Spring-2020","Old Mill State Park","Department of Natural Resources State Park","DNR","State Park",1331
"841","Spring-2021","Old Mill State Park","Department of Natural Resources State Park","DNR","State Park",738
"842","Summer-2018","Old Mill State Park","Department of Natural Resources State Park","DNR","State Park",6076
"843","Summer-2019","Old Mill State Park","Department of Natural Resources State Park","DNR","State Park",5130
"844","Summer-2020","Old Mill State Park","Department of Natural Resources State Park","DNR","State Park",3859
"845","Summer-2021","Old Mill State Park","Department of Natural Resources State Park","DNR","State Park",4741
"846","Winter-2018","Old Mill State Park","Department of Natural Resources State Park","DNR","State Park",3953
"847","Winter-2019","Old Mill State Park","Department of Natural Resources State Park","DNR","State Park",1272
"848","Winter-2020","Old Mill State Park","Department of Natural Resources State Park","DNR","State Park",843
"849","Winter-2021","Old Mill State Park","Department of Natural Resources State Park","DNR","State Park",1062
"850","Winter-2022","Old Mill State Park","Department of Natural Resources State Park","DNR","State Park",122
"851","Fall-2018","Rice Lake State Park","Department of Natural Resources State Park","DNR","State Park",4584
"852","Fall-2019","Rice Lake State Park","Department of Natural Resources State Park","DNR","State Park",3048
"853","Fall-2020","Rice Lake State Park","Department of Natural Resources State Park","DNR","State Park",6118
"854","Fall-2021","Rice Lake State Park","Department of Natural Resources State Park","DNR","State Park",5837
"855","Spring-2018","Rice Lake State Park","Department of Natural Resources State Park","DNR","State Park",4127
"856","Spring-2019","Rice Lake State Park","Department of Natural Resources State Park","DNR","State Park",3509
"857","Spring-2020","Rice Lake State Park","Department of Natural Resources State Park","DNR","State Park",7007
"858","Spring-2021","Rice Lake State Park","Department of Natural Resources State Park","DNR","State Park",4897
"859","Summer-2018","Rice Lake State Park","Department of Natural Resources State Park","DNR","State Park",10789
"860","Summer-2019","Rice Lake State Park","Department of Natural Resources State Park","DNR","State Park",8253
"861","Summer-2020","Rice Lake State Park","Department of Natural Resources State Park","DNR","State Park",8050
"862","Summer-2021","Rice Lake State Park","Department of Natural Resources State Park","DNR","State Park",5801
"863","Winter-2018","Rice Lake State Park","Department of Natural Resources State Park","DNR","State Park",1975
"864","Winter-2019","Rice Lake State Park","Department of Natural Resources State Park","DNR","State Park",1551
"865","Winter-2020","Rice Lake State Park","Department of Natural Resources State Park","DNR","State Park",1224
"866","Winter-2021","Rice Lake State Park","Department of Natural Resources State Park","DNR","State Park",2730
"867","Winter-2022","Rice Lake State Park","Department of Natural Resources State Park","DNR","State Park",218
"868","Fall-2018","Sakatah Lake State Park","Department of Natural Resources State Park","DNR","State Park",4050
"869","Fall-2019","Sakatah Lake State Park","Department of Natural Resources State Park","DNR","State Park",4070
"870","Fall-2020","Sakatah Lake State Park","Department of Natural Resources State Park","DNR","State Park",6630
"871","Fall-2021","Sakatah Lake State Park","Department of Natural Resources State Park","DNR","State Park",5537
"872","Spring-2018","Sakatah Lake State Park","Department of Natural Resources State Park","DNR","State Park",6844
"873","Spring-2019","Sakatah Lake State Park","Department of Natural Resources State Park","DNR","State Park",5397
"874","Spring-2020","Sakatah Lake State Park","Department of Natural Resources State Park","DNR","State Park",7445
"875","Spring-2021","Sakatah Lake State Park","Department of Natural Resources State Park","DNR","State Park",7184
"876","Summer-2018","Sakatah Lake State Park","Department of Natural Resources State Park","DNR","State Park",16351
"877","Summer-2019","Sakatah Lake State Park","Department of Natural Resources State Park","DNR","State Park",13624
"878","Summer-2020","Sakatah Lake State Park","Department of Natural Resources State Park","DNR","State Park",18573
"879","Summer-2021","Sakatah Lake State Park","Department of Natural Resources State Park","DNR","State Park",16656
"880","Winter-2018","Sakatah Lake State Park","Department of Natural Resources State Park","DNR","State Park",2410
"881","Winter-2019","Sakatah Lake State Park","Department of Natural Resources State Park","DNR","State Park",1166
"882","Winter-2020","Sakatah Lake State Park","Department of Natural Resources State Park","DNR","State Park",659
"883","Winter-2021","Sakatah Lake State Park","Department of Natural Resources State Park","DNR","State Park",2062
"884","Winter-2022","Sakatah Lake State Park","Department of Natural Resources State Park","DNR","State Park",161
"885","Fall-2018","Savanna Portage State Park","Department of Natural Resources State Park","DNR","State Park",13494
"886","Fall-2019","Savanna Portage State Park","Department of Natural Resources State Park","DNR","State Park",6346
"887","Fall-2020","Savanna Portage State Park","Department of Natural Resources State Park","DNR","State Park",7020
"888","Fall-2021","Savanna Portage State Park","Department of Natural Resources State Park","DNR","State Park",5919
"889","Spring-2018","Savanna Portage State Park","Department of Natural Resources State Park","DNR","State Park",8140
"890","Spring-2019","Savanna Portage State Park","Department of Natural Resources State Park","DNR","State Park",6443
"891","Spring-2020","Savanna Portage State Park","Department of Natural Resources State Park","DNR","State Park",3251
"892","Spring-2021","Savanna Portage State Park","Department of Natural Resources State Park","DNR","State Park",4886
"893","Summer-2018","Savanna Portage State Park","Department of Natural Resources State Park","DNR","State Park",25394
"894","Summer-2019","Savanna Portage State Park","Department of Natural Resources State Park","DNR","State Park",25751
"895","Summer-2020","Savanna Portage State Park","Department of Natural Resources State Park","DNR","State Park",26114
"896","Summer-2021","Savanna Portage State Park","Department of Natural Resources State Park","DNR","State Park",16116
"897","Winter-2018","Savanna Portage State Park","Department of Natural Resources State Park","DNR","State Park",4201
"898","Winter-2019","Savanna Portage State Park","Department of Natural Resources State Park","DNR","State Park",4180
"899","Winter-2020","Savanna Portage State Park","Department of Natural Resources State Park","DNR","State Park",2183
"900","Winter-2021","Savanna Portage State Park","Department of Natural Resources State Park","DNR","State Park",2244
"901","Winter-2022","Savanna Portage State Park","Department of Natural Resources State Park","DNR","State Park",143
"902","Fall-2018","Scenic State Park","Department of Natural Resources State Park","DNR","State Park",12473
"903","Fall-2019","Scenic State Park","Department of Natural Resources State Park","DNR","State Park",5216
"904","Fall-2020","Scenic State Park","Department of Natural Resources State Park","DNR","State Park",13273
"905","Fall-2021","Scenic State Park","Department of Natural Resources State Park","DNR","State Park",7151
"906","Spring-2018","Scenic State Park","Department of Natural Resources State Park","DNR","State Park",5128
"907","Spring-2019","Scenic State Park","Department of Natural Resources State Park","DNR","State Park",5279
"908","Spring-2020","Scenic State Park","Department of Natural Resources State Park","DNR","State Park",6508
"909","Spring-2021","Scenic State Park","Department of Natural Resources State Park","DNR","State Park",12843
"910","Summer-2018","Scenic State Park","Department of Natural Resources State Park","DNR","State Park",52258
"911","Summer-2019","Scenic State Park","Department of Natural Resources State Park","DNR","State Park",34408
"912","Summer-2020","Scenic State Park","Department of Natural Resources State Park","DNR","State Park",40359
"913","Summer-2021","Scenic State Park","Department of Natural Resources State Park","DNR","State Park",29334
"914","Winter-2018","Scenic State Park","Department of Natural Resources State Park","DNR","State Park",3656
"915","Winter-2019","Scenic State Park","Department of Natural Resources State Park","DNR","State Park",2524
"916","Winter-2020","Scenic State Park","Department of Natural Resources State Park","DNR","State Park",1792
"917","Winter-2021","Scenic State Park","Department of Natural Resources State Park","DNR","State Park",4734
"918","Winter-2022","Scenic State Park","Department of Natural Resources State Park","DNR","State Park",759
"919","Fall-2018","Schoolcraft State Park","Department of Natural Resources State Park","DNR","State Park",1033
"920","Fall-2019","Schoolcraft State Park","Department of Natural Resources State Park","DNR","State Park",708
"921","Fall-2020","Schoolcraft State Park","Department of Natural Resources State Park","DNR","State Park",886
"922","Fall-2021","Schoolcraft State Park","Department of Natural Resources State Park","DNR","State Park",440
"923","Spring-2018","Schoolcraft State Park","Department of Natural Resources State Park","DNR","State Park",1878
"924","Spring-2019","Schoolcraft State Park","Department of Natural Resources State Park","DNR","State Park",679
"925","Spring-2020","Schoolcraft State Park","Department of Natural Resources State Park","DNR","State Park",793
"926","Spring-2021","Schoolcraft State Park","Department of Natural Resources State Park","DNR","State Park",855
"927","Summer-2018","Schoolcraft State Park","Department of Natural Resources State Park","DNR","State Park",3250
"928","Summer-2019","Schoolcraft State Park","Department of Natural Resources State Park","DNR","State Park",2460
"929","Summer-2020","Schoolcraft State Park","Department of Natural Resources State Park","DNR","State Park",3155
"930","Summer-2021","Schoolcraft State Park","Department of Natural Resources State Park","DNR","State Park",1607
"931","Winter-2018","Schoolcraft State Park","Department of Natural Resources State Park","DNR","State Park",2250
"932","Winter-2019","Schoolcraft State Park","Department of Natural Resources State Park","DNR","State Park",1261
"933","Winter-2020","Schoolcraft State Park","Department of Natural Resources State Park","DNR","State Park",1032
"934","Winter-2021","Schoolcraft State Park","Department of Natural Resources State Park","DNR","State Park",768
"935","Winter-2022","Schoolcraft State Park","Department of Natural Resources State Park","DNR","State Park",99
"936","Fall-2018","Sibley State Park","Department of Natural Resources State Park","DNR","State Park",27261
"937","Fall-2019","Sibley State Park","Department of Natural Resources State Park","DNR","State Park",20242
"938","Fall-2020","Sibley State Park","Department of Natural Resources State Park","DNR","State Park",23594
"939","Fall-2021","Sibley State Park","Department of Natural Resources State Park","DNR","State Park",18110
"940","Spring-2018","Sibley State Park","Department of Natural Resources State Park","DNR","State Park",15649
"941","Spring-2019","Sibley State Park","Department of Natural Resources State Park","DNR","State Park",16419
"942","Spring-2020","Sibley State Park","Department of Natural Resources State Park","DNR","State Park",22553
"943","Spring-2021","Sibley State Park","Department of Natural Resources State Park","DNR","State Park",19611
"944","Summer-2018","Sibley State Park","Department of Natural Resources State Park","DNR","State Park",47022
"945","Summer-2019","Sibley State Park","Department of Natural Resources State Park","DNR","State Park",71118
"946","Summer-2020","Sibley State Park","Department of Natural Resources State Park","DNR","State Park",59150
"947","Summer-2021","Sibley State Park","Department of Natural Resources State Park","DNR","State Park",46632
"948","Winter-2018","Sibley State Park","Department of Natural Resources State Park","DNR","State Park",3108
"949","Winter-2019","Sibley State Park","Department of Natural Resources State Park","DNR","State Park",4869
"950","Winter-2020","Sibley State Park","Department of Natural Resources State Park","DNR","State Park",4671
"951","Winter-2021","Sibley State Park","Department of Natural Resources State Park","DNR","State Park",5855
"952","Winter-2022","Sibley State Park","Department of Natural Resources State Park","DNR","State Park",748
"953","Fall-2018","Split Rock Creek State Park","Department of Natural Resources State Park","DNR","State Park",1778
"954","Fall-2019","Split Rock Creek State Park","Department of Natural Resources State Park","DNR","State Park",1621
"955","Fall-2020","Split Rock Creek State Park","Department of Natural Resources State Park","DNR","State Park",2193
"956","Fall-2021","Split Rock Creek State Park","Department of Natural Resources State Park","DNR","State Park",1940
"957","Spring-2018","Split Rock Creek State Park","Department of Natural Resources State Park","DNR","State Park",2477
"958","Spring-2019","Split Rock Creek State Park","Department of Natural Resources State Park","DNR","State Park",1453
"959","Spring-2020","Split Rock Creek State Park","Department of Natural Resources State Park","DNR","State Park",1563
"960","Spring-2021","Split Rock Creek State Park","Department of Natural Resources State Park","DNR","State Park",3330
"961","Summer-2018","Split Rock Creek State Park","Department of Natural Resources State Park","DNR","State Park",10935
"962","Summer-2019","Split Rock Creek State Park","Department of Natural Resources State Park","DNR","State Park",7154
"963","Summer-2020","Split Rock Creek State Park","Department of Natural Resources State Park","DNR","State Park",10351
"964","Summer-2021","Split Rock Creek State Park","Department of Natural Resources State Park","DNR","State Park",7410
"965","Winter-2018","Split Rock Creek State Park","Department of Natural Resources State Park","DNR","State Park",1717
"966","Winter-2019","Split Rock Creek State Park","Department of Natural Resources State Park","DNR","State Park",765
"967","Winter-2020","Split Rock Creek State Park","Department of Natural Resources State Park","DNR","State Park",371
"968","Winter-2021","Split Rock Creek State Park","Department of Natural Resources State Park","DNR","State Park",504
"969","Winter-2022","Split Rock Creek State Park","Department of Natural Resources State Park","DNR","State Park",69
"970","Fall-2018","Split Rock Lighthouse State Park","Department of Natural Resources State Park","DNR","State Park",27844
"971","Fall-2019","Split Rock Lighthouse State Park","Department of Natural Resources State Park","DNR","State Park",22863
"972","Fall-2020","Split Rock Lighthouse State Park","Department of Natural Resources State Park","DNR","State Park",28717
"973","Fall-2021","Split Rock Lighthouse State Park","Department of Natural Resources State Park","DNR","State Park",21459
"974","Spring-2018","Split Rock Lighthouse State Park","Department of Natural Resources State Park","DNR","State Park",21433
"975","Spring-2019","Split Rock Lighthouse State Park","Department of Natural Resources State Park","DNR","State Park",14596
"976","Spring-2020","Split Rock Lighthouse State Park","Department of Natural Resources State Park","DNR","State Park",17408
"977","Spring-2021","Split Rock Lighthouse State Park","Department of Natural Resources State Park","DNR","State Park",23573
"978","Summer-2018","Split Rock Lighthouse State Park","Department of Natural Resources State Park","DNR","State Park",47917
"979","Summer-2019","Split Rock Lighthouse State Park","Department of Natural Resources State Park","DNR","State Park",39401
"980","Summer-2020","Split Rock Lighthouse State Park","Department of Natural Resources State Park","DNR","State Park",64043
"981","Summer-2021","Split Rock Lighthouse State Park","Department of Natural Resources State Park","DNR","State Park",40249
"982","Winter-2018","Split Rock Lighthouse State Park","Department of Natural Resources State Park","DNR","State Park",9341
"983","Winter-2019","Split Rock Lighthouse State Park","Department of Natural Resources State Park","DNR","State Park",9638
"984","Winter-2020","Split Rock Lighthouse State Park","Department of Natural Resources State Park","DNR","State Park",5977
"985","Winter-2021","Split Rock Lighthouse State Park","Department of Natural Resources State Park","DNR","State Park",11372
"986","Winter-2022","Split Rock Lighthouse State Park","Department of Natural Resources State Park","DNR","State Park",2656
"987","Fall-2018","St Croix State Park","Department of Natural Resources State Park","DNR","State Park",42608
"988","Fall-2019","St Croix State Park","Department of Natural Resources State Park","DNR","State Park",39312
"989","Fall-2020","St Croix State Park","Department of Natural Resources State Park","DNR","State Park",33046
"990","Fall-2021","St Croix State Park","Department of Natural Resources State Park","DNR","State Park",19300
"991","Spring-2018","St Croix State Park","Department of Natural Resources State Park","DNR","State Park",31169
"992","Spring-2019","St Croix State Park","Department of Natural Resources State Park","DNR","State Park",27855
"993","Spring-2020","St Croix State Park","Department of Natural Resources State Park","DNR","State Park",11975
"994","Spring-2021","St Croix State Park","Department of Natural Resources State Park","DNR","State Park",31255
"995","Summer-2018","St Croix State Park","Department of Natural Resources State Park","DNR","State Park",75438
"996","Summer-2019","St Croix State Park","Department of Natural Resources State Park","DNR","State Park",75836
"997","Summer-2020","St Croix State Park","Department of Natural Resources State Park","DNR","State Park",48393
"998","Summer-2021","St Croix State Park","Department of Natural Resources State Park","DNR","State Park",42008
"999","Winter-2018","St Croix State Park","Department of Natural Resources State Park","DNR","State Park",7528
"1000","Winter-2019","St Croix State Park","Department of Natural Resources State Park","DNR","State Park",10094
"1001","Winter-2020","St Croix State Park","Department of Natural Resources State Park","DNR","State Park",16547
"1002","Winter-2021","St Croix State Park","Department of Natural Resources State Park","DNR","State Park",13376
"1003","Winter-2022","St Croix State Park","Department of Natural Resources State Park","DNR","State Park",1560
"1004","Fall-2018","Temperance River State Park","Department of Natural Resources State Park","DNR","State Park",38993
"1005","Fall-2019","Temperance River State Park","Department of Natural Resources State Park","DNR","State Park",34376
"1006","Fall-2020","Temperance River State Park","Department of Natural Resources State Park","DNR","State Park",31138
"1007","Fall-2021","Temperance River State Park","Department of Natural Resources State Park","DNR","State Park",27128
"1008","Spring-2018","Temperance River State Park","Department of Natural Resources State Park","DNR","State Park",18932
"1009","Spring-2019","Temperance River State Park","Department of Natural Resources State Park","DNR","State Park",20278
"1010","Spring-2020","Temperance River State Park","Department of Natural Resources State Park","DNR","State Park",11325
"1011","Spring-2021","Temperance River State Park","Department of Natural Resources State Park","DNR","State Park",28278
"1012","Summer-2018","Temperance River State Park","Department of Natural Resources State Park","DNR","State Park",68697
"1013","Summer-2019","Temperance River State Park","Department of Natural Resources State Park","DNR","State Park",63187
"1014","Summer-2020","Temperance River State Park","Department of Natural Resources State Park","DNR","State Park",69109
"1015","Summer-2021","Temperance River State Park","Department of Natural Resources State Park","DNR","State Park",51331
"1016","Winter-2018","Temperance River State Park","Department of Natural Resources State Park","DNR","State Park",8786
"1017","Winter-2019","Temperance River State Park","Department of Natural Resources State Park","DNR","State Park",6922
"1018","Winter-2020","Temperance River State Park","Department of Natural Resources State Park","DNR","State Park",4448
"1019","Winter-2021","Temperance River State Park","Department of Natural Resources State Park","DNR","State Park",9751
"1020","Winter-2022","Temperance River State Park","Department of Natural Resources State Park","DNR","State Park",1915
"1021","Fall-2018","Tettegouche State Park","Department of Natural Resources State Park","DNR","State Park",109177
"1022","Fall-2019","Tettegouche State Park","Department of Natural Resources State Park","DNR","State Park",108348
"1023","Fall-2020","Tettegouche State Park","Department of Natural Resources State Park","DNR","State Park",129241
"1024","Fall-2021","Tettegouche State Park","Department of Natural Resources State Park","DNR","State Park",88004
"1025","Spring-2018","Tettegouche State Park","Department of Natural Resources State Park","DNR","State Park",73246
"1026","Spring-2019","Tettegouche State Park","Department of Natural Resources State Park","DNR","State Park",65531
"1027","Spring-2020","Tettegouche State Park","Department of Natural Resources State Park","DNR","State Park",41580
"1028","Spring-2021","Tettegouche State Park","Department of Natural Resources State Park","DNR","State Park",87188
"1029","Summer-2018","Tettegouche State Park","Department of Natural Resources State Park","DNR","State Park",214499
"1030","Summer-2019","Tettegouche State Park","Department of Natural Resources State Park","DNR","State Park",225616
"1031","Summer-2020","Tettegouche State Park","Department of Natural Resources State Park","DNR","State Park",272368
"1032","Summer-2021","Tettegouche State Park","Department of Natural Resources State Park","DNR","State Park",173507
"1033","Winter-2018","Tettegouche State Park","Department of Natural Resources State Park","DNR","State Park",23864
"1034","Winter-2019","Tettegouche State Park","Department of Natural Resources State Park","DNR","State Park",25900
"1035","Winter-2020","Tettegouche State Park","Department of Natural Resources State Park","DNR","State Park",23119
"1036","Winter-2021","Tettegouche State Park","Department of Natural Resources State Park","DNR","State Park",27127
"1037","Winter-2022","Tettegouche State Park","Department of Natural Resources State Park","DNR","State Park",5194
"1038","Fall-2018","Upper Sioux Agency State Park","Department of Natural Resources State Park","DNR","State Park",4437
"1039","Fall-2019","Upper Sioux Agency State Park","Department of Natural Resources State Park","DNR","State Park",1492
"1040","Fall-2020","Upper Sioux Agency State Park","Department of Natural Resources State Park","DNR","State Park",2851
"1041","Fall-2021","Upper Sioux Agency State Park","Department of Natural Resources State Park","DNR","State Park",1565
"1042","Spring-2018","Upper Sioux Agency State Park","Department of Natural Resources State Park","DNR","State Park",8902
"1043","Spring-2019","Upper Sioux Agency State Park","Department of Natural Resources State Park","DNR","State Park",848
"1044","Spring-2020","Upper Sioux Agency State Park","Department of Natural Resources State Park","DNR","State Park",939
"1045","Spring-2021","Upper Sioux Agency State Park","Department of Natural Resources State Park","DNR","State Park",2250
"1046","Summer-2018","Upper Sioux Agency State Park","Department of Natural Resources State Park","DNR","State Park",26475
"1047","Summer-2019","Upper Sioux Agency State Park","Department of Natural Resources State Park","DNR","State Park",2263
"1048","Summer-2020","Upper Sioux Agency State Park","Department of Natural Resources State Park","DNR","State Park",4303
"1049","Summer-2021","Upper Sioux Agency State Park","Department of Natural Resources State Park","DNR","State Park",3007
"1050","Winter-2018","Upper Sioux Agency State Park","Department of Natural Resources State Park","DNR","State Park",1693
"1051","Winter-2019","Upper Sioux Agency State Park","Department of Natural Resources State Park","DNR","State Park",818
"1052","Winter-2020","Upper Sioux Agency State Park","Department of Natural Resources State Park","DNR","State Park",824
"1053","Winter-2021","Upper Sioux Agency State Park","Department of Natural Resources State Park","DNR","State Park",539
"1054","Winter-2022","Upper Sioux Agency State Park","Department of Natural Resources State Park","DNR","State Park",66
"1055","Fall-2018","Whitewater State Park","Department of Natural Resources State Park","DNR","State Park",16585
"1056","Fall-2019","Whitewater State Park","Department of Natural Resources State Park","DNR","State Park",10232
"1057","Fall-2020","Whitewater State Park","Department of Natural Resources State Park","DNR","State Park",12536
"1058","Fall-2021","Whitewater State Park","Department of Natural Resources State Park","DNR","State Park",8004
"1059","Spring-2018","Whitewater State Park","Department of Natural Resources State Park","DNR","State Park",13309
"1060","Spring-2019","Whitewater State Park","Department of Natural Resources State Park","DNR","State Park",14709
"1061","Spring-2020","Whitewater State Park","Department of Natural Resources State Park","DNR","State Park",17603
"1062","Spring-2021","Whitewater State Park","Department of Natural Resources State Park","DNR","State Park",9496
"1063","Summer-2018","Whitewater State Park","Department of Natural Resources State Park","DNR","State Park",42283
"1064","Summer-2019","Whitewater State Park","Department of Natural Resources State Park","DNR","State Park",27758
"1065","Summer-2020","Whitewater State Park","Department of Natural Resources State Park","DNR","State Park",25619
"1066","Summer-2021","Whitewater State Park","Department of Natural Resources State Park","DNR","State Park",14512
"1067","Winter-2018","Whitewater State Park","Department of Natural Resources State Park","DNR","State Park",6229
"1068","Winter-2019","Whitewater State Park","Department of Natural Resources State Park","DNR","State Park",2996
"1069","Winter-2020","Whitewater State Park","Department of Natural Resources State Park","DNR","State Park",7224
"1070","Winter-2021","Whitewater State Park","Department of Natural Resources State Park","DNR","State Park",3362
"1071","Winter-2022","Whitewater State Park","Department of Natural Resources State Park","DNR","State Park",928
"1072","Fall-2018","Wild River State Park","Department of Natural Resources State Park","DNR","State Park",15597
"1073","Fall-2019","Wild River State Park","Department of Natural Resources State Park","DNR","State Park",13167
"1074","Fall-2020","Wild River State Park","Department of Natural Resources State Park","DNR","State Park",17453
"1075","Fall-2021","Wild River State Park","Department of Natural Resources State Park","DNR","State Park",11871
"1076","Spring-2018","Wild River State Park","Department of Natural Resources State Park","DNR","State Park",9922
"1077","Spring-2019","Wild River State Park","Department of Natural Resources State Park","DNR","State Park",12276
"1078","Spring-2020","Wild River State Park","Department of Natural Resources State Park","DNR","State Park",15140
"1079","Spring-2021","Wild River State Park","Department of Natural Resources State Park","DNR","State Park",14727
"1080","Summer-2018","Wild River State Park","Department of Natural Resources State Park","DNR","State Park",24761
"1081","Summer-2019","Wild River State Park","Department of Natural Resources State Park","DNR","State Park",25256
"1082","Summer-2020","Wild River State Park","Department of Natural Resources State Park","DNR","State Park",35558
"1083","Summer-2021","Wild River State Park","Department of Natural Resources State Park","DNR","State Park",21135
"1084","Winter-2018","Wild River State Park","Department of Natural Resources State Park","DNR","State Park",3244
"1085","Winter-2019","Wild River State Park","Department of Natural Resources State Park","DNR","State Park",5452
"1086","Winter-2020","Wild River State Park","Department of Natural Resources State Park","DNR","State Park",5202
"1087","Winter-2021","Wild River State Park","Department of Natural Resources State Park","DNR","State Park",6300
"1088","Winter-2022","Wild River State Park","Department of Natural Resources State Park","DNR","State Park",771
"1089","Fall-2018","William O'Brien State Park","Department of Natural Resources State Park","DNR","State Park",16890
"1090","Fall-2019","William O'Brien State Park","Department of Natural Resources State Park","DNR","State Park",19479
"1091","Fall-2020","William O'Brien State Park","Department of Natural Resources State Park","DNR","State Park",29163
"1092","Fall-2021","William O'Brien State Park","Department of Natural Resources State Park","DNR","State Park",17597
"1093","Spring-2018","William O'Brien State Park","Department of Natural Resources State Park","DNR","State Park",15997
"1094","Spring-2019","William O'Brien State Park","Department of Natural Resources State Park","DNR","State Park",19569
"1095","Spring-2020","William O'Brien State Park","Department of Natural Resources State Park","DNR","State Park",36385
"1096","Spring-2021","William O'Brien State Park","Department of Natural Resources State Park","DNR","State Park",24269
"1097","Summer-2018","William O'Brien State Park","Department of Natural Resources State Park","DNR","State Park",53130
"1098","Summer-2019","William O'Brien State Park","Department of Natural Resources State Park","DNR","State Park",45652
"1099","Summer-2020","William O'Brien State Park","Department of Natural Resources State Park","DNR","State Park",40844
"1100","Summer-2021","William O'Brien State Park","Department of Natural Resources State Park","DNR","State Park",28134
"1101","Winter-2018","William O'Brien State Park","Department of Natural Resources State Park","DNR","State Park",8958
"1102","Winter-2019","William O'Brien State Park","Department of Natural Resources State Park","DNR","State Park",9839
"1103","Winter-2020","William O'Brien State Park","Department of Natural Resources State Park","DNR","State Park",8439
"1104","Winter-2021","William O'Brien State Park","Department of Natural Resources State Park","DNR","State Park",10850
"1105","Winter-2022","William O'Brien State Park","Department of Natural Resources State Park","DNR","State Park",596
"1106","Fall-2018","Zippel Bay State Park","Department of Natural Resources State Park","DNR","State Park",7936
"1107","Fall-2019","Zippel Bay State Park","Department of Natural Resources State Park","DNR","State Park",3698
"1108","Fall-2020","Zippel Bay State Park","Department of Natural Resources State Park","DNR","State Park",5051
"1109","Fall-2021","Zippel Bay State Park","Department of Natural Resources State Park","DNR","State Park",5402
"1110","Spring-2018","Zippel Bay State Park","Department of Natural Resources State Park","DNR","State Park",5284
"1111","Spring-2019","Zippel Bay State Park","Department of Natural Resources State Park","DNR","State Park",3576
"1112","Spring-2020","Zippel Bay State Park","Department of Natural Resources State Park","DNR","State Park",3563
"1113","Spring-2021","Zippel Bay State Park","Department of Natural Resources State Park","DNR","State Park",8679
"1114","Summer-2018","Zippel Bay State Park","Department of Natural Resources State Park","DNR","State Park",32252
"1115","Summer-2019","Zippel Bay State Park","Department of Natural Resources State Park","DNR","State Park",27755
"1116","Summer-2020","Zippel Bay State Park","Department of Natural Resources State Park","DNR","State Park",31864
"1117","Summer-2021","Zippel Bay State Park","Department of Natural Resources State Park","DNR","State Park",40084
"1118","Winter-2018","Zippel Bay State Park","Department of Natural Resources State Park","DNR","State Park",4455
"1119","Winter-2019","Zippel Bay State Park","Department of Natural Resources State Park","DNR","State Park",4900
"1120","Winter-2020","Zippel Bay State Park","Department of Natural Resources State Park","DNR","State Park",4189
"1121","Winter-2021","Zippel Bay State Park","Department of Natural Resources State Park","DNR","State Park",3286
"1122","Winter-2022","Zippel Bay State Park","Department of Natural Resources State Park","DNR","State Park",254
