"Park name","System","Implementing agency","Unit type","Core park","Season","Vehicle visits"
"Above the Falls","Metropolitan Regional Park System","Minneapolis Park and Recreation Board","Regional Park",TRUE,"Fall-2018",15250
"Above the Falls","Metropolitan Regional Park System","Minneapolis Park and Recreation Board","Regional Park",TRUE,"Fall-2019",9384
"Above the Falls","Metropolitan Regional Park System","Minneapolis Park and Recreation Board","Regional Park",TRUE,"Fall-2020",7011
"Above the Falls","Metropolitan Regional Park System","Minneapolis Park and Recreation Board","Regional Park",TRUE,"Fall-2021",8597
"Above the Falls","Metropolitan Regional Park System","Minneapolis Park and Recreation Board","Regional Park",TRUE,"Spring-2018",17024
"Above the Falls","Metropolitan Regional Park System","Minneapolis Park and Recreation Board","Regional Park",TRUE,"Spring-2019",12147
"Above the Falls","Metropolitan Regional Park System","Minneapolis Park and Recreation Board","Regional Park",TRUE,"Spring-2020",8772
"Above the Falls","Metropolitan Regional Park System","Minneapolis Park and Recreation Board","Regional Park",TRUE,"Spring-2021",11150
"Above the Falls","Metropolitan Regional Park System","Minneapolis Park and Recreation Board","Regional Park",TRUE,"Summer-2018",34390
"Above the Falls","Metropolitan Regional Park System","Minneapolis Park and Recreation Board","Regional Park",TRUE,"Summer-2019",28356
"Above the Falls","Metropolitan Regional Park System","Minneapolis Park and Recreation Board","Regional Park",TRUE,"Summer-2020",16888
"Above the Falls","Metropolitan Regional Park System","Minneapolis Park and Recreation Board","Regional Park",TRUE,"Summer-2021",25192
"Above the Falls","Metropolitan Regional Park System","Minneapolis Park and Recreation Board","Regional Park",TRUE,"Winter-2018",12646
"Above the Falls","Metropolitan Regional Park System","Minneapolis Park and Recreation Board","Regional Park",TRUE,"Winter-2019",10061
"Above the Falls","Metropolitan Regional Park System","Minneapolis Park and Recreation Board","Regional Park",TRUE,"Winter-2020",5922
"Above the Falls","Metropolitan Regional Park System","Minneapolis Park and Recreation Board","Regional Park",TRUE,"Winter-2021",4885
"Above the Falls","Metropolitan Regional Park System","Minneapolis Park and Recreation Board","Regional Park",TRUE,"Winter-2022",1826
"Afton","Department of Natural Resources State Park","DNR","State Park",TRUE,"Fall-2018",26982
"Afton","Department of Natural Resources State Park","DNR","State Park",TRUE,"Fall-2019",23996
"Afton","Department of Natural Resources State Park","DNR","State Park",TRUE,"Fall-2020",45281
"Afton","Department of Natural Resources State Park","DNR","State Park",TRUE,"Fall-2021",24457
"Afton","Department of Natural Resources State Park","DNR","State Park",TRUE,"Spring-2018",25862
"Afton","Department of Natural Resources State Park","DNR","State Park",TRUE,"Spring-2019",21643
"Afton","Department of Natural Resources State Park","DNR","State Park",TRUE,"Spring-2020",61812
"Afton","Department of Natural Resources State Park","DNR","State Park",TRUE,"Spring-2021",38993
"Afton","Department of Natural Resources State Park","DNR","State Park",TRUE,"Summer-2018",56588
"Afton","Department of Natural Resources State Park","DNR","State Park",TRUE,"Summer-2019",43484
"Afton","Department of Natural Resources State Park","DNR","State Park",TRUE,"Summer-2020",80682
"Afton","Department of Natural Resources State Park","DNR","State Park",TRUE,"Summer-2021",47544
"Afton","Department of Natural Resources State Park","DNR","State Park",TRUE,"Winter-2018",11239
"Afton","Department of Natural Resources State Park","DNR","State Park",TRUE,"Winter-2019",8516
"Afton","Department of Natural Resources State Park","DNR","State Park",TRUE,"Winter-2020",8763
"Afton","Department of Natural Resources State Park","DNR","State Park",TRUE,"Winter-2021",20400
"Afton","Department of Natural Resources State Park","DNR","State Park",TRUE,"Winter-2022",1436
"Alexander Ramsey Park","Greater Minnesota Regional Parks & Trails","Greater MN","Regional Park",TRUE,"Fall-2018",15138
"Alexander Ramsey Park","Greater Minnesota Regional Parks & Trails","Greater MN","Regional Park",TRUE,"Fall-2019",17143
"Alexander Ramsey Park","Greater Minnesota Regional Parks & Trails","Greater MN","Regional Park",TRUE,"Fall-2020",25815
"Alexander Ramsey Park","Greater Minnesota Regional Parks & Trails","Greater MN","Regional Park",TRUE,"Fall-2021",27390
"Alexander Ramsey Park","Greater Minnesota Regional Parks & Trails","Greater MN","Regional Park",TRUE,"Spring-2018",20732
"Alexander Ramsey Park","Greater Minnesota Regional Parks & Trails","Greater MN","Regional Park",TRUE,"Spring-2019",22703
"Alexander Ramsey Park","Greater Minnesota Regional Parks & Trails","Greater MN","Regional Park",TRUE,"Spring-2020",28764
"Alexander Ramsey Park","Greater Minnesota Regional Parks & Trails","Greater MN","Regional Park",TRUE,"Spring-2021",36864
"Alexander Ramsey Park","Greater Minnesota Regional Parks & Trails","Greater MN","Regional Park",TRUE,"Summer-2018",43739
"Alexander Ramsey Park","Greater Minnesota Regional Parks & Trails","Greater MN","Regional Park",TRUE,"Summer-2019",47637
"Alexander Ramsey Park","Greater Minnesota Regional Parks & Trails","Greater MN","Regional Park",TRUE,"Summer-2020",71346
"Alexander Ramsey Park","Greater Minnesota Regional Parks & Trails","Greater MN","Regional Park",TRUE,"Summer-2021",54119
"Alexander Ramsey Park","Greater Minnesota Regional Parks & Trails","Greater MN","Regional Park",TRUE,"Winter-2018",4331
"Alexander Ramsey Park","Greater Minnesota Regional Parks & Trails","Greater MN","Regional Park",TRUE,"Winter-2019",5108
"Alexander Ramsey Park","Greater Minnesota Regional Parks & Trails","Greater MN","Regional Park",TRUE,"Winter-2020",5288
"Alexander Ramsey Park","Greater Minnesota Regional Parks & Trails","Greater MN","Regional Park",TRUE,"Winter-2021",10758
"Alexander Ramsey Park","Greater Minnesota Regional Parks & Trails","Greater MN","Regional Park",TRUE,"Winter-2022",1856
"Anoka Co Riverfront","Metropolitan Regional Park System","Anoka County Parks and Recreation","Regional Park",TRUE,"Fall-2018",5414
"Anoka Co Riverfront","Metropolitan Regional Park System","Anoka County Parks and Recreation","Regional Park",TRUE,"Fall-2019",7273
"Anoka Co Riverfront","Metropolitan Regional Park System","Anoka County Parks and Recreation","Regional Park",TRUE,"Fall-2020",10587
"Anoka Co Riverfront","Metropolitan Regional Park System","Anoka County Parks and Recreation","Regional Park",TRUE,"Fall-2021",7544
"Anoka Co Riverfront","Metropolitan Regional Park System","Anoka County Parks and Recreation","Regional Park",TRUE,"Spring-2018",3782
"Anoka Co Riverfront","Metropolitan Regional Park System","Anoka County Parks and Recreation","Regional Park",TRUE,"Spring-2019",6432
"Anoka Co Riverfront","Metropolitan Regional Park System","Anoka County Parks and Recreation","Regional Park",TRUE,"Spring-2020",9953
"Anoka Co Riverfront","Metropolitan Regional Park System","Anoka County Parks and Recreation","Regional Park",TRUE,"Spring-2021",11404
"Anoka Co Riverfront","Metropolitan Regional Park System","Anoka County Parks and Recreation","Regional Park",TRUE,"Summer-2018",13523
"Anoka Co Riverfront","Metropolitan Regional Park System","Anoka County Parks and Recreation","Regional Park",TRUE,"Summer-2019",17285
"Anoka Co Riverfront","Metropolitan Regional Park System","Anoka County Parks and Recreation","Regional Park",TRUE,"Summer-2020",19308
"Anoka Co Riverfront","Metropolitan Regional Park System","Anoka County Parks and Recreation","Regional Park",TRUE,"Summer-2021",14924
"Anoka Co Riverfront","Metropolitan Regional Park System","Anoka County Parks and Recreation","Regional Park",TRUE,"Winter-2018",1693
"Anoka Co Riverfront","Metropolitan Regional Park System","Anoka County Parks and Recreation","Regional Park",TRUE,"Winter-2019",2190
"Anoka Co Riverfront","Metropolitan Regional Park System","Anoka County Parks and Recreation","Regional Park",TRUE,"Winter-2020",2958
"Anoka Co Riverfront","Metropolitan Regional Park System","Anoka County Parks and Recreation","Regional Park",TRUE,"Winter-2021",5399
"Anoka Co Riverfront","Metropolitan Regional Park System","Anoka County Parks and Recreation","Regional Park",TRUE,"Winter-2022",303
"Appleton OHV Park","Eligible for Greater Minnesota Designation","Eligible Greater MN","Eligible Regional Park",FALSE,"Fall-2018",6351
"Appleton OHV Park","Eligible for Greater Minnesota Designation","Eligible Greater MN","Eligible Regional Park",FALSE,"Fall-2019",5111
"Appleton OHV Park","Eligible for Greater Minnesota Designation","Eligible Greater MN","Eligible Regional Park",FALSE,"Fall-2020",8127
"Appleton OHV Park","Eligible for Greater Minnesota Designation","Eligible Greater MN","Eligible Regional Park",FALSE,"Fall-2021",5064
"Appleton OHV Park","Eligible for Greater Minnesota Designation","Eligible Greater MN","Eligible Regional Park",FALSE,"Spring-2018",4033
"Appleton OHV Park","Eligible for Greater Minnesota Designation","Eligible Greater MN","Eligible Regional Park",FALSE,"Spring-2019",4150
"Appleton OHV Park","Eligible for Greater Minnesota Designation","Eligible Greater MN","Eligible Regional Park",FALSE,"Spring-2020",14399
"Appleton OHV Park","Eligible for Greater Minnesota Designation","Eligible Greater MN","Eligible Regional Park",FALSE,"Spring-2021",11084
"Appleton OHV Park","Eligible for Greater Minnesota Designation","Eligible Greater MN","Eligible Regional Park",FALSE,"Summer-2018",9373
"Appleton OHV Park","Eligible for Greater Minnesota Designation","Eligible Greater MN","Eligible Regional Park",FALSE,"Summer-2019",10078
"Appleton OHV Park","Eligible for Greater Minnesota Designation","Eligible Greater MN","Eligible Regional Park",FALSE,"Summer-2020",18496
"Appleton OHV Park","Eligible for Greater Minnesota Designation","Eligible Greater MN","Eligible Regional Park",FALSE,"Summer-2021",12071
"Appleton OHV Park","Eligible for Greater Minnesota Designation","Eligible Greater MN","Eligible Regional Park",FALSE,"Winter-2018",2054
"Appleton OHV Park","Eligible for Greater Minnesota Designation","Eligible Greater MN","Eligible Regional Park",FALSE,"Winter-2019",2953
"Appleton OHV Park","Eligible for Greater Minnesota Designation","Eligible Greater MN","Eligible Regional Park",FALSE,"Winter-2020",1053
"Appleton OHV Park","Eligible for Greater Minnesota Designation","Eligible Greater MN","Eligible Regional Park",FALSE,"Winter-2021",1314
"Appleton OHV Park","Eligible for Greater Minnesota Designation","Eligible Greater MN","Eligible Regional Park",FALSE,"Winter-2022",382
"Baker","Metropolitan Regional Park System","Three Rivers Park District","Regional Park",TRUE,"Fall-2018",26885
"Baker","Metropolitan Regional Park System","Three Rivers Park District","Regional Park",TRUE,"Fall-2019",29004
"Baker","Metropolitan Regional Park System","Three Rivers Park District","Regional Park",TRUE,"Fall-2020",39385
"Baker","Metropolitan Regional Park System","Three Rivers Park District","Regional Park",TRUE,"Fall-2021",33038
"Baker","Metropolitan Regional Park System","Three Rivers Park District","Regional Park",TRUE,"Spring-2018",33949
"Baker","Metropolitan Regional Park System","Three Rivers Park District","Regional Park",TRUE,"Spring-2019",28966
"Baker","Metropolitan Regional Park System","Three Rivers Park District","Regional Park",TRUE,"Spring-2020",45939
"Baker","Metropolitan Regional Park System","Three Rivers Park District","Regional Park",TRUE,"Spring-2021",47392
"Baker","Metropolitan Regional Park System","Three Rivers Park District","Regional Park",TRUE,"Summer-2018",99072
"Baker","Metropolitan Regional Park System","Three Rivers Park District","Regional Park",TRUE,"Summer-2019",87755
"Baker","Metropolitan Regional Park System","Three Rivers Park District","Regional Park",TRUE,"Summer-2020",141818
"Baker","Metropolitan Regional Park System","Three Rivers Park District","Regional Park",TRUE,"Summer-2021",88525
"Baker","Metropolitan Regional Park System","Three Rivers Park District","Regional Park",TRUE,"Winter-2018",18026
"Baker","Metropolitan Regional Park System","Three Rivers Park District","Regional Park",TRUE,"Winter-2019",16017
"Baker","Metropolitan Regional Park System","Three Rivers Park District","Regional Park",TRUE,"Winter-2020",18936
"Baker","Metropolitan Regional Park System","Three Rivers Park District","Regional Park",TRUE,"Winter-2021",25654
"Baker","Metropolitan Regional Park System","Three Rivers Park District","Regional Park",TRUE,"Winter-2022",4111
"Bald Eagle-Otter Lake","Metropolitan Regional Park System","Ramsey County Parks and Recreation","Regional Park",TRUE,"Fall-2018",29809
"Bald Eagle-Otter Lake","Metropolitan Regional Park System","Ramsey County Parks and Recreation","Regional Park",TRUE,"Fall-2019",28915
"Bald Eagle-Otter Lake","Metropolitan Regional Park System","Ramsey County Parks and Recreation","Regional Park",TRUE,"Fall-2020",37508
"Bald Eagle-Otter Lake","Metropolitan Regional Park System","Ramsey County Parks and Recreation","Regional Park",TRUE,"Fall-2021",28954
"Bald Eagle-Otter Lake","Metropolitan Regional Park System","Ramsey County Parks and Recreation","Regional Park",TRUE,"Spring-2018",27242
"Bald Eagle-Otter Lake","Metropolitan Regional Park System","Ramsey County Parks and Recreation","Regional Park",TRUE,"Spring-2019",35911
"Bald Eagle-Otter Lake","Metropolitan Regional Park System","Ramsey County Parks and Recreation","Regional Park",TRUE,"Spring-2020",36581
"Bald Eagle-Otter Lake","Metropolitan Regional Park System","Ramsey County Parks and Recreation","Regional Park",TRUE,"Spring-2021",39052
"Bald Eagle-Otter Lake","Metropolitan Regional Park System","Ramsey County Parks and Recreation","Regional Park",TRUE,"Summer-2018",59037
"Bald Eagle-Otter Lake","Metropolitan Regional Park System","Ramsey County Parks and Recreation","Regional Park",TRUE,"Summer-2019",53368
"Bald Eagle-Otter Lake","Metropolitan Regional Park System","Ramsey County Parks and Recreation","Regional Park",TRUE,"Summer-2020",53172
"Bald Eagle-Otter Lake","Metropolitan Regional Park System","Ramsey County Parks and Recreation","Regional Park",TRUE,"Summer-2021",44417
"Bald Eagle-Otter Lake","Metropolitan Regional Park System","Ramsey County Parks and Recreation","Regional Park",TRUE,"Winter-2018",12403
"Bald Eagle-Otter Lake","Metropolitan Regional Park System","Ramsey County Parks and Recreation","Regional Park",TRUE,"Winter-2019",23867
"Bald Eagle-Otter Lake","Metropolitan Regional Park System","Ramsey County Parks and Recreation","Regional Park",TRUE,"Winter-2020",20378
"Bald Eagle-Otter Lake","Metropolitan Regional Park System","Ramsey County Parks and Recreation","Regional Park",TRUE,"Winter-2021",29867
"Bald Eagle-Otter Lake","Metropolitan Regional Park System","Ramsey County Parks and Recreation","Regional Park",TRUE,"Winter-2022",5367
"Banning","Department of Natural Resources State Park","DNR","State Park",TRUE,"Fall-2018",32100
"Banning","Department of Natural Resources State Park","DNR","State Park",TRUE,"Fall-2019",15661
"Banning","Department of Natural Resources State Park","DNR","State Park",TRUE,"Fall-2020",33284
"Banning","Department of Natural Resources State Park","DNR","State Park",TRUE,"Fall-2021",19050
"Banning","Department of Natural Resources State Park","DNR","State Park",TRUE,"Spring-2018",21967
"Banning","Department of Natural Resources State Park","DNR","State Park",TRUE,"Spring-2019",14985
"Banning","Department of Natural Resources State Park","DNR","State Park",TRUE,"Spring-2020",37926
"Banning","Department of Natural Resources State Park","DNR","State Park",TRUE,"Spring-2021",22637
"Banning","Department of Natural Resources State Park","DNR","State Park",TRUE,"Summer-2018",50349
"Banning","Department of Natural Resources State Park","DNR","State Park",TRUE,"Summer-2019",29135
"Banning","Department of Natural Resources State Park","DNR","State Park",TRUE,"Summer-2020",70279
"Banning","Department of Natural Resources State Park","DNR","State Park",TRUE,"Summer-2021",30943
"Banning","Department of Natural Resources State Park","DNR","State Park",TRUE,"Winter-2018",7392
"Banning","Department of Natural Resources State Park","DNR","State Park",TRUE,"Winter-2019",4710
"Banning","Department of Natural Resources State Park","DNR","State Park",TRUE,"Winter-2020",4343
"Banning","Department of Natural Resources State Park","DNR","State Park",TRUE,"Winter-2021",10957
"Banning","Department of Natural Resources State Park","DNR","State Park",TRUE,"Winter-2022",1089
"Barsness Park","Eligible for Greater Minnesota Designation","Eligible Greater MN","Eligible Regional Park",FALSE,"Fall-2018",70180
"Barsness Park","Eligible for Greater Minnesota Designation","Eligible Greater MN","Eligible Regional Park",FALSE,"Fall-2019",30558
"Barsness Park","Eligible for Greater Minnesota Designation","Eligible Greater MN","Eligible Regional Park",FALSE,"Fall-2020",23484
"Barsness Park","Eligible for Greater Minnesota Designation","Eligible Greater MN","Eligible Regional Park",FALSE,"Fall-2021",22447
"Barsness Park","Eligible for Greater Minnesota Designation","Eligible Greater MN","Eligible Regional Park",FALSE,"Spring-2018",68638
"Barsness Park","Eligible for Greater Minnesota Designation","Eligible Greater MN","Eligible Regional Park",FALSE,"Spring-2019",57576
"Barsness Park","Eligible for Greater Minnesota Designation","Eligible Greater MN","Eligible Regional Park",FALSE,"Spring-2020",18739
"Barsness Park","Eligible for Greater Minnesota Designation","Eligible Greater MN","Eligible Regional Park",FALSE,"Spring-2021",40469
"Barsness Park","Eligible for Greater Minnesota Designation","Eligible Greater MN","Eligible Regional Park",FALSE,"Summer-2018",104677
"Barsness Park","Eligible for Greater Minnesota Designation","Eligible Greater MN","Eligible Regional Park",FALSE,"Summer-2019",59546
"Barsness Park","Eligible for Greater Minnesota Designation","Eligible Greater MN","Eligible Regional Park",FALSE,"Summer-2020",35474
"Barsness Park","Eligible for Greater Minnesota Designation","Eligible Greater MN","Eligible Regional Park",FALSE,"Summer-2021",45425
"Barsness Park","Eligible for Greater Minnesota Designation","Eligible Greater MN","Eligible Regional Park",FALSE,"Winter-2018",51742
"Barsness Park","Eligible for Greater Minnesota Designation","Eligible Greater MN","Eligible Regional Park",FALSE,"Winter-2019",46097
"Barsness Park","Eligible for Greater Minnesota Designation","Eligible Greater MN","Eligible Regional Park",FALSE,"Winter-2020",20539
"Barsness Park","Eligible for Greater Minnesota Designation","Eligible Greater MN","Eligible Regional Park",FALSE,"Winter-2021",23824
"Barsness Park","Eligible for Greater Minnesota Designation","Eligible Greater MN","Eligible Regional Park",FALSE,"Winter-2022",4923
"Battle Creek","Metropolitan Regional Park System","Ramsey County Parks and Recreation","Regional Park",TRUE,"Fall-2018",62389
"Battle Creek","Metropolitan Regional Park System","Ramsey County Parks and Recreation","Regional Park",TRUE,"Fall-2019",51941
"Battle Creek","Metropolitan Regional Park System","Ramsey County Parks and Recreation","Regional Park",TRUE,"Fall-2020",65194
"Battle Creek","Metropolitan Regional Park System","Ramsey County Parks and Recreation","Regional Park",TRUE,"Fall-2021",65785
"Battle Creek","Metropolitan Regional Park System","Ramsey County Parks and Recreation","Regional Park",TRUE,"Spring-2018",59936
"Battle Creek","Metropolitan Regional Park System","Ramsey County Parks and Recreation","Regional Park",TRUE,"Spring-2019",63660
"Battle Creek","Metropolitan Regional Park System","Ramsey County Parks and Recreation","Regional Park",TRUE,"Spring-2020",79121
"Battle Creek","Metropolitan Regional Park System","Ramsey County Parks and Recreation","Regional Park",TRUE,"Spring-2021",85951
"Battle Creek","Metropolitan Regional Park System","Ramsey County Parks and Recreation","Regional Park",TRUE,"Summer-2018",120829
"Battle Creek","Metropolitan Regional Park System","Ramsey County Parks and Recreation","Regional Park",TRUE,"Summer-2019",124370
"Battle Creek","Metropolitan Regional Park System","Ramsey County Parks and Recreation","Regional Park",TRUE,"Summer-2020",125073
"Battle Creek","Metropolitan Regional Park System","Ramsey County Parks and Recreation","Regional Park",TRUE,"Summer-2021",130719
"Battle Creek","Metropolitan Regional Park System","Ramsey County Parks and Recreation","Regional Park",TRUE,"Winter-2018",35055
"Battle Creek","Metropolitan Regional Park System","Ramsey County Parks and Recreation","Regional Park",TRUE,"Winter-2019",36454
"Battle Creek","Metropolitan Regional Park System","Ramsey County Parks and Recreation","Regional Park",TRUE,"Winter-2020",47585
"Battle Creek","Metropolitan Regional Park System","Ramsey County Parks and Recreation","Regional Park",TRUE,"Winter-2021",60242
"Battle Creek","Metropolitan Regional Park System","Ramsey County Parks and Recreation","Regional Park",TRUE,"Winter-2022",11404
"Baylor","Metropolitan Regional Park System","Carver County Parks and Recreation","Regional Park",TRUE,"Fall-2018",8204
"Baylor","Metropolitan Regional Park System","Carver County Parks and Recreation","Regional Park",TRUE,"Fall-2019",5792
"Baylor","Metropolitan Regional Park System","Carver County Parks and Recreation","Regional Park",TRUE,"Fall-2020",4930
"Baylor","Metropolitan Regional Park System","Carver County Parks and Recreation","Regional Park",TRUE,"Fall-2021",6400
"Baylor","Metropolitan Regional Park System","Carver County Parks and Recreation","Regional Park",TRUE,"Spring-2018",5473
"Baylor","Metropolitan Regional Park System","Carver County Parks and Recreation","Regional Park",TRUE,"Spring-2019",3193
"Baylor","Metropolitan Regional Park System","Carver County Parks and Recreation","Regional Park",TRUE,"Spring-2020",6691
"Baylor","Metropolitan Regional Park System","Carver County Parks and Recreation","Regional Park",TRUE,"Spring-2021",4819
"Baylor","Metropolitan Regional Park System","Carver County Parks and Recreation","Regional Park",TRUE,"Summer-2018",13646
"Baylor","Metropolitan Regional Park System","Carver County Parks and Recreation","Regional Park",TRUE,"Summer-2019",12041
"Baylor","Metropolitan Regional Park System","Carver County Parks and Recreation","Regional Park",TRUE,"Summer-2020",14279
"Baylor","Metropolitan Regional Park System","Carver County Parks and Recreation","Regional Park",TRUE,"Summer-2021",14031
"Baylor","Metropolitan Regional Park System","Carver County Parks and Recreation","Regional Park",TRUE,"Winter-2018",1800
"Baylor","Metropolitan Regional Park System","Carver County Parks and Recreation","Regional Park",TRUE,"Winter-2019",1641
"Baylor","Metropolitan Regional Park System","Carver County Parks and Recreation","Regional Park",TRUE,"Winter-2020",1953
"Baylor","Metropolitan Regional Park System","Carver County Parks and Recreation","Regional Park",TRUE,"Winter-2021",3107
"Baylor","Metropolitan Regional Park System","Carver County Parks and Recreation","Regional Park",TRUE,"Winter-2022",229
"Bear Head Lake","Department of Natural Resources State Park","DNR","State Park",TRUE,"Fall-2018",13122
"Bear Head Lake","Department of Natural Resources State Park","DNR","State Park",TRUE,"Fall-2019",12245
"Bear Head Lake","Department of Natural Resources State Park","DNR","State Park",TRUE,"Fall-2020",14382
"Bear Head Lake","Department of Natural Resources State Park","DNR","State Park",TRUE,"Fall-2021",10052
"Bear Head Lake","Department of Natural Resources State Park","DNR","State Park",TRUE,"Spring-2018",11010
"Bear Head Lake","Department of Natural Resources State Park","DNR","State Park",TRUE,"Spring-2019",9790
"Bear Head Lake","Department of Natural Resources State Park","DNR","State Park",TRUE,"Spring-2020",2987
"Bear Head Lake","Department of Natural Resources State Park","DNR","State Park",TRUE,"Spring-2021",12570
"Bear Head Lake","Department of Natural Resources State Park","DNR","State Park",TRUE,"Summer-2018",50244
"Bear Head Lake","Department of Natural Resources State Park","DNR","State Park",TRUE,"Summer-2019",43516
"Bear Head Lake","Department of Natural Resources State Park","DNR","State Park",TRUE,"Summer-2020",33598
"Bear Head Lake","Department of Natural Resources State Park","DNR","State Park",TRUE,"Summer-2021",32345
"Bear Head Lake","Department of Natural Resources State Park","DNR","State Park",TRUE,"Winter-2018",5170
"Bear Head Lake","Department of Natural Resources State Park","DNR","State Park",TRUE,"Winter-2019",4180
"Bear Head Lake","Department of Natural Resources State Park","DNR","State Park",TRUE,"Winter-2020",6244
"Bear Head Lake","Department of Natural Resources State Park","DNR","State Park",TRUE,"Winter-2021",4219
"Bear Head Lake","Department of Natural Resources State Park","DNR","State Park",TRUE,"Winter-2022",280
"Beaver Creek Valley","Department of Natural Resources State Park","DNR","State Park",TRUE,"Fall-2018",1456
"Beaver Creek Valley","Department of Natural Resources State Park","DNR","State Park",TRUE,"Fall-2019",1536
"Beaver Creek Valley","Department of Natural Resources State Park","DNR","State Park",TRUE,"Fall-2020",1989
"Beaver Creek Valley","Department of Natural Resources State Park","DNR","State Park",TRUE,"Fall-2021",1100
"Beaver Creek Valley","Department of Natural Resources State Park","DNR","State Park",TRUE,"Spring-2018",1516
"Beaver Creek Valley","Department of Natural Resources State Park","DNR","State Park",TRUE,"Spring-2019",2556
"Beaver Creek Valley","Department of Natural Resources State Park","DNR","State Park",TRUE,"Spring-2020",1362
"Beaver Creek Valley","Department of Natural Resources State Park","DNR","State Park",TRUE,"Spring-2021",1411
"Beaver Creek Valley","Department of Natural Resources State Park","DNR","State Park",TRUE,"Summer-2018",3783
"Beaver Creek Valley","Department of Natural Resources State Park","DNR","State Park",TRUE,"Summer-2019",4470
"Beaver Creek Valley","Department of Natural Resources State Park","DNR","State Park",TRUE,"Summer-2020",2989
"Beaver Creek Valley","Department of Natural Resources State Park","DNR","State Park",TRUE,"Summer-2021",1217
"Beaver Creek Valley","Department of Natural Resources State Park","DNR","State Park",TRUE,"Winter-2018",1108
"Beaver Creek Valley","Department of Natural Resources State Park","DNR","State Park",TRUE,"Winter-2019",1459
"Beaver Creek Valley","Department of Natural Resources State Park","DNR","State Park",TRUE,"Winter-2020",810
"Beaver Creek Valley","Department of Natural Resources State Park","DNR","State Park",TRUE,"Winter-2021",384
"Beaver Creek Valley","Department of Natural Resources State Park","DNR","State Park",TRUE,"Winter-2022",97
"Belle Prairie Park","Greater Minnesota Regional Parks & Trails","Greater MN","Regional Park",TRUE,"Fall-2018",4168
"Belle Prairie Park","Greater Minnesota Regional Parks & Trails","Greater MN","Regional Park",TRUE,"Fall-2019",2168
"Belle Prairie Park","Greater Minnesota Regional Parks & Trails","Greater MN","Regional Park",TRUE,"Fall-2020",8235
"Belle Prairie Park","Greater Minnesota Regional Parks & Trails","Greater MN","Regional Park",TRUE,"Fall-2021",5181
"Belle Prairie Park","Greater Minnesota Regional Parks & Trails","Greater MN","Regional Park",TRUE,"Spring-2018",4411
"Belle Prairie Park","Greater Minnesota Regional Parks & Trails","Greater MN","Regional Park",TRUE,"Spring-2019",3835
"Belle Prairie Park","Greater Minnesota Regional Parks & Trails","Greater MN","Regional Park",TRUE,"Spring-2020",7238
"Belle Prairie Park","Greater Minnesota Regional Parks & Trails","Greater MN","Regional Park",TRUE,"Spring-2021",9772
"Belle Prairie Park","Greater Minnesota Regional Parks & Trails","Greater MN","Regional Park",TRUE,"Summer-2018",7835
"Belle Prairie Park","Greater Minnesota Regional Parks & Trails","Greater MN","Regional Park",TRUE,"Summer-2019",5734
"Belle Prairie Park","Greater Minnesota Regional Parks & Trails","Greater MN","Regional Park",TRUE,"Summer-2020",10232
"Belle Prairie Park","Greater Minnesota Regional Parks & Trails","Greater MN","Regional Park",TRUE,"Summer-2021",8403
"Belle Prairie Park","Greater Minnesota Regional Parks & Trails","Greater MN","Regional Park",TRUE,"Winter-2018",1294
"Belle Prairie Park","Greater Minnesota Regional Parks & Trails","Greater MN","Regional Park",TRUE,"Winter-2019",1592
"Belle Prairie Park","Greater Minnesota Regional Parks & Trails","Greater MN","Regional Park",TRUE,"Winter-2020",1668
"Belle Prairie Park","Greater Minnesota Regional Parks & Trails","Greater MN","Regional Park",TRUE,"Winter-2021",3821
"Belle Prairie Park","Greater Minnesota Regional Parks & Trails","Greater MN","Regional Park",TRUE,"Winter-2022",720
"Bend in the River Park (GRPC)","Greater Minnesota Regional Parks & Trails","Greater MN","Regional Park",TRUE,"Fall-2018",9378
"Bend in the River Park (GRPC)","Greater Minnesota Regional Parks & Trails","Greater MN","Regional Park",TRUE,"Fall-2019",5299
"Bend in the River Park (GRPC)","Greater Minnesota Regional Parks & Trails","Greater MN","Regional Park",TRUE,"Fall-2020",7274
"Bend in the River Park (GRPC)","Greater Minnesota Regional Parks & Trails","Greater MN","Regional Park",TRUE,"Fall-2021",4748
"Bend in the River Park (GRPC)","Greater Minnesota Regional Parks & Trails","Greater MN","Regional Park",TRUE,"Spring-2018",7017
"Bend in the River Park (GRPC)","Greater Minnesota Regional Parks & Trails","Greater MN","Regional Park",TRUE,"Spring-2019",4294
"Bend in the River Park (GRPC)","Greater Minnesota Regional Parks & Trails","Greater MN","Regional Park",TRUE,"Spring-2020",5203
"Bend in the River Park (GRPC)","Greater Minnesota Regional Parks & Trails","Greater MN","Regional Park",TRUE,"Spring-2021",8915
"Bend in the River Park (GRPC)","Greater Minnesota Regional Parks & Trails","Greater MN","Regional Park",TRUE,"Summer-2018",8342
"Bend in the River Park (GRPC)","Greater Minnesota Regional Parks & Trails","Greater MN","Regional Park",TRUE,"Summer-2019",5473
"Bend in the River Park (GRPC)","Greater Minnesota Regional Parks & Trails","Greater MN","Regional Park",TRUE,"Summer-2020",9221
"Bend in the River Park (GRPC)","Greater Minnesota Regional Parks & Trails","Greater MN","Regional Park",TRUE,"Summer-2021",5489
"Bend in the River Park (GRPC)","Greater Minnesota Regional Parks & Trails","Greater MN","Regional Park",TRUE,"Winter-2018",4051
"Bend in the River Park (GRPC)","Greater Minnesota Regional Parks & Trails","Greater MN","Regional Park",TRUE,"Winter-2019",2213
"Bend in the River Park (GRPC)","Greater Minnesota Regional Parks & Trails","Greater MN","Regional Park",TRUE,"Winter-2020",1776
"Bend in the River Park (GRPC)","Greater Minnesota Regional Parks & Trails","Greater MN","Regional Park",TRUE,"Winter-2021",3231
"Bend in the River Park (GRPC)","Greater Minnesota Regional Parks & Trails","Greater MN","Regional Park",TRUE,"Winter-2022",530
"Bertram Chain of Lakes","Greater Minnesota Regional Parks & Trails","Greater MN","Regional Park",TRUE,"Fall-2018",12767
"Bertram Chain of Lakes","Greater Minnesota Regional Parks & Trails","Greater MN","Regional Park",TRUE,"Fall-2019",17553
"Bertram Chain of Lakes","Greater Minnesota Regional Parks & Trails","Greater MN","Regional Park",TRUE,"Fall-2020",33767
"Bertram Chain of Lakes","Greater Minnesota Regional Parks & Trails","Greater MN","Regional Park",TRUE,"Fall-2021",29079
"Bertram Chain of Lakes","Greater Minnesota Regional Parks & Trails","Greater MN","Regional Park",TRUE,"Spring-2018",11376
"Bertram Chain of Lakes","Greater Minnesota Regional Parks & Trails","Greater MN","Regional Park",TRUE,"Spring-2019",20832
"Bertram Chain of Lakes","Greater Minnesota Regional Parks & Trails","Greater MN","Regional Park",TRUE,"Spring-2020",23044
"Bertram Chain of Lakes","Greater Minnesota Regional Parks & Trails","Greater MN","Regional Park",TRUE,"Spring-2021",39878
"Bertram Chain of Lakes","Greater Minnesota Regional Parks & Trails","Greater MN","Regional Park",TRUE,"Summer-2018",30345
"Bertram Chain of Lakes","Greater Minnesota Regional Parks & Trails","Greater MN","Regional Park",TRUE,"Summer-2019",51243
"Bertram Chain of Lakes","Greater Minnesota Regional Parks & Trails","Greater MN","Regional Park",TRUE,"Summer-2020",70936
"Bertram Chain of Lakes","Greater Minnesota Regional Parks & Trails","Greater MN","Regional Park",TRUE,"Summer-2021",77530
"Bertram Chain of Lakes","Greater Minnesota Regional Parks & Trails","Greater MN","Regional Park",TRUE,"Winter-2018",4201
"Bertram Chain of Lakes","Greater Minnesota Regional Parks & Trails","Greater MN","Regional Park",TRUE,"Winter-2019",3886
"Bertram Chain of Lakes","Greater Minnesota Regional Parks & Trails","Greater MN","Regional Park",TRUE,"Winter-2020",4870
"Bertram Chain of Lakes","Greater Minnesota Regional Parks & Trails","Greater MN","Regional Park",TRUE,"Winter-2021",7423
"Bertram Chain of Lakes","Greater Minnesota Regional Parks & Trails","Greater MN","Regional Park",TRUE,"Winter-2022",2064
"Big Bog","Department of Natural Resources State Park","DNR","State Recreation Area",TRUE,"Fall-2018",5408
"Big Bog","Department of Natural Resources State Park","DNR","State Recreation Area",TRUE,"Fall-2019",3837
"Big Bog","Department of Natural Resources State Park","DNR","State Recreation Area",TRUE,"Fall-2020",5627
"Big Bog","Department of Natural Resources State Park","DNR","State Recreation Area",TRUE,"Fall-2021",4107
"Big Bog","Department of Natural Resources State Park","DNR","State Recreation Area",TRUE,"Spring-2018",14793
"Big Bog","Department of Natural Resources State Park","DNR","State Recreation Area",TRUE,"Spring-2019",13558
"Big Bog","Department of Natural Resources State Park","DNR","State Recreation Area",TRUE,"Spring-2020",5811
"Big Bog","Department of Natural Resources State Park","DNR","State Recreation Area",TRUE,"Spring-2021",9703
"Big Bog","Department of Natural Resources State Park","DNR","State Recreation Area",TRUE,"Summer-2018",19909
"Big Bog","Department of Natural Resources State Park","DNR","State Recreation Area",TRUE,"Summer-2019",23107
"Big Bog","Department of Natural Resources State Park","DNR","State Recreation Area",TRUE,"Summer-2020",23668
"Big Bog","Department of Natural Resources State Park","DNR","State Recreation Area",TRUE,"Summer-2021",23765
"Big Bog","Department of Natural Resources State Park","DNR","State Recreation Area",TRUE,"Winter-2018",3185
"Big Bog","Department of Natural Resources State Park","DNR","State Recreation Area",TRUE,"Winter-2019",1886
"Big Bog","Department of Natural Resources State Park","DNR","State Recreation Area",TRUE,"Winter-2020",1645
"Big Bog","Department of Natural Resources State Park","DNR","State Recreation Area",TRUE,"Winter-2021",3059
"Big Bog","Department of Natural Resources State Park","DNR","State Recreation Area",TRUE,"Winter-2022",1136
"Big Elk Lake County park","Greater Minnesota Regional Parks & Trails","Greater MN","Regional Park",TRUE,"Fall-2018",4501
"Big Elk Lake County park","Greater Minnesota Regional Parks & Trails","Greater MN","Regional Park",TRUE,"Fall-2019",7701
"Big Elk Lake County park","Greater Minnesota Regional Parks & Trails","Greater MN","Regional Park",TRUE,"Fall-2020",4329
"Big Elk Lake County park","Greater Minnesota Regional Parks & Trails","Greater MN","Regional Park",TRUE,"Fall-2021",6791
"Big Elk Lake County park","Greater Minnesota Regional Parks & Trails","Greater MN","Regional Park",TRUE,"Spring-2018",5316
"Big Elk Lake County park","Greater Minnesota Regional Parks & Trails","Greater MN","Regional Park",TRUE,"Spring-2019",3425
"Big Elk Lake County park","Greater Minnesota Regional Parks & Trails","Greater MN","Regional Park",TRUE,"Spring-2020",3931
"Big Elk Lake County park","Greater Minnesota Regional Parks & Trails","Greater MN","Regional Park",TRUE,"Spring-2021",9946
"Big Elk Lake County park","Greater Minnesota Regional Parks & Trails","Greater MN","Regional Park",TRUE,"Summer-2018",5724
"Big Elk Lake County park","Greater Minnesota Regional Parks & Trails","Greater MN","Regional Park",TRUE,"Summer-2019",6112
"Big Elk Lake County park","Greater Minnesota Regional Parks & Trails","Greater MN","Regional Park",TRUE,"Summer-2020",6110
"Big Elk Lake County park","Greater Minnesota Regional Parks & Trails","Greater MN","Regional Park",TRUE,"Summer-2021",8617
"Big Elk Lake County park","Greater Minnesota Regional Parks & Trails","Greater MN","Regional Park",TRUE,"Winter-2018",5290
"Big Elk Lake County park","Greater Minnesota Regional Parks & Trails","Greater MN","Regional Park",TRUE,"Winter-2019",3591
"Big Elk Lake County park","Greater Minnesota Regional Parks & Trails","Greater MN","Regional Park",TRUE,"Winter-2020",5834
"Big Elk Lake County park","Greater Minnesota Regional Parks & Trails","Greater MN","Regional Park",TRUE,"Winter-2021",7551
"Big Elk Lake County park","Greater Minnesota Regional Parks & Trails","Greater MN","Regional Park",TRUE,"Winter-2022",1714
"Big Falls Campground and Horse Camp","Greater Minnesota Regional Parks & Trails","Greater MN","Regional Park",TRUE,"Fall-2018",3854
"Big Falls Campground and Horse Camp","Greater Minnesota Regional Parks & Trails","Greater MN","Regional Park",TRUE,"Fall-2019",2687
"Big Falls Campground and Horse Camp","Greater Minnesota Regional Parks & Trails","Greater MN","Regional Park",TRUE,"Fall-2020",3498
"Big Falls Campground and Horse Camp","Greater Minnesota Regional Parks & Trails","Greater MN","Regional Park",TRUE,"Fall-2021",3990
"Big Falls Campground and Horse Camp","Greater Minnesota Regional Parks & Trails","Greater MN","Regional Park",TRUE,"Spring-2018",3958
"Big Falls Campground and Horse Camp","Greater Minnesota Regional Parks & Trails","Greater MN","Regional Park",TRUE,"Spring-2019",2931
"Big Falls Campground and Horse Camp","Greater Minnesota Regional Parks & Trails","Greater MN","Regional Park",TRUE,"Spring-2020",3419
"Big Falls Campground and Horse Camp","Greater Minnesota Regional Parks & Trails","Greater MN","Regional Park",TRUE,"Spring-2021",5440
"Big Falls Campground and Horse Camp","Greater Minnesota Regional Parks & Trails","Greater MN","Regional Park",TRUE,"Summer-2018",8430
"Big Falls Campground and Horse Camp","Greater Minnesota Regional Parks & Trails","Greater MN","Regional Park",TRUE,"Summer-2019",8382
"Big Falls Campground and Horse Camp","Greater Minnesota Regional Parks & Trails","Greater MN","Regional Park",TRUE,"Summer-2020",9444
"Big Falls Campground and Horse Camp","Greater Minnesota Regional Parks & Trails","Greater MN","Regional Park",TRUE,"Summer-2021",11212
"Big Falls Campground and Horse Camp","Greater Minnesota Regional Parks & Trails","Greater MN","Regional Park",TRUE,"Winter-2018",2313
"Big Falls Campground and Horse Camp","Greater Minnesota Regional Parks & Trails","Greater MN","Regional Park",TRUE,"Winter-2019",850
"Big Falls Campground and Horse Camp","Greater Minnesota Regional Parks & Trails","Greater MN","Regional Park",TRUE,"Winter-2020",613
"Big Falls Campground and Horse Camp","Greater Minnesota Regional Parks & Trails","Greater MN","Regional Park",TRUE,"Winter-2021",2178
"Big Falls Campground and Horse Camp","Greater Minnesota Regional Parks & Trails","Greater MN","Regional Park",TRUE,"Winter-2022",203
"Big Marine","Metropolitan Regional Park System","Washington County Parks","Regional Park",TRUE,"Fall-2018",4422
"Big Marine","Metropolitan Regional Park System","Washington County Parks","Regional Park",TRUE,"Fall-2019",3532
"Big Marine","Metropolitan Regional Park System","Washington County Parks","Regional Park",TRUE,"Fall-2020",5127
"Big Marine","Metropolitan Regional Park System","Washington County Parks","Regional Park",TRUE,"Fall-2021",4138
"Big Marine","Metropolitan Regional Park System","Washington County Parks","Regional Park",TRUE,"Spring-2018",6889
"Big Marine","Metropolitan Regional Park System","Washington County Parks","Regional Park",TRUE,"Spring-2019",5804
"Big Marine","Metropolitan Regional Park System","Washington County Parks","Regional Park",TRUE,"Spring-2020",7601
"Big Marine","Metropolitan Regional Park System","Washington County Parks","Regional Park",TRUE,"Spring-2021",8509
"Big Marine","Metropolitan Regional Park System","Washington County Parks","Regional Park",TRUE,"Summer-2018",24227
"Big Marine","Metropolitan Regional Park System","Washington County Parks","Regional Park",TRUE,"Summer-2019",30694
"Big Marine","Metropolitan Regional Park System","Washington County Parks","Regional Park",TRUE,"Summer-2020",38623
"Big Marine","Metropolitan Regional Park System","Washington County Parks","Regional Park",TRUE,"Summer-2021",27025
"Big Marine","Metropolitan Regional Park System","Washington County Parks","Regional Park",TRUE,"Winter-2018",1201
"Big Marine","Metropolitan Regional Park System","Washington County Parks","Regional Park",TRUE,"Winter-2019",547
"Big Marine","Metropolitan Regional Park System","Washington County Parks","Regional Park",TRUE,"Winter-2020",1796
"Big Marine","Metropolitan Regional Park System","Washington County Parks","Regional Park",TRUE,"Winter-2021",1148
"Big Marine","Metropolitan Regional Park System","Washington County Parks","Regional Park",TRUE,"Winter-2022",195
"Big Stone Lake","Department of Natural Resources State Park","DNR","State Park",TRUE,"Fall-2018",4568
"Big Stone Lake","Department of Natural Resources State Park","DNR","State Park",TRUE,"Fall-2019",4527
"Big Stone Lake","Department of Natural Resources State Park","DNR","State Park",TRUE,"Fall-2020",4496
"Big Stone Lake","Department of Natural Resources State Park","DNR","State Park",TRUE,"Fall-2021",7904
"Big Stone Lake","Department of Natural Resources State Park","DNR","State Park",TRUE,"Spring-2018",5078
"Big Stone Lake","Department of Natural Resources State Park","DNR","State Park",TRUE,"Spring-2019",3622
"Big Stone Lake","Department of Natural Resources State Park","DNR","State Park",TRUE,"Spring-2020",3423
"Big Stone Lake","Department of Natural Resources State Park","DNR","State Park",TRUE,"Spring-2021",6127
"Big Stone Lake","Department of Natural Resources State Park","DNR","State Park",TRUE,"Summer-2018",11063
"Big Stone Lake","Department of Natural Resources State Park","DNR","State Park",TRUE,"Summer-2019",12728
"Big Stone Lake","Department of Natural Resources State Park","DNR","State Park",TRUE,"Summer-2020",12418
"Big Stone Lake","Department of Natural Resources State Park","DNR","State Park",TRUE,"Summer-2021",10523
"Big Stone Lake","Department of Natural Resources State Park","DNR","State Park",TRUE,"Winter-2018",2045
"Big Stone Lake","Department of Natural Resources State Park","DNR","State Park",TRUE,"Winter-2019",1586
"Big Stone Lake","Department of Natural Resources State Park","DNR","State Park",TRUE,"Winter-2020",1971
"Big Stone Lake","Department of Natural Resources State Park","DNR","State Park",TRUE,"Winter-2021",1286
"Big Stone Lake","Department of Natural Resources State Park","DNR","State Park",TRUE,"Winter-2022",1035
"Blue Mounds","Department of Natural Resources State Park","DNR","State Park",TRUE,"Fall-2018",9719
"Blue Mounds","Department of Natural Resources State Park","DNR","State Park",TRUE,"Fall-2019",7136
"Blue Mounds","Department of Natural Resources State Park","DNR","State Park",TRUE,"Fall-2020",11087
"Blue Mounds","Department of Natural Resources State Park","DNR","State Park",TRUE,"Fall-2021",6651
"Blue Mounds","Department of Natural Resources State Park","DNR","State Park",TRUE,"Spring-2018",6418
"Blue Mounds","Department of Natural Resources State Park","DNR","State Park",TRUE,"Spring-2019",7323
"Blue Mounds","Department of Natural Resources State Park","DNR","State Park",TRUE,"Spring-2020",10885
"Blue Mounds","Department of Natural Resources State Park","DNR","State Park",TRUE,"Spring-2021",10150
"Blue Mounds","Department of Natural Resources State Park","DNR","State Park",TRUE,"Summer-2018",28314
"Blue Mounds","Department of Natural Resources State Park","DNR","State Park",TRUE,"Summer-2019",26070
"Blue Mounds","Department of Natural Resources State Park","DNR","State Park",TRUE,"Summer-2020",28686
"Blue Mounds","Department of Natural Resources State Park","DNR","State Park",TRUE,"Summer-2021",19272
"Blue Mounds","Department of Natural Resources State Park","DNR","State Park",TRUE,"Winter-2018",1816
"Blue Mounds","Department of Natural Resources State Park","DNR","State Park",TRUE,"Winter-2019",3077
"Blue Mounds","Department of Natural Resources State Park","DNR","State Park",TRUE,"Winter-2020",1443
"Blue Mounds","Department of Natural Resources State Park","DNR","State Park",TRUE,"Winter-2021",2185
"Blue Mounds","Department of Natural Resources State Park","DNR","State Park",TRUE,"Winter-2022",384
"Bluffs Traverse","Greater Minnesota Regional Parks & Trails","Greater MN","Regional Park",TRUE,"Fall-2018",58255
"Bluffs Traverse","Greater Minnesota Regional Parks & Trails","Greater MN","Regional Park",TRUE,"Fall-2019",87354
"Bluffs Traverse","Greater Minnesota Regional Parks & Trails","Greater MN","Regional Park",TRUE,"Fall-2020",83673
"Bluffs Traverse","Greater Minnesota Regional Parks & Trails","Greater MN","Regional Park",TRUE,"Fall-2021",59784
"Bluffs Traverse","Greater Minnesota Regional Parks & Trails","Greater MN","Regional Park",TRUE,"Spring-2018",50201
"Bluffs Traverse","Greater Minnesota Regional Parks & Trails","Greater MN","Regional Park",TRUE,"Spring-2019",77564
"Bluffs Traverse","Greater Minnesota Regional Parks & Trails","Greater MN","Regional Park",TRUE,"Spring-2020",46188
"Bluffs Traverse","Greater Minnesota Regional Parks & Trails","Greater MN","Regional Park",TRUE,"Spring-2021",79491
"Bluffs Traverse","Greater Minnesota Regional Parks & Trails","Greater MN","Regional Park",TRUE,"Summer-2018",62199
"Bluffs Traverse","Greater Minnesota Regional Parks & Trails","Greater MN","Regional Park",TRUE,"Summer-2019",87603
"Bluffs Traverse","Greater Minnesota Regional Parks & Trails","Greater MN","Regional Park",TRUE,"Summer-2020",85901
"Bluffs Traverse","Greater Minnesota Regional Parks & Trails","Greater MN","Regional Park",TRUE,"Summer-2021",62405
"Bluffs Traverse","Greater Minnesota Regional Parks & Trails","Greater MN","Regional Park",TRUE,"Winter-2018",43360
"Bluffs Traverse","Greater Minnesota Regional Parks & Trails","Greater MN","Regional Park",TRUE,"Winter-2019",67597
"Bluffs Traverse","Greater Minnesota Regional Parks & Trails","Greater MN","Regional Park",TRUE,"Winter-2020",63446
"Bluffs Traverse","Greater Minnesota Regional Parks & Trails","Greater MN","Regional Park",TRUE,"Winter-2021",45851
"Bluffs Traverse","Greater Minnesota Regional Parks & Trails","Greater MN","Regional Park",TRUE,"Winter-2022",9852
"Bryant Lake","Metropolitan Regional Park System","Three Rivers Park District","Regional Park",TRUE,"Fall-2018",19021
"Bryant Lake","Metropolitan Regional Park System","Three Rivers Park District","Regional Park",TRUE,"Fall-2019",18114
"Bryant Lake","Metropolitan Regional Park System","Three Rivers Park District","Regional Park",TRUE,"Fall-2020",28890
"Bryant Lake","Metropolitan Regional Park System","Three Rivers Park District","Regional Park",TRUE,"Fall-2021",27280
"Bryant Lake","Metropolitan Regional Park System","Three Rivers Park District","Regional Park",TRUE,"Spring-2018",21135
"Bryant Lake","Metropolitan Regional Park System","Three Rivers Park District","Regional Park",TRUE,"Spring-2019",20100
"Bryant Lake","Metropolitan Regional Park System","Three Rivers Park District","Regional Park",TRUE,"Spring-2020",21196
"Bryant Lake","Metropolitan Regional Park System","Three Rivers Park District","Regional Park",TRUE,"Spring-2021",34290
"Bryant Lake","Metropolitan Regional Park System","Three Rivers Park District","Regional Park",TRUE,"Summer-2018",63306
"Bryant Lake","Metropolitan Regional Park System","Three Rivers Park District","Regional Park",TRUE,"Summer-2019",60889
"Bryant Lake","Metropolitan Regional Park System","Three Rivers Park District","Regional Park",TRUE,"Summer-2020",66890
"Bryant Lake","Metropolitan Regional Park System","Three Rivers Park District","Regional Park",TRUE,"Summer-2021",68162
"Bryant Lake","Metropolitan Regional Park System","Three Rivers Park District","Regional Park",TRUE,"Winter-2018",8781
"Bryant Lake","Metropolitan Regional Park System","Three Rivers Park District","Regional Park",TRUE,"Winter-2019",9034
"Bryant Lake","Metropolitan Regional Park System","Three Rivers Park District","Regional Park",TRUE,"Winter-2020",12551
"Bryant Lake","Metropolitan Regional Park System","Three Rivers Park District","Regional Park",TRUE,"Winter-2021",19167
"Bryant Lake","Metropolitan Regional Park System","Three Rivers Park District","Regional Park",TRUE,"Winter-2022",4262
"Buffalo River","Department of Natural Resources State Park","DNR","State Park",TRUE,"Fall-2018",5213
"Buffalo River","Department of Natural Resources State Park","DNR","State Park",TRUE,"Fall-2019",5038
"Buffalo River","Department of Natural Resources State Park","DNR","State Park",TRUE,"Fall-2020",9346
"Buffalo River","Department of Natural Resources State Park","DNR","State Park",TRUE,"Fall-2021",8506
"Buffalo River","Department of Natural Resources State Park","DNR","State Park",TRUE,"Spring-2018",8876
"Buffalo River","Department of Natural Resources State Park","DNR","State Park",TRUE,"Spring-2019",4750
"Buffalo River","Department of Natural Resources State Park","DNR","State Park",TRUE,"Spring-2020",8254
"Buffalo River","Department of Natural Resources State Park","DNR","State Park",TRUE,"Spring-2021",7113
"Buffalo River","Department of Natural Resources State Park","DNR","State Park",TRUE,"Summer-2018",32208
"Buffalo River","Department of Natural Resources State Park","DNR","State Park",TRUE,"Summer-2019",14109
"Buffalo River","Department of Natural Resources State Park","DNR","State Park",TRUE,"Summer-2020",13890
"Buffalo River","Department of Natural Resources State Park","DNR","State Park",TRUE,"Summer-2021",12086
"Buffalo River","Department of Natural Resources State Park","DNR","State Park",TRUE,"Winter-2018",1712
"Buffalo River","Department of Natural Resources State Park","DNR","State Park",TRUE,"Winter-2019",1397
"Buffalo River","Department of Natural Resources State Park","DNR","State Park",TRUE,"Winter-2020",687
"Buffalo River","Department of Natural Resources State Park","DNR","State Park",TRUE,"Winter-2021",2615
"Buffalo River","Department of Natural Resources State Park","DNR","State Park",TRUE,"Winter-2022",125
"Bunker Hills","Metropolitan Regional Park System","Anoka County Parks and Recreation","Regional Park",TRUE,"Fall-2018",71319
"Bunker Hills","Metropolitan Regional Park System","Anoka County Parks and Recreation","Regional Park",TRUE,"Fall-2019",104525
"Bunker Hills","Metropolitan Regional Park System","Anoka County Parks and Recreation","Regional Park",TRUE,"Fall-2020",104173
"Bunker Hills","Metropolitan Regional Park System","Anoka County Parks and Recreation","Regional Park",TRUE,"Fall-2021",138656
"Bunker Hills","Metropolitan Regional Park System","Anoka County Parks and Recreation","Regional Park",TRUE,"Spring-2018",59034
"Bunker Hills","Metropolitan Regional Park System","Anoka County Parks and Recreation","Regional Park",TRUE,"Spring-2019",119585
"Bunker Hills","Metropolitan Regional Park System","Anoka County Parks and Recreation","Regional Park",TRUE,"Spring-2020",121967
"Bunker Hills","Metropolitan Regional Park System","Anoka County Parks and Recreation","Regional Park",TRUE,"Spring-2021",169644
"Bunker Hills","Metropolitan Regional Park System","Anoka County Parks and Recreation","Regional Park",TRUE,"Summer-2018",163168
"Bunker Hills","Metropolitan Regional Park System","Anoka County Parks and Recreation","Regional Park",TRUE,"Summer-2019",232901
"Bunker Hills","Metropolitan Regional Park System","Anoka County Parks and Recreation","Regional Park",TRUE,"Summer-2020",166456
"Bunker Hills","Metropolitan Regional Park System","Anoka County Parks and Recreation","Regional Park",TRUE,"Summer-2021",278661
"Bunker Hills","Metropolitan Regional Park System","Anoka County Parks and Recreation","Regional Park",TRUE,"Winter-2018",31866
"Bunker Hills","Metropolitan Regional Park System","Anoka County Parks and Recreation","Regional Park",TRUE,"Winter-2019",50199
"Bunker Hills","Metropolitan Regional Park System","Anoka County Parks and Recreation","Regional Park",TRUE,"Winter-2020",63295
"Bunker Hills","Metropolitan Regional Park System","Anoka County Parks and Recreation","Regional Park",TRUE,"Winter-2021",69543
"Bunker Hills","Metropolitan Regional Park System","Anoka County Parks and Recreation","Regional Park",TRUE,"Winter-2022",25319
"Camden","Department of Natural Resources State Park","DNR","State Park",TRUE,"Fall-2018",7889
"Camden","Department of Natural Resources State Park","DNR","State Park",TRUE,"Fall-2019",10219
"Camden","Department of Natural Resources State Park","DNR","State Park",TRUE,"Fall-2020",10998
"Camden","Department of Natural Resources State Park","DNR","State Park",TRUE,"Fall-2021",7502
"Camden","Department of Natural Resources State Park","DNR","State Park",TRUE,"Spring-2018",5632
"Camden","Department of Natural Resources State Park","DNR","State Park",TRUE,"Spring-2019",5608
"Camden","Department of Natural Resources State Park","DNR","State Park",TRUE,"Spring-2020",8691
"Camden","Department of Natural Resources State Park","DNR","State Park",TRUE,"Spring-2021",7105
"Camden","Department of Natural Resources State Park","DNR","State Park",TRUE,"Summer-2018",21394
"Camden","Department of Natural Resources State Park","DNR","State Park",TRUE,"Summer-2019",22588
"Camden","Department of Natural Resources State Park","DNR","State Park",TRUE,"Summer-2020",23627
"Camden","Department of Natural Resources State Park","DNR","State Park",TRUE,"Summer-2021",17753
"Camden","Department of Natural Resources State Park","DNR","State Park",TRUE,"Winter-2018",2981
"Camden","Department of Natural Resources State Park","DNR","State Park",TRUE,"Winter-2019",599
"Camden","Department of Natural Resources State Park","DNR","State Park",TRUE,"Winter-2020",1172
"Camden","Department of Natural Resources State Park","DNR","State Park",TRUE,"Winter-2021",1348
"Camden","Department of Natural Resources State Park","DNR","State Park",TRUE,"Winter-2022",156
"Caribou Falls","Department of Natural Resources State Park","DNR","State Wayside",TRUE,"Fall-2018",5225
"Caribou Falls","Department of Natural Resources State Park","DNR","State Wayside",TRUE,"Fall-2019",3987
"Caribou Falls","Department of Natural Resources State Park","DNR","State Wayside",TRUE,"Fall-2020",4931
"Caribou Falls","Department of Natural Resources State Park","DNR","State Wayside",TRUE,"Fall-2021",2806
"Caribou Falls","Department of Natural Resources State Park","DNR","State Wayside",TRUE,"Spring-2018",5665
"Caribou Falls","Department of Natural Resources State Park","DNR","State Wayside",TRUE,"Spring-2019",2845
"Caribou Falls","Department of Natural Resources State Park","DNR","State Wayside",TRUE,"Spring-2020",1719
"Caribou Falls","Department of Natural Resources State Park","DNR","State Wayside",TRUE,"Spring-2021",4490
"Caribou Falls","Department of Natural Resources State Park","DNR","State Wayside",TRUE,"Summer-2018",8379
"Caribou Falls","Department of Natural Resources State Park","DNR","State Wayside",TRUE,"Summer-2019",9309
"Caribou Falls","Department of Natural Resources State Park","DNR","State Wayside",TRUE,"Summer-2020",10293
"Caribou Falls","Department of Natural Resources State Park","DNR","State Wayside",TRUE,"Summer-2021",7790
"Caribou Falls","Department of Natural Resources State Park","DNR","State Wayside",TRUE,"Winter-2018",5498
"Caribou Falls","Department of Natural Resources State Park","DNR","State Wayside",TRUE,"Winter-2019",2829
"Caribou Falls","Department of Natural Resources State Park","DNR","State Wayside",TRUE,"Winter-2020",648
"Caribou Falls","Department of Natural Resources State Park","DNR","State Wayside",TRUE,"Winter-2021",1170
"Caribou Falls","Department of Natural Resources State Park","DNR","State Wayside",TRUE,"Winter-2022",302
"Carley","Department of Natural Resources State Park","DNR","State Park",TRUE,"Fall-2018",1975
"Carley","Department of Natural Resources State Park","DNR","State Park",TRUE,"Fall-2019",2377
"Carley","Department of Natural Resources State Park","DNR","State Park",TRUE,"Fall-2020",5182
"Carley","Department of Natural Resources State Park","DNR","State Park",TRUE,"Fall-2021",2163
"Carley","Department of Natural Resources State Park","DNR","State Park",TRUE,"Spring-2018",2956
"Carley","Department of Natural Resources State Park","DNR","State Park",TRUE,"Spring-2019",3479
"Carley","Department of Natural Resources State Park","DNR","State Park",TRUE,"Spring-2020",7926
"Carley","Department of Natural Resources State Park","DNR","State Park",TRUE,"Spring-2021",5825
"Carley","Department of Natural Resources State Park","DNR","State Park",TRUE,"Summer-2018",5098
"Carley","Department of Natural Resources State Park","DNR","State Park",TRUE,"Summer-2019",3851
"Carley","Department of Natural Resources State Park","DNR","State Park",TRUE,"Summer-2020",5932
"Carley","Department of Natural Resources State Park","DNR","State Park",TRUE,"Summer-2021",4503
"Carley","Department of Natural Resources State Park","DNR","State Park",TRUE,"Winter-2018",2758
"Carley","Department of Natural Resources State Park","DNR","State Park",TRUE,"Winter-2019",900
"Carley","Department of Natural Resources State Park","DNR","State Park",TRUE,"Winter-2020",1269
"Carley","Department of Natural Resources State Park","DNR","State Park",TRUE,"Winter-2021",2410
"Carley","Department of Natural Resources State Park","DNR","State Park",TRUE,"Winter-2022",364
"Carver","Metropolitan Regional Park System","Three Rivers Park District","Regional Park",TRUE,"Fall-2018",31320
"Carver","Metropolitan Regional Park System","Three Rivers Park District","Regional Park",TRUE,"Fall-2019",37034
"Carver","Metropolitan Regional Park System","Three Rivers Park District","Regional Park",TRUE,"Fall-2020",64047
"Carver","Metropolitan Regional Park System","Three Rivers Park District","Regional Park",TRUE,"Fall-2021",41089
"Carver","Metropolitan Regional Park System","Three Rivers Park District","Regional Park",TRUE,"Spring-2018",32095
"Carver","Metropolitan Regional Park System","Three Rivers Park District","Regional Park",TRUE,"Spring-2019",32027
"Carver","Metropolitan Regional Park System","Three Rivers Park District","Regional Park",TRUE,"Spring-2020",62568
"Carver","Metropolitan Regional Park System","Three Rivers Park District","Regional Park",TRUE,"Spring-2021",50116
"Carver","Metropolitan Regional Park System","Three Rivers Park District","Regional Park",TRUE,"Summer-2018",53344
"Carver","Metropolitan Regional Park System","Three Rivers Park District","Regional Park",TRUE,"Summer-2019",56614
"Carver","Metropolitan Regional Park System","Three Rivers Park District","Regional Park",TRUE,"Summer-2020",79490
"Carver","Metropolitan Regional Park System","Three Rivers Park District","Regional Park",TRUE,"Summer-2021",69917
"Carver","Metropolitan Regional Park System","Three Rivers Park District","Regional Park",TRUE,"Winter-2018",17997
"Carver","Metropolitan Regional Park System","Three Rivers Park District","Regional Park",TRUE,"Winter-2019",22875
"Carver","Metropolitan Regional Park System","Three Rivers Park District","Regional Park",TRUE,"Winter-2020",30098
"Carver","Metropolitan Regional Park System","Three Rivers Park District","Regional Park",TRUE,"Winter-2021",53793
"Carver","Metropolitan Regional Park System","Three Rivers Park District","Regional Park",TRUE,"Winter-2022",4943
"Cascade Lake Park","Greater Minnesota Regional Parks & Trails","Greater MN","Regional Park",TRUE,"Fall-2018",887
"Cascade Lake Park","Greater Minnesota Regional Parks & Trails","Greater MN","Regional Park",TRUE,"Fall-2019",860
"Cascade Lake Park","Greater Minnesota Regional Parks & Trails","Greater MN","Regional Park",TRUE,"Fall-2020",4749
"Cascade Lake Park","Greater Minnesota Regional Parks & Trails","Greater MN","Regional Park",TRUE,"Fall-2021",6740
"Cascade Lake Park","Greater Minnesota Regional Parks & Trails","Greater MN","Regional Park",TRUE,"Spring-2018",986
"Cascade Lake Park","Greater Minnesota Regional Parks & Trails","Greater MN","Regional Park",TRUE,"Spring-2019",1167
"Cascade Lake Park","Greater Minnesota Regional Parks & Trails","Greater MN","Regional Park",TRUE,"Spring-2020",1610
"Cascade Lake Park","Greater Minnesota Regional Parks & Trails","Greater MN","Regional Park",TRUE,"Spring-2021",7398
"Cascade Lake Park","Greater Minnesota Regional Parks & Trails","Greater MN","Regional Park",TRUE,"Summer-2018",1381
"Cascade Lake Park","Greater Minnesota Regional Parks & Trails","Greater MN","Regional Park",TRUE,"Summer-2019",1172
"Cascade Lake Park","Greater Minnesota Regional Parks & Trails","Greater MN","Regional Park",TRUE,"Summer-2020",23573
"Cascade Lake Park","Greater Minnesota Regional Parks & Trails","Greater MN","Regional Park",TRUE,"Summer-2021",15368
"Cascade Lake Park","Greater Minnesota Regional Parks & Trails","Greater MN","Regional Park",TRUE,"Winter-2018",908
"Cascade Lake Park","Greater Minnesota Regional Parks & Trails","Greater MN","Regional Park",TRUE,"Winter-2019",730
"Cascade Lake Park","Greater Minnesota Regional Parks & Trails","Greater MN","Regional Park",TRUE,"Winter-2020",571
"Cascade Lake Park","Greater Minnesota Regional Parks & Trails","Greater MN","Regional Park",TRUE,"Winter-2021",1883
"Cascade Lake Park","Greater Minnesota Regional Parks & Trails","Greater MN","Regional Park",TRUE,"Winter-2022",673
"Cascade River","Department of Natural Resources State Park","DNR","State Park",TRUE,"Fall-2018",18474
"Cascade River","Department of Natural Resources State Park","DNR","State Park",TRUE,"Fall-2019",21604
"Cascade River","Department of Natural Resources State Park","DNR","State Park",TRUE,"Fall-2020",26734
"Cascade River","Department of Natural Resources State Park","DNR","State Park",TRUE,"Fall-2021",19841
"Cascade River","Department of Natural Resources State Park","DNR","State Park",TRUE,"Spring-2018",16218
"Cascade River","Department of Natural Resources State Park","DNR","State Park",TRUE,"Spring-2019",13523
"Cascade River","Department of Natural Resources State Park","DNR","State Park",TRUE,"Spring-2020",8314
"Cascade River","Department of Natural Resources State Park","DNR","State Park",TRUE,"Spring-2021",27337
"Cascade River","Department of Natural Resources State Park","DNR","State Park",TRUE,"Summer-2018",38672
"Cascade River","Department of Natural Resources State Park","DNR","State Park",TRUE,"Summer-2019",44915
"Cascade River","Department of Natural Resources State Park","DNR","State Park",TRUE,"Summer-2020",52572
"Cascade River","Department of Natural Resources State Park","DNR","State Park",TRUE,"Summer-2021",47878
"Cascade River","Department of Natural Resources State Park","DNR","State Park",TRUE,"Winter-2018",7345
"Cascade River","Department of Natural Resources State Park","DNR","State Park",TRUE,"Winter-2019",4273
"Cascade River","Department of Natural Resources State Park","DNR","State Park",TRUE,"Winter-2020",5140
"Cascade River","Department of Natural Resources State Park","DNR","State Park",TRUE,"Winter-2021",8593
"Cascade River","Department of Natural Resources State Park","DNR","State Park",TRUE,"Winter-2022",1306
"Cedar Lake Farm","Metropolitan Regional Park System","Scott County Parks","Regional Park",TRUE,"Fall-2018",3142
"Cedar Lake Farm","Metropolitan Regional Park System","Scott County Parks","Regional Park",TRUE,"Fall-2019",3548
"Cedar Lake Farm","Metropolitan Regional Park System","Scott County Parks","Regional Park",TRUE,"Fall-2020",8160
"Cedar Lake Farm","Metropolitan Regional Park System","Scott County Parks","Regional Park",TRUE,"Fall-2021",9148
"Cedar Lake Farm","Metropolitan Regional Park System","Scott County Parks","Regional Park",TRUE,"Spring-2018",4389
"Cedar Lake Farm","Metropolitan Regional Park System","Scott County Parks","Regional Park",TRUE,"Spring-2019",4070
"Cedar Lake Farm","Metropolitan Regional Park System","Scott County Parks","Regional Park",TRUE,"Spring-2020",14026
"Cedar Lake Farm","Metropolitan Regional Park System","Scott County Parks","Regional Park",TRUE,"Spring-2021",11459
"Cedar Lake Farm","Metropolitan Regional Park System","Scott County Parks","Regional Park",TRUE,"Summer-2018",16317
"Cedar Lake Farm","Metropolitan Regional Park System","Scott County Parks","Regional Park",TRUE,"Summer-2019",19437
"Cedar Lake Farm","Metropolitan Regional Park System","Scott County Parks","Regional Park",TRUE,"Summer-2020",26998
"Cedar Lake Farm","Metropolitan Regional Park System","Scott County Parks","Regional Park",TRUE,"Summer-2021",22016
"Cedar Lake Farm","Metropolitan Regional Park System","Scott County Parks","Regional Park",TRUE,"Winter-2018",1668
"Cedar Lake Farm","Metropolitan Regional Park System","Scott County Parks","Regional Park",TRUE,"Winter-2019",978
"Cedar Lake Farm","Metropolitan Regional Park System","Scott County Parks","Regional Park",TRUE,"Winter-2020",1706
"Cedar Lake Farm","Metropolitan Regional Park System","Scott County Parks","Regional Park",TRUE,"Winter-2021",3678
"Cedar Lake Farm","Metropolitan Regional Park System","Scott County Parks","Regional Park",TRUE,"Winter-2022",554
"Central Mississippi Riverfront","Metropolitan Regional Park System","Minneapolis Park and Recreation Board","Regional Park",TRUE,"Fall-2018",137519
"Central Mississippi Riverfront","Metropolitan Regional Park System","Minneapolis Park and Recreation Board","Regional Park",TRUE,"Fall-2019",170212
"Central Mississippi Riverfront","Metropolitan Regional Park System","Minneapolis Park and Recreation Board","Regional Park",TRUE,"Fall-2020",192914
"Central Mississippi Riverfront","Metropolitan Regional Park System","Minneapolis Park and Recreation Board","Regional Park",TRUE,"Fall-2021",182919
"Central Mississippi Riverfront","Metropolitan Regional Park System","Minneapolis Park and Recreation Board","Regional Park",TRUE,"Spring-2018",162155
"Central Mississippi Riverfront","Metropolitan Regional Park System","Minneapolis Park and Recreation Board","Regional Park",TRUE,"Spring-2019",187810
"Central Mississippi Riverfront","Metropolitan Regional Park System","Minneapolis Park and Recreation Board","Regional Park",TRUE,"Spring-2020",137329
"Central Mississippi Riverfront","Metropolitan Regional Park System","Minneapolis Park and Recreation Board","Regional Park",TRUE,"Spring-2021",228832
"Central Mississippi Riverfront","Metropolitan Regional Park System","Minneapolis Park and Recreation Board","Regional Park",TRUE,"Summer-2018",271319
"Central Mississippi Riverfront","Metropolitan Regional Park System","Minneapolis Park and Recreation Board","Regional Park",TRUE,"Summer-2019",354134
"Central Mississippi Riverfront","Metropolitan Regional Park System","Minneapolis Park and Recreation Board","Regional Park",TRUE,"Summer-2020",292242
"Central Mississippi Riverfront","Metropolitan Regional Park System","Minneapolis Park and Recreation Board","Regional Park",TRUE,"Summer-2021",304345
"Central Mississippi Riverfront","Metropolitan Regional Park System","Minneapolis Park and Recreation Board","Regional Park",TRUE,"Winter-2018",91634
"Central Mississippi Riverfront","Metropolitan Regional Park System","Minneapolis Park and Recreation Board","Regional Park",TRUE,"Winter-2019",71824
"Central Mississippi Riverfront","Metropolitan Regional Park System","Minneapolis Park and Recreation Board","Regional Park",TRUE,"Winter-2020",65858
"Central Mississippi Riverfront","Metropolitan Regional Park System","Minneapolis Park and Recreation Board","Regional Park",TRUE,"Winter-2021",85239
"Central Mississippi Riverfront","Metropolitan Regional Park System","Minneapolis Park and Recreation Board","Regional Park",TRUE,"Winter-2022",16805
"Charles A Lindbergh","Department of Natural Resources State Park","DNR","State Park",TRUE,"Fall-2018",2251
"Charles A Lindbergh","Department of Natural Resources State Park","DNR","State Park",TRUE,"Fall-2019",4224
"Charles A Lindbergh","Department of Natural Resources State Park","DNR","State Park",TRUE,"Fall-2020",4279
"Charles A Lindbergh","Department of Natural Resources State Park","DNR","State Park",TRUE,"Fall-2021",3977
"Charles A Lindbergh","Department of Natural Resources State Park","DNR","State Park",TRUE,"Spring-2018",2795
"Charles A Lindbergh","Department of Natural Resources State Park","DNR","State Park",TRUE,"Spring-2019",2603
"Charles A Lindbergh","Department of Natural Resources State Park","DNR","State Park",TRUE,"Spring-2020",5066
"Charles A Lindbergh","Department of Natural Resources State Park","DNR","State Park",TRUE,"Spring-2021",4793
"Charles A Lindbergh","Department of Natural Resources State Park","DNR","State Park",TRUE,"Summer-2018",6284
"Charles A Lindbergh","Department of Natural Resources State Park","DNR","State Park",TRUE,"Summer-2019",10634
"Charles A Lindbergh","Department of Natural Resources State Park","DNR","State Park",TRUE,"Summer-2020",9852
"Charles A Lindbergh","Department of Natural Resources State Park","DNR","State Park",TRUE,"Summer-2021",6438
"Charles A Lindbergh","Department of Natural Resources State Park","DNR","State Park",TRUE,"Winter-2018",853
"Charles A Lindbergh","Department of Natural Resources State Park","DNR","State Park",TRUE,"Winter-2019",888
"Charles A Lindbergh","Department of Natural Resources State Park","DNR","State Park",TRUE,"Winter-2020",1113
"Charles A Lindbergh","Department of Natural Resources State Park","DNR","State Park",TRUE,"Winter-2021",2333
"Charles A Lindbergh","Department of Natural Resources State Park","DNR","State Park",TRUE,"Winter-2022",167
"Chester Woods Park","Greater Minnesota Regional Parks & Trails","Greater MN","Regional Park",TRUE,"Fall-2018",10991
"Chester Woods Park","Greater Minnesota Regional Parks & Trails","Greater MN","Regional Park",TRUE,"Fall-2019",8940
"Chester Woods Park","Greater Minnesota Regional Parks & Trails","Greater MN","Regional Park",TRUE,"Fall-2020",9444
"Chester Woods Park","Greater Minnesota Regional Parks & Trails","Greater MN","Regional Park",TRUE,"Fall-2021",10211
"Chester Woods Park","Greater Minnesota Regional Parks & Trails","Greater MN","Regional Park",TRUE,"Spring-2018",10875
"Chester Woods Park","Greater Minnesota Regional Parks & Trails","Greater MN","Regional Park",TRUE,"Spring-2019",6786
"Chester Woods Park","Greater Minnesota Regional Parks & Trails","Greater MN","Regional Park",TRUE,"Spring-2020",13070
"Chester Woods Park","Greater Minnesota Regional Parks & Trails","Greater MN","Regional Park",TRUE,"Spring-2021",13626
"Chester Woods Park","Greater Minnesota Regional Parks & Trails","Greater MN","Regional Park",TRUE,"Summer-2018",40813
"Chester Woods Park","Greater Minnesota Regional Parks & Trails","Greater MN","Regional Park",TRUE,"Summer-2019",38705
"Chester Woods Park","Greater Minnesota Regional Parks & Trails","Greater MN","Regional Park",TRUE,"Summer-2020",43107
"Chester Woods Park","Greater Minnesota Regional Parks & Trails","Greater MN","Regional Park",TRUE,"Summer-2021",33977
"Chester Woods Park","Greater Minnesota Regional Parks & Trails","Greater MN","Regional Park",TRUE,"Winter-2018",2045
"Chester Woods Park","Greater Minnesota Regional Parks & Trails","Greater MN","Regional Park",TRUE,"Winter-2019",5131
"Chester Woods Park","Greater Minnesota Regional Parks & Trails","Greater MN","Regional Park",TRUE,"Winter-2020",3696
"Chester Woods Park","Greater Minnesota Regional Parks & Trails","Greater MN","Regional Park",TRUE,"Winter-2021",8244
"Chester Woods Park","Greater Minnesota Regional Parks & Trails","Greater MN","Regional Park",TRUE,"Winter-2022",1171
"Cleary Lake","Metropolitan Regional Park System","Three Rivers Park District","Regional Park",TRUE,"Fall-2018",14601
"Cleary Lake","Metropolitan Regional Park System","Three Rivers Park District","Regional Park",TRUE,"Fall-2019",28346
"Cleary Lake","Metropolitan Regional Park System","Three Rivers Park District","Regional Park",TRUE,"Fall-2020",38370
"Cleary Lake","Metropolitan Regional Park System","Three Rivers Park District","Regional Park",TRUE,"Fall-2021",24382
"Cleary Lake","Metropolitan Regional Park System","Three Rivers Park District","Regional Park",TRUE,"Spring-2018",20276
"Cleary Lake","Metropolitan Regional Park System","Three Rivers Park District","Regional Park",TRUE,"Spring-2019",30001
"Cleary Lake","Metropolitan Regional Park System","Three Rivers Park District","Regional Park",TRUE,"Spring-2020",86503
"Cleary Lake","Metropolitan Regional Park System","Three Rivers Park District","Regional Park",TRUE,"Spring-2021",48827
"Cleary Lake","Metropolitan Regional Park System","Three Rivers Park District","Regional Park",TRUE,"Summer-2018",43744
"Cleary Lake","Metropolitan Regional Park System","Three Rivers Park District","Regional Park",TRUE,"Summer-2019",53909
"Cleary Lake","Metropolitan Regional Park System","Three Rivers Park District","Regional Park",TRUE,"Summer-2020",78838
"Cleary Lake","Metropolitan Regional Park System","Three Rivers Park District","Regional Park",TRUE,"Summer-2021",61356
"Cleary Lake","Metropolitan Regional Park System","Three Rivers Park District","Regional Park",TRUE,"Winter-2018",7085
"Cleary Lake","Metropolitan Regional Park System","Three Rivers Park District","Regional Park",TRUE,"Winter-2019",14330
"Cleary Lake","Metropolitan Regional Park System","Three Rivers Park District","Regional Park",TRUE,"Winter-2020",14671
"Cleary Lake","Metropolitan Regional Park System","Three Rivers Park District","Regional Park",TRUE,"Winter-2021",28462
"Cleary Lake","Metropolitan Regional Park System","Three Rivers Park District","Regional Park",TRUE,"Winter-2022",3009
"Clifton E French","Metropolitan Regional Park System","Three Rivers Park District","Regional Park",TRUE,"Fall-2018",24404
"Clifton E French","Metropolitan Regional Park System","Three Rivers Park District","Regional Park",TRUE,"Fall-2019",39696
"Clifton E French","Metropolitan Regional Park System","Three Rivers Park District","Regional Park",TRUE,"Fall-2020",45992
"Clifton E French","Metropolitan Regional Park System","Three Rivers Park District","Regional Park",TRUE,"Fall-2021",44972
"Clifton E French","Metropolitan Regional Park System","Three Rivers Park District","Regional Park",TRUE,"Spring-2018",19393
"Clifton E French","Metropolitan Regional Park System","Three Rivers Park District","Regional Park",TRUE,"Spring-2019",51665
"Clifton E French","Metropolitan Regional Park System","Three Rivers Park District","Regional Park",TRUE,"Spring-2020",57575
"Clifton E French","Metropolitan Regional Park System","Three Rivers Park District","Regional Park",TRUE,"Spring-2021",63810
"Clifton E French","Metropolitan Regional Park System","Three Rivers Park District","Regional Park",TRUE,"Summer-2018",50664
"Clifton E French","Metropolitan Regional Park System","Three Rivers Park District","Regional Park",TRUE,"Summer-2019",134989
"Clifton E French","Metropolitan Regional Park System","Three Rivers Park District","Regional Park",TRUE,"Summer-2020",133868
"Clifton E French","Metropolitan Regional Park System","Three Rivers Park District","Regional Park",TRUE,"Summer-2021",116001
"Clifton E French","Metropolitan Regional Park System","Three Rivers Park District","Regional Park",TRUE,"Winter-2018",9528
"Clifton E French","Metropolitan Regional Park System","Three Rivers Park District","Regional Park",TRUE,"Winter-2019",23935
"Clifton E French","Metropolitan Regional Park System","Three Rivers Park District","Regional Park",TRUE,"Winter-2020",28394
"Clifton E French","Metropolitan Regional Park System","Three Rivers Park District","Regional Park",TRUE,"Winter-2021",48592
"Clifton E French","Metropolitan Regional Park System","Three Rivers Park District","Regional Park",TRUE,"Winter-2022",6765
"Cohasset Tioga Recreation Area","Greater Minnesota Regional Parks & Trails","Greater MN","Regional Park",TRUE,"Fall-2018",4634
"Cohasset Tioga Recreation Area","Greater Minnesota Regional Parks & Trails","Greater MN","Regional Park",TRUE,"Fall-2019",12566
"Cohasset Tioga Recreation Area","Greater Minnesota Regional Parks & Trails","Greater MN","Regional Park",TRUE,"Fall-2020",15801
"Cohasset Tioga Recreation Area","Greater Minnesota Regional Parks & Trails","Greater MN","Regional Park",TRUE,"Fall-2021",11341
"Cohasset Tioga Recreation Area","Greater Minnesota Regional Parks & Trails","Greater MN","Regional Park",TRUE,"Spring-2018",7372
"Cohasset Tioga Recreation Area","Greater Minnesota Regional Parks & Trails","Greater MN","Regional Park",TRUE,"Spring-2019",4205
"Cohasset Tioga Recreation Area","Greater Minnesota Regional Parks & Trails","Greater MN","Regional Park",TRUE,"Spring-2020",8889
"Cohasset Tioga Recreation Area","Greater Minnesota Regional Parks & Trails","Greater MN","Regional Park",TRUE,"Spring-2021",12962
"Cohasset Tioga Recreation Area","Greater Minnesota Regional Parks & Trails","Greater MN","Regional Park",TRUE,"Summer-2018",18887
"Cohasset Tioga Recreation Area","Greater Minnesota Regional Parks & Trails","Greater MN","Regional Park",TRUE,"Summer-2019",26362
"Cohasset Tioga Recreation Area","Greater Minnesota Regional Parks & Trails","Greater MN","Regional Park",TRUE,"Summer-2020",49759
"Cohasset Tioga Recreation Area","Greater Minnesota Regional Parks & Trails","Greater MN","Regional Park",TRUE,"Summer-2021",40517
"Cohasset Tioga Recreation Area","Greater Minnesota Regional Parks & Trails","Greater MN","Regional Park",TRUE,"Winter-2018",2564
"Cohasset Tioga Recreation Area","Greater Minnesota Regional Parks & Trails","Greater MN","Regional Park",TRUE,"Winter-2019",3144
"Cohasset Tioga Recreation Area","Greater Minnesota Regional Parks & Trails","Greater MN","Regional Park",TRUE,"Winter-2020",5628
"Cohasset Tioga Recreation Area","Greater Minnesota Regional Parks & Trails","Greater MN","Regional Park",TRUE,"Winter-2021",8164
"Cohasset Tioga Recreation Area","Greater Minnesota Regional Parks & Trails","Greater MN","Regional Park",TRUE,"Winter-2022",2603
"Collinwood Park","Greater Minnesota Regional Parks & Trails","Greater MN","Regional Park",TRUE,"Fall-2018",4747
"Collinwood Park","Greater Minnesota Regional Parks & Trails","Greater MN","Regional Park",TRUE,"Fall-2019",4124
"Collinwood Park","Greater Minnesota Regional Parks & Trails","Greater MN","Regional Park",TRUE,"Fall-2020",4811
"Collinwood Park","Greater Minnesota Regional Parks & Trails","Greater MN","Regional Park",TRUE,"Fall-2021",5464
"Collinwood Park","Greater Minnesota Regional Parks & Trails","Greater MN","Regional Park",TRUE,"Spring-2018",4227
"Collinwood Park","Greater Minnesota Regional Parks & Trails","Greater MN","Regional Park",TRUE,"Spring-2019",1844
"Collinwood Park","Greater Minnesota Regional Parks & Trails","Greater MN","Regional Park",TRUE,"Spring-2020",2980
"Collinwood Park","Greater Minnesota Regional Parks & Trails","Greater MN","Regional Park",TRUE,"Spring-2021",4243
"Collinwood Park","Greater Minnesota Regional Parks & Trails","Greater MN","Regional Park",TRUE,"Summer-2018",12957
"Collinwood Park","Greater Minnesota Regional Parks & Trails","Greater MN","Regional Park",TRUE,"Summer-2019",9738
"Collinwood Park","Greater Minnesota Regional Parks & Trails","Greater MN","Regional Park",TRUE,"Summer-2020",13628
"Collinwood Park","Greater Minnesota Regional Parks & Trails","Greater MN","Regional Park",TRUE,"Summer-2021",12330
"Collinwood Park","Greater Minnesota Regional Parks & Trails","Greater MN","Regional Park",TRUE,"Winter-2018",1595
"Collinwood Park","Greater Minnesota Regional Parks & Trails","Greater MN","Regional Park",TRUE,"Winter-2019",1067
"Collinwood Park","Greater Minnesota Regional Parks & Trails","Greater MN","Regional Park",TRUE,"Winter-2020",562
"Collinwood Park","Greater Minnesota Regional Parks & Trails","Greater MN","Regional Park",TRUE,"Winter-2021",1287
"Collinwood Park","Greater Minnesota Regional Parks & Trails","Greater MN","Regional Park",TRUE,"Winter-2022",164
"Como","Metropolitan Regional Park System","St. Paul Parks and Recreation","Regional Park",TRUE,"Fall-2018",103221
"Como","Metropolitan Regional Park System","St. Paul Parks and Recreation","Regional Park",TRUE,"Fall-2019",105965
"Como","Metropolitan Regional Park System","St. Paul Parks and Recreation","Regional Park",TRUE,"Fall-2020",134953
"Como","Metropolitan Regional Park System","St. Paul Parks and Recreation","Regional Park",TRUE,"Fall-2021",133099
"Como","Metropolitan Regional Park System","St. Paul Parks and Recreation","Regional Park",TRUE,"Spring-2018",161510
"Como","Metropolitan Regional Park System","St. Paul Parks and Recreation","Regional Park",TRUE,"Spring-2019",155759
"Como","Metropolitan Regional Park System","St. Paul Parks and Recreation","Regional Park",TRUE,"Spring-2020",113440
"Como","Metropolitan Regional Park System","St. Paul Parks and Recreation","Regional Park",TRUE,"Spring-2021",213427
"Como","Metropolitan Regional Park System","St. Paul Parks and Recreation","Regional Park",TRUE,"Summer-2018",389462
"Como","Metropolitan Regional Park System","St. Paul Parks and Recreation","Regional Park",TRUE,"Summer-2019",400523
"Como","Metropolitan Regional Park System","St. Paul Parks and Recreation","Regional Park",TRUE,"Summer-2020",301243
"Como","Metropolitan Regional Park System","St. Paul Parks and Recreation","Regional Park",TRUE,"Summer-2021",403301
"Como","Metropolitan Regional Park System","St. Paul Parks and Recreation","Regional Park",TRUE,"Winter-2018",36580
"Como","Metropolitan Regional Park System","St. Paul Parks and Recreation","Regional Park",TRUE,"Winter-2019",42178
"Como","Metropolitan Regional Park System","St. Paul Parks and Recreation","Regional Park",TRUE,"Winter-2020",39596
"Como","Metropolitan Regional Park System","St. Paul Parks and Recreation","Regional Park",TRUE,"Winter-2021",56345
"Como","Metropolitan Regional Park System","St. Paul Parks and Recreation","Regional Park",TRUE,"Winter-2022",10989
"Como Zoo and Conservatory","Metropolitan Regional Park System","St Paul Parks and Recreation","Regional Park",TRUE,"Fall-2018",110475
"Como Zoo and Conservatory","Metropolitan Regional Park System","St Paul Parks and Recreation","Regional Park",TRUE,"Fall-2019",112255
"Como Zoo and Conservatory","Metropolitan Regional Park System","St Paul Parks and Recreation","Regional Park",TRUE,"Fall-2020",78299
"Como Zoo and Conservatory","Metropolitan Regional Park System","St Paul Parks and Recreation","Regional Park",TRUE,"Fall-2021",92454
"Como Zoo and Conservatory","Metropolitan Regional Park System","St Paul Parks and Recreation","Regional Park",TRUE,"Spring-2018",225003
"Como Zoo and Conservatory","Metropolitan Regional Park System","St Paul Parks and Recreation","Regional Park",TRUE,"Spring-2019",215549
"Como Zoo and Conservatory","Metropolitan Regional Park System","St Paul Parks and Recreation","Regional Park",TRUE,"Spring-2020",44955
"Como Zoo and Conservatory","Metropolitan Regional Park System","St Paul Parks and Recreation","Regional Park",TRUE,"Spring-2021",147203
"Como Zoo and Conservatory","Metropolitan Regional Park System","St Paul Parks and Recreation","Regional Park",TRUE,"Summer-2018",339678
"Como Zoo and Conservatory","Metropolitan Regional Park System","St Paul Parks and Recreation","Regional Park",TRUE,"Summer-2019",385732
"Como Zoo and Conservatory","Metropolitan Regional Park System","St Paul Parks and Recreation","Regional Park",TRUE,"Summer-2020",90909
"Como Zoo and Conservatory","Metropolitan Regional Park System","St Paul Parks and Recreation","Regional Park",TRUE,"Summer-2021",352491
"Como Zoo and Conservatory","Metropolitan Regional Park System","St Paul Parks and Recreation","Regional Park",TRUE,"Winter-2018",103675
"Como Zoo and Conservatory","Metropolitan Regional Park System","St Paul Parks and Recreation","Regional Park",TRUE,"Winter-2019",99447
"Como Zoo and Conservatory","Metropolitan Regional Park System","St Paul Parks and Recreation","Regional Park",TRUE,"Winter-2020",100248
"Como Zoo and Conservatory","Metropolitan Regional Park System","St Paul Parks and Recreation","Regional Park",TRUE,"Winter-2021",34450
"Como Zoo and Conservatory","Metropolitan Regional Park System","St Paul Parks and Recreation","Regional Park",TRUE,"Winter-2022",18118
"Coon Rapids Dam","Metropolitan Regional Park System","Anoka County Parks and Recreation","Regional Park",TRUE,"Fall-2018",19080
"Coon Rapids Dam","Metropolitan Regional Park System","Anoka County Parks and Recreation","Regional Park",TRUE,"Fall-2019",22614
"Coon Rapids Dam","Metropolitan Regional Park System","Anoka County Parks and Recreation","Regional Park",TRUE,"Fall-2020",32147
"Coon Rapids Dam","Metropolitan Regional Park System","Anoka County Parks and Recreation","Regional Park",TRUE,"Fall-2021",26368
"Coon Rapids Dam","Metropolitan Regional Park System","Anoka County Parks and Recreation","Regional Park",TRUE,"Spring-2018",27521
"Coon Rapids Dam","Metropolitan Regional Park System","Anoka County Parks and Recreation","Regional Park",TRUE,"Spring-2019",37537
"Coon Rapids Dam","Metropolitan Regional Park System","Anoka County Parks and Recreation","Regional Park",TRUE,"Spring-2020",73835
"Coon Rapids Dam","Metropolitan Regional Park System","Anoka County Parks and Recreation","Regional Park",TRUE,"Spring-2021",56635
"Coon Rapids Dam","Metropolitan Regional Park System","Anoka County Parks and Recreation","Regional Park",TRUE,"Summer-2018",53998
"Coon Rapids Dam","Metropolitan Regional Park System","Anoka County Parks and Recreation","Regional Park",TRUE,"Summer-2019",66031
"Coon Rapids Dam","Metropolitan Regional Park System","Anoka County Parks and Recreation","Regional Park",TRUE,"Summer-2020",94954
"Coon Rapids Dam","Metropolitan Regional Park System","Anoka County Parks and Recreation","Regional Park",TRUE,"Summer-2021",69385
"Coon Rapids Dam","Metropolitan Regional Park System","Anoka County Parks and Recreation","Regional Park",TRUE,"Winter-2018",8416
"Coon Rapids Dam","Metropolitan Regional Park System","Anoka County Parks and Recreation","Regional Park",TRUE,"Winter-2019",8763
"Coon Rapids Dam","Metropolitan Regional Park System","Anoka County Parks and Recreation","Regional Park",TRUE,"Winter-2020",11710
"Coon Rapids Dam","Metropolitan Regional Park System","Anoka County Parks and Recreation","Regional Park",TRUE,"Winter-2021",17232
"Coon Rapids Dam","Metropolitan Regional Park System","Anoka County Parks and Recreation","Regional Park",TRUE,"Winter-2022",1940
"Cottage Grove Ravine","Metropolitan Regional Park System","Washington County Parks","Regional Park",TRUE,"Fall-2018",6893
"Cottage Grove Ravine","Metropolitan Regional Park System","Washington County Parks","Regional Park",TRUE,"Fall-2019",6194
"Cottage Grove Ravine","Metropolitan Regional Park System","Washington County Parks","Regional Park",TRUE,"Fall-2020",14773
"Cottage Grove Ravine","Metropolitan Regional Park System","Washington County Parks","Regional Park",TRUE,"Fall-2021",13994
"Cottage Grove Ravine","Metropolitan Regional Park System","Washington County Parks","Regional Park",TRUE,"Spring-2018",4270
"Cottage Grove Ravine","Metropolitan Regional Park System","Washington County Parks","Regional Park",TRUE,"Spring-2019",8405
"Cottage Grove Ravine","Metropolitan Regional Park System","Washington County Parks","Regional Park",TRUE,"Spring-2020",27818
"Cottage Grove Ravine","Metropolitan Regional Park System","Washington County Parks","Regional Park",TRUE,"Spring-2021",14805
"Cottage Grove Ravine","Metropolitan Regional Park System","Washington County Parks","Regional Park",TRUE,"Summer-2018",12457
"Cottage Grove Ravine","Metropolitan Regional Park System","Washington County Parks","Regional Park",TRUE,"Summer-2019",11574
"Cottage Grove Ravine","Metropolitan Regional Park System","Washington County Parks","Regional Park",TRUE,"Summer-2020",23220
"Cottage Grove Ravine","Metropolitan Regional Park System","Washington County Parks","Regional Park",TRUE,"Summer-2021",15140
"Cottage Grove Ravine","Metropolitan Regional Park System","Washington County Parks","Regional Park",TRUE,"Winter-2018",2584
"Cottage Grove Ravine","Metropolitan Regional Park System","Washington County Parks","Regional Park",TRUE,"Winter-2019",6265
"Cottage Grove Ravine","Metropolitan Regional Park System","Washington County Parks","Regional Park",TRUE,"Winter-2020",9887
"Cottage Grove Ravine","Metropolitan Regional Park System","Washington County Parks","Regional Park",TRUE,"Winter-2021",13443
"Cottage Grove Ravine","Metropolitan Regional Park System","Washington County Parks","Regional Park",TRUE,"Winter-2022",1896
"Crow-Hassan","Metropolitan Regional Park System","Three Rivers Park District","Regional Park",TRUE,"Fall-2018",17550
"Crow-Hassan","Metropolitan Regional Park System","Three Rivers Park District","Regional Park",TRUE,"Fall-2019",13837
"Crow-Hassan","Metropolitan Regional Park System","Three Rivers Park District","Regional Park",TRUE,"Fall-2020",31319
"Crow-Hassan","Metropolitan Regional Park System","Three Rivers Park District","Regional Park",TRUE,"Fall-2021",27753
"Crow-Hassan","Metropolitan Regional Park System","Three Rivers Park District","Regional Park",TRUE,"Spring-2018",9945
"Crow-Hassan","Metropolitan Regional Park System","Three Rivers Park District","Regional Park",TRUE,"Spring-2019",18315
"Crow-Hassan","Metropolitan Regional Park System","Three Rivers Park District","Regional Park",TRUE,"Spring-2020",34960
"Crow-Hassan","Metropolitan Regional Park System","Three Rivers Park District","Regional Park",TRUE,"Spring-2021",29198
"Crow-Hassan","Metropolitan Regional Park System","Three Rivers Park District","Regional Park",TRUE,"Summer-2018",15491
"Crow-Hassan","Metropolitan Regional Park System","Three Rivers Park District","Regional Park",TRUE,"Summer-2019",23982
"Crow-Hassan","Metropolitan Regional Park System","Three Rivers Park District","Regional Park",TRUE,"Summer-2020",34259
"Crow-Hassan","Metropolitan Regional Park System","Three Rivers Park District","Regional Park",TRUE,"Summer-2021",26713
"Crow-Hassan","Metropolitan Regional Park System","Three Rivers Park District","Regional Park",TRUE,"Winter-2018",3735
"Crow-Hassan","Metropolitan Regional Park System","Three Rivers Park District","Regional Park",TRUE,"Winter-2019",12071
"Crow-Hassan","Metropolitan Regional Park System","Three Rivers Park District","Regional Park",TRUE,"Winter-2020",13488
"Crow-Hassan","Metropolitan Regional Park System","Three Rivers Park District","Regional Park",TRUE,"Winter-2021",26794
"Crow-Hassan","Metropolitan Regional Park System","Three Rivers Park District","Regional Park",TRUE,"Winter-2022",4251
"Crow Wing","Department of Natural Resources State Park","DNR","State Park",TRUE,"Fall-2018",7217
"Crow Wing","Department of Natural Resources State Park","DNR","State Park",TRUE,"Fall-2019",5975
"Crow Wing","Department of Natural Resources State Park","DNR","State Park",TRUE,"Fall-2020",9592
"Crow Wing","Department of Natural Resources State Park","DNR","State Park",TRUE,"Fall-2021",7664
"Crow Wing","Department of Natural Resources State Park","DNR","State Park",TRUE,"Spring-2018",3487
"Crow Wing","Department of Natural Resources State Park","DNR","State Park",TRUE,"Spring-2019",3149
"Crow Wing","Department of Natural Resources State Park","DNR","State Park",TRUE,"Spring-2020",7135
"Crow Wing","Department of Natural Resources State Park","DNR","State Park",TRUE,"Spring-2021",5953
"Crow Wing","Department of Natural Resources State Park","DNR","State Park",TRUE,"Summer-2018",17540
"Crow Wing","Department of Natural Resources State Park","DNR","State Park",TRUE,"Summer-2019",15659
"Crow Wing","Department of Natural Resources State Park","DNR","State Park",TRUE,"Summer-2020",17946
"Crow Wing","Department of Natural Resources State Park","DNR","State Park",TRUE,"Summer-2021",12241
"Crow Wing","Department of Natural Resources State Park","DNR","State Park",TRUE,"Winter-2018",1959
"Crow Wing","Department of Natural Resources State Park","DNR","State Park",TRUE,"Winter-2019",696
"Crow Wing","Department of Natural Resources State Park","DNR","State Park",TRUE,"Winter-2020",941
"Crow Wing","Department of Natural Resources State Park","DNR","State Park",TRUE,"Winter-2021",1372
"Crow Wing","Department of Natural Resources State Park","DNR","State Park",TRUE,"Winter-2022",260
"Cuyuna Country","Department of Natural Resources State Park","DNR","State Recreation Area",TRUE,"Fall-2018",22196
"Cuyuna Country","Department of Natural Resources State Park","DNR","State Recreation Area",TRUE,"Fall-2019",32883
"Cuyuna Country","Department of Natural Resources State Park","DNR","State Recreation Area",TRUE,"Fall-2020",31512
"Cuyuna Country","Department of Natural Resources State Park","DNR","State Recreation Area",TRUE,"Fall-2021",24102
"Cuyuna Country","Department of Natural Resources State Park","DNR","State Recreation Area",TRUE,"Spring-2018",8290
"Cuyuna Country","Department of Natural Resources State Park","DNR","State Recreation Area",TRUE,"Spring-2019",20300
"Cuyuna Country","Department of Natural Resources State Park","DNR","State Recreation Area",TRUE,"Spring-2020",30332
"Cuyuna Country","Department of Natural Resources State Park","DNR","State Recreation Area",TRUE,"Spring-2021",26610
"Cuyuna Country","Department of Natural Resources State Park","DNR","State Recreation Area",TRUE,"Summer-2018",62512
"Cuyuna Country","Department of Natural Resources State Park","DNR","State Recreation Area",TRUE,"Summer-2019",106153
"Cuyuna Country","Department of Natural Resources State Park","DNR","State Recreation Area",TRUE,"Summer-2020",132598
"Cuyuna Country","Department of Natural Resources State Park","DNR","State Recreation Area",TRUE,"Summer-2021",87178
"Cuyuna Country","Department of Natural Resources State Park","DNR","State Recreation Area",TRUE,"Winter-2018",6296
"Cuyuna Country","Department of Natural Resources State Park","DNR","State Recreation Area",TRUE,"Winter-2019",17751
"Cuyuna Country","Department of Natural Resources State Park","DNR","State Recreation Area",TRUE,"Winter-2020",11177
"Cuyuna Country","Department of Natural Resources State Park","DNR","State Recreation Area",TRUE,"Winter-2021",12829
"Cuyuna Country","Department of Natural Resources State Park","DNR","State Recreation Area",TRUE,"Winter-2022",909
"Detroit Mountain Recreational Area","Greater Minnesota Regional Parks & Trails","Greater MN","Regional Park",TRUE,"Fall-2018",10479
"Detroit Mountain Recreational Area","Greater Minnesota Regional Parks & Trails","Greater MN","Regional Park",TRUE,"Fall-2019",21483
"Detroit Mountain Recreational Area","Greater Minnesota Regional Parks & Trails","Greater MN","Regional Park",TRUE,"Fall-2020",7054
"Detroit Mountain Recreational Area","Greater Minnesota Regional Parks & Trails","Greater MN","Regional Park",TRUE,"Fall-2021",11595
"Detroit Mountain Recreational Area","Greater Minnesota Regional Parks & Trails","Greater MN","Regional Park",TRUE,"Spring-2018",12865
"Detroit Mountain Recreational Area","Greater Minnesota Regional Parks & Trails","Greater MN","Regional Park",TRUE,"Spring-2019",19534
"Detroit Mountain Recreational Area","Greater Minnesota Regional Parks & Trails","Greater MN","Regional Park",TRUE,"Spring-2020",12873
"Detroit Mountain Recreational Area","Greater Minnesota Regional Parks & Trails","Greater MN","Regional Park",TRUE,"Spring-2021",6379
"Detroit Mountain Recreational Area","Greater Minnesota Regional Parks & Trails","Greater MN","Regional Park",TRUE,"Summer-2018",11070
"Detroit Mountain Recreational Area","Greater Minnesota Regional Parks & Trails","Greater MN","Regional Park",TRUE,"Summer-2019",20019
"Detroit Mountain Recreational Area","Greater Minnesota Regional Parks & Trails","Greater MN","Regional Park",TRUE,"Summer-2020",13360
"Detroit Mountain Recreational Area","Greater Minnesota Regional Parks & Trails","Greater MN","Regional Park",TRUE,"Summer-2021",11009
"Detroit Mountain Recreational Area","Greater Minnesota Regional Parks & Trails","Greater MN","Regional Park",TRUE,"Winter-2018",30223
"Detroit Mountain Recreational Area","Greater Minnesota Regional Parks & Trails","Greater MN","Regional Park",TRUE,"Winter-2019",45507
"Detroit Mountain Recreational Area","Greater Minnesota Regional Parks & Trails","Greater MN","Regional Park",TRUE,"Winter-2020",59452
"Detroit Mountain Recreational Area","Greater Minnesota Regional Parks & Trails","Greater MN","Regional Park",TRUE,"Winter-2021",54136
"Detroit Mountain Recreational Area","Greater Minnesota Regional Parks & Trails","Greater MN","Regional Park",TRUE,"Winter-2022",14438
"Devils Track Falls","Department of Natural Resources State Park","DNR","State Wayside",TRUE,"Fall-2018",1961
"Devils Track Falls","Department of Natural Resources State Park","DNR","State Wayside",TRUE,"Fall-2019",999
"Devils Track Falls","Department of Natural Resources State Park","DNR","State Wayside",TRUE,"Fall-2020",1615
"Devils Track Falls","Department of Natural Resources State Park","DNR","State Wayside",TRUE,"Fall-2021",1289
"Devils Track Falls","Department of Natural Resources State Park","DNR","State Wayside",TRUE,"Spring-2018",2239
"Devils Track Falls","Department of Natural Resources State Park","DNR","State Wayside",TRUE,"Spring-2019",1319
"Devils Track Falls","Department of Natural Resources State Park","DNR","State Wayside",TRUE,"Spring-2020",614
"Devils Track Falls","Department of Natural Resources State Park","DNR","State Wayside",TRUE,"Spring-2021",1204
"Devils Track Falls","Department of Natural Resources State Park","DNR","State Wayside",TRUE,"Summer-2018",1699
"Devils Track Falls","Department of Natural Resources State Park","DNR","State Wayside",TRUE,"Summer-2019",1298
"Devils Track Falls","Department of Natural Resources State Park","DNR","State Wayside",TRUE,"Summer-2020",1986
"Devils Track Falls","Department of Natural Resources State Park","DNR","State Wayside",TRUE,"Summer-2021",1089
"Devils Track Falls","Department of Natural Resources State Park","DNR","State Wayside",TRUE,"Winter-2018",2430
"Devils Track Falls","Department of Natural Resources State Park","DNR","State Wayside",TRUE,"Winter-2019",698
"Devils Track Falls","Department of Natural Resources State Park","DNR","State Wayside",TRUE,"Winter-2020",775
"Devils Track Falls","Department of Natural Resources State Park","DNR","State Wayside",TRUE,"Winter-2021",1054
"Devils Track Falls","Department of Natural Resources State Park","DNR","State Wayside",TRUE,"Winter-2022",594
"Eagle Lake","Metropolitan Regional Park System","Three Rivers Park District","Regional Park",TRUE,"Fall-2018",5258
"Eagle Lake","Metropolitan Regional Park System","Three Rivers Park District","Regional Park",TRUE,"Fall-2019",2676
"Eagle Lake","Metropolitan Regional Park System","Three Rivers Park District","Regional Park",TRUE,"Fall-2020",3138
"Eagle Lake","Metropolitan Regional Park System","Three Rivers Park District","Regional Park",TRUE,"Fall-2021",3403
"Eagle Lake","Metropolitan Regional Park System","Three Rivers Park District","Regional Park",TRUE,"Spring-2018",5771
"Eagle Lake","Metropolitan Regional Park System","Three Rivers Park District","Regional Park",TRUE,"Spring-2019",3791
"Eagle Lake","Metropolitan Regional Park System","Three Rivers Park District","Regional Park",TRUE,"Spring-2020",8542
"Eagle Lake","Metropolitan Regional Park System","Three Rivers Park District","Regional Park",TRUE,"Spring-2021",7047
"Eagle Lake","Metropolitan Regional Park System","Three Rivers Park District","Regional Park",TRUE,"Summer-2018",9616
"Eagle Lake","Metropolitan Regional Park System","Three Rivers Park District","Regional Park",TRUE,"Summer-2019",7317
"Eagle Lake","Metropolitan Regional Park System","Three Rivers Park District","Regional Park",TRUE,"Summer-2020",11133
"Eagle Lake","Metropolitan Regional Park System","Three Rivers Park District","Regional Park",TRUE,"Summer-2021",7763
"Eagle Lake","Metropolitan Regional Park System","Three Rivers Park District","Regional Park",TRUE,"Winter-2018",4097
"Eagle Lake","Metropolitan Regional Park System","Three Rivers Park District","Regional Park",TRUE,"Winter-2019",1810
"Eagle Lake","Metropolitan Regional Park System","Three Rivers Park District","Regional Park",TRUE,"Winter-2020",1882
"Eagle Lake","Metropolitan Regional Park System","Three Rivers Park District","Regional Park",TRUE,"Winter-2021",3040
"Eagle Lake","Metropolitan Regional Park System","Three Rivers Park District","Regional Park",TRUE,"Winter-2022",601
"Elk River Woodland Trails Park","Greater Minnesota Regional Parks & Trails","Greater MN","Regional Park",TRUE,"Fall-2018",13803
"Elk River Woodland Trails Park","Greater Minnesota Regional Parks & Trails","Greater MN","Regional Park",TRUE,"Fall-2019",18609
"Elk River Woodland Trails Park","Greater Minnesota Regional Parks & Trails","Greater MN","Regional Park",TRUE,"Fall-2020",22944
"Elk River Woodland Trails Park","Greater Minnesota Regional Parks & Trails","Greater MN","Regional Park",TRUE,"Fall-2021",28423
"Elk River Woodland Trails Park","Greater Minnesota Regional Parks & Trails","Greater MN","Regional Park",TRUE,"Spring-2018",12856
"Elk River Woodland Trails Park","Greater Minnesota Regional Parks & Trails","Greater MN","Regional Park",TRUE,"Spring-2019",24921
"Elk River Woodland Trails Park","Greater Minnesota Regional Parks & Trails","Greater MN","Regional Park",TRUE,"Spring-2020",24054
"Elk River Woodland Trails Park","Greater Minnesota Regional Parks & Trails","Greater MN","Regional Park",TRUE,"Spring-2021",40146
"Elk River Woodland Trails Park","Greater Minnesota Regional Parks & Trails","Greater MN","Regional Park",TRUE,"Summer-2018",33605
"Elk River Woodland Trails Park","Greater Minnesota Regional Parks & Trails","Greater MN","Regional Park",TRUE,"Summer-2019",49818
"Elk River Woodland Trails Park","Greater Minnesota Regional Parks & Trails","Greater MN","Regional Park",TRUE,"Summer-2020",55289
"Elk River Woodland Trails Park","Greater Minnesota Regional Parks & Trails","Greater MN","Regional Park",TRUE,"Summer-2021",56705
"Elk River Woodland Trails Park","Greater Minnesota Regional Parks & Trails","Greater MN","Regional Park",TRUE,"Winter-2018",2458
"Elk River Woodland Trails Park","Greater Minnesota Regional Parks & Trails","Greater MN","Regional Park",TRUE,"Winter-2019",5959
"Elk River Woodland Trails Park","Greater Minnesota Regional Parks & Trails","Greater MN","Regional Park",TRUE,"Winter-2020",11026
"Elk River Woodland Trails Park","Greater Minnesota Regional Parks & Trails","Greater MN","Regional Park",TRUE,"Winter-2021",24695
"Elk River Woodland Trails Park","Greater Minnesota Regional Parks & Trails","Greater MN","Regional Park",TRUE,"Winter-2022",3119
"Elm Creek","Metropolitan Regional Park System","Three Rivers Park District","Regional Park",TRUE,"Fall-2018",95547
"Elm Creek","Metropolitan Regional Park System","Three Rivers Park District","Regional Park",TRUE,"Fall-2019",90220
"Elm Creek","Metropolitan Regional Park System","Three Rivers Park District","Regional Park",TRUE,"Fall-2020",109993
"Elm Creek","Metropolitan Regional Park System","Three Rivers Park District","Regional Park",TRUE,"Fall-2021",87072
"Elm Creek","Metropolitan Regional Park System","Three Rivers Park District","Regional Park",TRUE,"Spring-2018",93124
"Elm Creek","Metropolitan Regional Park System","Three Rivers Park District","Regional Park",TRUE,"Spring-2019",86011
"Elm Creek","Metropolitan Regional Park System","Three Rivers Park District","Regional Park",TRUE,"Spring-2020",128259
"Elm Creek","Metropolitan Regional Park System","Three Rivers Park District","Regional Park",TRUE,"Spring-2021",116198
"Elm Creek","Metropolitan Regional Park System","Three Rivers Park District","Regional Park",TRUE,"Summer-2018",210666
"Elm Creek","Metropolitan Regional Park System","Three Rivers Park District","Regional Park",TRUE,"Summer-2019",195610
"Elm Creek","Metropolitan Regional Park System","Three Rivers Park District","Regional Park",TRUE,"Summer-2020",237469
"Elm Creek","Metropolitan Regional Park System","Three Rivers Park District","Regional Park",TRUE,"Summer-2021",204735
"Elm Creek","Metropolitan Regional Park System","Three Rivers Park District","Regional Park",TRUE,"Winter-2018",89682
"Elm Creek","Metropolitan Regional Park System","Three Rivers Park District","Regional Park",TRUE,"Winter-2019",136612
"Elm Creek","Metropolitan Regional Park System","Three Rivers Park District","Regional Park",TRUE,"Winter-2020",145199
"Elm Creek","Metropolitan Regional Park System","Three Rivers Park District","Regional Park",TRUE,"Winter-2021",158876
"Elm Creek","Metropolitan Regional Park System","Three Rivers Park District","Regional Park",TRUE,"Winter-2022",35589
"Father Hennepin","Department of Natural Resources State Park","DNR","State Park",TRUE,"Fall-2018",9283
"Father Hennepin","Department of Natural Resources State Park","DNR","State Park",TRUE,"Fall-2019",9575
"Father Hennepin","Department of Natural Resources State Park","DNR","State Park",TRUE,"Fall-2020",10691
"Father Hennepin","Department of Natural Resources State Park","DNR","State Park",TRUE,"Fall-2021",10780
"Father Hennepin","Department of Natural Resources State Park","DNR","State Park",TRUE,"Spring-2018",10388
"Father Hennepin","Department of Natural Resources State Park","DNR","State Park",TRUE,"Spring-2019",6234
"Father Hennepin","Department of Natural Resources State Park","DNR","State Park",TRUE,"Spring-2020",4839
"Father Hennepin","Department of Natural Resources State Park","DNR","State Park",TRUE,"Spring-2021",10751
"Father Hennepin","Department of Natural Resources State Park","DNR","State Park",TRUE,"Summer-2018",42601
"Father Hennepin","Department of Natural Resources State Park","DNR","State Park",TRUE,"Summer-2019",32630
"Father Hennepin","Department of Natural Resources State Park","DNR","State Park",TRUE,"Summer-2020",42678
"Father Hennepin","Department of Natural Resources State Park","DNR","State Park",TRUE,"Summer-2021",31781
"Father Hennepin","Department of Natural Resources State Park","DNR","State Park",TRUE,"Winter-2018",2486
"Father Hennepin","Department of Natural Resources State Park","DNR","State Park",TRUE,"Winter-2019",1123
"Father Hennepin","Department of Natural Resources State Park","DNR","State Park",TRUE,"Winter-2020",754
"Father Hennepin","Department of Natural Resources State Park","DNR","State Park",TRUE,"Winter-2021",1070
"Father Hennepin","Department of Natural Resources State Park","DNR","State Park",TRUE,"Winter-2022",245
"Fish Lake","Metropolitan Regional Park System","Three Rivers Park District","Regional Park",TRUE,"Fall-2018",17668
"Fish Lake","Metropolitan Regional Park System","Three Rivers Park District","Regional Park",TRUE,"Fall-2019",15080
"Fish Lake","Metropolitan Regional Park System","Three Rivers Park District","Regional Park",TRUE,"Fall-2020",26034
"Fish Lake","Metropolitan Regional Park System","Three Rivers Park District","Regional Park",TRUE,"Fall-2021",25032
"Fish Lake","Metropolitan Regional Park System","Three Rivers Park District","Regional Park",TRUE,"Spring-2018",13975
"Fish Lake","Metropolitan Regional Park System","Three Rivers Park District","Regional Park",TRUE,"Spring-2019",16675
"Fish Lake","Metropolitan Regional Park System","Three Rivers Park District","Regional Park",TRUE,"Spring-2020",26083
"Fish Lake","Metropolitan Regional Park System","Three Rivers Park District","Regional Park",TRUE,"Spring-2021",29222
"Fish Lake","Metropolitan Regional Park System","Three Rivers Park District","Regional Park",TRUE,"Summer-2018",54573
"Fish Lake","Metropolitan Regional Park System","Three Rivers Park District","Regional Park",TRUE,"Summer-2019",55714
"Fish Lake","Metropolitan Regional Park System","Three Rivers Park District","Regional Park",TRUE,"Summer-2020",81532
"Fish Lake","Metropolitan Regional Park System","Three Rivers Park District","Regional Park",TRUE,"Summer-2021",58414
"Fish Lake","Metropolitan Regional Park System","Three Rivers Park District","Regional Park",TRUE,"Winter-2018",4609
"Fish Lake","Metropolitan Regional Park System","Three Rivers Park District","Regional Park",TRUE,"Winter-2019",9490
"Fish Lake","Metropolitan Regional Park System","Three Rivers Park District","Regional Park",TRUE,"Winter-2020",11720
"Fish Lake","Metropolitan Regional Park System","Three Rivers Park District","Regional Park",TRUE,"Winter-2021",15410
"Fish Lake","Metropolitan Regional Park System","Three Rivers Park District","Regional Park",TRUE,"Winter-2022",3423
"Fish Lake County park","Eligible for Greater Minnesota Designation","Eligible Greater MN","Eligible Regional Park",FALSE,"Fall-2018",1911
"Fish Lake County park","Eligible for Greater Minnesota Designation","Eligible Greater MN","Eligible Regional Park",FALSE,"Fall-2019",997
"Fish Lake County park","Eligible for Greater Minnesota Designation","Eligible Greater MN","Eligible Regional Park",FALSE,"Fall-2020",1785
"Fish Lake County park","Eligible for Greater Minnesota Designation","Eligible Greater MN","Eligible Regional Park",FALSE,"Fall-2021",2488
"Fish Lake County park","Eligible for Greater Minnesota Designation","Eligible Greater MN","Eligible Regional Park",FALSE,"Spring-2018",2282
"Fish Lake County park","Eligible for Greater Minnesota Designation","Eligible Greater MN","Eligible Regional Park",FALSE,"Spring-2019",1597
"Fish Lake County park","Eligible for Greater Minnesota Designation","Eligible Greater MN","Eligible Regional Park",FALSE,"Spring-2020",2739
"Fish Lake County park","Eligible for Greater Minnesota Designation","Eligible Greater MN","Eligible Regional Park",FALSE,"Spring-2021",5003
"Fish Lake County park","Eligible for Greater Minnesota Designation","Eligible Greater MN","Eligible Regional Park",FALSE,"Summer-2018",21957
"Fish Lake County park","Eligible for Greater Minnesota Designation","Eligible Greater MN","Eligible Regional Park",FALSE,"Summer-2019",14322
"Fish Lake County park","Eligible for Greater Minnesota Designation","Eligible Greater MN","Eligible Regional Park",FALSE,"Summer-2020",20248
"Fish Lake County park","Eligible for Greater Minnesota Designation","Eligible Greater MN","Eligible Regional Park",FALSE,"Summer-2021",14833
"Fish Lake County park","Eligible for Greater Minnesota Designation","Eligible Greater MN","Eligible Regional Park",FALSE,"Winter-2018",1350
"Fish Lake County park","Eligible for Greater Minnesota Designation","Eligible Greater MN","Eligible Regional Park",FALSE,"Winter-2019",1296
"Fish Lake County park","Eligible for Greater Minnesota Designation","Eligible Greater MN","Eligible Regional Park",FALSE,"Winter-2020",702
"Fish Lake County park","Eligible for Greater Minnesota Designation","Eligible Greater MN","Eligible Regional Park",FALSE,"Winter-2021",2040
"Fish Lake County park","Eligible for Greater Minnesota Designation","Eligible Greater MN","Eligible Regional Park",FALSE,"Winter-2022",375
"Flandrau","Department of Natural Resources State Park","DNR","State Park",TRUE,"Fall-2018",9382
"Flandrau","Department of Natural Resources State Park","DNR","State Park",TRUE,"Fall-2019",6523
"Flandrau","Department of Natural Resources State Park","DNR","State Park",TRUE,"Fall-2020",10129
"Flandrau","Department of Natural Resources State Park","DNR","State Park",TRUE,"Fall-2021",9714
"Flandrau","Department of Natural Resources State Park","DNR","State Park",TRUE,"Spring-2018",9975
"Flandrau","Department of Natural Resources State Park","DNR","State Park",TRUE,"Spring-2019",7611
"Flandrau","Department of Natural Resources State Park","DNR","State Park",TRUE,"Spring-2020",12525
"Flandrau","Department of Natural Resources State Park","DNR","State Park",TRUE,"Spring-2021",11677
"Flandrau","Department of Natural Resources State Park","DNR","State Park",TRUE,"Summer-2018",35929
"Flandrau","Department of Natural Resources State Park","DNR","State Park",TRUE,"Summer-2019",35652
"Flandrau","Department of Natural Resources State Park","DNR","State Park",TRUE,"Summer-2020",16355
"Flandrau","Department of Natural Resources State Park","DNR","State Park",TRUE,"Summer-2021",22634
"Flandrau","Department of Natural Resources State Park","DNR","State Park",TRUE,"Winter-2018",2173
"Flandrau","Department of Natural Resources State Park","DNR","State Park",TRUE,"Winter-2019",3239
"Flandrau","Department of Natural Resources State Park","DNR","State Park",TRUE,"Winter-2020",2612
"Flandrau","Department of Natural Resources State Park","DNR","State Park",TRUE,"Winter-2021",3112
"Flandrau","Department of Natural Resources State Park","DNR","State Park",TRUE,"Winter-2022",296
"Flood Bay","Department of Natural Resources State Park","DNR","State Wayside",TRUE,"Fall-2018",3532
"Flood Bay","Department of Natural Resources State Park","DNR","State Wayside",TRUE,"Fall-2019",2364
"Flood Bay","Department of Natural Resources State Park","DNR","State Wayside",TRUE,"Fall-2020",2698
"Flood Bay","Department of Natural Resources State Park","DNR","State Wayside",TRUE,"Fall-2021",2816
"Flood Bay","Department of Natural Resources State Park","DNR","State Wayside",TRUE,"Spring-2018",2828
"Flood Bay","Department of Natural Resources State Park","DNR","State Wayside",TRUE,"Spring-2019",1950
"Flood Bay","Department of Natural Resources State Park","DNR","State Wayside",TRUE,"Spring-2020",1450
"Flood Bay","Department of Natural Resources State Park","DNR","State Wayside",TRUE,"Spring-2021",3358
"Flood Bay","Department of Natural Resources State Park","DNR","State Wayside",TRUE,"Summer-2018",5739
"Flood Bay","Department of Natural Resources State Park","DNR","State Wayside",TRUE,"Summer-2019",7045
"Flood Bay","Department of Natural Resources State Park","DNR","State Wayside",TRUE,"Summer-2020",8431
"Flood Bay","Department of Natural Resources State Park","DNR","State Wayside",TRUE,"Summer-2021",6323
"Flood Bay","Department of Natural Resources State Park","DNR","State Wayside",TRUE,"Winter-2018",1819
"Flood Bay","Department of Natural Resources State Park","DNR","State Wayside",TRUE,"Winter-2019",679
"Flood Bay","Department of Natural Resources State Park","DNR","State Wayside",TRUE,"Winter-2020",588
"Flood Bay","Department of Natural Resources State Park","DNR","State Wayside",TRUE,"Winter-2021",526
"Flood Bay","Department of Natural Resources State Park","DNR","State Wayside",TRUE,"Winter-2022",229
"Forestville/Mystery Cave","Department of Natural Resources State Park","DNR","State Park",TRUE,"Fall-2018",9398
"Forestville/Mystery Cave","Department of Natural Resources State Park","DNR","State Park",TRUE,"Fall-2019",6410
"Forestville/Mystery Cave","Department of Natural Resources State Park","DNR","State Park",TRUE,"Fall-2020",7422
"Forestville/Mystery Cave","Department of Natural Resources State Park","DNR","State Park",TRUE,"Fall-2021",2960
"Forestville/Mystery Cave","Department of Natural Resources State Park","DNR","State Park",TRUE,"Spring-2018",4500
"Forestville/Mystery Cave","Department of Natural Resources State Park","DNR","State Park",TRUE,"Spring-2019",5119
"Forestville/Mystery Cave","Department of Natural Resources State Park","DNR","State Park",TRUE,"Spring-2020",3839
"Forestville/Mystery Cave","Department of Natural Resources State Park","DNR","State Park",TRUE,"Spring-2021",3116
"Forestville/Mystery Cave","Department of Natural Resources State Park","DNR","State Park",TRUE,"Summer-2018",26776
"Forestville/Mystery Cave","Department of Natural Resources State Park","DNR","State Park",TRUE,"Summer-2019",17903
"Forestville/Mystery Cave","Department of Natural Resources State Park","DNR","State Park",TRUE,"Summer-2020",11383
"Forestville/Mystery Cave","Department of Natural Resources State Park","DNR","State Park",TRUE,"Summer-2021",7640
"Forestville/Mystery Cave","Department of Natural Resources State Park","DNR","State Park",TRUE,"Winter-2018",5838
"Forestville/Mystery Cave","Department of Natural Resources State Park","DNR","State Park",TRUE,"Winter-2019",2205
"Forestville/Mystery Cave","Department of Natural Resources State Park","DNR","State Park",TRUE,"Winter-2020",1787
"Forestville/Mystery Cave","Department of Natural Resources State Park","DNR","State Park",TRUE,"Winter-2021",872
"Forestville/Mystery Cave","Department of Natural Resources State Park","DNR","State Park",TRUE,"Winter-2022",288
"Fort Ridgely","Department of Natural Resources State Park","DNR","State Park",TRUE,"Fall-2018",2886
"Fort Ridgely","Department of Natural Resources State Park","DNR","State Park",TRUE,"Fall-2019",4816
"Fort Ridgely","Department of Natural Resources State Park","DNR","State Park",TRUE,"Fall-2020",3645
"Fort Ridgely","Department of Natural Resources State Park","DNR","State Park",TRUE,"Fall-2021",4265
"Fort Ridgely","Department of Natural Resources State Park","DNR","State Park",TRUE,"Spring-2018",3972
"Fort Ridgely","Department of Natural Resources State Park","DNR","State Park",TRUE,"Spring-2019",3423
"Fort Ridgely","Department of Natural Resources State Park","DNR","State Park",TRUE,"Spring-2020",4209
"Fort Ridgely","Department of Natural Resources State Park","DNR","State Park",TRUE,"Spring-2021",3711
"Fort Ridgely","Department of Natural Resources State Park","DNR","State Park",TRUE,"Summer-2018",10619
"Fort Ridgely","Department of Natural Resources State Park","DNR","State Park",TRUE,"Summer-2019",6939
"Fort Ridgely","Department of Natural Resources State Park","DNR","State Park",TRUE,"Summer-2020",7166
"Fort Ridgely","Department of Natural Resources State Park","DNR","State Park",TRUE,"Summer-2021",4624
"Fort Ridgely","Department of Natural Resources State Park","DNR","State Park",TRUE,"Winter-2018",3826
"Fort Ridgely","Department of Natural Resources State Park","DNR","State Park",TRUE,"Winter-2019",1888
"Fort Ridgely","Department of Natural Resources State Park","DNR","State Park",TRUE,"Winter-2020",1912
"Fort Ridgely","Department of Natural Resources State Park","DNR","State Park",TRUE,"Winter-2021",1411
"Fort Ridgely","Department of Natural Resources State Park","DNR","State Park",TRUE,"Winter-2022",376
"Fort Snelling","Department of Natural Resources State Park","DNR","State Park",TRUE,"Fall-2018",29401
"Fort Snelling","Department of Natural Resources State Park","DNR","State Park",TRUE,"Fall-2019",19768
"Fort Snelling","Department of Natural Resources State Park","DNR","State Park",TRUE,"Fall-2020",46707
"Fort Snelling","Department of Natural Resources State Park","DNR","State Park",TRUE,"Fall-2021",35452
"Fort Snelling","Department of Natural Resources State Park","DNR","State Park",TRUE,"Spring-2018",36406
"Fort Snelling","Department of Natural Resources State Park","DNR","State Park",TRUE,"Spring-2019",11135
"Fort Snelling","Department of Natural Resources State Park","DNR","State Park",TRUE,"Spring-2020",51146
"Fort Snelling","Department of Natural Resources State Park","DNR","State Park",TRUE,"Spring-2021",41815
"Fort Snelling","Department of Natural Resources State Park","DNR","State Park",TRUE,"Summer-2018",44579
"Fort Snelling","Department of Natural Resources State Park","DNR","State Park",TRUE,"Summer-2019",12222
"Fort Snelling","Department of Natural Resources State Park","DNR","State Park",TRUE,"Summer-2020",76563
"Fort Snelling","Department of Natural Resources State Park","DNR","State Park",TRUE,"Summer-2021",53950
"Fort Snelling","Department of Natural Resources State Park","DNR","State Park",TRUE,"Winter-2018",24879
"Fort Snelling","Department of Natural Resources State Park","DNR","State Park",TRUE,"Winter-2019",21488
"Fort Snelling","Department of Natural Resources State Park","DNR","State Park",TRUE,"Winter-2020",16454
"Fort Snelling","Department of Natural Resources State Park","DNR","State Park",TRUE,"Winter-2021",26418
"Fort Snelling","Department of Natural Resources State Park","DNR","State Park",TRUE,"Winter-2022",3510
"Franz Jevne","Department of Natural Resources State Park","DNR","State Park",TRUE,"Fall-2018",1625
"Franz Jevne","Department of Natural Resources State Park","DNR","State Park",TRUE,"Fall-2019",1423
"Franz Jevne","Department of Natural Resources State Park","DNR","State Park",TRUE,"Fall-2020",1097
"Franz Jevne","Department of Natural Resources State Park","DNR","State Park",TRUE,"Fall-2021",1098
"Franz Jevne","Department of Natural Resources State Park","DNR","State Park",TRUE,"Spring-2018",1435
"Franz Jevne","Department of Natural Resources State Park","DNR","State Park",TRUE,"Spring-2019",638
"Franz Jevne","Department of Natural Resources State Park","DNR","State Park",TRUE,"Spring-2020",972
"Franz Jevne","Department of Natural Resources State Park","DNR","State Park",TRUE,"Spring-2021",1807
"Franz Jevne","Department of Natural Resources State Park","DNR","State Park",TRUE,"Summer-2018",2975
"Franz Jevne","Department of Natural Resources State Park","DNR","State Park",TRUE,"Summer-2019",1771
"Franz Jevne","Department of Natural Resources State Park","DNR","State Park",TRUE,"Summer-2020",1662
"Franz Jevne","Department of Natural Resources State Park","DNR","State Park",TRUE,"Summer-2021",1861
"Franz Jevne","Department of Natural Resources State Park","DNR","State Park",TRUE,"Winter-2018",1260
"Franz Jevne","Department of Natural Resources State Park","DNR","State Park",TRUE,"Winter-2019",1153
"Franz Jevne","Department of Natural Resources State Park","DNR","State Park",TRUE,"Winter-2020",818
"Franz Jevne","Department of Natural Resources State Park","DNR","State Park",TRUE,"Winter-2021",748
"Franz Jevne","Department of Natural Resources State Park","DNR","State Park",TRUE,"Winter-2022",330
"Frazee park","Eligible for Greater Minnesota Designation","Eligible Greater MN","Eligible Regional Park",FALSE,"Fall-2018",2328
"Frazee park","Eligible for Greater Minnesota Designation","Eligible Greater MN","Eligible Regional Park",FALSE,"Fall-2019",2901
"Frazee park","Eligible for Greater Minnesota Designation","Eligible Greater MN","Eligible Regional Park",FALSE,"Fall-2020",2604
"Frazee park","Eligible for Greater Minnesota Designation","Eligible Greater MN","Eligible Regional Park",FALSE,"Fall-2021",4595
"Frazee park","Eligible for Greater Minnesota Designation","Eligible Greater MN","Eligible Regional Park",FALSE,"Spring-2018",3726
"Frazee park","Eligible for Greater Minnesota Designation","Eligible Greater MN","Eligible Regional Park",FALSE,"Spring-2019",5732
"Frazee park","Eligible for Greater Minnesota Designation","Eligible Greater MN","Eligible Regional Park",FALSE,"Spring-2020",2190
"Frazee park","Eligible for Greater Minnesota Designation","Eligible Greater MN","Eligible Regional Park",FALSE,"Spring-2021",4651
"Frazee park","Eligible for Greater Minnesota Designation","Eligible Greater MN","Eligible Regional Park",FALSE,"Summer-2018",6741
"Frazee park","Eligible for Greater Minnesota Designation","Eligible Greater MN","Eligible Regional Park",FALSE,"Summer-2019",4670
"Frazee park","Eligible for Greater Minnesota Designation","Eligible Greater MN","Eligible Regional Park",FALSE,"Summer-2020",3154
"Frazee park","Eligible for Greater Minnesota Designation","Eligible Greater MN","Eligible Regional Park",FALSE,"Summer-2021",6386
"Frazee park","Eligible for Greater Minnesota Designation","Eligible Greater MN","Eligible Regional Park",FALSE,"Winter-2018",4669
"Frazee park","Eligible for Greater Minnesota Designation","Eligible Greater MN","Eligible Regional Park",FALSE,"Winter-2019",4330
"Frazee park","Eligible for Greater Minnesota Designation","Eligible Greater MN","Eligible Regional Park",FALSE,"Winter-2020",3580
"Frazee park","Eligible for Greater Minnesota Designation","Eligible Greater MN","Eligible Regional Park",FALSE,"Winter-2021",2978
"Frazee park","Eligible for Greater Minnesota Designation","Eligible Greater MN","Eligible Regional Park",FALSE,"Winter-2022",956
"Frontenac","Department of Natural Resources State Park","DNR","State Park",TRUE,"Fall-2018",15925
"Frontenac","Department of Natural Resources State Park","DNR","State Park",TRUE,"Fall-2019",19269
"Frontenac","Department of Natural Resources State Park","DNR","State Park",TRUE,"Fall-2020",33334
"Frontenac","Department of Natural Resources State Park","DNR","State Park",TRUE,"Fall-2021",14378
"Frontenac","Department of Natural Resources State Park","DNR","State Park",TRUE,"Spring-2018",11224
"Frontenac","Department of Natural Resources State Park","DNR","State Park",TRUE,"Spring-2019",9696
"Frontenac","Department of Natural Resources State Park","DNR","State Park",TRUE,"Spring-2020",26162
"Frontenac","Department of Natural Resources State Park","DNR","State Park",TRUE,"Spring-2021",16502
"Frontenac","Department of Natural Resources State Park","DNR","State Park",TRUE,"Summer-2018",27592
"Frontenac","Department of Natural Resources State Park","DNR","State Park",TRUE,"Summer-2019",29761
"Frontenac","Department of Natural Resources State Park","DNR","State Park",TRUE,"Summer-2020",54626
"Frontenac","Department of Natural Resources State Park","DNR","State Park",TRUE,"Summer-2021",23511
"Frontenac","Department of Natural Resources State Park","DNR","State Park",TRUE,"Winter-2018",3724
"Frontenac","Department of Natural Resources State Park","DNR","State Park",TRUE,"Winter-2019",4320
"Frontenac","Department of Natural Resources State Park","DNR","State Park",TRUE,"Winter-2020",2744
"Frontenac","Department of Natural Resources State Park","DNR","State Park",TRUE,"Winter-2021",8206
"Frontenac","Department of Natural Resources State Park","DNR","State Park",TRUE,"Winter-2022",882
"Gale Woods Farm","Metropolitan Regional Park System","Three Rivers Park District","Regional Park",TRUE,"Fall-2018",13611
"Gale Woods Farm","Metropolitan Regional Park System","Three Rivers Park District","Regional Park",TRUE,"Fall-2019",25753
"Gale Woods Farm","Metropolitan Regional Park System","Three Rivers Park District","Regional Park",TRUE,"Fall-2020",18408
"Gale Woods Farm","Metropolitan Regional Park System","Three Rivers Park District","Regional Park",TRUE,"Fall-2021",21687
"Gale Woods Farm","Metropolitan Regional Park System","Three Rivers Park District","Regional Park",TRUE,"Spring-2018",3565
"Gale Woods Farm","Metropolitan Regional Park System","Three Rivers Park District","Regional Park",TRUE,"Spring-2019",7389
"Gale Woods Farm","Metropolitan Regional Park System","Three Rivers Park District","Regional Park",TRUE,"Spring-2020",6462
"Gale Woods Farm","Metropolitan Regional Park System","Three Rivers Park District","Regional Park",TRUE,"Spring-2021",6223
"Gale Woods Farm","Metropolitan Regional Park System","Three Rivers Park District","Regional Park",TRUE,"Summer-2018",7178
"Gale Woods Farm","Metropolitan Regional Park System","Three Rivers Park District","Regional Park",TRUE,"Summer-2019",14001
"Gale Woods Farm","Metropolitan Regional Park System","Three Rivers Park District","Regional Park",TRUE,"Summer-2020",10927
"Gale Woods Farm","Metropolitan Regional Park System","Three Rivers Park District","Regional Park",TRUE,"Summer-2021",11597
"Gale Woods Farm","Metropolitan Regional Park System","Three Rivers Park District","Regional Park",TRUE,"Winter-2018",1195
"Gale Woods Farm","Metropolitan Regional Park System","Three Rivers Park District","Regional Park",TRUE,"Winter-2019",1474
"Gale Woods Farm","Metropolitan Regional Park System","Three Rivers Park District","Regional Park",TRUE,"Winter-2020",2540
"Gale Woods Farm","Metropolitan Regional Park System","Three Rivers Park District","Regional Park",TRUE,"Winter-2021",3838
"Gale Woods Farm","Metropolitan Regional Park System","Three Rivers Park District","Regional Park",TRUE,"Winter-2022",356
"Garvin Park","Greater Minnesota Regional Parks & Trails","Greater MN","Regional Park",TRUE,"Fall-2018",5617
"Garvin Park","Greater Minnesota Regional Parks & Trails","Greater MN","Regional Park",TRUE,"Fall-2019",5589
"Garvin Park","Greater Minnesota Regional Parks & Trails","Greater MN","Regional Park",TRUE,"Fall-2020",8240
"Garvin Park","Greater Minnesota Regional Parks & Trails","Greater MN","Regional Park",TRUE,"Fall-2021",3597
"Garvin Park","Greater Minnesota Regional Parks & Trails","Greater MN","Regional Park",TRUE,"Spring-2018",3610
"Garvin Park","Greater Minnesota Regional Parks & Trails","Greater MN","Regional Park",TRUE,"Spring-2019",2286
"Garvin Park","Greater Minnesota Regional Parks & Trails","Greater MN","Regional Park",TRUE,"Spring-2020",2221
"Garvin Park","Greater Minnesota Regional Parks & Trails","Greater MN","Regional Park",TRUE,"Spring-2021",4088
"Garvin Park","Greater Minnesota Regional Parks & Trails","Greater MN","Regional Park",TRUE,"Summer-2018",5569
"Garvin Park","Greater Minnesota Regional Parks & Trails","Greater MN","Regional Park",TRUE,"Summer-2019",7965
"Garvin Park","Greater Minnesota Regional Parks & Trails","Greater MN","Regional Park",TRUE,"Summer-2020",7601
"Garvin Park","Greater Minnesota Regional Parks & Trails","Greater MN","Regional Park",TRUE,"Summer-2021",6517
"Garvin Park","Greater Minnesota Regional Parks & Trails","Greater MN","Regional Park",TRUE,"Winter-2018",1074
"Garvin Park","Greater Minnesota Regional Parks & Trails","Greater MN","Regional Park",TRUE,"Winter-2019",717
"Garvin Park","Greater Minnesota Regional Parks & Trails","Greater MN","Regional Park",TRUE,"Winter-2020",1151
"Garvin Park","Greater Minnesota Regional Parks & Trails","Greater MN","Regional Park",TRUE,"Winter-2021",1967
"Garvin Park","Greater Minnesota Regional Parks & Trails","Greater MN","Regional Park",TRUE,"Winter-2022",470
"Gateway to the North park","Eligible for Greater Minnesota Designation","Eligible Greater MN","Eligible Regional Park",FALSE,"Fall-2018",12334
"Gateway to the North park","Eligible for Greater Minnesota Designation","Eligible Greater MN","Eligible Regional Park",FALSE,"Fall-2019",5280
"Gateway to the North park","Eligible for Greater Minnesota Designation","Eligible Greater MN","Eligible Regional Park",FALSE,"Fall-2020",10193
"Gateway to the North park","Eligible for Greater Minnesota Designation","Eligible Greater MN","Eligible Regional Park",FALSE,"Fall-2021",11222
"Gateway to the North park","Eligible for Greater Minnesota Designation","Eligible Greater MN","Eligible Regional Park",FALSE,"Spring-2018",9212
"Gateway to the North park","Eligible for Greater Minnesota Designation","Eligible Greater MN","Eligible Regional Park",FALSE,"Spring-2019",10309
"Gateway to the North park","Eligible for Greater Minnesota Designation","Eligible Greater MN","Eligible Regional Park",FALSE,"Spring-2020",8578
"Gateway to the North park","Eligible for Greater Minnesota Designation","Eligible Greater MN","Eligible Regional Park",FALSE,"Spring-2021",14573
"Gateway to the North park","Eligible for Greater Minnesota Designation","Eligible Greater MN","Eligible Regional Park",FALSE,"Summer-2018",23906
"Gateway to the North park","Eligible for Greater Minnesota Designation","Eligible Greater MN","Eligible Regional Park",FALSE,"Summer-2019",15894
"Gateway to the North park","Eligible for Greater Minnesota Designation","Eligible Greater MN","Eligible Regional Park",FALSE,"Summer-2020",23581
"Gateway to the North park","Eligible for Greater Minnesota Designation","Eligible Greater MN","Eligible Regional Park",FALSE,"Summer-2021",21766
"Gateway to the North park","Eligible for Greater Minnesota Designation","Eligible Greater MN","Eligible Regional Park",FALSE,"Winter-2018",6409
"Gateway to the North park","Eligible for Greater Minnesota Designation","Eligible Greater MN","Eligible Regional Park",FALSE,"Winter-2019",7043
"Gateway to the North park","Eligible for Greater Minnesota Designation","Eligible Greater MN","Eligible Regional Park",FALSE,"Winter-2020",3480
"Gateway to the North park","Eligible for Greater Minnesota Designation","Eligible Greater MN","Eligible Regional Park",FALSE,"Winter-2021",6322
"Gateway to the North park","Eligible for Greater Minnesota Designation","Eligible Greater MN","Eligible Regional Park",FALSE,"Winter-2022",2253
"George H Crosby-Manitou","Department of Natural Resources State Park","DNR","State Park",TRUE,"Fall-2018",4200
"George H Crosby-Manitou","Department of Natural Resources State Park","DNR","State Park",TRUE,"Fall-2019",3798
"George H Crosby-Manitou","Department of Natural Resources State Park","DNR","State Park",TRUE,"Fall-2020",1744
"George H Crosby-Manitou","Department of Natural Resources State Park","DNR","State Park",TRUE,"Fall-2021",1684
"George H Crosby-Manitou","Department of Natural Resources State Park","DNR","State Park",TRUE,"Spring-2018",8342
"George H Crosby-Manitou","Department of Natural Resources State Park","DNR","State Park",TRUE,"Spring-2019",2566
"George H Crosby-Manitou","Department of Natural Resources State Park","DNR","State Park",TRUE,"Spring-2020",1497
"George H Crosby-Manitou","Department of Natural Resources State Park","DNR","State Park",TRUE,"Spring-2021",2178
"George H Crosby-Manitou","Department of Natural Resources State Park","DNR","State Park",TRUE,"Summer-2018",9079
"George H Crosby-Manitou","Department of Natural Resources State Park","DNR","State Park",TRUE,"Summer-2019",5237
"George H Crosby-Manitou","Department of Natural Resources State Park","DNR","State Park",TRUE,"Summer-2020",3569
"George H Crosby-Manitou","Department of Natural Resources State Park","DNR","State Park",TRUE,"Summer-2021",1938
"George H Crosby-Manitou","Department of Natural Resources State Park","DNR","State Park",TRUE,"Winter-2018",3812
"George H Crosby-Manitou","Department of Natural Resources State Park","DNR","State Park",TRUE,"Winter-2019",1844
"George H Crosby-Manitou","Department of Natural Resources State Park","DNR","State Park",TRUE,"Winter-2020",1500
"George H Crosby-Manitou","Department of Natural Resources State Park","DNR","State Park",TRUE,"Winter-2021",2296
"George H Crosby-Manitou","Department of Natural Resources State Park","DNR","State Park",TRUE,"Winter-2022",626
"Glacial Lakes","Department of Natural Resources State Park","DNR","State Park",TRUE,"Fall-2018",7903
"Glacial Lakes","Department of Natural Resources State Park","DNR","State Park",TRUE,"Fall-2019",5848
"Glacial Lakes","Department of Natural Resources State Park","DNR","State Park",TRUE,"Fall-2020",7035
"Glacial Lakes","Department of Natural Resources State Park","DNR","State Park",TRUE,"Fall-2021",5366
"Glacial Lakes","Department of Natural Resources State Park","DNR","State Park",TRUE,"Spring-2018",4233
"Glacial Lakes","Department of Natural Resources State Park","DNR","State Park",TRUE,"Spring-2019",3957
"Glacial Lakes","Department of Natural Resources State Park","DNR","State Park",TRUE,"Spring-2020",3462
"Glacial Lakes","Department of Natural Resources State Park","DNR","State Park",TRUE,"Spring-2021",5331
"Glacial Lakes","Department of Natural Resources State Park","DNR","State Park",TRUE,"Summer-2018",17124
"Glacial Lakes","Department of Natural Resources State Park","DNR","State Park",TRUE,"Summer-2019",15072
"Glacial Lakes","Department of Natural Resources State Park","DNR","State Park",TRUE,"Summer-2020",11526
"Glacial Lakes","Department of Natural Resources State Park","DNR","State Park",TRUE,"Summer-2021",10796
"Glacial Lakes","Department of Natural Resources State Park","DNR","State Park",TRUE,"Winter-2018",2397
"Glacial Lakes","Department of Natural Resources State Park","DNR","State Park",TRUE,"Winter-2019",892
"Glacial Lakes","Department of Natural Resources State Park","DNR","State Park",TRUE,"Winter-2020",904
"Glacial Lakes","Department of Natural Resources State Park","DNR","State Park",TRUE,"Winter-2021",2145
"Glacial Lakes","Department of Natural Resources State Park","DNR","State Park",TRUE,"Winter-2022",430
"Glendalough","Department of Natural Resources State Park","DNR","State Park",TRUE,"Fall-2018",7563
"Glendalough","Department of Natural Resources State Park","DNR","State Park",TRUE,"Fall-2019",8454
"Glendalough","Department of Natural Resources State Park","DNR","State Park",TRUE,"Fall-2020",11498
"Glendalough","Department of Natural Resources State Park","DNR","State Park",TRUE,"Fall-2021",9982
"Glendalough","Department of Natural Resources State Park","DNR","State Park",TRUE,"Spring-2018",9012
"Glendalough","Department of Natural Resources State Park","DNR","State Park",TRUE,"Spring-2019",7189
"Glendalough","Department of Natural Resources State Park","DNR","State Park",TRUE,"Spring-2020",13910
"Glendalough","Department of Natural Resources State Park","DNR","State Park",TRUE,"Spring-2021",11450
"Glendalough","Department of Natural Resources State Park","DNR","State Park",TRUE,"Summer-2018",32653
"Glendalough","Department of Natural Resources State Park","DNR","State Park",TRUE,"Summer-2019",32383
"Glendalough","Department of Natural Resources State Park","DNR","State Park",TRUE,"Summer-2020",41069
"Glendalough","Department of Natural Resources State Park","DNR","State Park",TRUE,"Summer-2021",32285
"Glendalough","Department of Natural Resources State Park","DNR","State Park",TRUE,"Winter-2018",3955
"Glendalough","Department of Natural Resources State Park","DNR","State Park",TRUE,"Winter-2019",3436
"Glendalough","Department of Natural Resources State Park","DNR","State Park",TRUE,"Winter-2020",4654
"Glendalough","Department of Natural Resources State Park","DNR","State Park",TRUE,"Winter-2021",2950
"Glendalough","Department of Natural Resources State Park","DNR","State Park",TRUE,"Winter-2022",637
"Gooseberry Falls","Department of Natural Resources State Park","DNR","State Park",TRUE,"Fall-2018",110398
"Gooseberry Falls","Department of Natural Resources State Park","DNR","State Park",TRUE,"Fall-2019",103226
"Gooseberry Falls","Department of Natural Resources State Park","DNR","State Park",TRUE,"Fall-2020",113101
"Gooseberry Falls","Department of Natural Resources State Park","DNR","State Park",TRUE,"Fall-2021",90238
"Gooseberry Falls","Department of Natural Resources State Park","DNR","State Park",TRUE,"Spring-2018",105315
"Gooseberry Falls","Department of Natural Resources State Park","DNR","State Park",TRUE,"Spring-2019",86620
"Gooseberry Falls","Department of Natural Resources State Park","DNR","State Park",TRUE,"Spring-2020",59442
"Gooseberry Falls","Department of Natural Resources State Park","DNR","State Park",TRUE,"Spring-2021",106361
"Gooseberry Falls","Department of Natural Resources State Park","DNR","State Park",TRUE,"Summer-2018",239290
"Gooseberry Falls","Department of Natural Resources State Park","DNR","State Park",TRUE,"Summer-2019",237708
"Gooseberry Falls","Department of Natural Resources State Park","DNR","State Park",TRUE,"Summer-2020",258960
"Gooseberry Falls","Department of Natural Resources State Park","DNR","State Park",TRUE,"Summer-2021",186493
"Gooseberry Falls","Department of Natural Resources State Park","DNR","State Park",TRUE,"Winter-2018",57318
"Gooseberry Falls","Department of Natural Resources State Park","DNR","State Park",TRUE,"Winter-2019",35653
"Gooseberry Falls","Department of Natural Resources State Park","DNR","State Park",TRUE,"Winter-2020",35766
"Gooseberry Falls","Department of Natural Resources State Park","DNR","State Park",TRUE,"Winter-2021",52888
"Gooseberry Falls","Department of Natural Resources State Park","DNR","State Park",TRUE,"Winter-2022",13635
"Grand Marais Recreation Area","Eligible for Greater Minnesota Designation","Eligible Greater MN","Eligible Regional Park",FALSE,"Fall-2018",74120
"Grand Marais Recreation Area","Eligible for Greater Minnesota Designation","Eligible Greater MN","Eligible Regional Park",FALSE,"Fall-2019",46691
"Grand Marais Recreation Area","Eligible for Greater Minnesota Designation","Eligible Greater MN","Eligible Regional Park",FALSE,"Fall-2020",38766
"Grand Marais Recreation Area","Eligible for Greater Minnesota Designation","Eligible Greater MN","Eligible Regional Park",FALSE,"Fall-2021",43582
"Grand Marais Recreation Area","Eligible for Greater Minnesota Designation","Eligible Greater MN","Eligible Regional Park",FALSE,"Spring-2018",42261
"Grand Marais Recreation Area","Eligible for Greater Minnesota Designation","Eligible Greater MN","Eligible Regional Park",FALSE,"Spring-2019",20906
"Grand Marais Recreation Area","Eligible for Greater Minnesota Designation","Eligible Greater MN","Eligible Regional Park",FALSE,"Spring-2020",14278
"Grand Marais Recreation Area","Eligible for Greater Minnesota Designation","Eligible Greater MN","Eligible Regional Park",FALSE,"Spring-2021",27240
"Grand Marais Recreation Area","Eligible for Greater Minnesota Designation","Eligible Greater MN","Eligible Regional Park",FALSE,"Summer-2018",144932
"Grand Marais Recreation Area","Eligible for Greater Minnesota Designation","Eligible Greater MN","Eligible Regional Park",FALSE,"Summer-2019",117068
"Grand Marais Recreation Area","Eligible for Greater Minnesota Designation","Eligible Greater MN","Eligible Regional Park",FALSE,"Summer-2020",128167
"Grand Marais Recreation Area","Eligible for Greater Minnesota Designation","Eligible Greater MN","Eligible Regional Park",FALSE,"Summer-2021",114153
"Grand Marais Recreation Area","Eligible for Greater Minnesota Designation","Eligible Greater MN","Eligible Regional Park",FALSE,"Winter-2018",22421
"Grand Marais Recreation Area","Eligible for Greater Minnesota Designation","Eligible Greater MN","Eligible Regional Park",FALSE,"Winter-2019",17432
"Grand Marais Recreation Area","Eligible for Greater Minnesota Designation","Eligible Greater MN","Eligible Regional Park",FALSE,"Winter-2020",10473
"Grand Marais Recreation Area","Eligible for Greater Minnesota Designation","Eligible Greater MN","Eligible Regional Park",FALSE,"Winter-2021",9418
"Grand Marais Recreation Area","Eligible for Greater Minnesota Designation","Eligible Greater MN","Eligible Regional Park",FALSE,"Winter-2022",5467
"Grand Portage","Department of Natural Resources State Park","DNR","State Park",TRUE,"Fall-2018",3161
"Grand Portage","Department of Natural Resources State Park","DNR","State Park",TRUE,"Fall-2019",7751
"Grand Portage","Department of Natural Resources State Park","DNR","State Park",TRUE,"Fall-2020",5605
"Grand Portage","Department of Natural Resources State Park","DNR","State Park",TRUE,"Fall-2021",4354
"Grand Portage","Department of Natural Resources State Park","DNR","State Park",TRUE,"Spring-2018",2952
"Grand Portage","Department of Natural Resources State Park","DNR","State Park",TRUE,"Spring-2019",3914
"Grand Portage","Department of Natural Resources State Park","DNR","State Park",TRUE,"Spring-2020",1351
"Grand Portage","Department of Natural Resources State Park","DNR","State Park",TRUE,"Spring-2021",2667
"Grand Portage","Department of Natural Resources State Park","DNR","State Park",TRUE,"Summer-2018",7452
"Grand Portage","Department of Natural Resources State Park","DNR","State Park",TRUE,"Summer-2019",12503
"Grand Portage","Department of Natural Resources State Park","DNR","State Park",TRUE,"Summer-2020",12036
"Grand Portage","Department of Natural Resources State Park","DNR","State Park",TRUE,"Summer-2021",6321
"Grand Portage","Department of Natural Resources State Park","DNR","State Park",TRUE,"Winter-2018",2240
"Grand Portage","Department of Natural Resources State Park","DNR","State Park",TRUE,"Winter-2019",1426
"Grand Portage","Department of Natural Resources State Park","DNR","State Park",TRUE,"Winter-2020",1388
"Grand Portage","Department of Natural Resources State Park","DNR","State Park",TRUE,"Winter-2021",937
"Grand Portage","Department of Natural Resources State Park","DNR","State Park",TRUE,"Winter-2022",336
"Granite Falls Memorial Park","Greater Minnesota Regional Parks & Trails","Greater MN","Regional Park",TRUE,"Fall-2018",9950
"Granite Falls Memorial Park","Greater Minnesota Regional Parks & Trails","Greater MN","Regional Park",TRUE,"Fall-2019",10648
"Granite Falls Memorial Park","Greater Minnesota Regional Parks & Trails","Greater MN","Regional Park",TRUE,"Fall-2020",8534
"Granite Falls Memorial Park","Greater Minnesota Regional Parks & Trails","Greater MN","Regional Park",TRUE,"Fall-2021",9601
"Granite Falls Memorial Park","Greater Minnesota Regional Parks & Trails","Greater MN","Regional Park",TRUE,"Spring-2018",8800
"Granite Falls Memorial Park","Greater Minnesota Regional Parks & Trails","Greater MN","Regional Park",TRUE,"Spring-2019",13958
"Granite Falls Memorial Park","Greater Minnesota Regional Parks & Trails","Greater MN","Regional Park",TRUE,"Spring-2020",6346
"Granite Falls Memorial Park","Greater Minnesota Regional Parks & Trails","Greater MN","Regional Park",TRUE,"Spring-2021",13703
"Granite Falls Memorial Park","Greater Minnesota Regional Parks & Trails","Greater MN","Regional Park",TRUE,"Summer-2018",20672
"Granite Falls Memorial Park","Greater Minnesota Regional Parks & Trails","Greater MN","Regional Park",TRUE,"Summer-2019",17869
"Granite Falls Memorial Park","Greater Minnesota Regional Parks & Trails","Greater MN","Regional Park",TRUE,"Summer-2020",16066
"Granite Falls Memorial Park","Greater Minnesota Regional Parks & Trails","Greater MN","Regional Park",TRUE,"Summer-2021",27996
"Granite Falls Memorial Park","Greater Minnesota Regional Parks & Trails","Greater MN","Regional Park",TRUE,"Winter-2018",6323
"Granite Falls Memorial Park","Greater Minnesota Regional Parks & Trails","Greater MN","Regional Park",TRUE,"Winter-2019",9334
"Granite Falls Memorial Park","Greater Minnesota Regional Parks & Trails","Greater MN","Regional Park",TRUE,"Winter-2020",4600
"Granite Falls Memorial Park","Greater Minnesota Regional Parks & Trails","Greater MN","Regional Park",TRUE,"Winter-2021",3827
"Granite Falls Memorial Park","Greater Minnesota Regional Parks & Trails","Greater MN","Regional Park",TRUE,"Winter-2022",885
"Great River Bluffs","Department of Natural Resources State Park","DNR","State Park",TRUE,"Fall-2018",10362
"Great River Bluffs","Department of Natural Resources State Park","DNR","State Park",TRUE,"Fall-2019",7565
"Great River Bluffs","Department of Natural Resources State Park","DNR","State Park",TRUE,"Fall-2020",14126
"Great River Bluffs","Department of Natural Resources State Park","DNR","State Park",TRUE,"Fall-2021",7633
"Great River Bluffs","Department of Natural Resources State Park","DNR","State Park",TRUE,"Spring-2018",4641
"Great River Bluffs","Department of Natural Resources State Park","DNR","State Park",TRUE,"Spring-2019",4318
"Great River Bluffs","Department of Natural Resources State Park","DNR","State Park",TRUE,"Spring-2020",9760
"Great River Bluffs","Department of Natural Resources State Park","DNR","State Park",TRUE,"Spring-2021",6858
"Great River Bluffs","Department of Natural Resources State Park","DNR","State Park",TRUE,"Summer-2018",15503
"Great River Bluffs","Department of Natural Resources State Park","DNR","State Park",TRUE,"Summer-2019",9633
"Great River Bluffs","Department of Natural Resources State Park","DNR","State Park",TRUE,"Summer-2020",17431
"Great River Bluffs","Department of Natural Resources State Park","DNR","State Park",TRUE,"Summer-2021",9128
"Great River Bluffs","Department of Natural Resources State Park","DNR","State Park",TRUE,"Winter-2018",1751
"Great River Bluffs","Department of Natural Resources State Park","DNR","State Park",TRUE,"Winter-2019",2178
"Great River Bluffs","Department of Natural Resources State Park","DNR","State Park",TRUE,"Winter-2020",1620
"Great River Bluffs","Department of Natural Resources State Park","DNR","State Park",TRUE,"Winter-2021",3555
"Great River Bluffs","Department of Natural Resources State Park","DNR","State Park",TRUE,"Winter-2022",298
"Greenleaf Lake","Department of Natural Resources State Park","DNR","State Recreation Area",TRUE,"Fall-2018",1077
"Greenleaf Lake","Department of Natural Resources State Park","DNR","State Recreation Area",TRUE,"Fall-2019",838
"Greenleaf Lake","Department of Natural Resources State Park","DNR","State Recreation Area",TRUE,"Fall-2020",1442
"Greenleaf Lake","Department of Natural Resources State Park","DNR","State Recreation Area",TRUE,"Fall-2021",762
"Greenleaf Lake","Department of Natural Resources State Park","DNR","State Recreation Area",TRUE,"Spring-2018",712
"Greenleaf Lake","Department of Natural Resources State Park","DNR","State Recreation Area",TRUE,"Spring-2019",944
"Greenleaf Lake","Department of Natural Resources State Park","DNR","State Recreation Area",TRUE,"Spring-2020",1718
"Greenleaf Lake","Department of Natural Resources State Park","DNR","State Recreation Area",TRUE,"Spring-2021",1637
"Greenleaf Lake","Department of Natural Resources State Park","DNR","State Recreation Area",TRUE,"Summer-2018",2636
"Greenleaf Lake","Department of Natural Resources State Park","DNR","State Recreation Area",TRUE,"Summer-2019",1467
"Greenleaf Lake","Department of Natural Resources State Park","DNR","State Recreation Area",TRUE,"Summer-2020",2067
"Greenleaf Lake","Department of Natural Resources State Park","DNR","State Recreation Area",TRUE,"Summer-2021",2346
"Greenleaf Lake","Department of Natural Resources State Park","DNR","State Recreation Area",TRUE,"Winter-2018",998
"Greenleaf Lake","Department of Natural Resources State Park","DNR","State Recreation Area",TRUE,"Winter-2019",1223
"Greenleaf Lake","Department of Natural Resources State Park","DNR","State Recreation Area",TRUE,"Winter-2020",769
"Greenleaf Lake","Department of Natural Resources State Park","DNR","State Recreation Area",TRUE,"Winter-2021",1097
"Greenleaf Lake","Department of Natural Resources State Park","DNR","State Recreation Area",TRUE,"Winter-2022",337
"Hartley Park","Greater Minnesota Regional Parks & Trails","Greater MN","Regional Park",TRUE,"Fall-2018",21167
"Hartley Park","Greater Minnesota Regional Parks & Trails","Greater MN","Regional Park",TRUE,"Fall-2019",38933
"Hartley Park","Greater Minnesota Regional Parks & Trails","Greater MN","Regional Park",TRUE,"Fall-2020",26072
"Hartley Park","Greater Minnesota Regional Parks & Trails","Greater MN","Regional Park",TRUE,"Fall-2021",27350
"Hartley Park","Greater Minnesota Regional Parks & Trails","Greater MN","Regional Park",TRUE,"Spring-2018",16131
"Hartley Park","Greater Minnesota Regional Parks & Trails","Greater MN","Regional Park",TRUE,"Spring-2019",27492
"Hartley Park","Greater Minnesota Regional Parks & Trails","Greater MN","Regional Park",TRUE,"Spring-2020",21663
"Hartley Park","Greater Minnesota Regional Parks & Trails","Greater MN","Regional Park",TRUE,"Spring-2021",28326
"Hartley Park","Greater Minnesota Regional Parks & Trails","Greater MN","Regional Park",TRUE,"Summer-2018",20700
"Hartley Park","Greater Minnesota Regional Parks & Trails","Greater MN","Regional Park",TRUE,"Summer-2019",44277
"Hartley Park","Greater Minnesota Regional Parks & Trails","Greater MN","Regional Park",TRUE,"Summer-2020",37327
"Hartley Park","Greater Minnesota Regional Parks & Trails","Greater MN","Regional Park",TRUE,"Summer-2021",38062
"Hartley Park","Greater Minnesota Regional Parks & Trails","Greater MN","Regional Park",TRUE,"Winter-2018",29556
"Hartley Park","Greater Minnesota Regional Parks & Trails","Greater MN","Regional Park",TRUE,"Winter-2019",57572
"Hartley Park","Greater Minnesota Regional Parks & Trails","Greater MN","Regional Park",TRUE,"Winter-2020",79806
"Hartley Park","Greater Minnesota Regional Parks & Trails","Greater MN","Regional Park",TRUE,"Winter-2021",51289
"Hartley Park","Greater Minnesota Regional Parks & Trails","Greater MN","Regional Park",TRUE,"Winter-2022",16589
"Hayes Lake","Department of Natural Resources State Park","DNR","State Park",TRUE,"Fall-2018",1542
"Hayes Lake","Department of Natural Resources State Park","DNR","State Park",TRUE,"Fall-2019",787
"Hayes Lake","Department of Natural Resources State Park","DNR","State Park",TRUE,"Fall-2020",1360
"Hayes Lake","Department of Natural Resources State Park","DNR","State Park",TRUE,"Fall-2021",1450
"Hayes Lake","Department of Natural Resources State Park","DNR","State Park",TRUE,"Spring-2018",1896
"Hayes Lake","Department of Natural Resources State Park","DNR","State Park",TRUE,"Spring-2019",1548
"Hayes Lake","Department of Natural Resources State Park","DNR","State Park",TRUE,"Spring-2020",940
"Hayes Lake","Department of Natural Resources State Park","DNR","State Park",TRUE,"Spring-2021",1187
"Hayes Lake","Department of Natural Resources State Park","DNR","State Park",TRUE,"Summer-2018",8632
"Hayes Lake","Department of Natural Resources State Park","DNR","State Park",TRUE,"Summer-2019",5357
"Hayes Lake","Department of Natural Resources State Park","DNR","State Park",TRUE,"Summer-2020",5179
"Hayes Lake","Department of Natural Resources State Park","DNR","State Park",TRUE,"Summer-2021",4944
"Hayes Lake","Department of Natural Resources State Park","DNR","State Park",TRUE,"Winter-2018",1394
"Hayes Lake","Department of Natural Resources State Park","DNR","State Park",TRUE,"Winter-2019",1074
"Hayes Lake","Department of Natural Resources State Park","DNR","State Park",TRUE,"Winter-2020",699
"Hayes Lake","Department of Natural Resources State Park","DNR","State Park",TRUE,"Winter-2021",993
"Hayes Lake","Department of Natural Resources State Park","DNR","State Park",TRUE,"Winter-2022",398
"He Mni Can - Barn Bluff","Greater Minnesota Regional Parks & Trails","Greater MN","Regional Park",TRUE,"Fall-2018",3531
"He Mni Can - Barn Bluff","Greater Minnesota Regional Parks & Trails","Greater MN","Regional Park",TRUE,"Fall-2019",7708
"He Mni Can - Barn Bluff","Greater Minnesota Regional Parks & Trails","Greater MN","Regional Park",TRUE,"Fall-2020",12485
"He Mni Can - Barn Bluff","Greater Minnesota Regional Parks & Trails","Greater MN","Regional Park",TRUE,"Fall-2021",9489
"He Mni Can - Barn Bluff","Greater Minnesota Regional Parks & Trails","Greater MN","Regional Park",TRUE,"Spring-2018",2897
"He Mni Can - Barn Bluff","Greater Minnesota Regional Parks & Trails","Greater MN","Regional Park",TRUE,"Spring-2019",5864
"He Mni Can - Barn Bluff","Greater Minnesota Regional Parks & Trails","Greater MN","Regional Park",TRUE,"Spring-2020",15343
"He Mni Can - Barn Bluff","Greater Minnesota Regional Parks & Trails","Greater MN","Regional Park",TRUE,"Spring-2021",11134
"He Mni Can - Barn Bluff","Greater Minnesota Regional Parks & Trails","Greater MN","Regional Park",TRUE,"Summer-2018",6739
"He Mni Can - Barn Bluff","Greater Minnesota Regional Parks & Trails","Greater MN","Regional Park",TRUE,"Summer-2019",11006
"He Mni Can - Barn Bluff","Greater Minnesota Regional Parks & Trails","Greater MN","Regional Park",TRUE,"Summer-2020",16654
"He Mni Can - Barn Bluff","Greater Minnesota Regional Parks & Trails","Greater MN","Regional Park",TRUE,"Summer-2021",12453
"He Mni Can - Barn Bluff","Greater Minnesota Regional Parks & Trails","Greater MN","Regional Park",TRUE,"Winter-2018",957
"He Mni Can - Barn Bluff","Greater Minnesota Regional Parks & Trails","Greater MN","Regional Park",TRUE,"Winter-2019",1093
"He Mni Can - Barn Bluff","Greater Minnesota Regional Parks & Trails","Greater MN","Regional Park",TRUE,"Winter-2020",1017
"He Mni Can - Barn Bluff","Greater Minnesota Regional Parks & Trails","Greater MN","Regional Park",TRUE,"Winter-2021",3145
"He Mni Can - Barn Bluff","Greater Minnesota Regional Parks & Trails","Greater MN","Regional Park",TRUE,"Winter-2022",535
"Hidden Falls-Crosby Farm","Metropolitan Regional Park System","St. Paul Parks and Recreation","Regional Park",TRUE,"Fall-2018",37141
"Hidden Falls-Crosby Farm","Metropolitan Regional Park System","St. Paul Parks and Recreation","Regional Park",TRUE,"Fall-2019",30882
"Hidden Falls-Crosby Farm","Metropolitan Regional Park System","St. Paul Parks and Recreation","Regional Park",TRUE,"Fall-2020",47876
"Hidden Falls-Crosby Farm","Metropolitan Regional Park System","St. Paul Parks and Recreation","Regional Park",TRUE,"Fall-2021",36665
"Hidden Falls-Crosby Farm","Metropolitan Regional Park System","St. Paul Parks and Recreation","Regional Park",TRUE,"Spring-2018",37972
"Hidden Falls-Crosby Farm","Metropolitan Regional Park System","St. Paul Parks and Recreation","Regional Park",TRUE,"Spring-2019",11768
"Hidden Falls-Crosby Farm","Metropolitan Regional Park System","St. Paul Parks and Recreation","Regional Park",TRUE,"Spring-2020",54517
"Hidden Falls-Crosby Farm","Metropolitan Regional Park System","St. Paul Parks and Recreation","Regional Park",TRUE,"Spring-2021",66493
"Hidden Falls-Crosby Farm","Metropolitan Regional Park System","St. Paul Parks and Recreation","Regional Park",TRUE,"Summer-2018",69734
"Hidden Falls-Crosby Farm","Metropolitan Regional Park System","St. Paul Parks and Recreation","Regional Park",TRUE,"Summer-2019",55763
"Hidden Falls-Crosby Farm","Metropolitan Regional Park System","St. Paul Parks and Recreation","Regional Park",TRUE,"Summer-2020",101661
"Hidden Falls-Crosby Farm","Metropolitan Regional Park System","St. Paul Parks and Recreation","Regional Park",TRUE,"Summer-2021",70787
"Hidden Falls-Crosby Farm","Metropolitan Regional Park System","St. Paul Parks and Recreation","Regional Park",TRUE,"Winter-2018",14701
"Hidden Falls-Crosby Farm","Metropolitan Regional Park System","St. Paul Parks and Recreation","Regional Park",TRUE,"Winter-2019",13895
"Hidden Falls-Crosby Farm","Metropolitan Regional Park System","St. Paul Parks and Recreation","Regional Park",TRUE,"Winter-2020",11450
"Hidden Falls-Crosby Farm","Metropolitan Regional Park System","St. Paul Parks and Recreation","Regional Park",TRUE,"Winter-2021",27465
"Hidden Falls-Crosby Farm","Metropolitan Regional Park System","St. Paul Parks and Recreation","Regional Park",TRUE,"Winter-2022",3466
"Hill Annex Mine","Department of Natural Resources State Park","DNR","State Park",TRUE,"Fall-2018",1917
"Hill Annex Mine","Department of Natural Resources State Park","DNR","State Park",TRUE,"Fall-2019",450
"Hill Annex Mine","Department of Natural Resources State Park","DNR","State Park",TRUE,"Fall-2020",518
"Hill Annex Mine","Department of Natural Resources State Park","DNR","State Park",TRUE,"Fall-2021",323
"Hill Annex Mine","Department of Natural Resources State Park","DNR","State Park",TRUE,"Spring-2018",1887
"Hill Annex Mine","Department of Natural Resources State Park","DNR","State Park",TRUE,"Spring-2019",2025
"Hill Annex Mine","Department of Natural Resources State Park","DNR","State Park",TRUE,"Spring-2020",334
"Hill Annex Mine","Department of Natural Resources State Park","DNR","State Park",TRUE,"Spring-2021",343
"Hill Annex Mine","Department of Natural Resources State Park","DNR","State Park",TRUE,"Summer-2018",4717
"Hill Annex Mine","Department of Natural Resources State Park","DNR","State Park",TRUE,"Summer-2019",1556
"Hill Annex Mine","Department of Natural Resources State Park","DNR","State Park",TRUE,"Summer-2020",1181
"Hill Annex Mine","Department of Natural Resources State Park","DNR","State Park",TRUE,"Summer-2021",894
"Hill Annex Mine","Department of Natural Resources State Park","DNR","State Park",TRUE,"Winter-2018",2889
"Hill Annex Mine","Department of Natural Resources State Park","DNR","State Park",TRUE,"Winter-2019",2100
"Hill Annex Mine","Department of Natural Resources State Park","DNR","State Park",TRUE,"Winter-2020",426
"Hill Annex Mine","Department of Natural Resources State Park","DNR","State Park",TRUE,"Winter-2021",275
"Hill Annex Mine","Department of Natural Resources State Park","DNR","State Park",TRUE,"Winter-2022",132
"Hok Si La Park","Eligible for Greater Minnesota Designation","Eligible Greater MN","Eligible Regional Park",FALSE,"Fall-2018",9536
"Hok Si La Park","Eligible for Greater Minnesota Designation","Eligible Greater MN","Eligible Regional Park",FALSE,"Fall-2019",9082
"Hok Si La Park","Eligible for Greater Minnesota Designation","Eligible Greater MN","Eligible Regional Park",FALSE,"Fall-2020",7172
"Hok Si La Park","Eligible for Greater Minnesota Designation","Eligible Greater MN","Eligible Regional Park",FALSE,"Fall-2021",11139
"Hok Si La Park","Eligible for Greater Minnesota Designation","Eligible Greater MN","Eligible Regional Park",FALSE,"Spring-2018",10347
"Hok Si La Park","Eligible for Greater Minnesota Designation","Eligible Greater MN","Eligible Regional Park",FALSE,"Spring-2019",7538
"Hok Si La Park","Eligible for Greater Minnesota Designation","Eligible Greater MN","Eligible Regional Park",FALSE,"Spring-2020",7113
"Hok Si La Park","Eligible for Greater Minnesota Designation","Eligible Greater MN","Eligible Regional Park",FALSE,"Spring-2021",9860
"Hok Si La Park","Eligible for Greater Minnesota Designation","Eligible Greater MN","Eligible Regional Park",FALSE,"Summer-2018",35576
"Hok Si La Park","Eligible for Greater Minnesota Designation","Eligible Greater MN","Eligible Regional Park",FALSE,"Summer-2019",33871
"Hok Si La Park","Eligible for Greater Minnesota Designation","Eligible Greater MN","Eligible Regional Park",FALSE,"Summer-2020",42825
"Hok Si La Park","Eligible for Greater Minnesota Designation","Eligible Greater MN","Eligible Regional Park",FALSE,"Summer-2021",34163
"Hok Si La Park","Eligible for Greater Minnesota Designation","Eligible Greater MN","Eligible Regional Park",FALSE,"Winter-2018",4639
"Hok Si La Park","Eligible for Greater Minnesota Designation","Eligible Greater MN","Eligible Regional Park",FALSE,"Winter-2019",4043
"Hok Si La Park","Eligible for Greater Minnesota Designation","Eligible Greater MN","Eligible Regional Park",FALSE,"Winter-2020",2700
"Hok Si La Park","Eligible for Greater Minnesota Designation","Eligible Greater MN","Eligible Regional Park",FALSE,"Winter-2021",3357
"Hok Si La Park","Eligible for Greater Minnesota Designation","Eligible Greater MN","Eligible Regional Park",FALSE,"Winter-2022",488
"Hole in the Mountain Park","Greater Minnesota Regional Parks & Trails","Greater MN","Regional Park",TRUE,"Fall-2018",4189
"Hole in the Mountain Park","Greater Minnesota Regional Parks & Trails","Greater MN","Regional Park",TRUE,"Fall-2019",2435
"Hole in the Mountain Park","Greater Minnesota Regional Parks & Trails","Greater MN","Regional Park",TRUE,"Fall-2020",3186
"Hole in the Mountain Park","Greater Minnesota Regional Parks & Trails","Greater MN","Regional Park",TRUE,"Fall-2021",1939
"Hole in the Mountain Park","Greater Minnesota Regional Parks & Trails","Greater MN","Regional Park",TRUE,"Spring-2018",4501
"Hole in the Mountain Park","Greater Minnesota Regional Parks & Trails","Greater MN","Regional Park",TRUE,"Spring-2019",3103
"Hole in the Mountain Park","Greater Minnesota Regional Parks & Trails","Greater MN","Regional Park",TRUE,"Spring-2020",1973
"Hole in the Mountain Park","Greater Minnesota Regional Parks & Trails","Greater MN","Regional Park",TRUE,"Spring-2021",3060
"Hole in the Mountain Park","Greater Minnesota Regional Parks & Trails","Greater MN","Regional Park",TRUE,"Summer-2018",17237
"Hole in the Mountain Park","Greater Minnesota Regional Parks & Trails","Greater MN","Regional Park",TRUE,"Summer-2019",12287
"Hole in the Mountain Park","Greater Minnesota Regional Parks & Trails","Greater MN","Regional Park",TRUE,"Summer-2020",7311
"Hole in the Mountain Park","Greater Minnesota Regional Parks & Trails","Greater MN","Regional Park",TRUE,"Summer-2021",5848
"Hole in the Mountain Park","Greater Minnesota Regional Parks & Trails","Greater MN","Regional Park",TRUE,"Winter-2018",5211
"Hole in the Mountain Park","Greater Minnesota Regional Parks & Trails","Greater MN","Regional Park",TRUE,"Winter-2019",2218
"Hole in the Mountain Park","Greater Minnesota Regional Parks & Trails","Greater MN","Regional Park",TRUE,"Winter-2020",1688
"Hole in the Mountain Park","Greater Minnesota Regional Parks & Trails","Greater MN","Regional Park",TRUE,"Winter-2021",1634
"Hole in the Mountain Park","Greater Minnesota Regional Parks & Trails","Greater MN","Regional Park",TRUE,"Winter-2022",273
"Hyland-Bush-Anderson Lakes (Bloomington Parks and Recreation)","Metropolitan Regional Park System","Bloomington Parks and Recreation","Regional Park",TRUE,"Fall-2018",106493
"Hyland-Bush-Anderson Lakes (Bloomington Parks and Recreation)","Metropolitan Regional Park System","Bloomington Parks and Recreation","Regional Park",TRUE,"Fall-2019",101034
"Hyland-Bush-Anderson Lakes (Bloomington Parks and Recreation)","Metropolitan Regional Park System","Bloomington Parks and Recreation","Regional Park",TRUE,"Fall-2020",124661
"Hyland-Bush-Anderson Lakes (Bloomington Parks and Recreation)","Metropolitan Regional Park System","Bloomington Parks and Recreation","Regional Park",TRUE,"Fall-2021",107821
"Hyland-Bush-Anderson Lakes (Bloomington Parks and Recreation)","Metropolitan Regional Park System","Bloomington Parks and Recreation","Regional Park",TRUE,"Spring-2018",100097
"Hyland-Bush-Anderson Lakes (Bloomington Parks and Recreation)","Metropolitan Regional Park System","Bloomington Parks and Recreation","Regional Park",TRUE,"Spring-2019",120864
"Hyland-Bush-Anderson Lakes (Bloomington Parks and Recreation)","Metropolitan Regional Park System","Bloomington Parks and Recreation","Regional Park",TRUE,"Spring-2020",138927
"Hyland-Bush-Anderson Lakes (Bloomington Parks and Recreation)","Metropolitan Regional Park System","Bloomington Parks and Recreation","Regional Park",TRUE,"Spring-2021",150045
"Hyland-Bush-Anderson Lakes (Bloomington Parks and Recreation)","Metropolitan Regional Park System","Bloomington Parks and Recreation","Regional Park",TRUE,"Summer-2018",210321
"Hyland-Bush-Anderson Lakes (Bloomington Parks and Recreation)","Metropolitan Regional Park System","Bloomington Parks and Recreation","Regional Park",TRUE,"Summer-2019",178081
"Hyland-Bush-Anderson Lakes (Bloomington Parks and Recreation)","Metropolitan Regional Park System","Bloomington Parks and Recreation","Regional Park",TRUE,"Summer-2020",266610
"Hyland-Bush-Anderson Lakes (Bloomington Parks and Recreation)","Metropolitan Regional Park System","Bloomington Parks and Recreation","Regional Park",TRUE,"Summer-2021",208894
"Hyland-Bush-Anderson Lakes (Bloomington Parks and Recreation)","Metropolitan Regional Park System","Bloomington Parks and Recreation","Regional Park",TRUE,"Winter-2018",137037
"Hyland-Bush-Anderson Lakes (Bloomington Parks and Recreation)","Metropolitan Regional Park System","Bloomington Parks and Recreation","Regional Park",TRUE,"Winter-2019",232789
"Hyland-Bush-Anderson Lakes (Bloomington Parks and Recreation)","Metropolitan Regional Park System","Bloomington Parks and Recreation","Regional Park",TRUE,"Winter-2020",237137
"Hyland-Bush-Anderson Lakes (Bloomington Parks and Recreation)","Metropolitan Regional Park System","Bloomington Parks and Recreation","Regional Park",TRUE,"Winter-2021",367375
"Hyland-Bush-Anderson Lakes (Bloomington Parks and Recreation)","Metropolitan Regional Park System","Bloomington Parks and Recreation","Regional Park",TRUE,"Winter-2022",108206
"Hyland-Bush-Anderson Lakes (Three Rivers Park District)","Metropolitan Regional Park System","Three Rivers Park District","Regional Park",TRUE,"Fall-2018",2038
"Hyland-Bush-Anderson Lakes (Three Rivers Park District)","Metropolitan Regional Park System","Three Rivers Park District","Regional Park",TRUE,"Fall-2019",1621
"Hyland-Bush-Anderson Lakes (Three Rivers Park District)","Metropolitan Regional Park System","Three Rivers Park District","Regional Park",TRUE,"Fall-2020",2360
"Hyland-Bush-Anderson Lakes (Three Rivers Park District)","Metropolitan Regional Park System","Three Rivers Park District","Regional Park",TRUE,"Fall-2021",2075
"Hyland-Bush-Anderson Lakes (Three Rivers Park District)","Metropolitan Regional Park System","Three Rivers Park District","Regional Park",TRUE,"Spring-2018",1486
"Hyland-Bush-Anderson Lakes (Three Rivers Park District)","Metropolitan Regional Park System","Three Rivers Park District","Regional Park",TRUE,"Spring-2019",2280
"Hyland-Bush-Anderson Lakes (Three Rivers Park District)","Metropolitan Regional Park System","Three Rivers Park District","Regional Park",TRUE,"Spring-2020",3845
"Hyland-Bush-Anderson Lakes (Three Rivers Park District)","Metropolitan Regional Park System","Three Rivers Park District","Regional Park",TRUE,"Spring-2021",2005
"Hyland-Bush-Anderson Lakes (Three Rivers Park District)","Metropolitan Regional Park System","Three Rivers Park District","Regional Park",TRUE,"Summer-2018",1791
"Hyland-Bush-Anderson Lakes (Three Rivers Park District)","Metropolitan Regional Park System","Three Rivers Park District","Regional Park",TRUE,"Summer-2019",2374
"Hyland-Bush-Anderson Lakes (Three Rivers Park District)","Metropolitan Regional Park System","Three Rivers Park District","Regional Park",TRUE,"Summer-2020",3350
"Hyland-Bush-Anderson Lakes (Three Rivers Park District)","Metropolitan Regional Park System","Three Rivers Park District","Regional Park",TRUE,"Summer-2021",1933
"Hyland-Bush-Anderson Lakes (Three Rivers Park District)","Metropolitan Regional Park System","Three Rivers Park District","Regional Park",TRUE,"Winter-2018",1489
"Hyland-Bush-Anderson Lakes (Three Rivers Park District)","Metropolitan Regional Park System","Three Rivers Park District","Regional Park",TRUE,"Winter-2019",1521
"Hyland-Bush-Anderson Lakes (Three Rivers Park District)","Metropolitan Regional Park System","Three Rivers Park District","Regional Park",TRUE,"Winter-2020",1355
"Hyland-Bush-Anderson Lakes (Three Rivers Park District)","Metropolitan Regional Park System","Three Rivers Park District","Regional Park",TRUE,"Winter-2021",2060
"Hyland-Bush-Anderson Lakes (Three Rivers Park District)","Metropolitan Regional Park System","Three Rivers Park District","Regional Park",TRUE,"Winter-2022",256
"Indian Mounds","Metropolitan Regional Park System","St. Paul Parks and Recreation","Regional Park",TRUE,"Fall-2018",20175
"Indian Mounds","Metropolitan Regional Park System","St. Paul Parks and Recreation","Regional Park",TRUE,"Fall-2019",14416
"Indian Mounds","Metropolitan Regional Park System","St. Paul Parks and Recreation","Regional Park",TRUE,"Fall-2020",13926
"Indian Mounds","Metropolitan Regional Park System","St. Paul Parks and Recreation","Regional Park",TRUE,"Fall-2021",19745
"Indian Mounds","Metropolitan Regional Park System","St. Paul Parks and Recreation","Regional Park",TRUE,"Spring-2018",18150
"Indian Mounds","Metropolitan Regional Park System","St. Paul Parks and Recreation","Regional Park",TRUE,"Spring-2019",20296
"Indian Mounds","Metropolitan Regional Park System","St. Paul Parks and Recreation","Regional Park",TRUE,"Spring-2020",10546
"Indian Mounds","Metropolitan Regional Park System","St. Paul Parks and Recreation","Regional Park",TRUE,"Spring-2021",27027
"Indian Mounds","Metropolitan Regional Park System","St. Paul Parks and Recreation","Regional Park",TRUE,"Summer-2018",35306
"Indian Mounds","Metropolitan Regional Park System","St. Paul Parks and Recreation","Regional Park",TRUE,"Summer-2019",23904
"Indian Mounds","Metropolitan Regional Park System","St. Paul Parks and Recreation","Regional Park",TRUE,"Summer-2020",21142
"Indian Mounds","Metropolitan Regional Park System","St. Paul Parks and Recreation","Regional Park",TRUE,"Summer-2021",25408
"Indian Mounds","Metropolitan Regional Park System","St. Paul Parks and Recreation","Regional Park",TRUE,"Winter-2018",62083
"Indian Mounds","Metropolitan Regional Park System","St. Paul Parks and Recreation","Regional Park",TRUE,"Winter-2019",19822
"Indian Mounds","Metropolitan Regional Park System","St. Paul Parks and Recreation","Regional Park",TRUE,"Winter-2020",9252
"Indian Mounds","Metropolitan Regional Park System","St. Paul Parks and Recreation","Regional Park",TRUE,"Winter-2021",12119
"Indian Mounds","Metropolitan Regional Park System","St. Paul Parks and Recreation","Regional Park",TRUE,"Winter-2022",5595
"Inspiration Peak","Department of Natural Resources State Park","DNR","State Wayside",TRUE,"Fall-2018",4045
"Inspiration Peak","Department of Natural Resources State Park","DNR","State Wayside",TRUE,"Fall-2019",5889
"Inspiration Peak","Department of Natural Resources State Park","DNR","State Wayside",TRUE,"Fall-2020",8880
"Inspiration Peak","Department of Natural Resources State Park","DNR","State Wayside",TRUE,"Fall-2021",5608
"Inspiration Peak","Department of Natural Resources State Park","DNR","State Wayside",TRUE,"Spring-2018",2284
"Inspiration Peak","Department of Natural Resources State Park","DNR","State Wayside",TRUE,"Spring-2019",1612
"Inspiration Peak","Department of Natural Resources State Park","DNR","State Wayside",TRUE,"Spring-2020",3862
"Inspiration Peak","Department of Natural Resources State Park","DNR","State Wayside",TRUE,"Spring-2021",1826
"Inspiration Peak","Department of Natural Resources State Park","DNR","State Wayside",TRUE,"Summer-2018",5584
"Inspiration Peak","Department of Natural Resources State Park","DNR","State Wayside",TRUE,"Summer-2019",5387
"Inspiration Peak","Department of Natural Resources State Park","DNR","State Wayside",TRUE,"Summer-2020",6202
"Inspiration Peak","Department of Natural Resources State Park","DNR","State Wayside",TRUE,"Summer-2021",4622
"Inspiration Peak","Department of Natural Resources State Park","DNR","State Wayside",TRUE,"Winter-2018",2621
"Inspiration Peak","Department of Natural Resources State Park","DNR","State Wayside",TRUE,"Winter-2019",911
"Inspiration Peak","Department of Natural Resources State Park","DNR","State Wayside",TRUE,"Winter-2020",563
"Inspiration Peak","Department of Natural Resources State Park","DNR","State Wayside",TRUE,"Winter-2021",451
"Inspiration Peak","Department of Natural Resources State Park","DNR","State Wayside",TRUE,"Winter-2022",230
"Interstate","Department of Natural Resources State Park","DNR","State Park",TRUE,"Fall-2018",27756
"Interstate","Department of Natural Resources State Park","DNR","State Park",TRUE,"Fall-2019",35635
"Interstate","Department of Natural Resources State Park","DNR","State Park",TRUE,"Fall-2020",49938
"Interstate","Department of Natural Resources State Park","DNR","State Park",TRUE,"Fall-2021",30894
"Interstate","Department of Natural Resources State Park","DNR","State Park",TRUE,"Spring-2018",18699
"Interstate","Department of Natural Resources State Park","DNR","State Park",TRUE,"Spring-2019",27133
"Interstate","Department of Natural Resources State Park","DNR","State Park",TRUE,"Spring-2020",62890
"Interstate","Department of Natural Resources State Park","DNR","State Park",TRUE,"Spring-2021",34352
"Interstate","Department of Natural Resources State Park","DNR","State Park",TRUE,"Summer-2018",67449
"Interstate","Department of Natural Resources State Park","DNR","State Park",TRUE,"Summer-2019",91602
"Interstate","Department of Natural Resources State Park","DNR","State Park",TRUE,"Summer-2020",119741
"Interstate","Department of Natural Resources State Park","DNR","State Park",TRUE,"Summer-2021",66406
"Interstate","Department of Natural Resources State Park","DNR","State Park",TRUE,"Winter-2018",2370
"Interstate","Department of Natural Resources State Park","DNR","State Park",TRUE,"Winter-2019",1625
"Interstate","Department of Natural Resources State Park","DNR","State Park",TRUE,"Winter-2020",1860
"Interstate","Department of Natural Resources State Park","DNR","State Park",TRUE,"Winter-2021",4425
"Interstate","Department of Natural Resources State Park","DNR","State Park",TRUE,"Winter-2022",368
"Iron Range Off-Highway Vehicle","Department of Natural Resources State Park","DNR","State Recreation Area",TRUE,"Fall-2018",18309
"Iron Range Off-Highway Vehicle","Department of Natural Resources State Park","DNR","State Recreation Area",TRUE,"Fall-2019",17880
"Iron Range Off-Highway Vehicle","Department of Natural Resources State Park","DNR","State Recreation Area",TRUE,"Fall-2020",15651
"Iron Range Off-Highway Vehicle","Department of Natural Resources State Park","DNR","State Recreation Area",TRUE,"Fall-2021",17839
"Iron Range Off-Highway Vehicle","Department of Natural Resources State Park","DNR","State Recreation Area",TRUE,"Spring-2018",16673
"Iron Range Off-Highway Vehicle","Department of Natural Resources State Park","DNR","State Recreation Area",TRUE,"Spring-2019",15509
"Iron Range Off-Highway Vehicle","Department of Natural Resources State Park","DNR","State Recreation Area",TRUE,"Spring-2020",13619
"Iron Range Off-Highway Vehicle","Department of Natural Resources State Park","DNR","State Recreation Area",TRUE,"Spring-2021",16101
"Iron Range Off-Highway Vehicle","Department of Natural Resources State Park","DNR","State Recreation Area",TRUE,"Summer-2018",50884
"Iron Range Off-Highway Vehicle","Department of Natural Resources State Park","DNR","State Recreation Area",TRUE,"Summer-2019",31881
"Iron Range Off-Highway Vehicle","Department of Natural Resources State Park","DNR","State Recreation Area",TRUE,"Summer-2020",44546
"Iron Range Off-Highway Vehicle","Department of Natural Resources State Park","DNR","State Recreation Area",TRUE,"Summer-2021",37574
"Iron Range Off-Highway Vehicle","Department of Natural Resources State Park","DNR","State Recreation Area",TRUE,"Winter-2018",5234
"Iron Range Off-Highway Vehicle","Department of Natural Resources State Park","DNR","State Recreation Area",TRUE,"Winter-2019",5290
"Iron Range Off-Highway Vehicle","Department of Natural Resources State Park","DNR","State Recreation Area",TRUE,"Winter-2020",2132
"Iron Range Off-Highway Vehicle","Department of Natural Resources State Park","DNR","State Recreation Area",TRUE,"Winter-2021",3244
"Iron Range Off-Highway Vehicle","Department of Natural Resources State Park","DNR","State Recreation Area",TRUE,"Winter-2022",249
"Irving & John Anderson County Park","Greater Minnesota Regional Parks & Trails","Greater MN","Regional Park",TRUE,"Fall-2018",1577
"Irving & John Anderson County Park","Greater Minnesota Regional Parks & Trails","Greater MN","Regional Park",TRUE,"Fall-2019",1456
"Irving & John Anderson County Park","Greater Minnesota Regional Parks & Trails","Greater MN","Regional Park",TRUE,"Fall-2020",2785
"Irving & John Anderson County Park","Greater Minnesota Regional Parks & Trails","Greater MN","Regional Park",TRUE,"Fall-2021",2470
"Irving & John Anderson County Park","Greater Minnesota Regional Parks & Trails","Greater MN","Regional Park",TRUE,"Spring-2018",1073
"Irving & John Anderson County Park","Greater Minnesota Regional Parks & Trails","Greater MN","Regional Park",TRUE,"Spring-2019",1104
"Irving & John Anderson County Park","Greater Minnesota Regional Parks & Trails","Greater MN","Regional Park",TRUE,"Spring-2020",3497
"Irving & John Anderson County Park","Greater Minnesota Regional Parks & Trails","Greater MN","Regional Park",TRUE,"Spring-2021",3256
"Irving & John Anderson County Park","Greater Minnesota Regional Parks & Trails","Greater MN","Regional Park",TRUE,"Summer-2018",1201
"Irving & John Anderson County Park","Greater Minnesota Regional Parks & Trails","Greater MN","Regional Park",TRUE,"Summer-2019",1391
"Irving & John Anderson County Park","Greater Minnesota Regional Parks & Trails","Greater MN","Regional Park",TRUE,"Summer-2020",3265
"Irving & John Anderson County Park","Greater Minnesota Regional Parks & Trails","Greater MN","Regional Park",TRUE,"Summer-2021",3001
"Irving & John Anderson County Park","Greater Minnesota Regional Parks & Trails","Greater MN","Regional Park",TRUE,"Winter-2018",799
"Irving & John Anderson County Park","Greater Minnesota Regional Parks & Trails","Greater MN","Regional Park",TRUE,"Winter-2019",766
"Irving & John Anderson County Park","Greater Minnesota Regional Parks & Trails","Greater MN","Regional Park",TRUE,"Winter-2020",765
"Irving & John Anderson County Park","Greater Minnesota Regional Parks & Trails","Greater MN","Regional Park",TRUE,"Winter-2021",1181
"Irving & John Anderson County Park","Greater Minnesota Regional Parks & Trails","Greater MN","Regional Park",TRUE,"Winter-2022",239
"Islands of Peace","Metropolitan Regional Park System","Anoka County Parks and Reacreation","Regional Park",TRUE,"Fall-2018",2369
"Islands of Peace","Metropolitan Regional Park System","Anoka County Parks and Reacreation","Regional Park",TRUE,"Fall-2019",894
"Islands of Peace","Metropolitan Regional Park System","Anoka County Parks and Reacreation","Regional Park",TRUE,"Fall-2020",1404
"Islands of Peace","Metropolitan Regional Park System","Anoka County Parks and Reacreation","Regional Park",TRUE,"Fall-2021",851
"Islands of Peace","Metropolitan Regional Park System","Anoka County Parks and Reacreation","Regional Park",TRUE,"Spring-2018",1853
"Islands of Peace","Metropolitan Regional Park System","Anoka County Parks and Reacreation","Regional Park",TRUE,"Spring-2019",1543
"Islands of Peace","Metropolitan Regional Park System","Anoka County Parks and Reacreation","Regional Park",TRUE,"Spring-2020",1550
"Islands of Peace","Metropolitan Regional Park System","Anoka County Parks and Reacreation","Regional Park",TRUE,"Spring-2021",861
"Islands of Peace","Metropolitan Regional Park System","Anoka County Parks and Reacreation","Regional Park",TRUE,"Summer-2018",3830
"Islands of Peace","Metropolitan Regional Park System","Anoka County Parks and Reacreation","Regional Park",TRUE,"Summer-2019",2261
"Islands of Peace","Metropolitan Regional Park System","Anoka County Parks and Reacreation","Regional Park",TRUE,"Summer-2020",2015
"Islands of Peace","Metropolitan Regional Park System","Anoka County Parks and Reacreation","Regional Park",TRUE,"Summer-2021",1127
"Islands of Peace","Metropolitan Regional Park System","Anoka County Parks and Reacreation","Regional Park",TRUE,"Winter-2018",1088
"Islands of Peace","Metropolitan Regional Park System","Anoka County Parks and Reacreation","Regional Park",TRUE,"Winter-2019",1365
"Islands of Peace","Metropolitan Regional Park System","Anoka County Parks and Reacreation","Regional Park",TRUE,"Winter-2020",554
"Islands of Peace","Metropolitan Regional Park System","Anoka County Parks and Reacreation","Regional Park",TRUE,"Winter-2021",333
"Islands of Peace","Metropolitan Regional Park System","Anoka County Parks and Reacreation","Regional Park",TRUE,"Winter-2022",178
"Itasca","Department of Natural Resources State Park","DNR","State Park",TRUE,"Fall-2018",167904
"Itasca","Department of Natural Resources State Park","DNR","State Park",TRUE,"Fall-2019",133592
"Itasca","Department of Natural Resources State Park","DNR","State Park",TRUE,"Fall-2020",112264
"Itasca","Department of Natural Resources State Park","DNR","State Park",TRUE,"Fall-2021",105231
"Itasca","Department of Natural Resources State Park","DNR","State Park",TRUE,"Spring-2018",87574
"Itasca","Department of Natural Resources State Park","DNR","State Park",TRUE,"Spring-2019",65460
"Itasca","Department of Natural Resources State Park","DNR","State Park",TRUE,"Spring-2020",48161
"Itasca","Department of Natural Resources State Park","DNR","State Park",TRUE,"Spring-2021",85975
"Itasca","Department of Natural Resources State Park","DNR","State Park",TRUE,"Summer-2018",448039
"Itasca","Department of Natural Resources State Park","DNR","State Park",TRUE,"Summer-2019",421775
"Itasca","Department of Natural Resources State Park","DNR","State Park",TRUE,"Summer-2020",348496
"Itasca","Department of Natural Resources State Park","DNR","State Park",TRUE,"Summer-2021",336599
"Itasca","Department of Natural Resources State Park","DNR","State Park",TRUE,"Winter-2018",23191
"Itasca","Department of Natural Resources State Park","DNR","State Park",TRUE,"Winter-2019",37763
"Itasca","Department of Natural Resources State Park","DNR","State Park",TRUE,"Winter-2020",33274
"Itasca","Department of Natural Resources State Park","DNR","State Park",TRUE,"Winter-2021",23612
"Itasca","Department of Natural Resources State Park","DNR","State Park",TRUE,"Winter-2022",2968
"Jay C Hormel Nature Center","Greater Minnesota Regional Parks & Trails","Greater MN","Regional Park",TRUE,"Fall-2018",25757
"Jay C Hormel Nature Center","Greater Minnesota Regional Parks & Trails","Greater MN","Regional Park",TRUE,"Fall-2019",13191
"Jay C Hormel Nature Center","Greater Minnesota Regional Parks & Trails","Greater MN","Regional Park",TRUE,"Fall-2020",12414
"Jay C Hormel Nature Center","Greater Minnesota Regional Parks & Trails","Greater MN","Regional Park",TRUE,"Fall-2021",13125
"Jay C Hormel Nature Center","Greater Minnesota Regional Parks & Trails","Greater MN","Regional Park",TRUE,"Spring-2018",19809
"Jay C Hormel Nature Center","Greater Minnesota Regional Parks & Trails","Greater MN","Regional Park",TRUE,"Spring-2019",18530
"Jay C Hormel Nature Center","Greater Minnesota Regional Parks & Trails","Greater MN","Regional Park",TRUE,"Spring-2020",13996
"Jay C Hormel Nature Center","Greater Minnesota Regional Parks & Trails","Greater MN","Regional Park",TRUE,"Spring-2021",16411
"Jay C Hormel Nature Center","Greater Minnesota Regional Parks & Trails","Greater MN","Regional Park",TRUE,"Summer-2018",32839
"Jay C Hormel Nature Center","Greater Minnesota Regional Parks & Trails","Greater MN","Regional Park",TRUE,"Summer-2019",21414
"Jay C Hormel Nature Center","Greater Minnesota Regional Parks & Trails","Greater MN","Regional Park",TRUE,"Summer-2020",22967
"Jay C Hormel Nature Center","Greater Minnesota Regional Parks & Trails","Greater MN","Regional Park",TRUE,"Summer-2021",19962
"Jay C Hormel Nature Center","Greater Minnesota Regional Parks & Trails","Greater MN","Regional Park",TRUE,"Winter-2018",13471
"Jay C Hormel Nature Center","Greater Minnesota Regional Parks & Trails","Greater MN","Regional Park",TRUE,"Winter-2019",18452
"Jay C Hormel Nature Center","Greater Minnesota Regional Parks & Trails","Greater MN","Regional Park",TRUE,"Winter-2020",12574
"Jay C Hormel Nature Center","Greater Minnesota Regional Parks & Trails","Greater MN","Regional Park",TRUE,"Winter-2021",10378
"Jay C Hormel Nature Center","Greater Minnesota Regional Parks & Trails","Greater MN","Regional Park",TRUE,"Winter-2022",2485
"Jay Cooke","Department of Natural Resources State Park","DNR","State Park",TRUE,"Fall-2018",47659
"Jay Cooke","Department of Natural Resources State Park","DNR","State Park",TRUE,"Fall-2019",36609
"Jay Cooke","Department of Natural Resources State Park","DNR","State Park",TRUE,"Fall-2020",59726
"Jay Cooke","Department of Natural Resources State Park","DNR","State Park",TRUE,"Fall-2021",36190
"Jay Cooke","Department of Natural Resources State Park","DNR","State Park",TRUE,"Spring-2018",32009
"Jay Cooke","Department of Natural Resources State Park","DNR","State Park",TRUE,"Spring-2019",31973
"Jay Cooke","Department of Natural Resources State Park","DNR","State Park",TRUE,"Spring-2020",49876
"Jay Cooke","Department of Natural Resources State Park","DNR","State Park",TRUE,"Spring-2021",40998
"Jay Cooke","Department of Natural Resources State Park","DNR","State Park",TRUE,"Summer-2018",89031
"Jay Cooke","Department of Natural Resources State Park","DNR","State Park",TRUE,"Summer-2019",77699
"Jay Cooke","Department of Natural Resources State Park","DNR","State Park",TRUE,"Summer-2020",132721
"Jay Cooke","Department of Natural Resources State Park","DNR","State Park",TRUE,"Summer-2021",79036
"Jay Cooke","Department of Natural Resources State Park","DNR","State Park",TRUE,"Winter-2018",14754
"Jay Cooke","Department of Natural Resources State Park","DNR","State Park",TRUE,"Winter-2019",14261
"Jay Cooke","Department of Natural Resources State Park","DNR","State Park",TRUE,"Winter-2020",10860
"Jay Cooke","Department of Natural Resources State Park","DNR","State Park",TRUE,"Winter-2021",17504
"Jay Cooke","Department of Natural Resources State Park","DNR","State Park",TRUE,"Winter-2022",2653
"John A Latsch","Department of Natural Resources State Park","DNR","State Park",TRUE,"Fall-2018",1337
"John A Latsch","Department of Natural Resources State Park","DNR","State Park",TRUE,"Fall-2019",1695
"John A Latsch","Department of Natural Resources State Park","DNR","State Park",TRUE,"Fall-2020",1780
"John A Latsch","Department of Natural Resources State Park","DNR","State Park",TRUE,"Fall-2021",1299
"John A Latsch","Department of Natural Resources State Park","DNR","State Park",TRUE,"Spring-2018",973
"John A Latsch","Department of Natural Resources State Park","DNR","State Park",TRUE,"Spring-2019",1209
"John A Latsch","Department of Natural Resources State Park","DNR","State Park",TRUE,"Spring-2020",2785
"John A Latsch","Department of Natural Resources State Park","DNR","State Park",TRUE,"Spring-2021",1558
"John A Latsch","Department of Natural Resources State Park","DNR","State Park",TRUE,"Summer-2018",1637
"John A Latsch","Department of Natural Resources State Park","DNR","State Park",TRUE,"Summer-2019",1934
"John A Latsch","Department of Natural Resources State Park","DNR","State Park",TRUE,"Summer-2020",3187
"John A Latsch","Department of Natural Resources State Park","DNR","State Park",TRUE,"Summer-2021",1439
"John A Latsch","Department of Natural Resources State Park","DNR","State Park",TRUE,"Winter-2018",1086
"John A Latsch","Department of Natural Resources State Park","DNR","State Park",TRUE,"Winter-2019",563
"John A Latsch","Department of Natural Resources State Park","DNR","State Park",TRUE,"Winter-2020",504
"John A Latsch","Department of Natural Resources State Park","DNR","State Park",TRUE,"Winter-2021",535
"John A Latsch","Department of Natural Resources State Park","DNR","State Park",TRUE,"Winter-2022",94
"Joseph R Brown","Department of Natural Resources State Park","DNR","State Wayside",TRUE,"Fall-2018",264
"Joseph R Brown","Department of Natural Resources State Park","DNR","State Wayside",TRUE,"Fall-2019",267
"Joseph R Brown","Department of Natural Resources State Park","DNR","State Wayside",TRUE,"Fall-2020",336
"Joseph R Brown","Department of Natural Resources State Park","DNR","State Wayside",TRUE,"Fall-2021",323
"Joseph R Brown","Department of Natural Resources State Park","DNR","State Wayside",TRUE,"Spring-2018",264
"Joseph R Brown","Department of Natural Resources State Park","DNR","State Wayside",TRUE,"Spring-2019",268
"Joseph R Brown","Department of Natural Resources State Park","DNR","State Wayside",TRUE,"Spring-2020",1083
"Joseph R Brown","Department of Natural Resources State Park","DNR","State Wayside",TRUE,"Spring-2021",199
"Joseph R Brown","Department of Natural Resources State Park","DNR","State Wayside",TRUE,"Summer-2018",297
"Joseph R Brown","Department of Natural Resources State Park","DNR","State Wayside",TRUE,"Summer-2019",325
"Joseph R Brown","Department of Natural Resources State Park","DNR","State Wayside",TRUE,"Summer-2020",1039
"Joseph R Brown","Department of Natural Resources State Park","DNR","State Wayside",TRUE,"Summer-2021",297
"Joseph R Brown","Department of Natural Resources State Park","DNR","State Wayside",TRUE,"Winter-2018",270
"Joseph R Brown","Department of Natural Resources State Park","DNR","State Wayside",TRUE,"Winter-2019",270
"Joseph R Brown","Department of Natural Resources State Park","DNR","State Wayside",TRUE,"Winter-2020",577
"Joseph R Brown","Department of Natural Resources State Park","DNR","State Wayside",TRUE,"Winter-2021",319
"Joseph R Brown","Department of Natural Resources State Park","DNR","State Wayside",TRUE,"Winter-2022",132
"Judge C R Magney","Department of Natural Resources State Park","DNR","State Park",TRUE,"Fall-2018",8878
"Judge C R Magney","Department of Natural Resources State Park","DNR","State Park",TRUE,"Fall-2019",8729
"Judge C R Magney","Department of Natural Resources State Park","DNR","State Park",TRUE,"Fall-2020",8314
"Judge C R Magney","Department of Natural Resources State Park","DNR","State Park",TRUE,"Fall-2021",7201
"Judge C R Magney","Department of Natural Resources State Park","DNR","State Park",TRUE,"Spring-2018",5061
"Judge C R Magney","Department of Natural Resources State Park","DNR","State Park",TRUE,"Spring-2019",4489
"Judge C R Magney","Department of Natural Resources State Park","DNR","State Park",TRUE,"Spring-2020",3563
"Judge C R Magney","Department of Natural Resources State Park","DNR","State Park",TRUE,"Spring-2021",8193
"Judge C R Magney","Department of Natural Resources State Park","DNR","State Park",TRUE,"Summer-2018",21143
"Judge C R Magney","Department of Natural Resources State Park","DNR","State Park",TRUE,"Summer-2019",16211
"Judge C R Magney","Department of Natural Resources State Park","DNR","State Park",TRUE,"Summer-2020",15634
"Judge C R Magney","Department of Natural Resources State Park","DNR","State Park",TRUE,"Summer-2021",11251
"Judge C R Magney","Department of Natural Resources State Park","DNR","State Park",TRUE,"Winter-2018",3537
"Judge C R Magney","Department of Natural Resources State Park","DNR","State Park",TRUE,"Winter-2019",2072
"Judge C R Magney","Department of Natural Resources State Park","DNR","State Park",TRUE,"Winter-2020",1007
"Judge C R Magney","Department of Natural Resources State Park","DNR","State Park",TRUE,"Winter-2021",1588
"Judge C R Magney","Department of Natural Resources State Park","DNR","State Park",TRUE,"Winter-2022",443
"Keller","Metropolitan Regional Park System","Ramsey County Parks and Recreation","Regional Park",TRUE,"Fall-2018",13953
"Keller","Metropolitan Regional Park System","Ramsey County Parks and Recreation","Regional Park",TRUE,"Fall-2019",13105
"Keller","Metropolitan Regional Park System","Ramsey County Parks and Recreation","Regional Park",TRUE,"Fall-2020",17706
"Keller","Metropolitan Regional Park System","Ramsey County Parks and Recreation","Regional Park",TRUE,"Fall-2021",16257
"Keller","Metropolitan Regional Park System","Ramsey County Parks and Recreation","Regional Park",TRUE,"Spring-2018",20535
"Keller","Metropolitan Regional Park System","Ramsey County Parks and Recreation","Regional Park",TRUE,"Spring-2019",22984
"Keller","Metropolitan Regional Park System","Ramsey County Parks and Recreation","Regional Park",TRUE,"Spring-2020",34001
"Keller","Metropolitan Regional Park System","Ramsey County Parks and Recreation","Regional Park",TRUE,"Spring-2021",34670
"Keller","Metropolitan Regional Park System","Ramsey County Parks and Recreation","Regional Park",TRUE,"Summer-2018",43638
"Keller","Metropolitan Regional Park System","Ramsey County Parks and Recreation","Regional Park",TRUE,"Summer-2019",42713
"Keller","Metropolitan Regional Park System","Ramsey County Parks and Recreation","Regional Park",TRUE,"Summer-2020",62801
"Keller","Metropolitan Regional Park System","Ramsey County Parks and Recreation","Regional Park",TRUE,"Summer-2021",50855
"Keller","Metropolitan Regional Park System","Ramsey County Parks and Recreation","Regional Park",TRUE,"Winter-2018",3902
"Keller","Metropolitan Regional Park System","Ramsey County Parks and Recreation","Regional Park",TRUE,"Winter-2019",4566
"Keller","Metropolitan Regional Park System","Ramsey County Parks and Recreation","Regional Park",TRUE,"Winter-2020",4988
"Keller","Metropolitan Regional Park System","Ramsey County Parks and Recreation","Regional Park",TRUE,"Winter-2021",7987
"Keller","Metropolitan Regional Park System","Ramsey County Parks and Recreation","Regional Park",TRUE,"Winter-2022",1537
"Kilen Woods","Department of Natural Resources State Park","DNR","State Park",TRUE,"Fall-2018",4884
"Kilen Woods","Department of Natural Resources State Park","DNR","State Park",TRUE,"Fall-2019",2729
"Kilen Woods","Department of Natural Resources State Park","DNR","State Park",TRUE,"Fall-2020",2656
"Kilen Woods","Department of Natural Resources State Park","DNR","State Park",TRUE,"Fall-2021",1852
"Kilen Woods","Department of Natural Resources State Park","DNR","State Park",TRUE,"Spring-2018",1694
"Kilen Woods","Department of Natural Resources State Park","DNR","State Park",TRUE,"Spring-2019",1446
"Kilen Woods","Department of Natural Resources State Park","DNR","State Park",TRUE,"Spring-2020",2049
"Kilen Woods","Department of Natural Resources State Park","DNR","State Park",TRUE,"Spring-2021",1529
"Kilen Woods","Department of Natural Resources State Park","DNR","State Park",TRUE,"Summer-2018",3114
"Kilen Woods","Department of Natural Resources State Park","DNR","State Park",TRUE,"Summer-2019",2330
"Kilen Woods","Department of Natural Resources State Park","DNR","State Park",TRUE,"Summer-2020",2999
"Kilen Woods","Department of Natural Resources State Park","DNR","State Park",TRUE,"Summer-2021",3012
"Kilen Woods","Department of Natural Resources State Park","DNR","State Park",TRUE,"Winter-2018",1260
"Kilen Woods","Department of Natural Resources State Park","DNR","State Park",TRUE,"Winter-2019",657
"Kilen Woods","Department of Natural Resources State Park","DNR","State Park",TRUE,"Winter-2020",516
"Kilen Woods","Department of Natural Resources State Park","DNR","State Park",TRUE,"Winter-2021",1100
"Kilen Woods","Department of Natural Resources State Park","DNR","State Park",TRUE,"Winter-2022",87
"Kingswood","Metropolitan Regional Park System","Three Rivers Park District","Regional Park",TRUE,"Fall-2018",758
"Kingswood","Metropolitan Regional Park System","Three Rivers Park District","Regional Park",TRUE,"Fall-2019",667
"Kingswood","Metropolitan Regional Park System","Three Rivers Park District","Regional Park",TRUE,"Fall-2020",975
"Kingswood","Metropolitan Regional Park System","Three Rivers Park District","Regional Park",TRUE,"Fall-2021",391
"Kingswood","Metropolitan Regional Park System","Three Rivers Park District","Regional Park",TRUE,"Spring-2018",653
"Kingswood","Metropolitan Regional Park System","Three Rivers Park District","Regional Park",TRUE,"Spring-2019",379
"Kingswood","Metropolitan Regional Park System","Three Rivers Park District","Regional Park",TRUE,"Spring-2020",2060
"Kingswood","Metropolitan Regional Park System","Three Rivers Park District","Regional Park",TRUE,"Spring-2021",904
"Kingswood","Metropolitan Regional Park System","Three Rivers Park District","Regional Park",TRUE,"Summer-2018",1264
"Kingswood","Metropolitan Regional Park System","Three Rivers Park District","Regional Park",TRUE,"Summer-2019",1326
"Kingswood","Metropolitan Regional Park System","Three Rivers Park District","Regional Park",TRUE,"Summer-2020",1261
"Kingswood","Metropolitan Regional Park System","Three Rivers Park District","Regional Park",TRUE,"Summer-2021",1065
"Kingswood","Metropolitan Regional Park System","Three Rivers Park District","Regional Park",TRUE,"Winter-2018",914
"Kingswood","Metropolitan Regional Park System","Three Rivers Park District","Regional Park",TRUE,"Winter-2019",532
"Kingswood","Metropolitan Regional Park System","Three Rivers Park District","Regional Park",TRUE,"Winter-2020",525
"Kingswood","Metropolitan Regional Park System","Three Rivers Park District","Regional Park",TRUE,"Winter-2021",340
"Kingswood","Metropolitan Regional Park System","Three Rivers Park District","Regional Park",TRUE,"Winter-2022",99
"Kodonce River","Department of Natural Resources State Park","DNR","State Wayside",TRUE,"Fall-2018",2758
"Kodonce River","Department of Natural Resources State Park","DNR","State Wayside",TRUE,"Fall-2019",2241
"Kodonce River","Department of Natural Resources State Park","DNR","State Wayside",TRUE,"Fall-2020",981
"Kodonce River","Department of Natural Resources State Park","DNR","State Wayside",TRUE,"Fall-2021",2453
"Kodonce River","Department of Natural Resources State Park","DNR","State Wayside",TRUE,"Spring-2018",3088
"Kodonce River","Department of Natural Resources State Park","DNR","State Wayside",TRUE,"Spring-2019",1457
"Kodonce River","Department of Natural Resources State Park","DNR","State Wayside",TRUE,"Spring-2020",1506
"Kodonce River","Department of Natural Resources State Park","DNR","State Wayside",TRUE,"Spring-2021",1173
"Kodonce River","Department of Natural Resources State Park","DNR","State Wayside",TRUE,"Summer-2018",1903
"Kodonce River","Department of Natural Resources State Park","DNR","State Wayside",TRUE,"Summer-2019",2584
"Kodonce River","Department of Natural Resources State Park","DNR","State Wayside",TRUE,"Summer-2020",2841
"Kodonce River","Department of Natural Resources State Park","DNR","State Wayside",TRUE,"Summer-2021",2354
"Kodonce River","Department of Natural Resources State Park","DNR","State Wayside",TRUE,"Winter-2018",4494
"Kodonce River","Department of Natural Resources State Park","DNR","State Wayside",TRUE,"Winter-2019",1183
"Kodonce River","Department of Natural Resources State Park","DNR","State Wayside",TRUE,"Winter-2020",1037
"Kodonce River","Department of Natural Resources State Park","DNR","State Wayside",TRUE,"Winter-2021",770
"Kodonce River","Department of Natural Resources State Park","DNR","State Wayside",TRUE,"Winter-2022",809
"Kraemer Lake Park","Greater Minnesota Regional Parks & Trails","Greater MN","Regional Park",TRUE,"Fall-2018",2006
"Kraemer Lake Park","Greater Minnesota Regional Parks & Trails","Greater MN","Regional Park",TRUE,"Fall-2019",1529
"Kraemer Lake Park","Greater Minnesota Regional Parks & Trails","Greater MN","Regional Park",TRUE,"Fall-2020",5706
"Kraemer Lake Park","Greater Minnesota Regional Parks & Trails","Greater MN","Regional Park",TRUE,"Fall-2021",3704
"Kraemer Lake Park","Greater Minnesota Regional Parks & Trails","Greater MN","Regional Park",TRUE,"Spring-2018",1507
"Kraemer Lake Park","Greater Minnesota Regional Parks & Trails","Greater MN","Regional Park",TRUE,"Spring-2019",1146
"Kraemer Lake Park","Greater Minnesota Regional Parks & Trails","Greater MN","Regional Park",TRUE,"Spring-2020",3112
"Kraemer Lake Park","Greater Minnesota Regional Parks & Trails","Greater MN","Regional Park",TRUE,"Spring-2021",4108
"Kraemer Lake Park","Greater Minnesota Regional Parks & Trails","Greater MN","Regional Park",TRUE,"Summer-2018",2149
"Kraemer Lake Park","Greater Minnesota Regional Parks & Trails","Greater MN","Regional Park",TRUE,"Summer-2019",1168
"Kraemer Lake Park","Greater Minnesota Regional Parks & Trails","Greater MN","Regional Park",TRUE,"Summer-2020",2377
"Kraemer Lake Park","Greater Minnesota Regional Parks & Trails","Greater MN","Regional Park",TRUE,"Summer-2021",2736
"Kraemer Lake Park","Greater Minnesota Regional Parks & Trails","Greater MN","Regional Park",TRUE,"Winter-2018",1328
"Kraemer Lake Park","Greater Minnesota Regional Parks & Trails","Greater MN","Regional Park",TRUE,"Winter-2019",1279
"Kraemer Lake Park","Greater Minnesota Regional Parks & Trails","Greater MN","Regional Park",TRUE,"Winter-2020",939
"Kraemer Lake Park","Greater Minnesota Regional Parks & Trails","Greater MN","Regional Park",TRUE,"Winter-2021",2900
"Kraemer Lake Park","Greater Minnesota Regional Parks & Trails","Greater MN","Regional Park",TRUE,"Winter-2022",412
"La Salle Lake","Department of Natural Resources State Park","DNR","State Recreation Area",TRUE,"Fall-2018",5745
"La Salle Lake","Department of Natural Resources State Park","DNR","State Recreation Area",TRUE,"Fall-2019",1902
"La Salle Lake","Department of Natural Resources State Park","DNR","State Recreation Area",TRUE,"Fall-2020",1176
"La Salle Lake","Department of Natural Resources State Park","DNR","State Recreation Area",TRUE,"Fall-2021",1618
"La Salle Lake","Department of Natural Resources State Park","DNR","State Recreation Area",TRUE,"Spring-2018",3307
"La Salle Lake","Department of Natural Resources State Park","DNR","State Recreation Area",TRUE,"Spring-2019",1248
"La Salle Lake","Department of Natural Resources State Park","DNR","State Recreation Area",TRUE,"Spring-2020",705
"La Salle Lake","Department of Natural Resources State Park","DNR","State Recreation Area",TRUE,"Spring-2021",1278
"La Salle Lake","Department of Natural Resources State Park","DNR","State Recreation Area",TRUE,"Summer-2018",9126
"La Salle Lake","Department of Natural Resources State Park","DNR","State Recreation Area",TRUE,"Summer-2019",5621
"La Salle Lake","Department of Natural Resources State Park","DNR","State Recreation Area",TRUE,"Summer-2020",6794
"La Salle Lake","Department of Natural Resources State Park","DNR","State Recreation Area",TRUE,"Summer-2021",5778
"La Salle Lake","Department of Natural Resources State Park","DNR","State Recreation Area",TRUE,"Winter-2018",1170
"La Salle Lake","Department of Natural Resources State Park","DNR","State Recreation Area",TRUE,"Winter-2019",786
"La Salle Lake","Department of Natural Resources State Park","DNR","State Recreation Area",TRUE,"Winter-2020",307
"La Salle Lake","Department of Natural Resources State Park","DNR","State Recreation Area",TRUE,"Winter-2021",206
"La Salle Lake","Department of Natural Resources State Park","DNR","State Recreation Area",TRUE,"Winter-2022",104
"Lac qui Parle","Department of Natural Resources State Park","DNR","State Park",TRUE,"Fall-2018",6694
"Lac qui Parle","Department of Natural Resources State Park","DNR","State Park",TRUE,"Fall-2019",5148
"Lac qui Parle","Department of Natural Resources State Park","DNR","State Park",TRUE,"Fall-2020",4002
"Lac qui Parle","Department of Natural Resources State Park","DNR","State Park",TRUE,"Fall-2021",2463
"Lac qui Parle","Department of Natural Resources State Park","DNR","State Park",TRUE,"Spring-2018",4348
"Lac qui Parle","Department of Natural Resources State Park","DNR","State Park",TRUE,"Spring-2019",3029
"Lac qui Parle","Department of Natural Resources State Park","DNR","State Park",TRUE,"Spring-2020",2527
"Lac qui Parle","Department of Natural Resources State Park","DNR","State Park",TRUE,"Spring-2021",2524
"Lac qui Parle","Department of Natural Resources State Park","DNR","State Park",TRUE,"Summer-2018",15559
"Lac qui Parle","Department of Natural Resources State Park","DNR","State Park",TRUE,"Summer-2019",11964
"Lac qui Parle","Department of Natural Resources State Park","DNR","State Park",TRUE,"Summer-2020",12830
"Lac qui Parle","Department of Natural Resources State Park","DNR","State Park",TRUE,"Summer-2021",11491
"Lac qui Parle","Department of Natural Resources State Park","DNR","State Park",TRUE,"Winter-2018",1508
"Lac qui Parle","Department of Natural Resources State Park","DNR","State Park",TRUE,"Winter-2019",1850
"Lac qui Parle","Department of Natural Resources State Park","DNR","State Park",TRUE,"Winter-2020",1149
"Lac qui Parle","Department of Natural Resources State Park","DNR","State Park",TRUE,"Winter-2021",997
"Lac qui Parle","Department of Natural Resources State Park","DNR","State Park",TRUE,"Winter-2022",113
"Lac qui Parle County Park","Greater Minnesota Regional Parks & Trails","Greater MN","Regional Park",TRUE,"Fall-2018",2944
"Lac qui Parle County Park","Greater Minnesota Regional Parks & Trails","Greater MN","Regional Park",TRUE,"Fall-2019",2373
"Lac qui Parle County Park","Greater Minnesota Regional Parks & Trails","Greater MN","Regional Park",TRUE,"Fall-2020",1308
"Lac qui Parle County Park","Greater Minnesota Regional Parks & Trails","Greater MN","Regional Park",TRUE,"Fall-2021",2295
"Lac qui Parle County Park","Greater Minnesota Regional Parks & Trails","Greater MN","Regional Park",TRUE,"Spring-2018",739
"Lac qui Parle County Park","Greater Minnesota Regional Parks & Trails","Greater MN","Regional Park",TRUE,"Spring-2019",543
"Lac qui Parle County Park","Greater Minnesota Regional Parks & Trails","Greater MN","Regional Park",TRUE,"Spring-2020",1366
"Lac qui Parle County Park","Greater Minnesota Regional Parks & Trails","Greater MN","Regional Park",TRUE,"Spring-2021",1111
"Lac qui Parle County Park","Greater Minnesota Regional Parks & Trails","Greater MN","Regional Park",TRUE,"Summer-2018",2545
"Lac qui Parle County Park","Greater Minnesota Regional Parks & Trails","Greater MN","Regional Park",TRUE,"Summer-2019",1807
"Lac qui Parle County Park","Greater Minnesota Regional Parks & Trails","Greater MN","Regional Park",TRUE,"Summer-2020",2689
"Lac qui Parle County Park","Greater Minnesota Regional Parks & Trails","Greater MN","Regional Park",TRUE,"Summer-2021",2845
"Lac qui Parle County Park","Greater Minnesota Regional Parks & Trails","Greater MN","Regional Park",TRUE,"Winter-2018",720
"Lac qui Parle County Park","Greater Minnesota Regional Parks & Trails","Greater MN","Regional Park",TRUE,"Winter-2019",338
"Lac qui Parle County Park","Greater Minnesota Regional Parks & Trails","Greater MN","Regional Park",TRUE,"Winter-2020",711
"Lac qui Parle County Park","Greater Minnesota Regional Parks & Trails","Greater MN","Regional Park",TRUE,"Winter-2021",1652
"Lac qui Parle County Park","Greater Minnesota Regional Parks & Trails","Greater MN","Regional Park",TRUE,"Winter-2022",85
"Lake Bemidji","Department of Natural Resources State Park","DNR","State Park",TRUE,"Fall-2018",13518
"Lake Bemidji","Department of Natural Resources State Park","DNR","State Park",TRUE,"Fall-2019",16709
"Lake Bemidji","Department of Natural Resources State Park","DNR","State Park",TRUE,"Fall-2020",16208
"Lake Bemidji","Department of Natural Resources State Park","DNR","State Park",TRUE,"Fall-2021",12124
"Lake Bemidji","Department of Natural Resources State Park","DNR","State Park",TRUE,"Spring-2018",15790
"Lake Bemidji","Department of Natural Resources State Park","DNR","State Park",TRUE,"Spring-2019",13177
"Lake Bemidji","Department of Natural Resources State Park","DNR","State Park",TRUE,"Spring-2020",11464
"Lake Bemidji","Department of Natural Resources State Park","DNR","State Park",TRUE,"Spring-2021",16273
"Lake Bemidji","Department of Natural Resources State Park","DNR","State Park",TRUE,"Summer-2018",75007
"Lake Bemidji","Department of Natural Resources State Park","DNR","State Park",TRUE,"Summer-2019",83056
"Lake Bemidji","Department of Natural Resources State Park","DNR","State Park",TRUE,"Summer-2020",64140
"Lake Bemidji","Department of Natural Resources State Park","DNR","State Park",TRUE,"Summer-2021",49200
"Lake Bemidji","Department of Natural Resources State Park","DNR","State Park",TRUE,"Winter-2018",4437
"Lake Bemidji","Department of Natural Resources State Park","DNR","State Park",TRUE,"Winter-2019",4684
"Lake Bemidji","Department of Natural Resources State Park","DNR","State Park",TRUE,"Winter-2020",5163
"Lake Bemidji","Department of Natural Resources State Park","DNR","State Park",TRUE,"Winter-2021",5381
"Lake Bemidji","Department of Natural Resources State Park","DNR","State Park",TRUE,"Winter-2022",574
"Lake Bronson","Department of Natural Resources State Park","DNR","State Park",TRUE,"Fall-2018",5120
"Lake Bronson","Department of Natural Resources State Park","DNR","State Park",TRUE,"Fall-2019",4112
"Lake Bronson","Department of Natural Resources State Park","DNR","State Park",TRUE,"Fall-2020",3965
"Lake Bronson","Department of Natural Resources State Park","DNR","State Park",TRUE,"Fall-2021",3133
"Lake Bronson","Department of Natural Resources State Park","DNR","State Park",TRUE,"Spring-2018",12670
"Lake Bronson","Department of Natural Resources State Park","DNR","State Park",TRUE,"Spring-2019",6725
"Lake Bronson","Department of Natural Resources State Park","DNR","State Park",TRUE,"Spring-2020",3579
"Lake Bronson","Department of Natural Resources State Park","DNR","State Park",TRUE,"Spring-2021",7282
"Lake Bronson","Department of Natural Resources State Park","DNR","State Park",TRUE,"Summer-2018",31581
"Lake Bronson","Department of Natural Resources State Park","DNR","State Park",TRUE,"Summer-2019",42162
"Lake Bronson","Department of Natural Resources State Park","DNR","State Park",TRUE,"Summer-2020",42909
"Lake Bronson","Department of Natural Resources State Park","DNR","State Park",TRUE,"Summer-2021",50656
"Lake Bronson","Department of Natural Resources State Park","DNR","State Park",TRUE,"Winter-2018",4993
"Lake Bronson","Department of Natural Resources State Park","DNR","State Park",TRUE,"Winter-2019",8087
"Lake Bronson","Department of Natural Resources State Park","DNR","State Park",TRUE,"Winter-2020",3139
"Lake Bronson","Department of Natural Resources State Park","DNR","State Park",TRUE,"Winter-2021",3778
"Lake Bronson","Department of Natural Resources State Park","DNR","State Park",TRUE,"Winter-2022",444
"Lake Brophy County Park","Greater Minnesota Regional Parks & Trails","Greater MN","Regional Park",TRUE,"Fall-2018",2463
"Lake Brophy County Park","Greater Minnesota Regional Parks & Trails","Greater MN","Regional Park",TRUE,"Fall-2019",6929
"Lake Brophy County Park","Greater Minnesota Regional Parks & Trails","Greater MN","Regional Park",TRUE,"Fall-2020",8029
"Lake Brophy County Park","Greater Minnesota Regional Parks & Trails","Greater MN","Regional Park",TRUE,"Fall-2021",7101
"Lake Brophy County Park","Greater Minnesota Regional Parks & Trails","Greater MN","Regional Park",TRUE,"Spring-2018",1269
"Lake Brophy County Park","Greater Minnesota Regional Parks & Trails","Greater MN","Regional Park",TRUE,"Spring-2019",2548
"Lake Brophy County Park","Greater Minnesota Regional Parks & Trails","Greater MN","Regional Park",TRUE,"Spring-2020",4997
"Lake Brophy County Park","Greater Minnesota Regional Parks & Trails","Greater MN","Regional Park",TRUE,"Spring-2021",11860
"Lake Brophy County Park","Greater Minnesota Regional Parks & Trails","Greater MN","Regional Park",TRUE,"Summer-2018",2824
"Lake Brophy County Park","Greater Minnesota Regional Parks & Trails","Greater MN","Regional Park",TRUE,"Summer-2019",14431
"Lake Brophy County Park","Greater Minnesota Regional Parks & Trails","Greater MN","Regional Park",TRUE,"Summer-2020",19931
"Lake Brophy County Park","Greater Minnesota Regional Parks & Trails","Greater MN","Regional Park",TRUE,"Summer-2021",17867
"Lake Brophy County Park","Greater Minnesota Regional Parks & Trails","Greater MN","Regional Park",TRUE,"Winter-2018",2413
"Lake Brophy County Park","Greater Minnesota Regional Parks & Trails","Greater MN","Regional Park",TRUE,"Winter-2019",2329
"Lake Brophy County Park","Greater Minnesota Regional Parks & Trails","Greater MN","Regional Park",TRUE,"Winter-2020",3926
"Lake Brophy County Park","Greater Minnesota Regional Parks & Trails","Greater MN","Regional Park",TRUE,"Winter-2021",4331
"Lake Brophy County Park","Greater Minnesota Regional Parks & Trails","Greater MN","Regional Park",TRUE,"Winter-2022",879
"Lake Byllesby","Metropolitan Regional Park System","Dakota County Parks","Regional Park",TRUE,"Fall-2018",9564
"Lake Byllesby","Metropolitan Regional Park System","Dakota County Parks","Regional Park",TRUE,"Fall-2019",5520
"Lake Byllesby","Metropolitan Regional Park System","Dakota County Parks","Regional Park",TRUE,"Fall-2020",12057
"Lake Byllesby","Metropolitan Regional Park System","Dakota County Parks","Regional Park",TRUE,"Fall-2021",10912
"Lake Byllesby","Metropolitan Regional Park System","Dakota County Parks","Regional Park",TRUE,"Spring-2018",11658
"Lake Byllesby","Metropolitan Regional Park System","Dakota County Parks","Regional Park",TRUE,"Spring-2019",8118
"Lake Byllesby","Metropolitan Regional Park System","Dakota County Parks","Regional Park",TRUE,"Spring-2020",12063
"Lake Byllesby","Metropolitan Regional Park System","Dakota County Parks","Regional Park",TRUE,"Spring-2021",14236
"Lake Byllesby","Metropolitan Regional Park System","Dakota County Parks","Regional Park",TRUE,"Summer-2018",38117
"Lake Byllesby","Metropolitan Regional Park System","Dakota County Parks","Regional Park",TRUE,"Summer-2019",34863
"Lake Byllesby","Metropolitan Regional Park System","Dakota County Parks","Regional Park",TRUE,"Summer-2020",43154
"Lake Byllesby","Metropolitan Regional Park System","Dakota County Parks","Regional Park",TRUE,"Summer-2021",41250
"Lake Byllesby","Metropolitan Regional Park System","Dakota County Parks","Regional Park",TRUE,"Winter-2018",2906
"Lake Byllesby","Metropolitan Regional Park System","Dakota County Parks","Regional Park",TRUE,"Winter-2019",4107
"Lake Byllesby","Metropolitan Regional Park System","Dakota County Parks","Regional Park",TRUE,"Winter-2020",3344
"Lake Byllesby","Metropolitan Regional Park System","Dakota County Parks","Regional Park",TRUE,"Winter-2021",4800
"Lake Byllesby","Metropolitan Regional Park System","Dakota County Parks","Regional Park",TRUE,"Winter-2022",813
"Lake Byllesby Park","Greater Minnesota Regional Parks & Trails","Greater MN","Regional Park",TRUE,"Fall-2018",4362
"Lake Byllesby Park","Greater Minnesota Regional Parks & Trails","Greater MN","Regional Park",TRUE,"Fall-2019",2661
"Lake Byllesby Park","Greater Minnesota Regional Parks & Trails","Greater MN","Regional Park",TRUE,"Fall-2020",3159
"Lake Byllesby Park","Greater Minnesota Regional Parks & Trails","Greater MN","Regional Park",TRUE,"Fall-2021",3422
"Lake Byllesby Park","Greater Minnesota Regional Parks & Trails","Greater MN","Regional Park",TRUE,"Spring-2018",5327
"Lake Byllesby Park","Greater Minnesota Regional Parks & Trails","Greater MN","Regional Park",TRUE,"Spring-2019",2729
"Lake Byllesby Park","Greater Minnesota Regional Parks & Trails","Greater MN","Regional Park",TRUE,"Spring-2020",5681
"Lake Byllesby Park","Greater Minnesota Regional Parks & Trails","Greater MN","Regional Park",TRUE,"Spring-2021",4937
"Lake Byllesby Park","Greater Minnesota Regional Parks & Trails","Greater MN","Regional Park",TRUE,"Summer-2018",12797
"Lake Byllesby Park","Greater Minnesota Regional Parks & Trails","Greater MN","Regional Park",TRUE,"Summer-2019",13261
"Lake Byllesby Park","Greater Minnesota Regional Parks & Trails","Greater MN","Regional Park",TRUE,"Summer-2020",37027
"Lake Byllesby Park","Greater Minnesota Regional Parks & Trails","Greater MN","Regional Park",TRUE,"Summer-2021",17829
"Lake Byllesby Park","Greater Minnesota Regional Parks & Trails","Greater MN","Regional Park",TRUE,"Winter-2018",1776
"Lake Byllesby Park","Greater Minnesota Regional Parks & Trails","Greater MN","Regional Park",TRUE,"Winter-2019",629
"Lake Byllesby Park","Greater Minnesota Regional Parks & Trails","Greater MN","Regional Park",TRUE,"Winter-2020",562
"Lake Byllesby Park","Greater Minnesota Regional Parks & Trails","Greater MN","Regional Park",TRUE,"Winter-2021",1233
"Lake Byllesby Park","Greater Minnesota Regional Parks & Trails","Greater MN","Regional Park",TRUE,"Winter-2022",316
"Lake Carlos","Department of Natural Resources State Park","DNR","State Park",TRUE,"Fall-2018",13500
"Lake Carlos","Department of Natural Resources State Park","DNR","State Park",TRUE,"Fall-2019",12067
"Lake Carlos","Department of Natural Resources State Park","DNR","State Park",TRUE,"Fall-2020",15652
"Lake Carlos","Department of Natural Resources State Park","DNR","State Park",TRUE,"Fall-2021",12616
"Lake Carlos","Department of Natural Resources State Park","DNR","State Park",TRUE,"Spring-2018",10322
"Lake Carlos","Department of Natural Resources State Park","DNR","State Park",TRUE,"Spring-2019",9219
"Lake Carlos","Department of Natural Resources State Park","DNR","State Park",TRUE,"Spring-2020",6985
"Lake Carlos","Department of Natural Resources State Park","DNR","State Park",TRUE,"Spring-2021",13220
"Lake Carlos","Department of Natural Resources State Park","DNR","State Park",TRUE,"Summer-2018",55923
"Lake Carlos","Department of Natural Resources State Park","DNR","State Park",TRUE,"Summer-2019",60484
"Lake Carlos","Department of Natural Resources State Park","DNR","State Park",TRUE,"Summer-2020",60272
"Lake Carlos","Department of Natural Resources State Park","DNR","State Park",TRUE,"Summer-2021",60267
"Lake Carlos","Department of Natural Resources State Park","DNR","State Park",TRUE,"Winter-2018",2165
"Lake Carlos","Department of Natural Resources State Park","DNR","State Park",TRUE,"Winter-2019",2712
"Lake Carlos","Department of Natural Resources State Park","DNR","State Park",TRUE,"Winter-2020",4820
"Lake Carlos","Department of Natural Resources State Park","DNR","State Park",TRUE,"Winter-2021",3624
"Lake Carlos","Department of Natural Resources State Park","DNR","State Park",TRUE,"Winter-2022",642
"Lake Elmo","Metropolitan Regional Park System","Washington County Parks","Regional Park",TRUE,"Fall-2018",30046
"Lake Elmo","Metropolitan Regional Park System","Washington County Parks","Regional Park",TRUE,"Fall-2019",34127
"Lake Elmo","Metropolitan Regional Park System","Washington County Parks","Regional Park",TRUE,"Fall-2020",53080
"Lake Elmo","Metropolitan Regional Park System","Washington County Parks","Regional Park",TRUE,"Fall-2021",36330
"Lake Elmo","Metropolitan Regional Park System","Washington County Parks","Regional Park",TRUE,"Spring-2018",34545
"Lake Elmo","Metropolitan Regional Park System","Washington County Parks","Regional Park",TRUE,"Spring-2019",42843
"Lake Elmo","Metropolitan Regional Park System","Washington County Parks","Regional Park",TRUE,"Spring-2020",65686
"Lake Elmo","Metropolitan Regional Park System","Washington County Parks","Regional Park",TRUE,"Spring-2021",48207
"Lake Elmo","Metropolitan Regional Park System","Washington County Parks","Regional Park",TRUE,"Summer-2018",114171
"Lake Elmo","Metropolitan Regional Park System","Washington County Parks","Regional Park",TRUE,"Summer-2019",135594
"Lake Elmo","Metropolitan Regional Park System","Washington County Parks","Regional Park",TRUE,"Summer-2020",101335
"Lake Elmo","Metropolitan Regional Park System","Washington County Parks","Regional Park",TRUE,"Summer-2021",105933
"Lake Elmo","Metropolitan Regional Park System","Washington County Parks","Regional Park",TRUE,"Winter-2018",22317
"Lake Elmo","Metropolitan Regional Park System","Washington County Parks","Regional Park",TRUE,"Winter-2019",38788
"Lake Elmo","Metropolitan Regional Park System","Washington County Parks","Regional Park",TRUE,"Winter-2020",35857
"Lake Elmo","Metropolitan Regional Park System","Washington County Parks","Regional Park",TRUE,"Winter-2021",54423
"Lake Elmo","Metropolitan Regional Park System","Washington County Parks","Regional Park",TRUE,"Winter-2022",5222
"Lake George","Metropolitan Regional Park System","Anoka County Parks and Recreation","Regional Park",TRUE,"Fall-2018",7575
"Lake George","Metropolitan Regional Park System","Anoka County Parks and Recreation","Regional Park",TRUE,"Fall-2019",4927
"Lake George","Metropolitan Regional Park System","Anoka County Parks and Recreation","Regional Park",TRUE,"Fall-2020",6276
"Lake George","Metropolitan Regional Park System","Anoka County Parks and Recreation","Regional Park",TRUE,"Fall-2021",9236
"Lake George","Metropolitan Regional Park System","Anoka County Parks and Recreation","Regional Park",TRUE,"Spring-2018",13552
"Lake George","Metropolitan Regional Park System","Anoka County Parks and Recreation","Regional Park",TRUE,"Spring-2019",8766
"Lake George","Metropolitan Regional Park System","Anoka County Parks and Recreation","Regional Park",TRUE,"Spring-2020",16800
"Lake George","Metropolitan Regional Park System","Anoka County Parks and Recreation","Regional Park",TRUE,"Spring-2021",22765
"Lake George","Metropolitan Regional Park System","Anoka County Parks and Recreation","Regional Park",TRUE,"Summer-2018",51859
"Lake George","Metropolitan Regional Park System","Anoka County Parks and Recreation","Regional Park",TRUE,"Summer-2019",65171
"Lake George","Metropolitan Regional Park System","Anoka County Parks and Recreation","Regional Park",TRUE,"Summer-2020",82945
"Lake George","Metropolitan Regional Park System","Anoka County Parks and Recreation","Regional Park",TRUE,"Summer-2021",66681
"Lake George","Metropolitan Regional Park System","Anoka County Parks and Recreation","Regional Park",TRUE,"Winter-2018",4724
"Lake George","Metropolitan Regional Park System","Anoka County Parks and Recreation","Regional Park",TRUE,"Winter-2019",3662
"Lake George","Metropolitan Regional Park System","Anoka County Parks and Recreation","Regional Park",TRUE,"Winter-2020",2570
"Lake George","Metropolitan Regional Park System","Anoka County Parks and Recreation","Regional Park",TRUE,"Winter-2021",4922
"Lake George","Metropolitan Regional Park System","Anoka County Parks and Recreation","Regional Park",TRUE,"Winter-2022",1873
"Lake Louise","Department of Natural Resources State Park","DNR","State Park",TRUE,"Fall-2018",3925
"Lake Louise","Department of Natural Resources State Park","DNR","State Park",TRUE,"Fall-2019",1646
"Lake Louise","Department of Natural Resources State Park","DNR","State Park",TRUE,"Fall-2020",2140
"Lake Louise","Department of Natural Resources State Park","DNR","State Park",TRUE,"Fall-2021",1534
"Lake Louise","Department of Natural Resources State Park","DNR","State Park",TRUE,"Spring-2018",2675
"Lake Louise","Department of Natural Resources State Park","DNR","State Park",TRUE,"Spring-2019",2866
"Lake Louise","Department of Natural Resources State Park","DNR","State Park",TRUE,"Spring-2020",3236
"Lake Louise","Department of Natural Resources State Park","DNR","State Park",TRUE,"Spring-2021",2098
"Lake Louise","Department of Natural Resources State Park","DNR","State Park",TRUE,"Summer-2018",11277
"Lake Louise","Department of Natural Resources State Park","DNR","State Park",TRUE,"Summer-2019",7855
"Lake Louise","Department of Natural Resources State Park","DNR","State Park",TRUE,"Summer-2020",7087
"Lake Louise","Department of Natural Resources State Park","DNR","State Park",TRUE,"Summer-2021",5201
"Lake Louise","Department of Natural Resources State Park","DNR","State Park",TRUE,"Winter-2018",4243
"Lake Louise","Department of Natural Resources State Park","DNR","State Park",TRUE,"Winter-2019",1119
"Lake Louise","Department of Natural Resources State Park","DNR","State Park",TRUE,"Winter-2020",662
"Lake Louise","Department of Natural Resources State Park","DNR","State Park",TRUE,"Winter-2021",657
"Lake Louise","Department of Natural Resources State Park","DNR","State Park",TRUE,"Winter-2022",223
"Lake Maria","Department of Natural Resources State Park","DNR","State Park",TRUE,"Fall-2018",11377
"Lake Maria","Department of Natural Resources State Park","DNR","State Park",TRUE,"Fall-2019",7412
"Lake Maria","Department of Natural Resources State Park","DNR","State Park",TRUE,"Fall-2020",19716
"Lake Maria","Department of Natural Resources State Park","DNR","State Park",TRUE,"Fall-2021",11765
"Lake Maria","Department of Natural Resources State Park","DNR","State Park",TRUE,"Spring-2018",4967
"Lake Maria","Department of Natural Resources State Park","DNR","State Park",TRUE,"Spring-2019",5765
"Lake Maria","Department of Natural Resources State Park","DNR","State Park",TRUE,"Spring-2020",23403
"Lake Maria","Department of Natural Resources State Park","DNR","State Park",TRUE,"Spring-2021",12235
"Lake Maria","Department of Natural Resources State Park","DNR","State Park",TRUE,"Summer-2018",11178
"Lake Maria","Department of Natural Resources State Park","DNR","State Park",TRUE,"Summer-2019",10763
"Lake Maria","Department of Natural Resources State Park","DNR","State Park",TRUE,"Summer-2020",19488
"Lake Maria","Department of Natural Resources State Park","DNR","State Park",TRUE,"Summer-2021",14508
"Lake Maria","Department of Natural Resources State Park","DNR","State Park",TRUE,"Winter-2018",2029
"Lake Maria","Department of Natural Resources State Park","DNR","State Park",TRUE,"Winter-2019",3516
"Lake Maria","Department of Natural Resources State Park","DNR","State Park",TRUE,"Winter-2020",3404
"Lake Maria","Department of Natural Resources State Park","DNR","State Park",TRUE,"Winter-2021",5085
"Lake Maria","Department of Natural Resources State Park","DNR","State Park",TRUE,"Winter-2022",471
"Lake Minnetonka","Metropolitan Regional Park System","Three Rivers Park District","Regional Park",TRUE,"Fall-2018",4129
"Lake Minnetonka","Metropolitan Regional Park System","Three Rivers Park District","Regional Park",TRUE,"Fall-2019",5945
"Lake Minnetonka","Metropolitan Regional Park System","Three Rivers Park District","Regional Park",TRUE,"Fall-2020",4136
"Lake Minnetonka","Metropolitan Regional Park System","Three Rivers Park District","Regional Park",TRUE,"Fall-2021",4649
"Lake Minnetonka","Metropolitan Regional Park System","Three Rivers Park District","Regional Park",TRUE,"Spring-2018",7744
"Lake Minnetonka","Metropolitan Regional Park System","Three Rivers Park District","Regional Park",TRUE,"Spring-2019",6273
"Lake Minnetonka","Metropolitan Regional Park System","Three Rivers Park District","Regional Park",TRUE,"Spring-2020",10067
"Lake Minnetonka","Metropolitan Regional Park System","Three Rivers Park District","Regional Park",TRUE,"Spring-2021",5668
"Lake Minnetonka","Metropolitan Regional Park System","Three Rivers Park District","Regional Park",TRUE,"Summer-2018",25988
"Lake Minnetonka","Metropolitan Regional Park System","Three Rivers Park District","Regional Park",TRUE,"Summer-2019",37098
"Lake Minnetonka","Metropolitan Regional Park System","Three Rivers Park District","Regional Park",TRUE,"Summer-2020",39063
"Lake Minnetonka","Metropolitan Regional Park System","Three Rivers Park District","Regional Park",TRUE,"Summer-2021",29762
"Lake Minnetonka","Metropolitan Regional Park System","Three Rivers Park District","Regional Park",TRUE,"Winter-2018",1837
"Lake Minnetonka","Metropolitan Regional Park System","Three Rivers Park District","Regional Park",TRUE,"Winter-2019",1893
"Lake Minnetonka","Metropolitan Regional Park System","Three Rivers Park District","Regional Park",TRUE,"Winter-2020",1939
"Lake Minnetonka","Metropolitan Regional Park System","Three Rivers Park District","Regional Park",TRUE,"Winter-2021",1930
"Lake Minnetonka","Metropolitan Regional Park System","Three Rivers Park District","Regional Park",TRUE,"Winter-2022",930
"Lake Minnewashta","Metropolitan Regional Park System","Carver County Parks and Recreation","Regional Park",TRUE,"Fall-2018",11486
"Lake Minnewashta","Metropolitan Regional Park System","Carver County Parks and Recreation","Regional Park",TRUE,"Fall-2019",12220
"Lake Minnewashta","Metropolitan Regional Park System","Carver County Parks and Recreation","Regional Park",TRUE,"Fall-2020",25358
"Lake Minnewashta","Metropolitan Regional Park System","Carver County Parks and Recreation","Regional Park",TRUE,"Fall-2021",21291
"Lake Minnewashta","Metropolitan Regional Park System","Carver County Parks and Recreation","Regional Park",TRUE,"Spring-2018",10540
"Lake Minnewashta","Metropolitan Regional Park System","Carver County Parks and Recreation","Regional Park",TRUE,"Spring-2019",12723
"Lake Minnewashta","Metropolitan Regional Park System","Carver County Parks and Recreation","Regional Park",TRUE,"Spring-2020",29072
"Lake Minnewashta","Metropolitan Regional Park System","Carver County Parks and Recreation","Regional Park",TRUE,"Spring-2021",23549
"Lake Minnewashta","Metropolitan Regional Park System","Carver County Parks and Recreation","Regional Park",TRUE,"Summer-2018",37736
"Lake Minnewashta","Metropolitan Regional Park System","Carver County Parks and Recreation","Regional Park",TRUE,"Summer-2019",31691
"Lake Minnewashta","Metropolitan Regional Park System","Carver County Parks and Recreation","Regional Park",TRUE,"Summer-2020",57643
"Lake Minnewashta","Metropolitan Regional Park System","Carver County Parks and Recreation","Regional Park",TRUE,"Summer-2021",49869
"Lake Minnewashta","Metropolitan Regional Park System","Carver County Parks and Recreation","Regional Park",TRUE,"Winter-2018",4715
"Lake Minnewashta","Metropolitan Regional Park System","Carver County Parks and Recreation","Regional Park",TRUE,"Winter-2019",8125
"Lake Minnewashta","Metropolitan Regional Park System","Carver County Parks and Recreation","Regional Park",TRUE,"Winter-2020",16447
"Lake Minnewashta","Metropolitan Regional Park System","Carver County Parks and Recreation","Regional Park",TRUE,"Winter-2021",25800
"Lake Minnewashta","Metropolitan Regional Park System","Carver County Parks and Recreation","Regional Park",TRUE,"Winter-2022",3580
"Lake Rebecca","Metropolitan Regional Park System","Three Rivers Park District","Regional Park",TRUE,"Fall-2018",17695
"Lake Rebecca","Metropolitan Regional Park System","Three Rivers Park District","Regional Park",TRUE,"Fall-2019",26503
"Lake Rebecca","Metropolitan Regional Park System","Three Rivers Park District","Regional Park",TRUE,"Fall-2020",37198
"Lake Rebecca","Metropolitan Regional Park System","Three Rivers Park District","Regional Park",TRUE,"Fall-2021",34810
"Lake Rebecca","Metropolitan Regional Park System","Three Rivers Park District","Regional Park",TRUE,"Spring-2018",15500
"Lake Rebecca","Metropolitan Regional Park System","Three Rivers Park District","Regional Park",TRUE,"Spring-2019",16800
"Lake Rebecca","Metropolitan Regional Park System","Three Rivers Park District","Regional Park",TRUE,"Spring-2020",59234
"Lake Rebecca","Metropolitan Regional Park System","Three Rivers Park District","Regional Park",TRUE,"Spring-2021",36941
"Lake Rebecca","Metropolitan Regional Park System","Three Rivers Park District","Regional Park",TRUE,"Summer-2018",47188
"Lake Rebecca","Metropolitan Regional Park System","Three Rivers Park District","Regional Park",TRUE,"Summer-2019",55391
"Lake Rebecca","Metropolitan Regional Park System","Three Rivers Park District","Regional Park",TRUE,"Summer-2020",91386
"Lake Rebecca","Metropolitan Regional Park System","Three Rivers Park District","Regional Park",TRUE,"Summer-2021",55460
"Lake Rebecca","Metropolitan Regional Park System","Three Rivers Park District","Regional Park",TRUE,"Winter-2018",4106
"Lake Rebecca","Metropolitan Regional Park System","Three Rivers Park District","Regional Park",TRUE,"Winter-2019",5901
"Lake Rebecca","Metropolitan Regional Park System","Three Rivers Park District","Regional Park",TRUE,"Winter-2020",4540
"Lake Rebecca","Metropolitan Regional Park System","Three Rivers Park District","Regional Park",TRUE,"Winter-2021",15203
"Lake Rebecca","Metropolitan Regional Park System","Three Rivers Park District","Regional Park",TRUE,"Winter-2022",2479
"Lake Sarah","Metropolitan Regional Park System","Three Rivers Park District","Regional Park",TRUE,"Fall-2018",3426
"Lake Sarah","Metropolitan Regional Park System","Three Rivers Park District","Regional Park",TRUE,"Fall-2019",2710
"Lake Sarah","Metropolitan Regional Park System","Three Rivers Park District","Regional Park",TRUE,"Fall-2020",5970
"Lake Sarah","Metropolitan Regional Park System","Three Rivers Park District","Regional Park",TRUE,"Fall-2021",3100
"Lake Sarah","Metropolitan Regional Park System","Three Rivers Park District","Regional Park",TRUE,"Spring-2018",3210
"Lake Sarah","Metropolitan Regional Park System","Three Rivers Park District","Regional Park",TRUE,"Spring-2019",2560
"Lake Sarah","Metropolitan Regional Park System","Three Rivers Park District","Regional Park",TRUE,"Spring-2020",3869
"Lake Sarah","Metropolitan Regional Park System","Three Rivers Park District","Regional Park",TRUE,"Spring-2021",3434
"Lake Sarah","Metropolitan Regional Park System","Three Rivers Park District","Regional Park",TRUE,"Summer-2018",5348
"Lake Sarah","Metropolitan Regional Park System","Three Rivers Park District","Regional Park",TRUE,"Summer-2019",3071
"Lake Sarah","Metropolitan Regional Park System","Three Rivers Park District","Regional Park",TRUE,"Summer-2020",4635
"Lake Sarah","Metropolitan Regional Park System","Three Rivers Park District","Regional Park",TRUE,"Summer-2021",3024
"Lake Sarah","Metropolitan Regional Park System","Three Rivers Park District","Regional Park",TRUE,"Winter-2018",3073
"Lake Sarah","Metropolitan Regional Park System","Three Rivers Park District","Regional Park",TRUE,"Winter-2019",2519
"Lake Sarah","Metropolitan Regional Park System","Three Rivers Park District","Regional Park",TRUE,"Winter-2020",3547
"Lake Sarah","Metropolitan Regional Park System","Three Rivers Park District","Regional Park",TRUE,"Winter-2021",5257
"Lake Sarah","Metropolitan Regional Park System","Three Rivers Park District","Regional Park",TRUE,"Winter-2022",617
"Lake Shetek","Department of Natural Resources State Park","DNR","State Park",TRUE,"Fall-2018",4632
"Lake Shetek","Department of Natural Resources State Park","DNR","State Park",TRUE,"Fall-2019",8063
"Lake Shetek","Department of Natural Resources State Park","DNR","State Park",TRUE,"Fall-2020",10128
"Lake Shetek","Department of Natural Resources State Park","DNR","State Park",TRUE,"Fall-2021",5828
"Lake Shetek","Department of Natural Resources State Park","DNR","State Park",TRUE,"Spring-2018",7890
"Lake Shetek","Department of Natural Resources State Park","DNR","State Park",TRUE,"Spring-2019",4053
"Lake Shetek","Department of Natural Resources State Park","DNR","State Park",TRUE,"Spring-2020",6505
"Lake Shetek","Department of Natural Resources State Park","DNR","State Park",TRUE,"Spring-2021",7247
"Lake Shetek","Department of Natural Resources State Park","DNR","State Park",TRUE,"Summer-2018",33564
"Lake Shetek","Department of Natural Resources State Park","DNR","State Park",TRUE,"Summer-2019",36982
"Lake Shetek","Department of Natural Resources State Park","DNR","State Park",TRUE,"Summer-2020",50366
"Lake Shetek","Department of Natural Resources State Park","DNR","State Park",TRUE,"Summer-2021",38809
"Lake Shetek","Department of Natural Resources State Park","DNR","State Park",TRUE,"Winter-2018",2310
"Lake Shetek","Department of Natural Resources State Park","DNR","State Park",TRUE,"Winter-2019",3230
"Lake Shetek","Department of Natural Resources State Park","DNR","State Park",TRUE,"Winter-2020",2075
"Lake Shetek","Department of Natural Resources State Park","DNR","State Park",TRUE,"Winter-2021",2149
"Lake Shetek","Department of Natural Resources State Park","DNR","State Park",TRUE,"Winter-2022",325
"Lake Vermilion-Soudan Underground Mine","Department of Natural Resources State Park","DNR","State Park",TRUE,"Fall-2018",41289
"Lake Vermilion-Soudan Underground Mine","Department of Natural Resources State Park","DNR","State Park",TRUE,"Fall-2019",19503
"Lake Vermilion-Soudan Underground Mine","Department of Natural Resources State Park","DNR","State Park",TRUE,"Fall-2020",21186
"Lake Vermilion-Soudan Underground Mine","Department of Natural Resources State Park","DNR","State Park",TRUE,"Fall-2021",14789
"Lake Vermilion-Soudan Underground Mine","Department of Natural Resources State Park","DNR","State Park",TRUE,"Spring-2018",11050
"Lake Vermilion-Soudan Underground Mine","Department of Natural Resources State Park","DNR","State Park",TRUE,"Spring-2019",15136
"Lake Vermilion-Soudan Underground Mine","Department of Natural Resources State Park","DNR","State Park",TRUE,"Spring-2020",5280
"Lake Vermilion-Soudan Underground Mine","Department of Natural Resources State Park","DNR","State Park",TRUE,"Spring-2021",12071
"Lake Vermilion-Soudan Underground Mine","Department of Natural Resources State Park","DNR","State Park",TRUE,"Summer-2018",105092
"Lake Vermilion-Soudan Underground Mine","Department of Natural Resources State Park","DNR","State Park",TRUE,"Summer-2019",77834
"Lake Vermilion-Soudan Underground Mine","Department of Natural Resources State Park","DNR","State Park",TRUE,"Summer-2020",68237
"Lake Vermilion-Soudan Underground Mine","Department of Natural Resources State Park","DNR","State Park",TRUE,"Summer-2021",57287
"Lake Vermilion-Soudan Underground Mine","Department of Natural Resources State Park","DNR","State Park",TRUE,"Winter-2018",4193
"Lake Vermilion-Soudan Underground Mine","Department of Natural Resources State Park","DNR","State Park",TRUE,"Winter-2019",9794
"Lake Vermilion-Soudan Underground Mine","Department of Natural Resources State Park","DNR","State Park",TRUE,"Winter-2020",1492
"Lake Vermilion-Soudan Underground Mine","Department of Natural Resources State Park","DNR","State Park",TRUE,"Winter-2021",5602
"Lake Vermilion-Soudan Underground Mine","Department of Natural Resources State Park","DNR","State Park",TRUE,"Winter-2022",471
"Lake Waconia","Metropolitan Regional Park System","Carver County Parks and Recreation","Regional Park",TRUE,"Fall-2018",2217
"Lake Waconia","Metropolitan Regional Park System","Carver County Parks and Recreation","Regional Park",TRUE,"Fall-2019",3591
"Lake Waconia","Metropolitan Regional Park System","Carver County Parks and Recreation","Regional Park",TRUE,"Fall-2020",4397
"Lake Waconia","Metropolitan Regional Park System","Carver County Parks and Recreation","Regional Park",TRUE,"Fall-2021",6920
"Lake Waconia","Metropolitan Regional Park System","Carver County Parks and Recreation","Regional Park",TRUE,"Spring-2018",3526
"Lake Waconia","Metropolitan Regional Park System","Carver County Parks and Recreation","Regional Park",TRUE,"Spring-2019",3919
"Lake Waconia","Metropolitan Regional Park System","Carver County Parks and Recreation","Regional Park",TRUE,"Spring-2020",3905
"Lake Waconia","Metropolitan Regional Park System","Carver County Parks and Recreation","Regional Park",TRUE,"Spring-2021",40987
"Lake Waconia","Metropolitan Regional Park System","Carver County Parks and Recreation","Regional Park",TRUE,"Summer-2018",16396
"Lake Waconia","Metropolitan Regional Park System","Carver County Parks and Recreation","Regional Park",TRUE,"Summer-2019",23525
"Lake Waconia","Metropolitan Regional Park System","Carver County Parks and Recreation","Regional Park",TRUE,"Summer-2020",14435
"Lake Waconia","Metropolitan Regional Park System","Carver County Parks and Recreation","Regional Park",TRUE,"Summer-2021",44107
"Lake Waconia","Metropolitan Regional Park System","Carver County Parks and Recreation","Regional Park",TRUE,"Winter-2018",8127
"Lake Waconia","Metropolitan Regional Park System","Carver County Parks and Recreation","Regional Park",TRUE,"Winter-2019",5356
"Lake Waconia","Metropolitan Regional Park System","Carver County Parks and Recreation","Regional Park",TRUE,"Winter-2020",926
"Lake Waconia","Metropolitan Regional Park System","Carver County Parks and Recreation","Regional Park",TRUE,"Winter-2021",8076
"Lake Waconia","Metropolitan Regional Park System","Carver County Parks and Recreation","Regional Park",TRUE,"Winter-2022",2047
"Lake Washington Park & Campground","Greater Minnesota Regional Parks & Trails","Greater MN","Regional Park",TRUE,"Fall-2018",2177
"Lake Washington Park & Campground","Greater Minnesota Regional Parks & Trails","Greater MN","Regional Park",TRUE,"Fall-2019",1480
"Lake Washington Park & Campground","Greater Minnesota Regional Parks & Trails","Greater MN","Regional Park",TRUE,"Fall-2020",1905
"Lake Washington Park & Campground","Greater Minnesota Regional Parks & Trails","Greater MN","Regional Park",TRUE,"Fall-2021",2480
"Lake Washington Park & Campground","Greater Minnesota Regional Parks & Trails","Greater MN","Regional Park",TRUE,"Spring-2018",2916
"Lake Washington Park & Campground","Greater Minnesota Regional Parks & Trails","Greater MN","Regional Park",TRUE,"Spring-2019",2312
"Lake Washington Park & Campground","Greater Minnesota Regional Parks & Trails","Greater MN","Regional Park",TRUE,"Spring-2020",2130
"Lake Washington Park & Campground","Greater Minnesota Regional Parks & Trails","Greater MN","Regional Park",TRUE,"Spring-2021",2137
"Lake Washington Park & Campground","Greater Minnesota Regional Parks & Trails","Greater MN","Regional Park",TRUE,"Summer-2018",7094
"Lake Washington Park & Campground","Greater Minnesota Regional Parks & Trails","Greater MN","Regional Park",TRUE,"Summer-2019",5454
"Lake Washington Park & Campground","Greater Minnesota Regional Parks & Trails","Greater MN","Regional Park",TRUE,"Summer-2020",6743
"Lake Washington Park & Campground","Greater Minnesota Regional Parks & Trails","Greater MN","Regional Park",TRUE,"Summer-2021",4801
"Lake Washington Park & Campground","Greater Minnesota Regional Parks & Trails","Greater MN","Regional Park",TRUE,"Winter-2018",1207
"Lake Washington Park & Campground","Greater Minnesota Regional Parks & Trails","Greater MN","Regional Park",TRUE,"Winter-2019",443
"Lake Washington Park & Campground","Greater Minnesota Regional Parks & Trails","Greater MN","Regional Park",TRUE,"Winter-2020",476
"Lake Washington Park & Campground","Greater Minnesota Regional Parks & Trails","Greater MN","Regional Park",TRUE,"Winter-2021",697
"Lake Washington Park & Campground","Greater Minnesota Regional Parks & Trails","Greater MN","Regional Park",TRUE,"Winter-2022",103
"Lebanon Hills","Metropolitan Regional Park System","Dakota County Parks","Regional Park",TRUE,"Fall-2018",79088
"Lebanon Hills","Metropolitan Regional Park System","Dakota County Parks","Regional Park",TRUE,"Fall-2019",85954
"Lebanon Hills","Metropolitan Regional Park System","Dakota County Parks","Regional Park",TRUE,"Fall-2020",138050
"Lebanon Hills","Metropolitan Regional Park System","Dakota County Parks","Regional Park",TRUE,"Fall-2021",86436
"Lebanon Hills","Metropolitan Regional Park System","Dakota County Parks","Regional Park",TRUE,"Spring-2018",69512
"Lebanon Hills","Metropolitan Regional Park System","Dakota County Parks","Regional Park",TRUE,"Spring-2019",71225
"Lebanon Hills","Metropolitan Regional Park System","Dakota County Parks","Regional Park",TRUE,"Spring-2020",159846
"Lebanon Hills","Metropolitan Regional Park System","Dakota County Parks","Regional Park",TRUE,"Spring-2021",114901
"Lebanon Hills","Metropolitan Regional Park System","Dakota County Parks","Regional Park",TRUE,"Summer-2018",189676
"Lebanon Hills","Metropolitan Regional Park System","Dakota County Parks","Regional Park",TRUE,"Summer-2019",199746
"Lebanon Hills","Metropolitan Regional Park System","Dakota County Parks","Regional Park",TRUE,"Summer-2020",275232
"Lebanon Hills","Metropolitan Regional Park System","Dakota County Parks","Regional Park",TRUE,"Summer-2021",181738
"Lebanon Hills","Metropolitan Regional Park System","Dakota County Parks","Regional Park",TRUE,"Winter-2018",30457
"Lebanon Hills","Metropolitan Regional Park System","Dakota County Parks","Regional Park",TRUE,"Winter-2019",34273
"Lebanon Hills","Metropolitan Regional Park System","Dakota County Parks","Regional Park",TRUE,"Winter-2020",42109
"Lebanon Hills","Metropolitan Regional Park System","Dakota County Parks","Regional Park",TRUE,"Winter-2021",97403
"Lebanon Hills","Metropolitan Regional Park System","Dakota County Parks","Regional Park",TRUE,"Winter-2022",6650
"Lilydale-Harriet Island (Dakota County Parks)","Metropolitan Regional Park System","Dakota County Parks","Regional Park",TRUE,"Fall-2018",6026
"Lilydale-Harriet Island (Dakota County Parks)","Metropolitan Regional Park System","Dakota County Parks","Regional Park",TRUE,"Fall-2019",2496
"Lilydale-Harriet Island (Dakota County Parks)","Metropolitan Regional Park System","Dakota County Parks","Regional Park",TRUE,"Fall-2020",7313
"Lilydale-Harriet Island (Dakota County Parks)","Metropolitan Regional Park System","Dakota County Parks","Regional Park",TRUE,"Fall-2021",6413
"Lilydale-Harriet Island (Dakota County Parks)","Metropolitan Regional Park System","Dakota County Parks","Regional Park",TRUE,"Spring-2018",4485
"Lilydale-Harriet Island (Dakota County Parks)","Metropolitan Regional Park System","Dakota County Parks","Regional Park",TRUE,"Spring-2019",1623
"Lilydale-Harriet Island (Dakota County Parks)","Metropolitan Regional Park System","Dakota County Parks","Regional Park",TRUE,"Spring-2020",5250
"Lilydale-Harriet Island (Dakota County Parks)","Metropolitan Regional Park System","Dakota County Parks","Regional Park",TRUE,"Spring-2021",9615
"Lilydale-Harriet Island (Dakota County Parks)","Metropolitan Regional Park System","Dakota County Parks","Regional Park",TRUE,"Summer-2018",7995
"Lilydale-Harriet Island (Dakota County Parks)","Metropolitan Regional Park System","Dakota County Parks","Regional Park",TRUE,"Summer-2019",4298
"Lilydale-Harriet Island (Dakota County Parks)","Metropolitan Regional Park System","Dakota County Parks","Regional Park",TRUE,"Summer-2020",9799
"Lilydale-Harriet Island (Dakota County Parks)","Metropolitan Regional Park System","Dakota County Parks","Regional Park",TRUE,"Summer-2021",14528
"Lilydale-Harriet Island (Dakota County Parks)","Metropolitan Regional Park System","Dakota County Parks","Regional Park",TRUE,"Winter-2018",5122
"Lilydale-Harriet Island (Dakota County Parks)","Metropolitan Regional Park System","Dakota County Parks","Regional Park",TRUE,"Winter-2019",3116
"Lilydale-Harriet Island (Dakota County Parks)","Metropolitan Regional Park System","Dakota County Parks","Regional Park",TRUE,"Winter-2020",2741
"Lilydale-Harriet Island (Dakota County Parks)","Metropolitan Regional Park System","Dakota County Parks","Regional Park",TRUE,"Winter-2021",4679
"Lilydale-Harriet Island (Dakota County Parks)","Metropolitan Regional Park System","Dakota County Parks","Regional Park",TRUE,"Winter-2022",1406
"Lilydale-Harriet Island (St. Paul Parks and Recreation)","Metropolitan Regional Park System","St. Paul Parks and Recreation","Regional Park",TRUE,"Fall-2018",75937
"Lilydale-Harriet Island (St. Paul Parks and Recreation)","Metropolitan Regional Park System","St. Paul Parks and Recreation","Regional Park",TRUE,"Fall-2019",74604
"Lilydale-Harriet Island (St. Paul Parks and Recreation)","Metropolitan Regional Park System","St. Paul Parks and Recreation","Regional Park",TRUE,"Fall-2020",52809
"Lilydale-Harriet Island (St. Paul Parks and Recreation)","Metropolitan Regional Park System","St. Paul Parks and Recreation","Regional Park",TRUE,"Fall-2021",64637
"Lilydale-Harriet Island (St. Paul Parks and Recreation)","Metropolitan Regional Park System","St. Paul Parks and Recreation","Regional Park",TRUE,"Spring-2018",54113
"Lilydale-Harriet Island (St. Paul Parks and Recreation)","Metropolitan Regional Park System","St. Paul Parks and Recreation","Regional Park",TRUE,"Spring-2019",43539
"Lilydale-Harriet Island (St. Paul Parks and Recreation)","Metropolitan Regional Park System","St. Paul Parks and Recreation","Regional Park",TRUE,"Spring-2020",50166
"Lilydale-Harriet Island (St. Paul Parks and Recreation)","Metropolitan Regional Park System","St. Paul Parks and Recreation","Regional Park",TRUE,"Spring-2021",73514
"Lilydale-Harriet Island (St. Paul Parks and Recreation)","Metropolitan Regional Park System","St. Paul Parks and Recreation","Regional Park",TRUE,"Summer-2018",170712
"Lilydale-Harriet Island (St. Paul Parks and Recreation)","Metropolitan Regional Park System","St. Paul Parks and Recreation","Regional Park",TRUE,"Summer-2019",143129
"Lilydale-Harriet Island (St. Paul Parks and Recreation)","Metropolitan Regional Park System","St. Paul Parks and Recreation","Regional Park",TRUE,"Summer-2020",113850
"Lilydale-Harriet Island (St. Paul Parks and Recreation)","Metropolitan Regional Park System","St. Paul Parks and Recreation","Regional Park",TRUE,"Summer-2021",137337
"Lilydale-Harriet Island (St. Paul Parks and Recreation)","Metropolitan Regional Park System","St. Paul Parks and Recreation","Regional Park",TRUE,"Winter-2018",24725
"Lilydale-Harriet Island (St. Paul Parks and Recreation)","Metropolitan Regional Park System","St. Paul Parks and Recreation","Regional Park",TRUE,"Winter-2019",19821
"Lilydale-Harriet Island (St. Paul Parks and Recreation)","Metropolitan Regional Park System","St. Paul Parks and Recreation","Regional Park",TRUE,"Winter-2020",17992
"Lilydale-Harriet Island (St. Paul Parks and Recreation)","Metropolitan Regional Park System","St. Paul Parks and Recreation","Regional Park",TRUE,"Winter-2021",18764
"Lilydale-Harriet Island (St. Paul Parks and Recreation)","Metropolitan Regional Park System","St. Paul Parks and Recreation","Regional Park",TRUE,"Winter-2022",6238
"Long Lake","Metropolitan Regional Park System","Ramsey County Parks and Recreation","Regional Park",TRUE,"Fall-2018",21486
"Long Lake","Metropolitan Regional Park System","Ramsey County Parks and Recreation","Regional Park",TRUE,"Fall-2019",20631
"Long Lake","Metropolitan Regional Park System","Ramsey County Parks and Recreation","Regional Park",TRUE,"Fall-2020",23796
"Long Lake","Metropolitan Regional Park System","Ramsey County Parks and Recreation","Regional Park",TRUE,"Fall-2021",21833
"Long Lake","Metropolitan Regional Park System","Ramsey County Parks and Recreation","Regional Park",TRUE,"Spring-2018",23751
"Long Lake","Metropolitan Regional Park System","Ramsey County Parks and Recreation","Regional Park",TRUE,"Spring-2019",33290
"Long Lake","Metropolitan Regional Park System","Ramsey County Parks and Recreation","Regional Park",TRUE,"Spring-2020",32296
"Long Lake","Metropolitan Regional Park System","Ramsey County Parks and Recreation","Regional Park",TRUE,"Spring-2021",40955
"Long Lake","Metropolitan Regional Park System","Ramsey County Parks and Recreation","Regional Park",TRUE,"Summer-2018",78559
"Long Lake","Metropolitan Regional Park System","Ramsey County Parks and Recreation","Regional Park",TRUE,"Summer-2019",80796
"Long Lake","Metropolitan Regional Park System","Ramsey County Parks and Recreation","Regional Park",TRUE,"Summer-2020",105038
"Long Lake","Metropolitan Regional Park System","Ramsey County Parks and Recreation","Regional Park",TRUE,"Summer-2021",106250
"Long Lake","Metropolitan Regional Park System","Ramsey County Parks and Recreation","Regional Park",TRUE,"Winter-2018",8193
"Long Lake","Metropolitan Regional Park System","Ramsey County Parks and Recreation","Regional Park",TRUE,"Winter-2019",12818
"Long Lake","Metropolitan Regional Park System","Ramsey County Parks and Recreation","Regional Park",TRUE,"Winter-2020",59029
"Long Lake","Metropolitan Regional Park System","Ramsey County Parks and Recreation","Regional Park",TRUE,"Winter-2021",15562
"Long Lake","Metropolitan Regional Park System","Ramsey County Parks and Recreation","Regional Park",TRUE,"Winter-2022",2156
"Maplewood","Department of Natural Resources State Park","DNR","State Park",TRUE,"Fall-2018",34602
"Maplewood","Department of Natural Resources State Park","DNR","State Park",TRUE,"Fall-2019",42446
"Maplewood","Department of Natural Resources State Park","DNR","State Park",TRUE,"Fall-2020",56525
"Maplewood","Department of Natural Resources State Park","DNR","State Park",TRUE,"Fall-2021",43189
"Maplewood","Department of Natural Resources State Park","DNR","State Park",TRUE,"Spring-2018",19532
"Maplewood","Department of Natural Resources State Park","DNR","State Park",TRUE,"Spring-2019",12544
"Maplewood","Department of Natural Resources State Park","DNR","State Park",TRUE,"Spring-2020",16518
"Maplewood","Department of Natural Resources State Park","DNR","State Park",TRUE,"Spring-2021",19809
"Maplewood","Department of Natural Resources State Park","DNR","State Park",TRUE,"Summer-2018",52541
"Maplewood","Department of Natural Resources State Park","DNR","State Park",TRUE,"Summer-2019",53638
"Maplewood","Department of Natural Resources State Park","DNR","State Park",TRUE,"Summer-2020",50240
"Maplewood","Department of Natural Resources State Park","DNR","State Park",TRUE,"Summer-2021",43601
"Maplewood","Department of Natural Resources State Park","DNR","State Park",TRUE,"Winter-2018",4851
"Maplewood","Department of Natural Resources State Park","DNR","State Park",TRUE,"Winter-2019",6230
"Maplewood","Department of Natural Resources State Park","DNR","State Park",TRUE,"Winter-2020",3508
"Maplewood","Department of Natural Resources State Park","DNR","State Park",TRUE,"Winter-2021",5900
"Maplewood","Department of Natural Resources State Park","DNR","State Park",TRUE,"Winter-2022",1212
"Martin-Island-Linwood","Metropolitan Regional Park System","Anoka County Parks and Recreation","Regional Park",TRUE,"Fall-2018",2684
"Martin-Island-Linwood","Metropolitan Regional Park System","Anoka County Parks and Recreation","Regional Park",TRUE,"Fall-2019",2608
"Martin-Island-Linwood","Metropolitan Regional Park System","Anoka County Parks and Recreation","Regional Park",TRUE,"Fall-2020",3653
"Martin-Island-Linwood","Metropolitan Regional Park System","Anoka County Parks and Recreation","Regional Park",TRUE,"Fall-2021",3855
"Martin-Island-Linwood","Metropolitan Regional Park System","Anoka County Parks and Recreation","Regional Park",TRUE,"Spring-2018",4911
"Martin-Island-Linwood","Metropolitan Regional Park System","Anoka County Parks and Recreation","Regional Park",TRUE,"Spring-2019",4149
"Martin-Island-Linwood","Metropolitan Regional Park System","Anoka County Parks and Recreation","Regional Park",TRUE,"Spring-2020",6663
"Martin-Island-Linwood","Metropolitan Regional Park System","Anoka County Parks and Recreation","Regional Park",TRUE,"Spring-2021",5682
"Martin-Island-Linwood","Metropolitan Regional Park System","Anoka County Parks and Recreation","Regional Park",TRUE,"Summer-2018",11886
"Martin-Island-Linwood","Metropolitan Regional Park System","Anoka County Parks and Recreation","Regional Park",TRUE,"Summer-2019",13488
"Martin-Island-Linwood","Metropolitan Regional Park System","Anoka County Parks and Recreation","Regional Park",TRUE,"Summer-2020",18822
"Martin-Island-Linwood","Metropolitan Regional Park System","Anoka County Parks and Recreation","Regional Park",TRUE,"Summer-2021",15658
"Martin-Island-Linwood","Metropolitan Regional Park System","Anoka County Parks and Recreation","Regional Park",TRUE,"Winter-2018",3283
"Martin-Island-Linwood","Metropolitan Regional Park System","Anoka County Parks and Recreation","Regional Park",TRUE,"Winter-2019",4143
"Martin-Island-Linwood","Metropolitan Regional Park System","Anoka County Parks and Recreation","Regional Park",TRUE,"Winter-2020",3088
"Martin-Island-Linwood","Metropolitan Regional Park System","Anoka County Parks and Recreation","Regional Park",TRUE,"Winter-2021",5819
"Martin-Island-Linwood","Metropolitan Regional Park System","Anoka County Parks and Recreation","Regional Park",TRUE,"Winter-2022",1122
"MB Johnson Park","Greater Minnesota Regional Parks & Trails","Greater MN","Regional Park",TRUE,"Fall-2018",4770
"MB Johnson Park","Greater Minnesota Regional Parks & Trails","Greater MN","Regional Park",TRUE,"Fall-2019",11869
"MB Johnson Park","Greater Minnesota Regional Parks & Trails","Greater MN","Regional Park",TRUE,"Fall-2020",7973
"MB Johnson Park","Greater Minnesota Regional Parks & Trails","Greater MN","Regional Park",TRUE,"Fall-2021",7832
"MB Johnson Park","Greater Minnesota Regional Parks & Trails","Greater MN","Regional Park",TRUE,"Spring-2018",4602
"MB Johnson Park","Greater Minnesota Regional Parks & Trails","Greater MN","Regional Park",TRUE,"Spring-2019",5183
"MB Johnson Park","Greater Minnesota Regional Parks & Trails","Greater MN","Regional Park",TRUE,"Spring-2020",9140
"MB Johnson Park","Greater Minnesota Regional Parks & Trails","Greater MN","Regional Park",TRUE,"Spring-2021",10608
"MB Johnson Park","Greater Minnesota Regional Parks & Trails","Greater MN","Regional Park",TRUE,"Summer-2018",13501
"MB Johnson Park","Greater Minnesota Regional Parks & Trails","Greater MN","Regional Park",TRUE,"Summer-2019",12614
"MB Johnson Park","Greater Minnesota Regional Parks & Trails","Greater MN","Regional Park",TRUE,"Summer-2020",13086
"MB Johnson Park","Greater Minnesota Regional Parks & Trails","Greater MN","Regional Park",TRUE,"Summer-2021",16881
"MB Johnson Park","Greater Minnesota Regional Parks & Trails","Greater MN","Regional Park",TRUE,"Winter-2018",2989
"MB Johnson Park","Greater Minnesota Regional Parks & Trails","Greater MN","Regional Park",TRUE,"Winter-2019",2614
"MB Johnson Park","Greater Minnesota Regional Parks & Trails","Greater MN","Regional Park",TRUE,"Winter-2020",3462
"MB Johnson Park","Greater Minnesota Regional Parks & Trails","Greater MN","Regional Park",TRUE,"Winter-2021",4477
"MB Johnson Park","Greater Minnesota Regional Parks & Trails","Greater MN","Regional Park",TRUE,"Winter-2022",1163
"McCarthy Beach","Department of Natural Resources State Park","DNR","State Park",TRUE,"Fall-2018",8131
"McCarthy Beach","Department of Natural Resources State Park","DNR","State Park",TRUE,"Fall-2019",4374
"McCarthy Beach","Department of Natural Resources State Park","DNR","State Park",TRUE,"Fall-2020",5686
"McCarthy Beach","Department of Natural Resources State Park","DNR","State Park",TRUE,"Fall-2021",3479
"McCarthy Beach","Department of Natural Resources State Park","DNR","State Park",TRUE,"Spring-2018",19669
"McCarthy Beach","Department of Natural Resources State Park","DNR","State Park",TRUE,"Spring-2019",3432
"McCarthy Beach","Department of Natural Resources State Park","DNR","State Park",TRUE,"Spring-2020",2323
"McCarthy Beach","Department of Natural Resources State Park","DNR","State Park",TRUE,"Spring-2021",7788
"McCarthy Beach","Department of Natural Resources State Park","DNR","State Park",TRUE,"Summer-2018",63148
"McCarthy Beach","Department of Natural Resources State Park","DNR","State Park",TRUE,"Summer-2019",51562
"McCarthy Beach","Department of Natural Resources State Park","DNR","State Park",TRUE,"Summer-2020",52894
"McCarthy Beach","Department of Natural Resources State Park","DNR","State Park",TRUE,"Summer-2021",47935
"McCarthy Beach","Department of Natural Resources State Park","DNR","State Park",TRUE,"Winter-2018",7885
"McCarthy Beach","Department of Natural Resources State Park","DNR","State Park",TRUE,"Winter-2019",2058
"McCarthy Beach","Department of Natural Resources State Park","DNR","State Park",TRUE,"Winter-2020",1663
"McCarthy Beach","Department of Natural Resources State Park","DNR","State Park",TRUE,"Winter-2021",738
"McCarthy Beach","Department of Natural Resources State Park","DNR","State Park",TRUE,"Winter-2022",210
"Miesville Ravine","Metropolitan Regional Park System","Dakota County Parks","Regional Park",TRUE,"Fall-2018",2275
"Miesville Ravine","Metropolitan Regional Park System","Dakota County Parks","Regional Park",TRUE,"Fall-2019",1132
"Miesville Ravine","Metropolitan Regional Park System","Dakota County Parks","Regional Park",TRUE,"Fall-2020",1913
"Miesville Ravine","Metropolitan Regional Park System","Dakota County Parks","Regional Park",TRUE,"Fall-2021",1406
"Miesville Ravine","Metropolitan Regional Park System","Dakota County Parks","Regional Park",TRUE,"Spring-2018",2107
"Miesville Ravine","Metropolitan Regional Park System","Dakota County Parks","Regional Park",TRUE,"Spring-2019",2064
"Miesville Ravine","Metropolitan Regional Park System","Dakota County Parks","Regional Park",TRUE,"Spring-2020",6262
"Miesville Ravine","Metropolitan Regional Park System","Dakota County Parks","Regional Park",TRUE,"Spring-2021",3752
"Miesville Ravine","Metropolitan Regional Park System","Dakota County Parks","Regional Park",TRUE,"Summer-2018",3053
"Miesville Ravine","Metropolitan Regional Park System","Dakota County Parks","Regional Park",TRUE,"Summer-2019",3661
"Miesville Ravine","Metropolitan Regional Park System","Dakota County Parks","Regional Park",TRUE,"Summer-2020",6317
"Miesville Ravine","Metropolitan Regional Park System","Dakota County Parks","Regional Park",TRUE,"Summer-2021",3891
"Miesville Ravine","Metropolitan Regional Park System","Dakota County Parks","Regional Park",TRUE,"Winter-2018",1031
"Miesville Ravine","Metropolitan Regional Park System","Dakota County Parks","Regional Park",TRUE,"Winter-2019",1505
"Miesville Ravine","Metropolitan Regional Park System","Dakota County Parks","Regional Park",TRUE,"Winter-2020",1250
"Miesville Ravine","Metropolitan Regional Park System","Dakota County Parks","Regional Park",TRUE,"Winter-2021",2039
"Miesville Ravine","Metropolitan Regional Park System","Dakota County Parks","Regional Park",TRUE,"Winter-2022",183
"Milford Mine Memorial Park","Greater Minnesota Regional Parks & Trails","Greater MN","Regional Park",TRUE,"Fall-2018",717
"Milford Mine Memorial Park","Greater Minnesota Regional Parks & Trails","Greater MN","Regional Park",TRUE,"Fall-2019",672
"Milford Mine Memorial Park","Greater Minnesota Regional Parks & Trails","Greater MN","Regional Park",TRUE,"Fall-2020",835
"Milford Mine Memorial Park","Greater Minnesota Regional Parks & Trails","Greater MN","Regional Park",TRUE,"Fall-2021",543
"Milford Mine Memorial Park","Greater Minnesota Regional Parks & Trails","Greater MN","Regional Park",TRUE,"Spring-2018",387
"Milford Mine Memorial Park","Greater Minnesota Regional Parks & Trails","Greater MN","Regional Park",TRUE,"Spring-2019",1036
"Milford Mine Memorial Park","Greater Minnesota Regional Parks & Trails","Greater MN","Regional Park",TRUE,"Spring-2020",677
"Milford Mine Memorial Park","Greater Minnesota Regional Parks & Trails","Greater MN","Regional Park",TRUE,"Spring-2021",1099
"Milford Mine Memorial Park","Greater Minnesota Regional Parks & Trails","Greater MN","Regional Park",TRUE,"Summer-2018",958
"Milford Mine Memorial Park","Greater Minnesota Regional Parks & Trails","Greater MN","Regional Park",TRUE,"Summer-2019",2153
"Milford Mine Memorial Park","Greater Minnesota Regional Parks & Trails","Greater MN","Regional Park",TRUE,"Summer-2020",1996
"Milford Mine Memorial Park","Greater Minnesota Regional Parks & Trails","Greater MN","Regional Park",TRUE,"Summer-2021",1846
"Milford Mine Memorial Park","Greater Minnesota Regional Parks & Trails","Greater MN","Regional Park",TRUE,"Winter-2018",360
"Milford Mine Memorial Park","Greater Minnesota Regional Parks & Trails","Greater MN","Regional Park",TRUE,"Winter-2019",719
"Milford Mine Memorial Park","Greater Minnesota Regional Parks & Trails","Greater MN","Regional Park",TRUE,"Winter-2020",332
"Milford Mine Memorial Park","Greater Minnesota Regional Parks & Trails","Greater MN","Regional Park",TRUE,"Winter-2021",417
"Milford Mine Memorial Park","Greater Minnesota Regional Parks & Trails","Greater MN","Regional Park",TRUE,"Winter-2022",59
"Mille Lacs Kathio","Department of Natural Resources State Park","DNR","State Park",TRUE,"Fall-2018",20851
"Mille Lacs Kathio","Department of Natural Resources State Park","DNR","State Park",TRUE,"Fall-2019",21652
"Mille Lacs Kathio","Department of Natural Resources State Park","DNR","State Park",TRUE,"Fall-2020",23821
"Mille Lacs Kathio","Department of Natural Resources State Park","DNR","State Park",TRUE,"Fall-2021",18812
"Mille Lacs Kathio","Department of Natural Resources State Park","DNR","State Park",TRUE,"Spring-2018",12794
"Mille Lacs Kathio","Department of Natural Resources State Park","DNR","State Park",TRUE,"Spring-2019",17531
"Mille Lacs Kathio","Department of Natural Resources State Park","DNR","State Park",TRUE,"Spring-2020",15611
"Mille Lacs Kathio","Department of Natural Resources State Park","DNR","State Park",TRUE,"Spring-2021",19065
"Mille Lacs Kathio","Department of Natural Resources State Park","DNR","State Park",TRUE,"Summer-2018",48034
"Mille Lacs Kathio","Department of Natural Resources State Park","DNR","State Park",TRUE,"Summer-2019",32205
"Mille Lacs Kathio","Department of Natural Resources State Park","DNR","State Park",TRUE,"Summer-2020",33700
"Mille Lacs Kathio","Department of Natural Resources State Park","DNR","State Park",TRUE,"Summer-2021",29457
"Mille Lacs Kathio","Department of Natural Resources State Park","DNR","State Park",TRUE,"Winter-2018",10269
"Mille Lacs Kathio","Department of Natural Resources State Park","DNR","State Park",TRUE,"Winter-2019",13411
"Mille Lacs Kathio","Department of Natural Resources State Park","DNR","State Park",TRUE,"Winter-2020",15441
"Mille Lacs Kathio","Department of Natural Resources State Park","DNR","State Park",TRUE,"Winter-2021",28306
"Mille Lacs Kathio","Department of Natural Resources State Park","DNR","State Park",TRUE,"Winter-2022",2881
"Minneapolis Chain of Lakes (exclusive boundary)","Metropolitan Regional Park System","Minneapolis Park and Recreation Board","Regional Park",TRUE,"Fall-2018",128025
"Minneapolis Chain of Lakes (exclusive boundary)","Metropolitan Regional Park System","Minneapolis Park and Recreation Board","Regional Park",TRUE,"Fall-2019",130633
"Minneapolis Chain of Lakes (exclusive boundary)","Metropolitan Regional Park System","Minneapolis Park and Recreation Board","Regional Park",TRUE,"Fall-2020",192017
"Minneapolis Chain of Lakes (exclusive boundary)","Metropolitan Regional Park System","Minneapolis Park and Recreation Board","Regional Park",TRUE,"Fall-2021",165412
"Minneapolis Chain of Lakes (exclusive boundary)","Metropolitan Regional Park System","Minneapolis Park and Recreation Board","Regional Park",TRUE,"Spring-2018",177603
"Minneapolis Chain of Lakes (exclusive boundary)","Metropolitan Regional Park System","Minneapolis Park and Recreation Board","Regional Park",TRUE,"Spring-2019",205740
"Minneapolis Chain of Lakes (exclusive boundary)","Metropolitan Regional Park System","Minneapolis Park and Recreation Board","Regional Park",TRUE,"Spring-2020",213208
"Minneapolis Chain of Lakes (exclusive boundary)","Metropolitan Regional Park System","Minneapolis Park and Recreation Board","Regional Park",TRUE,"Spring-2021",285978
"Minneapolis Chain of Lakes (exclusive boundary)","Metropolitan Regional Park System","Minneapolis Park and Recreation Board","Regional Park",TRUE,"Summer-2018",456069
"Minneapolis Chain of Lakes (exclusive boundary)","Metropolitan Regional Park System","Minneapolis Park and Recreation Board","Regional Park",TRUE,"Summer-2019",553488
"Minneapolis Chain of Lakes (exclusive boundary)","Metropolitan Regional Park System","Minneapolis Park and Recreation Board","Regional Park",TRUE,"Summer-2020",595000
"Minneapolis Chain of Lakes (exclusive boundary)","Metropolitan Regional Park System","Minneapolis Park and Recreation Board","Regional Park",TRUE,"Summer-2021",494634
"Minneapolis Chain of Lakes (exclusive boundary)","Metropolitan Regional Park System","Minneapolis Park and Recreation Board","Regional Park",TRUE,"Winter-2018",77798
"Minneapolis Chain of Lakes (exclusive boundary)","Metropolitan Regional Park System","Minneapolis Park and Recreation Board","Regional Park",TRUE,"Winter-2019",74981
"Minneapolis Chain of Lakes (exclusive boundary)","Metropolitan Regional Park System","Minneapolis Park and Recreation Board","Regional Park",TRUE,"Winter-2020",67892
"Minneapolis Chain of Lakes (exclusive boundary)","Metropolitan Regional Park System","Minneapolis Park and Recreation Board","Regional Park",TRUE,"Winter-2021",135485
"Minneapolis Chain of Lakes (exclusive boundary)","Metropolitan Regional Park System","Minneapolis Park and Recreation Board","Regional Park",TRUE,"Winter-2022",11191
"Minneapolis Chain of Lakes (inclusive boundary)","Metropolitan Regional Park System","Minneapolis Park and Recreation Board","Regional Park",FALSE,"Fall-2018",237292
"Minneapolis Chain of Lakes (inclusive boundary)","Metropolitan Regional Park System","Minneapolis Park and Recreation Board","Regional Park",FALSE,"Fall-2019",230004
"Minneapolis Chain of Lakes (inclusive boundary)","Metropolitan Regional Park System","Minneapolis Park and Recreation Board","Regional Park",FALSE,"Fall-2020",309686
"Minneapolis Chain of Lakes (inclusive boundary)","Metropolitan Regional Park System","Minneapolis Park and Recreation Board","Regional Park",FALSE,"Fall-2021",251734
"Minneapolis Chain of Lakes (inclusive boundary)","Metropolitan Regional Park System","Minneapolis Park and Recreation Board","Regional Park",FALSE,"Spring-2018",310696
"Minneapolis Chain of Lakes (inclusive boundary)","Metropolitan Regional Park System","Minneapolis Park and Recreation Board","Regional Park",FALSE,"Spring-2019",349037
"Minneapolis Chain of Lakes (inclusive boundary)","Metropolitan Regional Park System","Minneapolis Park and Recreation Board","Regional Park",FALSE,"Spring-2020",348804
"Minneapolis Chain of Lakes (inclusive boundary)","Metropolitan Regional Park System","Minneapolis Park and Recreation Board","Regional Park",FALSE,"Spring-2021",447765
"Minneapolis Chain of Lakes (inclusive boundary)","Metropolitan Regional Park System","Minneapolis Park and Recreation Board","Regional Park",FALSE,"Summer-2018",725613
"Minneapolis Chain of Lakes (inclusive boundary)","Metropolitan Regional Park System","Minneapolis Park and Recreation Board","Regional Park",FALSE,"Summer-2019",838425
"Minneapolis Chain of Lakes (inclusive boundary)","Metropolitan Regional Park System","Minneapolis Park and Recreation Board","Regional Park",FALSE,"Summer-2020",879861
"Minneapolis Chain of Lakes (inclusive boundary)","Metropolitan Regional Park System","Minneapolis Park and Recreation Board","Regional Park",FALSE,"Summer-2021",709372
"Minneapolis Chain of Lakes (inclusive boundary)","Metropolitan Regional Park System","Minneapolis Park and Recreation Board","Regional Park",FALSE,"Winter-2018",145243
"Minneapolis Chain of Lakes (inclusive boundary)","Metropolitan Regional Park System","Minneapolis Park and Recreation Board","Regional Park",FALSE,"Winter-2019",156700
"Minneapolis Chain of Lakes (inclusive boundary)","Metropolitan Regional Park System","Minneapolis Park and Recreation Board","Regional Park",FALSE,"Winter-2020",125800
"Minneapolis Chain of Lakes (inclusive boundary)","Metropolitan Regional Park System","Minneapolis Park and Recreation Board","Regional Park",FALSE,"Winter-2021",219560
"Minneapolis Chain of Lakes (inclusive boundary)","Metropolitan Regional Park System","Minneapolis Park and Recreation Board","Regional Park",FALSE,"Winter-2022",21504
"Minnehaha (exclusive boundary)","Metropolitan Regional Park System","Minneapolis Park and Recreation Board","Regional Park",TRUE,"Fall-2018",171826
"Minnehaha (exclusive boundary)","Metropolitan Regional Park System","Minneapolis Park and Recreation Board","Regional Park",TRUE,"Fall-2019",240216
"Minnehaha (exclusive boundary)","Metropolitan Regional Park System","Minneapolis Park and Recreation Board","Regional Park",TRUE,"Fall-2020",282466
"Minnehaha (exclusive boundary)","Metropolitan Regional Park System","Minneapolis Park and Recreation Board","Regional Park",TRUE,"Fall-2021",274939
"Minnehaha (exclusive boundary)","Metropolitan Regional Park System","Minneapolis Park and Recreation Board","Regional Park",TRUE,"Spring-2018",247943
"Minnehaha (exclusive boundary)","Metropolitan Regional Park System","Minneapolis Park and Recreation Board","Regional Park",TRUE,"Spring-2019",287962
"Minnehaha (exclusive boundary)","Metropolitan Regional Park System","Minneapolis Park and Recreation Board","Regional Park",TRUE,"Spring-2020",271737
"Minnehaha (exclusive boundary)","Metropolitan Regional Park System","Minneapolis Park and Recreation Board","Regional Park",TRUE,"Spring-2021",411887
"Minnehaha (exclusive boundary)","Metropolitan Regional Park System","Minneapolis Park and Recreation Board","Regional Park",TRUE,"Summer-2018",430775
"Minnehaha (exclusive boundary)","Metropolitan Regional Park System","Minneapolis Park and Recreation Board","Regional Park",TRUE,"Summer-2019",608254
"Minnehaha (exclusive boundary)","Metropolitan Regional Park System","Minneapolis Park and Recreation Board","Regional Park",TRUE,"Summer-2020",546273
"Minnehaha (exclusive boundary)","Metropolitan Regional Park System","Minneapolis Park and Recreation Board","Regional Park",TRUE,"Summer-2021",624944
"Minnehaha (exclusive boundary)","Metropolitan Regional Park System","Minneapolis Park and Recreation Board","Regional Park",TRUE,"Winter-2018",109804
"Minnehaha (exclusive boundary)","Metropolitan Regional Park System","Minneapolis Park and Recreation Board","Regional Park",TRUE,"Winter-2019",108169
"Minnehaha (exclusive boundary)","Metropolitan Regional Park System","Minneapolis Park and Recreation Board","Regional Park",TRUE,"Winter-2020",135768
"Minnehaha (exclusive boundary)","Metropolitan Regional Park System","Minneapolis Park and Recreation Board","Regional Park",TRUE,"Winter-2021",189754
"Minnehaha (exclusive boundary)","Metropolitan Regional Park System","Minneapolis Park and Recreation Board","Regional Park",TRUE,"Winter-2022",66647
"Minnehaha (inclusive boundary)","Metropolitan Regional Park System","Minneapolis Park and Recreation Board","Regional Park",FALSE,"Fall-2018",184280
"Minnehaha (inclusive boundary)","Metropolitan Regional Park System","Minneapolis Park and Recreation Board","Regional Park",FALSE,"Fall-2019",247753
"Minnehaha (inclusive boundary)","Metropolitan Regional Park System","Minneapolis Park and Recreation Board","Regional Park",FALSE,"Fall-2020",286747
"Minnehaha (inclusive boundary)","Metropolitan Regional Park System","Minneapolis Park and Recreation Board","Regional Park",FALSE,"Fall-2021",278369
"Minnehaha (inclusive boundary)","Metropolitan Regional Park System","Minneapolis Park and Recreation Board","Regional Park",FALSE,"Spring-2018",263966
"Minnehaha (inclusive boundary)","Metropolitan Regional Park System","Minneapolis Park and Recreation Board","Regional Park",FALSE,"Spring-2019",296802
"Minnehaha (inclusive boundary)","Metropolitan Regional Park System","Minneapolis Park and Recreation Board","Regional Park",FALSE,"Spring-2020",278560
"Minnehaha (inclusive boundary)","Metropolitan Regional Park System","Minneapolis Park and Recreation Board","Regional Park",FALSE,"Spring-2021",419385
"Minnehaha (inclusive boundary)","Metropolitan Regional Park System","Minneapolis Park and Recreation Board","Regional Park",FALSE,"Summer-2018",453121
"Minnehaha (inclusive boundary)","Metropolitan Regional Park System","Minneapolis Park and Recreation Board","Regional Park",FALSE,"Summer-2019",624908
"Minnehaha (inclusive boundary)","Metropolitan Regional Park System","Minneapolis Park and Recreation Board","Regional Park",FALSE,"Summer-2020",560768
"Minnehaha (inclusive boundary)","Metropolitan Regional Park System","Minneapolis Park and Recreation Board","Regional Park",FALSE,"Summer-2021",637528
"Minnehaha (inclusive boundary)","Metropolitan Regional Park System","Minneapolis Park and Recreation Board","Regional Park",FALSE,"Winter-2018",124051
"Minnehaha (inclusive boundary)","Metropolitan Regional Park System","Minneapolis Park and Recreation Board","Regional Park",FALSE,"Winter-2019",114607
"Minnehaha (inclusive boundary)","Metropolitan Regional Park System","Minneapolis Park and Recreation Board","Regional Park",FALSE,"Winter-2020",139684
"Minnehaha (inclusive boundary)","Metropolitan Regional Park System","Minneapolis Park and Recreation Board","Regional Park",FALSE,"Winter-2021",191999
"Minnehaha (inclusive boundary)","Metropolitan Regional Park System","Minneapolis Park and Recreation Board","Regional Park",FALSE,"Winter-2022",53732
"Minneopa","Department of Natural Resources State Park","DNR","State Park",TRUE,"Fall-2018",21365
"Minneopa","Department of Natural Resources State Park","DNR","State Park",TRUE,"Fall-2019",24159
"Minneopa","Department of Natural Resources State Park","DNR","State Park",TRUE,"Fall-2020",39310
"Minneopa","Department of Natural Resources State Park","DNR","State Park",TRUE,"Fall-2021",28935
"Minneopa","Department of Natural Resources State Park","DNR","State Park",TRUE,"Spring-2018",16084
"Minneopa","Department of Natural Resources State Park","DNR","State Park",TRUE,"Spring-2019",22301
"Minneopa","Department of Natural Resources State Park","DNR","State Park",TRUE,"Spring-2020",38686
"Minneopa","Department of Natural Resources State Park","DNR","State Park",TRUE,"Spring-2021",35455
"Minneopa","Department of Natural Resources State Park","DNR","State Park",TRUE,"Summer-2018",60046
"Minneopa","Department of Natural Resources State Park","DNR","State Park",TRUE,"Summer-2019",60162
"Minneopa","Department of Natural Resources State Park","DNR","State Park",TRUE,"Summer-2020",97118
"Minneopa","Department of Natural Resources State Park","DNR","State Park",TRUE,"Summer-2021",58353
"Minneopa","Department of Natural Resources State Park","DNR","State Park",TRUE,"Winter-2018",2691
"Minneopa","Department of Natural Resources State Park","DNR","State Park",TRUE,"Winter-2019",5264
"Minneopa","Department of Natural Resources State Park","DNR","State Park",TRUE,"Winter-2020",5071
"Minneopa","Department of Natural Resources State Park","DNR","State Park",TRUE,"Winter-2021",12546
"Minneopa","Department of Natural Resources State Park","DNR","State Park",TRUE,"Winter-2022",1263
"Minnesota Valley","Department of Natural Resources State Park","DNR","State Recreation Area",TRUE,"Fall-2018",5684
"Minnesota Valley","Department of Natural Resources State Park","DNR","State Recreation Area",TRUE,"Fall-2019",3344
"Minnesota Valley","Department of Natural Resources State Park","DNR","State Recreation Area",TRUE,"Fall-2020",10571
"Minnesota Valley","Department of Natural Resources State Park","DNR","State Recreation Area",TRUE,"Fall-2021",5400
"Minnesota Valley","Department of Natural Resources State Park","DNR","State Recreation Area",TRUE,"Spring-2018",4663
"Minnesota Valley","Department of Natural Resources State Park","DNR","State Recreation Area",TRUE,"Spring-2019",2345
"Minnesota Valley","Department of Natural Resources State Park","DNR","State Recreation Area",TRUE,"Spring-2020",8761
"Minnesota Valley","Department of Natural Resources State Park","DNR","State Recreation Area",TRUE,"Spring-2021",10144
"Minnesota Valley","Department of Natural Resources State Park","DNR","State Recreation Area",TRUE,"Summer-2018",6513
"Minnesota Valley","Department of Natural Resources State Park","DNR","State Recreation Area",TRUE,"Summer-2019",3484
"Minnesota Valley","Department of Natural Resources State Park","DNR","State Recreation Area",TRUE,"Summer-2020",11916
"Minnesota Valley","Department of Natural Resources State Park","DNR","State Recreation Area",TRUE,"Summer-2021",9386
"Minnesota Valley","Department of Natural Resources State Park","DNR","State Recreation Area",TRUE,"Winter-2018",6766
"Minnesota Valley","Department of Natural Resources State Park","DNR","State Recreation Area",TRUE,"Winter-2019",4344
"Minnesota Valley","Department of Natural Resources State Park","DNR","State Recreation Area",TRUE,"Winter-2020",2639
"Minnesota Valley","Department of Natural Resources State Park","DNR","State Recreation Area",TRUE,"Winter-2021",5800
"Minnesota Valley","Department of Natural Resources State Park","DNR","State Recreation Area",TRUE,"Winter-2022",578
"Mississippi Gateway","Metropolitan Regional Park System","Three Rivers Park District","Regional Park",TRUE,"Fall-2018",13875
"Mississippi Gateway","Metropolitan Regional Park System","Three Rivers Park District","Regional Park",TRUE,"Fall-2019",13851
"Mississippi Gateway","Metropolitan Regional Park System","Three Rivers Park District","Regional Park",TRUE,"Fall-2020",21196
"Mississippi Gateway","Metropolitan Regional Park System","Three Rivers Park District","Regional Park",TRUE,"Fall-2021",19077
"Mississippi Gateway","Metropolitan Regional Park System","Three Rivers Park District","Regional Park",TRUE,"Spring-2018",16748
"Mississippi Gateway","Metropolitan Regional Park System","Three Rivers Park District","Regional Park",TRUE,"Spring-2019",22295
"Mississippi Gateway","Metropolitan Regional Park System","Three Rivers Park District","Regional Park",TRUE,"Spring-2020",36912
"Mississippi Gateway","Metropolitan Regional Park System","Three Rivers Park District","Regional Park",TRUE,"Spring-2021",29277
"Mississippi Gateway","Metropolitan Regional Park System","Three Rivers Park District","Regional Park",TRUE,"Summer-2018",36829
"Mississippi Gateway","Metropolitan Regional Park System","Three Rivers Park District","Regional Park",TRUE,"Summer-2019",36071
"Mississippi Gateway","Metropolitan Regional Park System","Three Rivers Park District","Regional Park",TRUE,"Summer-2020",53519
"Mississippi Gateway","Metropolitan Regional Park System","Three Rivers Park District","Regional Park",TRUE,"Summer-2021",38223
"Mississippi Gateway","Metropolitan Regional Park System","Three Rivers Park District","Regional Park",TRUE,"Winter-2018",4014
"Mississippi Gateway","Metropolitan Regional Park System","Three Rivers Park District","Regional Park",TRUE,"Winter-2019",5660
"Mississippi Gateway","Metropolitan Regional Park System","Three Rivers Park District","Regional Park",TRUE,"Winter-2020",5518
"Mississippi Gateway","Metropolitan Regional Park System","Three Rivers Park District","Regional Park",TRUE,"Winter-2021",9117
"Mississippi Gateway","Metropolitan Regional Park System","Three Rivers Park District","Regional Park",TRUE,"Winter-2022",1377
"Mississippi Gorge (Minneapolis Park and Recreation Board)","Metropolitan Regional Park System","Minneapolis Park and Recreation Board","Regional Park",TRUE,"Fall-2018",24434
"Mississippi Gorge (Minneapolis Park and Recreation Board)","Metropolitan Regional Park System","Minneapolis Park and Recreation Board","Regional Park",TRUE,"Fall-2019",20469
"Mississippi Gorge (Minneapolis Park and Recreation Board)","Metropolitan Regional Park System","Minneapolis Park and Recreation Board","Regional Park",TRUE,"Fall-2020",25656
"Mississippi Gorge (Minneapolis Park and Recreation Board)","Metropolitan Regional Park System","Minneapolis Park and Recreation Board","Regional Park",TRUE,"Fall-2021",25581
"Mississippi Gorge (Minneapolis Park and Recreation Board)","Metropolitan Regional Park System","Minneapolis Park and Recreation Board","Regional Park",TRUE,"Spring-2018",19327
"Mississippi Gorge (Minneapolis Park and Recreation Board)","Metropolitan Regional Park System","Minneapolis Park and Recreation Board","Regional Park",TRUE,"Spring-2019",21105
"Mississippi Gorge (Minneapolis Park and Recreation Board)","Metropolitan Regional Park System","Minneapolis Park and Recreation Board","Regional Park",TRUE,"Spring-2020",21666
"Mississippi Gorge (Minneapolis Park and Recreation Board)","Metropolitan Regional Park System","Minneapolis Park and Recreation Board","Regional Park",TRUE,"Spring-2021",33514
"Mississippi Gorge (Minneapolis Park and Recreation Board)","Metropolitan Regional Park System","Minneapolis Park and Recreation Board","Regional Park",TRUE,"Summer-2018",33157
"Mississippi Gorge (Minneapolis Park and Recreation Board)","Metropolitan Regional Park System","Minneapolis Park and Recreation Board","Regional Park",TRUE,"Summer-2019",31768
"Mississippi Gorge (Minneapolis Park and Recreation Board)","Metropolitan Regional Park System","Minneapolis Park and Recreation Board","Regional Park",TRUE,"Summer-2020",35749
"Mississippi Gorge (Minneapolis Park and Recreation Board)","Metropolitan Regional Park System","Minneapolis Park and Recreation Board","Regional Park",TRUE,"Summer-2021",39796
"Mississippi Gorge (Minneapolis Park and Recreation Board)","Metropolitan Regional Park System","Minneapolis Park and Recreation Board","Regional Park",TRUE,"Winter-2018",14755
"Mississippi Gorge (Minneapolis Park and Recreation Board)","Metropolitan Regional Park System","Minneapolis Park and Recreation Board","Regional Park",TRUE,"Winter-2019",9259
"Mississippi Gorge (Minneapolis Park and Recreation Board)","Metropolitan Regional Park System","Minneapolis Park and Recreation Board","Regional Park",TRUE,"Winter-2020",7058
"Mississippi Gorge (Minneapolis Park and Recreation Board)","Metropolitan Regional Park System","Minneapolis Park and Recreation Board","Regional Park",TRUE,"Winter-2021",10905
"Mississippi Gorge (Minneapolis Park and Recreation Board)","Metropolitan Regional Park System","Minneapolis Park and Recreation Board","Regional Park",TRUE,"Winter-2022",1082
"Mississippi Gorge (St. Paul Parks and Recreation)","Metropolitan Regional Park System","St. Paul Parks and Recreation","Regional Park",TRUE,"Fall-2018",14774
"Mississippi Gorge (St. Paul Parks and Recreation)","Metropolitan Regional Park System","St. Paul Parks and Recreation","Regional Park",TRUE,"Fall-2019",19525
"Mississippi Gorge (St. Paul Parks and Recreation)","Metropolitan Regional Park System","St. Paul Parks and Recreation","Regional Park",TRUE,"Fall-2020",36562
"Mississippi Gorge (St. Paul Parks and Recreation)","Metropolitan Regional Park System","St. Paul Parks and Recreation","Regional Park",TRUE,"Fall-2021",29506
"Mississippi Gorge (St. Paul Parks and Recreation)","Metropolitan Regional Park System","St. Paul Parks and Recreation","Regional Park",TRUE,"Spring-2018",13773
"Mississippi Gorge (St. Paul Parks and Recreation)","Metropolitan Regional Park System","St. Paul Parks and Recreation","Regional Park",TRUE,"Spring-2019",20960
"Mississippi Gorge (St. Paul Parks and Recreation)","Metropolitan Regional Park System","St. Paul Parks and Recreation","Regional Park",TRUE,"Spring-2020",24546
"Mississippi Gorge (St. Paul Parks and Recreation)","Metropolitan Regional Park System","St. Paul Parks and Recreation","Regional Park",TRUE,"Spring-2021",31311
"Mississippi Gorge (St. Paul Parks and Recreation)","Metropolitan Regional Park System","St. Paul Parks and Recreation","Regional Park",TRUE,"Summer-2018",25281
"Mississippi Gorge (St. Paul Parks and Recreation)","Metropolitan Regional Park System","St. Paul Parks and Recreation","Regional Park",TRUE,"Summer-2019",30837
"Mississippi Gorge (St. Paul Parks and Recreation)","Metropolitan Regional Park System","St. Paul Parks and Recreation","Regional Park",TRUE,"Summer-2020",42907
"Mississippi Gorge (St. Paul Parks and Recreation)","Metropolitan Regional Park System","St. Paul Parks and Recreation","Regional Park",TRUE,"Summer-2021",31146
"Mississippi Gorge (St. Paul Parks and Recreation)","Metropolitan Regional Park System","St. Paul Parks and Recreation","Regional Park",TRUE,"Winter-2018",4305
"Mississippi Gorge (St. Paul Parks and Recreation)","Metropolitan Regional Park System","St. Paul Parks and Recreation","Regional Park",TRUE,"Winter-2019",5415
"Mississippi Gorge (St. Paul Parks and Recreation)","Metropolitan Regional Park System","St. Paul Parks and Recreation","Regional Park",TRUE,"Winter-2020",6208
"Mississippi Gorge (St. Paul Parks and Recreation)","Metropolitan Regional Park System","St. Paul Parks and Recreation","Regional Park",TRUE,"Winter-2021",13435
"Mississippi Gorge (St. Paul Parks and Recreation)","Metropolitan Regional Park System","St. Paul Parks and Recreation","Regional Park",TRUE,"Winter-2022",2449
"Mississippi River Park (GRPC)","Greater Minnesota Regional Parks & Trails","Greater MN","Regional Park",TRUE,"Fall-2018",1873
"Mississippi River Park (GRPC)","Greater Minnesota Regional Parks & Trails","Greater MN","Regional Park",TRUE,"Fall-2019",2899
"Mississippi River Park (GRPC)","Greater Minnesota Regional Parks & Trails","Greater MN","Regional Park",TRUE,"Fall-2020",5845
"Mississippi River Park (GRPC)","Greater Minnesota Regional Parks & Trails","Greater MN","Regional Park",TRUE,"Fall-2021",3785
"Mississippi River Park (GRPC)","Greater Minnesota Regional Parks & Trails","Greater MN","Regional Park",TRUE,"Spring-2018",2075
"Mississippi River Park (GRPC)","Greater Minnesota Regional Parks & Trails","Greater MN","Regional Park",TRUE,"Spring-2019",3113
"Mississippi River Park (GRPC)","Greater Minnesota Regional Parks & Trails","Greater MN","Regional Park",TRUE,"Spring-2020",6246
"Mississippi River Park (GRPC)","Greater Minnesota Regional Parks & Trails","Greater MN","Regional Park",TRUE,"Spring-2021",4742
"Mississippi River Park (GRPC)","Greater Minnesota Regional Parks & Trails","Greater MN","Regional Park",TRUE,"Summer-2018",3620
"Mississippi River Park (GRPC)","Greater Minnesota Regional Parks & Trails","Greater MN","Regional Park",TRUE,"Summer-2019",4451
"Mississippi River Park (GRPC)","Greater Minnesota Regional Parks & Trails","Greater MN","Regional Park",TRUE,"Summer-2020",6659
"Mississippi River Park (GRPC)","Greater Minnesota Regional Parks & Trails","Greater MN","Regional Park",TRUE,"Summer-2021",7652
"Mississippi River Park (GRPC)","Greater Minnesota Regional Parks & Trails","Greater MN","Regional Park",TRUE,"Winter-2018",1732
"Mississippi River Park (GRPC)","Greater Minnesota Regional Parks & Trails","Greater MN","Regional Park",TRUE,"Winter-2019",1894
"Mississippi River Park (GRPC)","Greater Minnesota Regional Parks & Trails","Greater MN","Regional Park",TRUE,"Winter-2020",2038
"Mississippi River Park (GRPC)","Greater Minnesota Regional Parks & Trails","Greater MN","Regional Park",TRUE,"Winter-2021",3204
"Mississippi River Park (GRPC)","Greater Minnesota Regional Parks & Trails","Greater MN","Regional Park",TRUE,"Winter-2022",646
"Mississippi West","Metropolitan Regional Park System","Anoka County Parks and Recreation","Regional Park",TRUE,"Fall-2018",2477
"Mississippi West","Metropolitan Regional Park System","Anoka County Parks and Recreation","Regional Park",TRUE,"Fall-2019",1938
"Mississippi West","Metropolitan Regional Park System","Anoka County Parks and Recreation","Regional Park",TRUE,"Fall-2020",3653
"Mississippi West","Metropolitan Regional Park System","Anoka County Parks and Recreation","Regional Park",TRUE,"Fall-2021",2967
"Mississippi West","Metropolitan Regional Park System","Anoka County Parks and Recreation","Regional Park",TRUE,"Spring-2018",3607
"Mississippi West","Metropolitan Regional Park System","Anoka County Parks and Recreation","Regional Park",TRUE,"Spring-2019",3690
"Mississippi West","Metropolitan Regional Park System","Anoka County Parks and Recreation","Regional Park",TRUE,"Spring-2020",5534
"Mississippi West","Metropolitan Regional Park System","Anoka County Parks and Recreation","Regional Park",TRUE,"Spring-2021",4367
"Mississippi West","Metropolitan Regional Park System","Anoka County Parks and Recreation","Regional Park",TRUE,"Summer-2018",5901
"Mississippi West","Metropolitan Regional Park System","Anoka County Parks and Recreation","Regional Park",TRUE,"Summer-2019",4305
"Mississippi West","Metropolitan Regional Park System","Anoka County Parks and Recreation","Regional Park",TRUE,"Summer-2020",7425
"Mississippi West","Metropolitan Regional Park System","Anoka County Parks and Recreation","Regional Park",TRUE,"Summer-2021",5353
"Mississippi West","Metropolitan Regional Park System","Anoka County Parks and Recreation","Regional Park",TRUE,"Winter-2018",2308
"Mississippi West","Metropolitan Regional Park System","Anoka County Parks and Recreation","Regional Park",TRUE,"Winter-2019",1407
"Mississippi West","Metropolitan Regional Park System","Anoka County Parks and Recreation","Regional Park",TRUE,"Winter-2020",1245
"Mississippi West","Metropolitan Regional Park System","Anoka County Parks and Recreation","Regional Park",TRUE,"Winter-2021",1851
"Mississippi West","Metropolitan Regional Park System","Anoka County Parks and Recreation","Regional Park",TRUE,"Winter-2022",568
"Monson Lake","Department of Natural Resources State Park","DNR","State Park",TRUE,"Fall-2018",2659
"Monson Lake","Department of Natural Resources State Park","DNR","State Park",TRUE,"Fall-2019",1105
"Monson Lake","Department of Natural Resources State Park","DNR","State Park",TRUE,"Fall-2020",982
"Monson Lake","Department of Natural Resources State Park","DNR","State Park",TRUE,"Fall-2021",842
"Monson Lake","Department of Natural Resources State Park","DNR","State Park",TRUE,"Spring-2018",2950
"Monson Lake","Department of Natural Resources State Park","DNR","State Park",TRUE,"Spring-2019",1033
"Monson Lake","Department of Natural Resources State Park","DNR","State Park",TRUE,"Spring-2020",1227
"Monson Lake","Department of Natural Resources State Park","DNR","State Park",TRUE,"Spring-2021",1140
"Monson Lake","Department of Natural Resources State Park","DNR","State Park",TRUE,"Summer-2018",3888
"Monson Lake","Department of Natural Resources State Park","DNR","State Park",TRUE,"Summer-2019",3411
"Monson Lake","Department of Natural Resources State Park","DNR","State Park",TRUE,"Summer-2020",3136
"Monson Lake","Department of Natural Resources State Park","DNR","State Park",TRUE,"Summer-2021",1954
"Monson Lake","Department of Natural Resources State Park","DNR","State Park",TRUE,"Winter-2018",1795
"Monson Lake","Department of Natural Resources State Park","DNR","State Park",TRUE,"Winter-2019",764
"Monson Lake","Department of Natural Resources State Park","DNR","State Park",TRUE,"Winter-2020",636
"Monson Lake","Department of Natural Resources State Park","DNR","State Park",TRUE,"Winter-2021",1055
"Monson Lake","Department of Natural Resources State Park","DNR","State Park",TRUE,"Winter-2022",222
"Moose Lake","Department of Natural Resources State Park","DNR","State Park",TRUE,"Fall-2018",7832
"Moose Lake","Department of Natural Resources State Park","DNR","State Park",TRUE,"Fall-2019",3531
"Moose Lake","Department of Natural Resources State Park","DNR","State Park",TRUE,"Fall-2020",4895
"Moose Lake","Department of Natural Resources State Park","DNR","State Park",TRUE,"Fall-2021",4264
"Moose Lake","Department of Natural Resources State Park","DNR","State Park",TRUE,"Spring-2018",5314
"Moose Lake","Department of Natural Resources State Park","DNR","State Park",TRUE,"Spring-2019",3890
"Moose Lake","Department of Natural Resources State Park","DNR","State Park",TRUE,"Spring-2020",2951
"Moose Lake","Department of Natural Resources State Park","DNR","State Park",TRUE,"Spring-2021",4004
"Moose Lake","Department of Natural Resources State Park","DNR","State Park",TRUE,"Summer-2018",21385
"Moose Lake","Department of Natural Resources State Park","DNR","State Park",TRUE,"Summer-2019",16487
"Moose Lake","Department of Natural Resources State Park","DNR","State Park",TRUE,"Summer-2020",18647
"Moose Lake","Department of Natural Resources State Park","DNR","State Park",TRUE,"Summer-2021",13678
"Moose Lake","Department of Natural Resources State Park","DNR","State Park",TRUE,"Winter-2018",3057
"Moose Lake","Department of Natural Resources State Park","DNR","State Park",TRUE,"Winter-2019",2404
"Moose Lake","Department of Natural Resources State Park","DNR","State Park",TRUE,"Winter-2020",1558
"Moose Lake","Department of Natural Resources State Park","DNR","State Park",TRUE,"Winter-2021",2764
"Moose Lake","Department of Natural Resources State Park","DNR","State Park",TRUE,"Winter-2022",265
"Murphy-Hanrehan","Metropolitan Regional Park System","Three Rivers Park District","Regional Park",TRUE,"Fall-2018",18441
"Murphy-Hanrehan","Metropolitan Regional Park System","Three Rivers Park District","Regional Park",TRUE,"Fall-2019",19116
"Murphy-Hanrehan","Metropolitan Regional Park System","Three Rivers Park District","Regional Park",TRUE,"Fall-2020",27559
"Murphy-Hanrehan","Metropolitan Regional Park System","Three Rivers Park District","Regional Park",TRUE,"Fall-2021",24552
"Murphy-Hanrehan","Metropolitan Regional Park System","Three Rivers Park District","Regional Park",TRUE,"Spring-2018",12120
"Murphy-Hanrehan","Metropolitan Regional Park System","Three Rivers Park District","Regional Park",TRUE,"Spring-2019",13248
"Murphy-Hanrehan","Metropolitan Regional Park System","Three Rivers Park District","Regional Park",TRUE,"Spring-2020",35318
"Murphy-Hanrehan","Metropolitan Regional Park System","Three Rivers Park District","Regional Park",TRUE,"Spring-2021",22856
"Murphy-Hanrehan","Metropolitan Regional Park System","Three Rivers Park District","Regional Park",TRUE,"Summer-2018",30813
"Murphy-Hanrehan","Metropolitan Regional Park System","Three Rivers Park District","Regional Park",TRUE,"Summer-2019",27073
"Murphy-Hanrehan","Metropolitan Regional Park System","Three Rivers Park District","Regional Park",TRUE,"Summer-2020",38239
"Murphy-Hanrehan","Metropolitan Regional Park System","Three Rivers Park District","Regional Park",TRUE,"Summer-2021",28371
"Murphy-Hanrehan","Metropolitan Regional Park System","Three Rivers Park District","Regional Park",TRUE,"Winter-2018",2589
"Murphy-Hanrehan","Metropolitan Regional Park System","Three Rivers Park District","Regional Park",TRUE,"Winter-2019",7204
"Murphy-Hanrehan","Metropolitan Regional Park System","Three Rivers Park District","Regional Park",TRUE,"Winter-2020",7867
"Murphy-Hanrehan","Metropolitan Regional Park System","Three Rivers Park District","Regional Park",TRUE,"Winter-2021",18468
"Murphy-Hanrehan","Metropolitan Regional Park System","Three Rivers Park District","Regional Park",TRUE,"Winter-2022",2223
"Myre-Big Island","Department of Natural Resources State Park","DNR","State Park",TRUE,"Fall-2018",12252
"Myre-Big Island","Department of Natural Resources State Park","DNR","State Park",TRUE,"Fall-2019",7143
"Myre-Big Island","Department of Natural Resources State Park","DNR","State Park",TRUE,"Fall-2020",9840
"Myre-Big Island","Department of Natural Resources State Park","DNR","State Park",TRUE,"Fall-2021",8504
"Myre-Big Island","Department of Natural Resources State Park","DNR","State Park",TRUE,"Spring-2018",13733
"Myre-Big Island","Department of Natural Resources State Park","DNR","State Park",TRUE,"Spring-2019",7734
"Myre-Big Island","Department of Natural Resources State Park","DNR","State Park",TRUE,"Spring-2020",8949
"Myre-Big Island","Department of Natural Resources State Park","DNR","State Park",TRUE,"Spring-2021",10194
"Myre-Big Island","Department of Natural Resources State Park","DNR","State Park",TRUE,"Summer-2018",23394
"Myre-Big Island","Department of Natural Resources State Park","DNR","State Park",TRUE,"Summer-2019",20216
"Myre-Big Island","Department of Natural Resources State Park","DNR","State Park",TRUE,"Summer-2020",17291
"Myre-Big Island","Department of Natural Resources State Park","DNR","State Park",TRUE,"Summer-2021",19265
"Myre-Big Island","Department of Natural Resources State Park","DNR","State Park",TRUE,"Winter-2018",3524
"Myre-Big Island","Department of Natural Resources State Park","DNR","State Park",TRUE,"Winter-2019",2631
"Myre-Big Island","Department of Natural Resources State Park","DNR","State Park",TRUE,"Winter-2020",2497
"Myre-Big Island","Department of Natural Resources State Park","DNR","State Park",TRUE,"Winter-2021",3459
"Myre-Big Island","Department of Natural Resources State Park","DNR","State Park",TRUE,"Winter-2022",596
"Nerstrand Big Woods","Department of Natural Resources State Park","DNR","State Park",TRUE,"Fall-2018",12991
"Nerstrand Big Woods","Department of Natural Resources State Park","DNR","State Park",TRUE,"Fall-2019",11649
"Nerstrand Big Woods","Department of Natural Resources State Park","DNR","State Park",TRUE,"Fall-2020",27983
"Nerstrand Big Woods","Department of Natural Resources State Park","DNR","State Park",TRUE,"Fall-2021",11839
"Nerstrand Big Woods","Department of Natural Resources State Park","DNR","State Park",TRUE,"Spring-2018",11600
"Nerstrand Big Woods","Department of Natural Resources State Park","DNR","State Park",TRUE,"Spring-2019",8461
"Nerstrand Big Woods","Department of Natural Resources State Park","DNR","State Park",TRUE,"Spring-2020",29832
"Nerstrand Big Woods","Department of Natural Resources State Park","DNR","State Park",TRUE,"Spring-2021",17499
"Nerstrand Big Woods","Department of Natural Resources State Park","DNR","State Park",TRUE,"Summer-2018",24908
"Nerstrand Big Woods","Department of Natural Resources State Park","DNR","State Park",TRUE,"Summer-2019",24023
"Nerstrand Big Woods","Department of Natural Resources State Park","DNR","State Park",TRUE,"Summer-2020",64869
"Nerstrand Big Woods","Department of Natural Resources State Park","DNR","State Park",TRUE,"Summer-2021",21112
"Nerstrand Big Woods","Department of Natural Resources State Park","DNR","State Park",TRUE,"Winter-2018",2019
"Nerstrand Big Woods","Department of Natural Resources State Park","DNR","State Park",TRUE,"Winter-2019",3123
"Nerstrand Big Woods","Department of Natural Resources State Park","DNR","State Park",TRUE,"Winter-2020",2665
"Nerstrand Big Woods","Department of Natural Resources State Park","DNR","State Park",TRUE,"Winter-2021",5456
"Nerstrand Big Woods","Department of Natural Resources State Park","DNR","State Park",TRUE,"Winter-2022",397
"Ney Nature Center","Eligible for Greater Minnesota Designation","Eligible Greater MN","Eligible Regional Park",FALSE,"Fall-2018",3771
"Ney Nature Center","Eligible for Greater Minnesota Designation","Eligible Greater MN","Eligible Regional Park",FALSE,"Fall-2019",3358
"Ney Nature Center","Eligible for Greater Minnesota Designation","Eligible Greater MN","Eligible Regional Park",FALSE,"Fall-2020",6740
"Ney Nature Center","Eligible for Greater Minnesota Designation","Eligible Greater MN","Eligible Regional Park",FALSE,"Fall-2021",3456
"Ney Nature Center","Eligible for Greater Minnesota Designation","Eligible Greater MN","Eligible Regional Park",FALSE,"Spring-2018",1712
"Ney Nature Center","Eligible for Greater Minnesota Designation","Eligible Greater MN","Eligible Regional Park",FALSE,"Spring-2019",2396
"Ney Nature Center","Eligible for Greater Minnesota Designation","Eligible Greater MN","Eligible Regional Park",FALSE,"Spring-2020",3197
"Ney Nature Center","Eligible for Greater Minnesota Designation","Eligible Greater MN","Eligible Regional Park",FALSE,"Spring-2021",3589
"Ney Nature Center","Eligible for Greater Minnesota Designation","Eligible Greater MN","Eligible Regional Park",FALSE,"Summer-2018",4589
"Ney Nature Center","Eligible for Greater Minnesota Designation","Eligible Greater MN","Eligible Regional Park",FALSE,"Summer-2019",3285
"Ney Nature Center","Eligible for Greater Minnesota Designation","Eligible Greater MN","Eligible Regional Park",FALSE,"Summer-2020",4778
"Ney Nature Center","Eligible for Greater Minnesota Designation","Eligible Greater MN","Eligible Regional Park",FALSE,"Summer-2021",3249
"Ney Nature Center","Eligible for Greater Minnesota Designation","Eligible Greater MN","Eligible Regional Park",FALSE,"Winter-2018",1997
"Ney Nature Center","Eligible for Greater Minnesota Designation","Eligible Greater MN","Eligible Regional Park",FALSE,"Winter-2019",1186
"Ney Nature Center","Eligible for Greater Minnesota Designation","Eligible Greater MN","Eligible Regional Park",FALSE,"Winter-2020",1806
"Ney Nature Center","Eligible for Greater Minnesota Designation","Eligible Greater MN","Eligible Regional Park",FALSE,"Winter-2021",5303
"Ney Nature Center","Eligible for Greater Minnesota Designation","Eligible Greater MN","Eligible Regional Park",FALSE,"Winter-2022",219
"Noerenberg Gardens","Metropolitan Regional Park System","Three Rivers Park District","Regional Park",TRUE,"Fall-2018",4870
"Noerenberg Gardens","Metropolitan Regional Park System","Three Rivers Park District","Regional Park",TRUE,"Fall-2019",6776
"Noerenberg Gardens","Metropolitan Regional Park System","Three Rivers Park District","Regional Park",TRUE,"Fall-2020",6751
"Noerenberg Gardens","Metropolitan Regional Park System","Three Rivers Park District","Regional Park",TRUE,"Fall-2021",10244
"Noerenberg Gardens","Metropolitan Regional Park System","Three Rivers Park District","Regional Park",TRUE,"Spring-2018",3717
"Noerenberg Gardens","Metropolitan Regional Park System","Three Rivers Park District","Regional Park",TRUE,"Spring-2019",5349
"Noerenberg Gardens","Metropolitan Regional Park System","Three Rivers Park District","Regional Park",TRUE,"Spring-2020",2100
"Noerenberg Gardens","Metropolitan Regional Park System","Three Rivers Park District","Regional Park",TRUE,"Spring-2021",10035
"Noerenberg Gardens","Metropolitan Regional Park System","Three Rivers Park District","Regional Park",TRUE,"Summer-2018",9328
"Noerenberg Gardens","Metropolitan Regional Park System","Three Rivers Park District","Regional Park",TRUE,"Summer-2019",12099
"Noerenberg Gardens","Metropolitan Regional Park System","Three Rivers Park District","Regional Park",TRUE,"Summer-2020",19932
"Noerenberg Gardens","Metropolitan Regional Park System","Three Rivers Park District","Regional Park",TRUE,"Summer-2021",13651
"Noerenberg Gardens","Metropolitan Regional Park System","Three Rivers Park District","Regional Park",TRUE,"Winter-2018",1271
"Noerenberg Gardens","Metropolitan Regional Park System","Three Rivers Park District","Regional Park",TRUE,"Winter-2019",501
"Noerenberg Gardens","Metropolitan Regional Park System","Three Rivers Park District","Regional Park",TRUE,"Winter-2020",449
"Noerenberg Gardens","Metropolitan Regional Park System","Three Rivers Park District","Regional Park",TRUE,"Winter-2021",1912
"Noerenberg Gardens","Metropolitan Regional Park System","Three Rivers Park District","Regional Park",TRUE,"Winter-2022",186
"Nokomis Hiawatha (exclusive boundary)","Metropolitan Regional Park System","Minneapolis Park and Recreation Board","Regional Park",TRUE,"Fall-2018",55455
"Nokomis Hiawatha (exclusive boundary)","Metropolitan Regional Park System","Minneapolis Park and Recreation Board","Regional Park",TRUE,"Fall-2019",42731
"Nokomis Hiawatha (exclusive boundary)","Metropolitan Regional Park System","Minneapolis Park and Recreation Board","Regional Park",TRUE,"Fall-2020",51698
"Nokomis Hiawatha (exclusive boundary)","Metropolitan Regional Park System","Minneapolis Park and Recreation Board","Regional Park",TRUE,"Fall-2021",56130
"Nokomis Hiawatha (exclusive boundary)","Metropolitan Regional Park System","Minneapolis Park and Recreation Board","Regional Park",TRUE,"Spring-2018",61601
"Nokomis Hiawatha (exclusive boundary)","Metropolitan Regional Park System","Minneapolis Park and Recreation Board","Regional Park",TRUE,"Spring-2019",61538
"Nokomis Hiawatha (exclusive boundary)","Metropolitan Regional Park System","Minneapolis Park and Recreation Board","Regional Park",TRUE,"Spring-2020",54617
"Nokomis Hiawatha (exclusive boundary)","Metropolitan Regional Park System","Minneapolis Park and Recreation Board","Regional Park",TRUE,"Spring-2021",82059
"Nokomis Hiawatha (exclusive boundary)","Metropolitan Regional Park System","Minneapolis Park and Recreation Board","Regional Park",TRUE,"Summer-2018",158501
"Nokomis Hiawatha (exclusive boundary)","Metropolitan Regional Park System","Minneapolis Park and Recreation Board","Regional Park",TRUE,"Summer-2019",186802
"Nokomis Hiawatha (exclusive boundary)","Metropolitan Regional Park System","Minneapolis Park and Recreation Board","Regional Park",TRUE,"Summer-2020",196753
"Nokomis Hiawatha (exclusive boundary)","Metropolitan Regional Park System","Minneapolis Park and Recreation Board","Regional Park",TRUE,"Summer-2021",188306
"Nokomis Hiawatha (exclusive boundary)","Metropolitan Regional Park System","Minneapolis Park and Recreation Board","Regional Park",TRUE,"Winter-2018",25007
"Nokomis Hiawatha (exclusive boundary)","Metropolitan Regional Park System","Minneapolis Park and Recreation Board","Regional Park",TRUE,"Winter-2019",37868
"Nokomis Hiawatha (exclusive boundary)","Metropolitan Regional Park System","Minneapolis Park and Recreation Board","Regional Park",TRUE,"Winter-2020",28166
"Nokomis Hiawatha (exclusive boundary)","Metropolitan Regional Park System","Minneapolis Park and Recreation Board","Regional Park",TRUE,"Winter-2021",37401
"Nokomis Hiawatha (exclusive boundary)","Metropolitan Regional Park System","Minneapolis Park and Recreation Board","Regional Park",TRUE,"Winter-2022",3720
"Nokomis Hiawatha (inclusive boundary)","Metropolitan Regional Park System","Minneapolis Park and Recreation Board","Regional Park",FALSE,"Fall-2018",101432
"Nokomis Hiawatha (inclusive boundary)","Metropolitan Regional Park System","Minneapolis Park and Recreation Board","Regional Park",FALSE,"Fall-2019",77216
"Nokomis Hiawatha (inclusive boundary)","Metropolitan Regional Park System","Minneapolis Park and Recreation Board","Regional Park",FALSE,"Fall-2020",87006
"Nokomis Hiawatha (inclusive boundary)","Metropolitan Regional Park System","Minneapolis Park and Recreation Board","Regional Park",FALSE,"Fall-2021",91319
"Nokomis Hiawatha (inclusive boundary)","Metropolitan Regional Park System","Minneapolis Park and Recreation Board","Regional Park",FALSE,"Spring-2018",106185
"Nokomis Hiawatha (inclusive boundary)","Metropolitan Regional Park System","Minneapolis Park and Recreation Board","Regional Park",FALSE,"Spring-2019",103024
"Nokomis Hiawatha (inclusive boundary)","Metropolitan Regional Park System","Minneapolis Park and Recreation Board","Regional Park",FALSE,"Spring-2020",91032
"Nokomis Hiawatha (inclusive boundary)","Metropolitan Regional Park System","Minneapolis Park and Recreation Board","Regional Park",FALSE,"Spring-2021",131921
"Nokomis Hiawatha (inclusive boundary)","Metropolitan Regional Park System","Minneapolis Park and Recreation Board","Regional Park",FALSE,"Summer-2018",250813
"Nokomis Hiawatha (inclusive boundary)","Metropolitan Regional Park System","Minneapolis Park and Recreation Board","Regional Park",FALSE,"Summer-2019",278652
"Nokomis Hiawatha (inclusive boundary)","Metropolitan Regional Park System","Minneapolis Park and Recreation Board","Regional Park",FALSE,"Summer-2020",291891
"Nokomis Hiawatha (inclusive boundary)","Metropolitan Regional Park System","Minneapolis Park and Recreation Board","Regional Park",FALSE,"Summer-2021",277229
"Nokomis Hiawatha (inclusive boundary)","Metropolitan Regional Park System","Minneapolis Park and Recreation Board","Regional Park",FALSE,"Winter-2018",43719
"Nokomis Hiawatha (inclusive boundary)","Metropolitan Regional Park System","Minneapolis Park and Recreation Board","Regional Park",FALSE,"Winter-2019",64817
"Nokomis Hiawatha (inclusive boundary)","Metropolitan Regional Park System","Minneapolis Park and Recreation Board","Regional Park",FALSE,"Winter-2020",48348
"Nokomis Hiawatha (inclusive boundary)","Metropolitan Regional Park System","Minneapolis Park and Recreation Board","Regional Park",FALSE,"Winter-2021",61123
"Nokomis Hiawatha (inclusive boundary)","Metropolitan Regional Park System","Minneapolis Park and Recreation Board","Regional Park",FALSE,"Winter-2022",7899
"North Mississippi (Minneapolis Park and Recreation Board)","Metropolitan Regional Park System","Minneapolis Park and Recreation Board","Regional Park",TRUE,"Fall-2018",14554
"North Mississippi (Minneapolis Park and Recreation Board)","Metropolitan Regional Park System","Minneapolis Park and Recreation Board","Regional Park",TRUE,"Fall-2019",10186
"North Mississippi (Minneapolis Park and Recreation Board)","Metropolitan Regional Park System","Minneapolis Park and Recreation Board","Regional Park",TRUE,"Fall-2020",18769
"North Mississippi (Minneapolis Park and Recreation Board)","Metropolitan Regional Park System","Minneapolis Park and Recreation Board","Regional Park",TRUE,"Fall-2021",17793
"North Mississippi (Minneapolis Park and Recreation Board)","Metropolitan Regional Park System","Minneapolis Park and Recreation Board","Regional Park",TRUE,"Spring-2018",14492
"North Mississippi (Minneapolis Park and Recreation Board)","Metropolitan Regional Park System","Minneapolis Park and Recreation Board","Regional Park",TRUE,"Spring-2019",13703
"North Mississippi (Minneapolis Park and Recreation Board)","Metropolitan Regional Park System","Minneapolis Park and Recreation Board","Regional Park",TRUE,"Spring-2020",20450
"North Mississippi (Minneapolis Park and Recreation Board)","Metropolitan Regional Park System","Minneapolis Park and Recreation Board","Regional Park",TRUE,"Spring-2021",29775
"North Mississippi (Minneapolis Park and Recreation Board)","Metropolitan Regional Park System","Minneapolis Park and Recreation Board","Regional Park",TRUE,"Summer-2018",34470
"North Mississippi (Minneapolis Park and Recreation Board)","Metropolitan Regional Park System","Minneapolis Park and Recreation Board","Regional Park",TRUE,"Summer-2019",35221
"North Mississippi (Minneapolis Park and Recreation Board)","Metropolitan Regional Park System","Minneapolis Park and Recreation Board","Regional Park",TRUE,"Summer-2020",42709
"North Mississippi (Minneapolis Park and Recreation Board)","Metropolitan Regional Park System","Minneapolis Park and Recreation Board","Regional Park",TRUE,"Summer-2021",38737
"North Mississippi (Minneapolis Park and Recreation Board)","Metropolitan Regional Park System","Minneapolis Park and Recreation Board","Regional Park",TRUE,"Winter-2018",5745
"North Mississippi (Minneapolis Park and Recreation Board)","Metropolitan Regional Park System","Minneapolis Park and Recreation Board","Regional Park",TRUE,"Winter-2019",7511
"North Mississippi (Minneapolis Park and Recreation Board)","Metropolitan Regional Park System","Minneapolis Park and Recreation Board","Regional Park",TRUE,"Winter-2020",5846
"North Mississippi (Minneapolis Park and Recreation Board)","Metropolitan Regional Park System","Minneapolis Park and Recreation Board","Regional Park",TRUE,"Winter-2021",9698
"North Mississippi (Minneapolis Park and Recreation Board)","Metropolitan Regional Park System","Minneapolis Park and Recreation Board","Regional Park",TRUE,"Winter-2022",2472
"North Mississippi (Three Rivers Park District)","Metropolitan Regional Park System","Three Rivers Park District","Regional Park",TRUE,"Fall-2018",1729
"North Mississippi (Three Rivers Park District)","Metropolitan Regional Park System","Three Rivers Park District","Regional Park",TRUE,"Fall-2019",864
"North Mississippi (Three Rivers Park District)","Metropolitan Regional Park System","Three Rivers Park District","Regional Park",TRUE,"Fall-2020",1226
"North Mississippi (Three Rivers Park District)","Metropolitan Regional Park System","Three Rivers Park District","Regional Park",TRUE,"Fall-2021",1090
"North Mississippi (Three Rivers Park District)","Metropolitan Regional Park System","Three Rivers Park District","Regional Park",TRUE,"Spring-2018",1794
"North Mississippi (Three Rivers Park District)","Metropolitan Regional Park System","Three Rivers Park District","Regional Park",TRUE,"Spring-2019",1172
"North Mississippi (Three Rivers Park District)","Metropolitan Regional Park System","Three Rivers Park District","Regional Park",TRUE,"Spring-2020",513
"North Mississippi (Three Rivers Park District)","Metropolitan Regional Park System","Three Rivers Park District","Regional Park",TRUE,"Spring-2021",910
"North Mississippi (Three Rivers Park District)","Metropolitan Regional Park System","Three Rivers Park District","Regional Park",TRUE,"Summer-2018",5252
"North Mississippi (Three Rivers Park District)","Metropolitan Regional Park System","Three Rivers Park District","Regional Park",TRUE,"Summer-2019",1765
"North Mississippi (Three Rivers Park District)","Metropolitan Regional Park System","Three Rivers Park District","Regional Park",TRUE,"Summer-2020",2221
"North Mississippi (Three Rivers Park District)","Metropolitan Regional Park System","Three Rivers Park District","Regional Park",TRUE,"Summer-2021",2566
"North Mississippi (Three Rivers Park District)","Metropolitan Regional Park System","Three Rivers Park District","Regional Park",TRUE,"Winter-2018",1386
"North Mississippi (Three Rivers Park District)","Metropolitan Regional Park System","Three Rivers Park District","Regional Park",TRUE,"Winter-2019",1178
"North Mississippi (Three Rivers Park District)","Metropolitan Regional Park System","Three Rivers Park District","Regional Park",TRUE,"Winter-2020",232
"North Mississippi (Three Rivers Park District)","Metropolitan Regional Park System","Three Rivers Park District","Regional Park",TRUE,"Winter-2021",172
"North Mississippi (Three Rivers Park District)","Metropolitan Regional Park System","Three Rivers Park District","Regional Park",TRUE,"Winter-2022",198
"Northerly Park","Eligible for Greater Minnesota Designation","Eligible Greater MN","Eligible Regional Park",FALSE,"Fall-2018",948
"Northerly Park","Eligible for Greater Minnesota Designation","Eligible Greater MN","Eligible Regional Park",FALSE,"Fall-2019",488
"Northerly Park","Eligible for Greater Minnesota Designation","Eligible Greater MN","Eligible Regional Park",FALSE,"Fall-2020",336
"Northerly Park","Eligible for Greater Minnesota Designation","Eligible Greater MN","Eligible Regional Park",FALSE,"Fall-2021",688
"Northerly Park","Eligible for Greater Minnesota Designation","Eligible Greater MN","Eligible Regional Park",FALSE,"Spring-2018",1093
"Northerly Park","Eligible for Greater Minnesota Designation","Eligible Greater MN","Eligible Regional Park",FALSE,"Spring-2019",553
"Northerly Park","Eligible for Greater Minnesota Designation","Eligible Greater MN","Eligible Regional Park",FALSE,"Spring-2020",241
"Northerly Park","Eligible for Greater Minnesota Designation","Eligible Greater MN","Eligible Regional Park",FALSE,"Spring-2021",368
"Northerly Park","Eligible for Greater Minnesota Designation","Eligible Greater MN","Eligible Regional Park",FALSE,"Summer-2018",1417
"Northerly Park","Eligible for Greater Minnesota Designation","Eligible Greater MN","Eligible Regional Park",FALSE,"Summer-2019",831
"Northerly Park","Eligible for Greater Minnesota Designation","Eligible Greater MN","Eligible Regional Park",FALSE,"Summer-2020",396
"Northerly Park","Eligible for Greater Minnesota Designation","Eligible Greater MN","Eligible Regional Park",FALSE,"Summer-2021",578
"Northerly Park","Eligible for Greater Minnesota Designation","Eligible Greater MN","Eligible Regional Park",FALSE,"Winter-2018",1172
"Northerly Park","Eligible for Greater Minnesota Designation","Eligible Greater MN","Eligible Regional Park",FALSE,"Winter-2019",365
"Northerly Park","Eligible for Greater Minnesota Designation","Eligible Greater MN","Eligible Regional Park",FALSE,"Winter-2020",273
"Northerly Park","Eligible for Greater Minnesota Designation","Eligible Greater MN","Eligible Regional Park",FALSE,"Winter-2021",360
"Northerly Park","Eligible for Greater Minnesota Designation","Eligible Greater MN","Eligible Regional Park",FALSE,"Winter-2022",264
"Northland Sports Park","Greater Minnesota Regional Parks & Trails","Greater MN","Regional Park",TRUE,"Fall-2018",2976
"Northland Sports Park","Greater Minnesota Regional Parks & Trails","Greater MN","Regional Park",TRUE,"Fall-2019",5610
"Northland Sports Park","Greater Minnesota Regional Parks & Trails","Greater MN","Regional Park",TRUE,"Fall-2020",7396
"Northland Sports Park","Greater Minnesota Regional Parks & Trails","Greater MN","Regional Park",TRUE,"Fall-2021",4059
"Northland Sports Park","Greater Minnesota Regional Parks & Trails","Greater MN","Regional Park",TRUE,"Spring-2018",5275
"Northland Sports Park","Greater Minnesota Regional Parks & Trails","Greater MN","Regional Park",TRUE,"Spring-2019",6221
"Northland Sports Park","Greater Minnesota Regional Parks & Trails","Greater MN","Regional Park",TRUE,"Spring-2020",2384
"Northland Sports Park","Greater Minnesota Regional Parks & Trails","Greater MN","Regional Park",TRUE,"Spring-2021",5114
"Northland Sports Park","Greater Minnesota Regional Parks & Trails","Greater MN","Regional Park",TRUE,"Summer-2018",3933
"Northland Sports Park","Greater Minnesota Regional Parks & Trails","Greater MN","Regional Park",TRUE,"Summer-2019",5599
"Northland Sports Park","Greater Minnesota Regional Parks & Trails","Greater MN","Regional Park",TRUE,"Summer-2020",5809
"Northland Sports Park","Greater Minnesota Regional Parks & Trails","Greater MN","Regional Park",TRUE,"Summer-2021",4031
"Northland Sports Park","Greater Minnesota Regional Parks & Trails","Greater MN","Regional Park",TRUE,"Winter-2018",1236
"Northland Sports Park","Greater Minnesota Regional Parks & Trails","Greater MN","Regional Park",TRUE,"Winter-2019",821
"Northland Sports Park","Greater Minnesota Regional Parks & Trails","Greater MN","Regional Park",TRUE,"Winter-2020",2142
"Northland Sports Park","Greater Minnesota Regional Parks & Trails","Greater MN","Regional Park",TRUE,"Winter-2021",3679
"Northland Sports Park","Greater Minnesota Regional Parks & Trails","Greater MN","Regional Park",TRUE,"Winter-2022",148
"Old Mill","Department of Natural Resources State Park","DNR","State Park",TRUE,"Fall-2018",3102
"Old Mill","Department of Natural Resources State Park","DNR","State Park",TRUE,"Fall-2019",1061
"Old Mill","Department of Natural Resources State Park","DNR","State Park",TRUE,"Fall-2020",2464
"Old Mill","Department of Natural Resources State Park","DNR","State Park",TRUE,"Fall-2021",991
"Old Mill","Department of Natural Resources State Park","DNR","State Park",TRUE,"Spring-2018",1513
"Old Mill","Department of Natural Resources State Park","DNR","State Park",TRUE,"Spring-2019",925
"Old Mill","Department of Natural Resources State Park","DNR","State Park",TRUE,"Spring-2020",1331
"Old Mill","Department of Natural Resources State Park","DNR","State Park",TRUE,"Spring-2021",738
"Old Mill","Department of Natural Resources State Park","DNR","State Park",TRUE,"Summer-2018",6076
"Old Mill","Department of Natural Resources State Park","DNR","State Park",TRUE,"Summer-2019",5130
"Old Mill","Department of Natural Resources State Park","DNR","State Park",TRUE,"Summer-2020",3859
"Old Mill","Department of Natural Resources State Park","DNR","State Park",TRUE,"Summer-2021",4741
"Old Mill","Department of Natural Resources State Park","DNR","State Park",TRUE,"Winter-2018",3953
"Old Mill","Department of Natural Resources State Park","DNR","State Park",TRUE,"Winter-2019",1272
"Old Mill","Department of Natural Resources State Park","DNR","State Park",TRUE,"Winter-2020",843
"Old Mill","Department of Natural Resources State Park","DNR","State Park",TRUE,"Winter-2021",1062
"Old Mill","Department of Natural Resources State Park","DNR","State Park",TRUE,"Winter-2022",122
"Oxbow Park/Zollman Zoo","Greater Minnesota Regional Parks & Trails","Greater MN","Regional Park",TRUE,"Fall-2018",11170
"Oxbow Park/Zollman Zoo","Greater Minnesota Regional Parks & Trails","Greater MN","Regional Park",TRUE,"Fall-2019",10456
"Oxbow Park/Zollman Zoo","Greater Minnesota Regional Parks & Trails","Greater MN","Regional Park",TRUE,"Fall-2020",15103
"Oxbow Park/Zollman Zoo","Greater Minnesota Regional Parks & Trails","Greater MN","Regional Park",TRUE,"Fall-2021",11961
"Oxbow Park/Zollman Zoo","Greater Minnesota Regional Parks & Trails","Greater MN","Regional Park",TRUE,"Spring-2018",12342
"Oxbow Park/Zollman Zoo","Greater Minnesota Regional Parks & Trails","Greater MN","Regional Park",TRUE,"Spring-2019",12355
"Oxbow Park/Zollman Zoo","Greater Minnesota Regional Parks & Trails","Greater MN","Regional Park",TRUE,"Spring-2020",15058
"Oxbow Park/Zollman Zoo","Greater Minnesota Regional Parks & Trails","Greater MN","Regional Park",TRUE,"Spring-2021",19679
"Oxbow Park/Zollman Zoo","Greater Minnesota Regional Parks & Trails","Greater MN","Regional Park",TRUE,"Summer-2018",36808
"Oxbow Park/Zollman Zoo","Greater Minnesota Regional Parks & Trails","Greater MN","Regional Park",TRUE,"Summer-2019",23257
"Oxbow Park/Zollman Zoo","Greater Minnesota Regional Parks & Trails","Greater MN","Regional Park",TRUE,"Summer-2020",34952
"Oxbow Park/Zollman Zoo","Greater Minnesota Regional Parks & Trails","Greater MN","Regional Park",TRUE,"Summer-2021",29784
"Oxbow Park/Zollman Zoo","Greater Minnesota Regional Parks & Trails","Greater MN","Regional Park",TRUE,"Winter-2018",5377
"Oxbow Park/Zollman Zoo","Greater Minnesota Regional Parks & Trails","Greater MN","Regional Park",TRUE,"Winter-2019",8078
"Oxbow Park/Zollman Zoo","Greater Minnesota Regional Parks & Trails","Greater MN","Regional Park",TRUE,"Winter-2020",5343
"Oxbow Park/Zollman Zoo","Greater Minnesota Regional Parks & Trails","Greater MN","Regional Park",TRUE,"Winter-2021",6694
"Oxbow Park/Zollman Zoo","Greater Minnesota Regional Parks & Trails","Greater MN","Regional Park",TRUE,"Winter-2022",961
"Phalen (exclusive boundary)","Metropolitan Regional Park System","St Paul Parks and Recreation","Regional Park",TRUE,"Fall-2018",54927
"Phalen (exclusive boundary)","Metropolitan Regional Park System","St Paul Parks and Recreation","Regional Park",TRUE,"Fall-2019",64906
"Phalen (exclusive boundary)","Metropolitan Regional Park System","St Paul Parks and Recreation","Regional Park",TRUE,"Fall-2020",72581
"Phalen (exclusive boundary)","Metropolitan Regional Park System","St Paul Parks and Recreation","Regional Park",TRUE,"Fall-2021",78301
"Phalen (exclusive boundary)","Metropolitan Regional Park System","St Paul Parks and Recreation","Regional Park",TRUE,"Spring-2018",86013
"Phalen (exclusive boundary)","Metropolitan Regional Park System","St Paul Parks and Recreation","Regional Park",TRUE,"Spring-2019",93978
"Phalen (exclusive boundary)","Metropolitan Regional Park System","St Paul Parks and Recreation","Regional Park",TRUE,"Spring-2020",81673
"Phalen (exclusive boundary)","Metropolitan Regional Park System","St Paul Parks and Recreation","Regional Park",TRUE,"Spring-2021",127567
"Phalen (exclusive boundary)","Metropolitan Regional Park System","St Paul Parks and Recreation","Regional Park",TRUE,"Summer-2018",169293
"Phalen (exclusive boundary)","Metropolitan Regional Park System","St Paul Parks and Recreation","Regional Park",TRUE,"Summer-2019",203601
"Phalen (exclusive boundary)","Metropolitan Regional Park System","St Paul Parks and Recreation","Regional Park",TRUE,"Summer-2020",205530
"Phalen (exclusive boundary)","Metropolitan Regional Park System","St Paul Parks and Recreation","Regional Park",TRUE,"Summer-2021",204861
"Phalen (exclusive boundary)","Metropolitan Regional Park System","St Paul Parks and Recreation","Regional Park",TRUE,"Winter-2018",25743
"Phalen (exclusive boundary)","Metropolitan Regional Park System","St Paul Parks and Recreation","Regional Park",TRUE,"Winter-2019",30829
"Phalen (exclusive boundary)","Metropolitan Regional Park System","St Paul Parks and Recreation","Regional Park",TRUE,"Winter-2020",33543
"Phalen (exclusive boundary)","Metropolitan Regional Park System","St Paul Parks and Recreation","Regional Park",TRUE,"Winter-2021",38681
"Phalen (exclusive boundary)","Metropolitan Regional Park System","St Paul Parks and Recreation","Regional Park",TRUE,"Winter-2022",7729
"Phalen (inclusive boundary)","Metropolitan Regional Park System","St Paul Parks and Recreation","Regional Park",FALSE,"Fall-2018",73896
"Phalen (inclusive boundary)","Metropolitan Regional Park System","St Paul Parks and Recreation","Regional Park",FALSE,"Fall-2019",80570
"Phalen (inclusive boundary)","Metropolitan Regional Park System","St Paul Parks and Recreation","Regional Park",FALSE,"Fall-2020",85645
"Phalen (inclusive boundary)","Metropolitan Regional Park System","St Paul Parks and Recreation","Regional Park",FALSE,"Fall-2021",90248
"Phalen (inclusive boundary)","Metropolitan Regional Park System","St Paul Parks and Recreation","Regional Park",FALSE,"Spring-2018",113687
"Phalen (inclusive boundary)","Metropolitan Regional Park System","St Paul Parks and Recreation","Regional Park",FALSE,"Spring-2019",111428
"Phalen (inclusive boundary)","Metropolitan Regional Park System","St Paul Parks and Recreation","Regional Park",FALSE,"Spring-2020",95371
"Phalen (inclusive boundary)","Metropolitan Regional Park System","St Paul Parks and Recreation","Regional Park",FALSE,"Spring-2021",146358
"Phalen (inclusive boundary)","Metropolitan Regional Park System","St Paul Parks and Recreation","Regional Park",FALSE,"Summer-2018",201026
"Phalen (inclusive boundary)","Metropolitan Regional Park System","St Paul Parks and Recreation","Regional Park",FALSE,"Summer-2019",232167
"Phalen (inclusive boundary)","Metropolitan Regional Park System","St Paul Parks and Recreation","Regional Park",FALSE,"Summer-2020",235052
"Phalen (inclusive boundary)","Metropolitan Regional Park System","St Paul Parks and Recreation","Regional Park",FALSE,"Summer-2021",225427
"Phalen (inclusive boundary)","Metropolitan Regional Park System","St Paul Parks and Recreation","Regional Park",FALSE,"Winter-2018",39743
"Phalen (inclusive boundary)","Metropolitan Regional Park System","St Paul Parks and Recreation","Regional Park",FALSE,"Winter-2019",43058
"Phalen (inclusive boundary)","Metropolitan Regional Park System","St Paul Parks and Recreation","Regional Park",FALSE,"Winter-2020",44278
"Phalen (inclusive boundary)","Metropolitan Regional Park System","St Paul Parks and Recreation","Regional Park",FALSE,"Winter-2021",50786
"Phalen (inclusive boundary)","Metropolitan Regional Park System","St Paul Parks and Recreation","Regional Park",FALSE,"Winter-2022",11168
"Pine Point","Metropolitan Regional Park System","Washington County Parks","Regional Park",TRUE,"Fall-2018",2066
"Pine Point","Metropolitan Regional Park System","Washington County Parks","Regional Park",TRUE,"Fall-2019",3205
"Pine Point","Metropolitan Regional Park System","Washington County Parks","Regional Park",TRUE,"Fall-2020",3950
"Pine Point","Metropolitan Regional Park System","Washington County Parks","Regional Park",TRUE,"Fall-2021",3574
"Pine Point","Metropolitan Regional Park System","Washington County Parks","Regional Park",TRUE,"Spring-2018",2030
"Pine Point","Metropolitan Regional Park System","Washington County Parks","Regional Park",TRUE,"Spring-2019",2552
"Pine Point","Metropolitan Regional Park System","Washington County Parks","Regional Park",TRUE,"Spring-2020",5338
"Pine Point","Metropolitan Regional Park System","Washington County Parks","Regional Park",TRUE,"Spring-2021",2825
"Pine Point","Metropolitan Regional Park System","Washington County Parks","Regional Park",TRUE,"Summer-2018",5661
"Pine Point","Metropolitan Regional Park System","Washington County Parks","Regional Park",TRUE,"Summer-2019",4165
"Pine Point","Metropolitan Regional Park System","Washington County Parks","Regional Park",TRUE,"Summer-2020",6454
"Pine Point","Metropolitan Regional Park System","Washington County Parks","Regional Park",TRUE,"Summer-2021",6378
"Pine Point","Metropolitan Regional Park System","Washington County Parks","Regional Park",TRUE,"Winter-2018",1841
"Pine Point","Metropolitan Regional Park System","Washington County Parks","Regional Park",TRUE,"Winter-2019",2006
"Pine Point","Metropolitan Regional Park System","Washington County Parks","Regional Park",TRUE,"Winter-2020",3379
"Pine Point","Metropolitan Regional Park System","Washington County Parks","Regional Park",TRUE,"Winter-2021",4534
"Pine Point","Metropolitan Regional Park System","Washington County Parks","Regional Park",TRUE,"Winter-2022",563
"Pine Valley Recreation Area","Eligible for Greater Minnesota Designation","Eligible Greater MN","Eligible Regional Park",FALSE,"Fall-2018",47228
"Pine Valley Recreation Area","Eligible for Greater Minnesota Designation","Eligible Greater MN","Eligible Regional Park",FALSE,"Fall-2019",97280
"Pine Valley Recreation Area","Eligible for Greater Minnesota Designation","Eligible Greater MN","Eligible Regional Park",FALSE,"Fall-2020",66430
"Pine Valley Recreation Area","Eligible for Greater Minnesota Designation","Eligible Greater MN","Eligible Regional Park",FALSE,"Fall-2021",66224
"Pine Valley Recreation Area","Eligible for Greater Minnesota Designation","Eligible Greater MN","Eligible Regional Park",FALSE,"Spring-2018",35032
"Pine Valley Recreation Area","Eligible for Greater Minnesota Designation","Eligible Greater MN","Eligible Regional Park",FALSE,"Spring-2019",54873
"Pine Valley Recreation Area","Eligible for Greater Minnesota Designation","Eligible Greater MN","Eligible Regional Park",FALSE,"Spring-2020",27595
"Pine Valley Recreation Area","Eligible for Greater Minnesota Designation","Eligible Greater MN","Eligible Regional Park",FALSE,"Spring-2021",74415
"Pine Valley Recreation Area","Eligible for Greater Minnesota Designation","Eligible Greater MN","Eligible Regional Park",FALSE,"Summer-2018",30998
"Pine Valley Recreation Area","Eligible for Greater Minnesota Designation","Eligible Greater MN","Eligible Regional Park",FALSE,"Summer-2019",53397
"Pine Valley Recreation Area","Eligible for Greater Minnesota Designation","Eligible Greater MN","Eligible Regional Park",FALSE,"Summer-2020",54903
"Pine Valley Recreation Area","Eligible for Greater Minnesota Designation","Eligible Greater MN","Eligible Regional Park",FALSE,"Summer-2021",51268
"Pine Valley Recreation Area","Eligible for Greater Minnesota Designation","Eligible Greater MN","Eligible Regional Park",FALSE,"Winter-2018",56469
"Pine Valley Recreation Area","Eligible for Greater Minnesota Designation","Eligible Greater MN","Eligible Regional Park",FALSE,"Winter-2019",105881
"Pine Valley Recreation Area","Eligible for Greater Minnesota Designation","Eligible Greater MN","Eligible Regional Park",FALSE,"Winter-2020",140536
"Pine Valley Recreation Area","Eligible for Greater Minnesota Designation","Eligible Greater MN","Eligible Regional Park",FALSE,"Winter-2021",85321
"Pine Valley Recreation Area","Eligible for Greater Minnesota Designation","Eligible Greater MN","Eligible Regional Park",FALSE,"Winter-2022",25658
"Plum Creek Park","Greater Minnesota Regional Parks & Trails","Greater MN","Regional Park",TRUE,"Fall-2018",3314
"Plum Creek Park","Greater Minnesota Regional Parks & Trails","Greater MN","Regional Park",TRUE,"Fall-2019",2371
"Plum Creek Park","Greater Minnesota Regional Parks & Trails","Greater MN","Regional Park",TRUE,"Fall-2020",4150
"Plum Creek Park","Greater Minnesota Regional Parks & Trails","Greater MN","Regional Park",TRUE,"Fall-2021",2056
"Plum Creek Park","Greater Minnesota Regional Parks & Trails","Greater MN","Regional Park",TRUE,"Spring-2018",4197
"Plum Creek Park","Greater Minnesota Regional Parks & Trails","Greater MN","Regional Park",TRUE,"Spring-2019",4002
"Plum Creek Park","Greater Minnesota Regional Parks & Trails","Greater MN","Regional Park",TRUE,"Spring-2020",1416
"Plum Creek Park","Greater Minnesota Regional Parks & Trails","Greater MN","Regional Park",TRUE,"Spring-2021",6529
"Plum Creek Park","Greater Minnesota Regional Parks & Trails","Greater MN","Regional Park",TRUE,"Summer-2018",9150
"Plum Creek Park","Greater Minnesota Regional Parks & Trails","Greater MN","Regional Park",TRUE,"Summer-2019",14710
"Plum Creek Park","Greater Minnesota Regional Parks & Trails","Greater MN","Regional Park",TRUE,"Summer-2020",15420
"Plum Creek Park","Greater Minnesota Regional Parks & Trails","Greater MN","Regional Park",TRUE,"Summer-2021",13773
"Plum Creek Park","Greater Minnesota Regional Parks & Trails","Greater MN","Regional Park",TRUE,"Winter-2018",1767
"Plum Creek Park","Greater Minnesota Regional Parks & Trails","Greater MN","Regional Park",TRUE,"Winter-2019",565
"Plum Creek Park","Greater Minnesota Regional Parks & Trails","Greater MN","Regional Park",TRUE,"Winter-2020",787
"Plum Creek Park","Greater Minnesota Regional Parks & Trails","Greater MN","Regional Park",TRUE,"Winter-2021",828
"Plum Creek Park","Greater Minnesota Regional Parks & Trails","Greater MN","Regional Park",TRUE,"Winter-2022",555
"Quarry Hill Park & Nature Center","Greater Minnesota Regional Parks & Trails","Greater MN","Regional Park",TRUE,"Fall-2018",27434
"Quarry Hill Park & Nature Center","Greater Minnesota Regional Parks & Trails","Greater MN","Regional Park",TRUE,"Fall-2019",36413
"Quarry Hill Park & Nature Center","Greater Minnesota Regional Parks & Trails","Greater MN","Regional Park",TRUE,"Fall-2020",50635
"Quarry Hill Park & Nature Center","Greater Minnesota Regional Parks & Trails","Greater MN","Regional Park",TRUE,"Fall-2021",36865
"Quarry Hill Park & Nature Center","Greater Minnesota Regional Parks & Trails","Greater MN","Regional Park",TRUE,"Spring-2018",32401
"Quarry Hill Park & Nature Center","Greater Minnesota Regional Parks & Trails","Greater MN","Regional Park",TRUE,"Spring-2019",38699
"Quarry Hill Park & Nature Center","Greater Minnesota Regional Parks & Trails","Greater MN","Regional Park",TRUE,"Spring-2020",58384
"Quarry Hill Park & Nature Center","Greater Minnesota Regional Parks & Trails","Greater MN","Regional Park",TRUE,"Spring-2021",48089
"Quarry Hill Park & Nature Center","Greater Minnesota Regional Parks & Trails","Greater MN","Regional Park",TRUE,"Summer-2018",56407
"Quarry Hill Park & Nature Center","Greater Minnesota Regional Parks & Trails","Greater MN","Regional Park",TRUE,"Summer-2019",66756
"Quarry Hill Park & Nature Center","Greater Minnesota Regional Parks & Trails","Greater MN","Regional Park",TRUE,"Summer-2020",79443
"Quarry Hill Park & Nature Center","Greater Minnesota Regional Parks & Trails","Greater MN","Regional Park",TRUE,"Summer-2021",54412
"Quarry Hill Park & Nature Center","Greater Minnesota Regional Parks & Trails","Greater MN","Regional Park",TRUE,"Winter-2018",18777
"Quarry Hill Park & Nature Center","Greater Minnesota Regional Parks & Trails","Greater MN","Regional Park",TRUE,"Winter-2019",18300
"Quarry Hill Park & Nature Center","Greater Minnesota Regional Parks & Trails","Greater MN","Regional Park",TRUE,"Winter-2020",21598
"Quarry Hill Park & Nature Center","Greater Minnesota Regional Parks & Trails","Greater MN","Regional Park",TRUE,"Winter-2021",26092
"Quarry Hill Park & Nature Center","Greater Minnesota Regional Parks & Trails","Greater MN","Regional Park",TRUE,"Winter-2022",5310
"Quarry Park","Greater Minnesota Regional Parks & Trails","Greater MN","Regional Park",TRUE,"Fall-2018",12314
"Quarry Park","Greater Minnesota Regional Parks & Trails","Greater MN","Regional Park",TRUE,"Fall-2019",16001
"Quarry Park","Greater Minnesota Regional Parks & Trails","Greater MN","Regional Park",TRUE,"Fall-2020",18968
"Quarry Park","Greater Minnesota Regional Parks & Trails","Greater MN","Regional Park",TRUE,"Fall-2021",14430
"Quarry Park","Greater Minnesota Regional Parks & Trails","Greater MN","Regional Park",TRUE,"Spring-2018",13080
"Quarry Park","Greater Minnesota Regional Parks & Trails","Greater MN","Regional Park",TRUE,"Spring-2019",12322
"Quarry Park","Greater Minnesota Regional Parks & Trails","Greater MN","Regional Park",TRUE,"Spring-2020",30796
"Quarry Park","Greater Minnesota Regional Parks & Trails","Greater MN","Regional Park",TRUE,"Spring-2021",20404
"Quarry Park","Greater Minnesota Regional Parks & Trails","Greater MN","Regional Park",TRUE,"Summer-2018",68952
"Quarry Park","Greater Minnesota Regional Parks & Trails","Greater MN","Regional Park",TRUE,"Summer-2019",118622
"Quarry Park","Greater Minnesota Regional Parks & Trails","Greater MN","Regional Park",TRUE,"Summer-2020",142120
"Quarry Park","Greater Minnesota Regional Parks & Trails","Greater MN","Regional Park",TRUE,"Summer-2021",97248
"Quarry Park","Greater Minnesota Regional Parks & Trails","Greater MN","Regional Park",TRUE,"Winter-2018",6496
"Quarry Park","Greater Minnesota Regional Parks & Trails","Greater MN","Regional Park",TRUE,"Winter-2019",7051
"Quarry Park","Greater Minnesota Regional Parks & Trails","Greater MN","Regional Park",TRUE,"Winter-2020",5848
"Quarry Park","Greater Minnesota Regional Parks & Trails","Greater MN","Regional Park",TRUE,"Winter-2021",8501
"Quarry Park","Greater Minnesota Regional Parks & Trails","Greater MN","Regional Park",TRUE,"Winter-2022",515
"Ray Berglund","Department of Natural Resources State Park","DNR","State Wayside",TRUE,"Fall-2018",1598
"Ray Berglund","Department of Natural Resources State Park","DNR","State Wayside",TRUE,"Fall-2019",1523
"Ray Berglund","Department of Natural Resources State Park","DNR","State Wayside",TRUE,"Fall-2020",1773
"Ray Berglund","Department of Natural Resources State Park","DNR","State Wayside",TRUE,"Fall-2021",1865
"Ray Berglund","Department of Natural Resources State Park","DNR","State Wayside",TRUE,"Spring-2018",2455
"Ray Berglund","Department of Natural Resources State Park","DNR","State Wayside",TRUE,"Spring-2019",1402
"Ray Berglund","Department of Natural Resources State Park","DNR","State Wayside",TRUE,"Spring-2020",1104
"Ray Berglund","Department of Natural Resources State Park","DNR","State Wayside",TRUE,"Spring-2021",1960
"Ray Berglund","Department of Natural Resources State Park","DNR","State Wayside",TRUE,"Summer-2018",1645
"Ray Berglund","Department of Natural Resources State Park","DNR","State Wayside",TRUE,"Summer-2019",2081
"Ray Berglund","Department of Natural Resources State Park","DNR","State Wayside",TRUE,"Summer-2020",1935
"Ray Berglund","Department of Natural Resources State Park","DNR","State Wayside",TRUE,"Summer-2021",1688
"Ray Berglund","Department of Natural Resources State Park","DNR","State Wayside",TRUE,"Winter-2018",3960
"Ray Berglund","Department of Natural Resources State Park","DNR","State Wayside",TRUE,"Winter-2019",1179
"Ray Berglund","Department of Natural Resources State Park","DNR","State Wayside",TRUE,"Winter-2020",1222
"Ray Berglund","Department of Natural Resources State Park","DNR","State Wayside",TRUE,"Winter-2021",1080
"Ray Berglund","Department of Natural Resources State Park","DNR","State Wayside",TRUE,"Winter-2022",648
"Red River","Department of Natural Resources State Park","DNR","State Recreation Area",TRUE,"Fall-2018",26638
"Red River","Department of Natural Resources State Park","DNR","State Recreation Area",TRUE,"Fall-2019",9149
"Red River","Department of Natural Resources State Park","DNR","State Recreation Area",TRUE,"Fall-2020",10990
"Red River","Department of Natural Resources State Park","DNR","State Recreation Area",TRUE,"Fall-2021",11219
"Red River","Department of Natural Resources State Park","DNR","State Recreation Area",TRUE,"Spring-2018",9630
"Red River","Department of Natural Resources State Park","DNR","State Recreation Area",TRUE,"Spring-2019",6141
"Red River","Department of Natural Resources State Park","DNR","State Recreation Area",TRUE,"Spring-2020",2194
"Red River","Department of Natural Resources State Park","DNR","State Recreation Area",TRUE,"Spring-2021",8300
"Red River","Department of Natural Resources State Park","DNR","State Recreation Area",TRUE,"Summer-2018",30524
"Red River","Department of Natural Resources State Park","DNR","State Recreation Area",TRUE,"Summer-2019",30845
"Red River","Department of Natural Resources State Park","DNR","State Recreation Area",TRUE,"Summer-2020",26909
"Red River","Department of Natural Resources State Park","DNR","State Recreation Area",TRUE,"Summer-2021",27122
"Red River","Department of Natural Resources State Park","DNR","State Recreation Area",TRUE,"Winter-2018",4893
"Red River","Department of Natural Resources State Park","DNR","State Recreation Area",TRUE,"Winter-2019",3120
"Red River","Department of Natural Resources State Park","DNR","State Recreation Area",TRUE,"Winter-2020",2596
"Red River","Department of Natural Resources State Park","DNR","State Recreation Area",TRUE,"Winter-2021",1406
"Red River","Department of Natural Resources State Park","DNR","State Recreation Area",TRUE,"Winter-2022",1031
"Rice Creek Chain of Lakes","Metropolitan Regional Park System","Anoka County Parks and Recreation","Regional Park",TRUE,"Fall-2018",24051
"Rice Creek Chain of Lakes","Metropolitan Regional Park System","Anoka County Parks and Recreation","Regional Park",TRUE,"Fall-2019",22434
"Rice Creek Chain of Lakes","Metropolitan Regional Park System","Anoka County Parks and Recreation","Regional Park",TRUE,"Fall-2020",28349
"Rice Creek Chain of Lakes","Metropolitan Regional Park System","Anoka County Parks and Recreation","Regional Park",TRUE,"Fall-2021",21093
"Rice Creek Chain of Lakes","Metropolitan Regional Park System","Anoka County Parks and Recreation","Regional Park",TRUE,"Spring-2018",24569
"Rice Creek Chain of Lakes","Metropolitan Regional Park System","Anoka County Parks and Recreation","Regional Park",TRUE,"Spring-2019",29129
"Rice Creek Chain of Lakes","Metropolitan Regional Park System","Anoka County Parks and Recreation","Regional Park",TRUE,"Spring-2020",52109
"Rice Creek Chain of Lakes","Metropolitan Regional Park System","Anoka County Parks and Recreation","Regional Park",TRUE,"Spring-2021",37371
"Rice Creek Chain of Lakes","Metropolitan Regional Park System","Anoka County Parks and Recreation","Regional Park",TRUE,"Summer-2018",74605
"Rice Creek Chain of Lakes","Metropolitan Regional Park System","Anoka County Parks and Recreation","Regional Park",TRUE,"Summer-2019",88740
"Rice Creek Chain of Lakes","Metropolitan Regional Park System","Anoka County Parks and Recreation","Regional Park",TRUE,"Summer-2020",98193
"Rice Creek Chain of Lakes","Metropolitan Regional Park System","Anoka County Parks and Recreation","Regional Park",TRUE,"Summer-2021",75551
"Rice Creek Chain of Lakes","Metropolitan Regional Park System","Anoka County Parks and Recreation","Regional Park",TRUE,"Winter-2018",10503
"Rice Creek Chain of Lakes","Metropolitan Regional Park System","Anoka County Parks and Recreation","Regional Park",TRUE,"Winter-2019",11802
"Rice Creek Chain of Lakes","Metropolitan Regional Park System","Anoka County Parks and Recreation","Regional Park",TRUE,"Winter-2020",12600
"Rice Creek Chain of Lakes","Metropolitan Regional Park System","Anoka County Parks and Recreation","Regional Park",TRUE,"Winter-2021",19772
"Rice Creek Chain of Lakes","Metropolitan Regional Park System","Anoka County Parks and Recreation","Regional Park",TRUE,"Winter-2022",1902
"Rice Lake","Department of Natural Resources State Park","DNR","State Park",TRUE,"Fall-2018",4584
"Rice Lake","Department of Natural Resources State Park","DNR","State Park",TRUE,"Fall-2019",3048
"Rice Lake","Department of Natural Resources State Park","DNR","State Park",TRUE,"Fall-2020",6118
"Rice Lake","Department of Natural Resources State Park","DNR","State Park",TRUE,"Fall-2021",5837
"Rice Lake","Department of Natural Resources State Park","DNR","State Park",TRUE,"Spring-2018",4127
"Rice Lake","Department of Natural Resources State Park","DNR","State Park",TRUE,"Spring-2019",3509
"Rice Lake","Department of Natural Resources State Park","DNR","State Park",TRUE,"Spring-2020",7007
"Rice Lake","Department of Natural Resources State Park","DNR","State Park",TRUE,"Spring-2021",4897
"Rice Lake","Department of Natural Resources State Park","DNR","State Park",TRUE,"Summer-2018",10789
"Rice Lake","Department of Natural Resources State Park","DNR","State Park",TRUE,"Summer-2019",8253
"Rice Lake","Department of Natural Resources State Park","DNR","State Park",TRUE,"Summer-2020",8050
"Rice Lake","Department of Natural Resources State Park","DNR","State Park",TRUE,"Summer-2021",5801
"Rice Lake","Department of Natural Resources State Park","DNR","State Park",TRUE,"Winter-2018",1975
"Rice Lake","Department of Natural Resources State Park","DNR","State Park",TRUE,"Winter-2019",1551
"Rice Lake","Department of Natural Resources State Park","DNR","State Park",TRUE,"Winter-2020",1224
"Rice Lake","Department of Natural Resources State Park","DNR","State Park",TRUE,"Winter-2021",2730
"Rice Lake","Department of Natural Resources State Park","DNR","State Park",TRUE,"Winter-2022",218
"River Bluffs Park","Eligible for Greater Minnesota Designation","Eligible Greater MN","Eligible Regional Park",FALSE,"Fall-2018",7779
"River Bluffs Park","Eligible for Greater Minnesota Designation","Eligible Greater MN","Eligible Regional Park",FALSE,"Fall-2019",4340
"River Bluffs Park","Eligible for Greater Minnesota Designation","Eligible Greater MN","Eligible Regional Park",FALSE,"Fall-2020",5476
"River Bluffs Park","Eligible for Greater Minnesota Designation","Eligible Greater MN","Eligible Regional Park",FALSE,"Fall-2021",7014
"River Bluffs Park","Eligible for Greater Minnesota Designation","Eligible Greater MN","Eligible Regional Park",FALSE,"Spring-2018",7233
"River Bluffs Park","Eligible for Greater Minnesota Designation","Eligible Greater MN","Eligible Regional Park",FALSE,"Spring-2019",5117
"River Bluffs Park","Eligible for Greater Minnesota Designation","Eligible Greater MN","Eligible Regional Park",FALSE,"Spring-2020",6289
"River Bluffs Park","Eligible for Greater Minnesota Designation","Eligible Greater MN","Eligible Regional Park",FALSE,"Spring-2021",7015
"River Bluffs Park","Eligible for Greater Minnesota Designation","Eligible Greater MN","Eligible Regional Park",FALSE,"Summer-2018",21031
"River Bluffs Park","Eligible for Greater Minnesota Designation","Eligible Greater MN","Eligible Regional Park",FALSE,"Summer-2019",8277
"River Bluffs Park","Eligible for Greater Minnesota Designation","Eligible Greater MN","Eligible Regional Park",FALSE,"Summer-2020",10413
"River Bluffs Park","Eligible for Greater Minnesota Designation","Eligible Greater MN","Eligible Regional Park",FALSE,"Summer-2021",7260
"River Bluffs Park","Eligible for Greater Minnesota Designation","Eligible Greater MN","Eligible Regional Park",FALSE,"Winter-2018",1554
"River Bluffs Park","Eligible for Greater Minnesota Designation","Eligible Greater MN","Eligible Regional Park",FALSE,"Winter-2019",2067
"River Bluffs Park","Eligible for Greater Minnesota Designation","Eligible Greater MN","Eligible Regional Park",FALSE,"Winter-2020",1280
"River Bluffs Park","Eligible for Greater Minnesota Designation","Eligible Greater MN","Eligible Regional Park",FALSE,"Winter-2021",1905
"River Bluffs Park","Eligible for Greater Minnesota Designation","Eligible Greater MN","Eligible Regional Park",FALSE,"Winter-2022",1925
"Robbins Island Park","Greater Minnesota Regional Parks & Trails","Greater MN","Regional Park",TRUE,"Fall-2018",27836
"Robbins Island Park","Greater Minnesota Regional Parks & Trails","Greater MN","Regional Park",TRUE,"Fall-2019",19925
"Robbins Island Park","Greater Minnesota Regional Parks & Trails","Greater MN","Regional Park",TRUE,"Fall-2020",11296
"Robbins Island Park","Greater Minnesota Regional Parks & Trails","Greater MN","Regional Park",TRUE,"Fall-2021",29031
"Robbins Island Park","Greater Minnesota Regional Parks & Trails","Greater MN","Regional Park",TRUE,"Spring-2018",27590
"Robbins Island Park","Greater Minnesota Regional Parks & Trails","Greater MN","Regional Park",TRUE,"Spring-2019",24296
"Robbins Island Park","Greater Minnesota Regional Parks & Trails","Greater MN","Regional Park",TRUE,"Spring-2020",25175
"Robbins Island Park","Greater Minnesota Regional Parks & Trails","Greater MN","Regional Park",TRUE,"Spring-2021",31292
"Robbins Island Park","Greater Minnesota Regional Parks & Trails","Greater MN","Regional Park",TRUE,"Summer-2018",75354
"Robbins Island Park","Greater Minnesota Regional Parks & Trails","Greater MN","Regional Park",TRUE,"Summer-2019",77955
"Robbins Island Park","Greater Minnesota Regional Parks & Trails","Greater MN","Regional Park",TRUE,"Summer-2020",62816
"Robbins Island Park","Greater Minnesota Regional Parks & Trails","Greater MN","Regional Park",TRUE,"Summer-2021",66170
"Robbins Island Park","Greater Minnesota Regional Parks & Trails","Greater MN","Regional Park",TRUE,"Winter-2018",9328
"Robbins Island Park","Greater Minnesota Regional Parks & Trails","Greater MN","Regional Park",TRUE,"Winter-2019",20634
"Robbins Island Park","Greater Minnesota Regional Parks & Trails","Greater MN","Regional Park",TRUE,"Winter-2020",15450
"Robbins Island Park","Greater Minnesota Regional Parks & Trails","Greater MN","Regional Park",TRUE,"Winter-2021",22439
"Robbins Island Park","Greater Minnesota Regional Parks & Trails","Greater MN","Regional Park",TRUE,"Winter-2022",10365
"Robert Ney Memorial Park Reserve","Greater Minnesota Regional Parks & Trails","Greater MN","Regional Park",TRUE,"Fall-2018",2893
"Robert Ney Memorial Park Reserve","Greater Minnesota Regional Parks & Trails","Greater MN","Regional Park",TRUE,"Fall-2019",3658
"Robert Ney Memorial Park Reserve","Greater Minnesota Regional Parks & Trails","Greater MN","Regional Park",TRUE,"Fall-2020",6368
"Robert Ney Memorial Park Reserve","Greater Minnesota Regional Parks & Trails","Greater MN","Regional Park",TRUE,"Fall-2021",3601
"Robert Ney Memorial Park Reserve","Greater Minnesota Regional Parks & Trails","Greater MN","Regional Park",TRUE,"Spring-2018",3053
"Robert Ney Memorial Park Reserve","Greater Minnesota Regional Parks & Trails","Greater MN","Regional Park",TRUE,"Spring-2019",3314
"Robert Ney Memorial Park Reserve","Greater Minnesota Regional Parks & Trails","Greater MN","Regional Park",TRUE,"Spring-2020",6828
"Robert Ney Memorial Park Reserve","Greater Minnesota Regional Parks & Trails","Greater MN","Regional Park",TRUE,"Spring-2021",3515
"Robert Ney Memorial Park Reserve","Greater Minnesota Regional Parks & Trails","Greater MN","Regional Park",TRUE,"Summer-2018",3947
"Robert Ney Memorial Park Reserve","Greater Minnesota Regional Parks & Trails","Greater MN","Regional Park",TRUE,"Summer-2019",6716
"Robert Ney Memorial Park Reserve","Greater Minnesota Regional Parks & Trails","Greater MN","Regional Park",TRUE,"Summer-2020",6670
"Robert Ney Memorial Park Reserve","Greater Minnesota Regional Parks & Trails","Greater MN","Regional Park",TRUE,"Summer-2021",5925
"Robert Ney Memorial Park Reserve","Greater Minnesota Regional Parks & Trails","Greater MN","Regional Park",TRUE,"Winter-2018",2496
"Robert Ney Memorial Park Reserve","Greater Minnesota Regional Parks & Trails","Greater MN","Regional Park",TRUE,"Winter-2019",2789
"Robert Ney Memorial Park Reserve","Greater Minnesota Regional Parks & Trails","Greater MN","Regional Park",TRUE,"Winter-2020",3536
"Robert Ney Memorial Park Reserve","Greater Minnesota Regional Parks & Trails","Greater MN","Regional Park",TRUE,"Winter-2021",4175
"Robert Ney Memorial Park Reserve","Greater Minnesota Regional Parks & Trails","Greater MN","Regional Park",TRUE,"Winter-2022",676
"Rochester Gamehaven Park","Greater Minnesota Regional Parks & Trails","Greater MN","Regional Park",TRUE,"Fall-2018",1615
"Rochester Gamehaven Park","Greater Minnesota Regional Parks & Trails","Greater MN","Regional Park",TRUE,"Fall-2019",1083
"Rochester Gamehaven Park","Greater Minnesota Regional Parks & Trails","Greater MN","Regional Park",TRUE,"Fall-2020",3002
"Rochester Gamehaven Park","Greater Minnesota Regional Parks & Trails","Greater MN","Regional Park",TRUE,"Fall-2021",2700
"Rochester Gamehaven Park","Greater Minnesota Regional Parks & Trails","Greater MN","Regional Park",TRUE,"Spring-2018",1299
"Rochester Gamehaven Park","Greater Minnesota Regional Parks & Trails","Greater MN","Regional Park",TRUE,"Spring-2019",1706
"Rochester Gamehaven Park","Greater Minnesota Regional Parks & Trails","Greater MN","Regional Park",TRUE,"Spring-2020",3816
"Rochester Gamehaven Park","Greater Minnesota Regional Parks & Trails","Greater MN","Regional Park",TRUE,"Spring-2021",2539
"Rochester Gamehaven Park","Greater Minnesota Regional Parks & Trails","Greater MN","Regional Park",TRUE,"Summer-2018",2630
"Rochester Gamehaven Park","Greater Minnesota Regional Parks & Trails","Greater MN","Regional Park",TRUE,"Summer-2019",3789
"Rochester Gamehaven Park","Greater Minnesota Regional Parks & Trails","Greater MN","Regional Park",TRUE,"Summer-2020",6210
"Rochester Gamehaven Park","Greater Minnesota Regional Parks & Trails","Greater MN","Regional Park",TRUE,"Summer-2021",3068
"Rochester Gamehaven Park","Greater Minnesota Regional Parks & Trails","Greater MN","Regional Park",TRUE,"Winter-2018",1833
"Rochester Gamehaven Park","Greater Minnesota Regional Parks & Trails","Greater MN","Regional Park",TRUE,"Winter-2019",1700
"Rochester Gamehaven Park","Greater Minnesota Regional Parks & Trails","Greater MN","Regional Park",TRUE,"Winter-2020",1225
"Rochester Gamehaven Park","Greater Minnesota Regional Parks & Trails","Greater MN","Regional Park",TRUE,"Winter-2021",3108
"Rochester Gamehaven Park","Greater Minnesota Regional Parks & Trails","Greater MN","Regional Park",TRUE,"Winter-2022",485
"Rockville County Park","Greater Minnesota Regional Parks & Trails","Greater MN","Regional Park",TRUE,"Fall-2018",1894
"Rockville County Park","Greater Minnesota Regional Parks & Trails","Greater MN","Regional Park",TRUE,"Fall-2019",1316
"Rockville County Park","Greater Minnesota Regional Parks & Trails","Greater MN","Regional Park",TRUE,"Fall-2020",1646
"Rockville County Park","Greater Minnesota Regional Parks & Trails","Greater MN","Regional Park",TRUE,"Fall-2021",1362
"Rockville County Park","Greater Minnesota Regional Parks & Trails","Greater MN","Regional Park",TRUE,"Spring-2018",1064
"Rockville County Park","Greater Minnesota Regional Parks & Trails","Greater MN","Regional Park",TRUE,"Spring-2019",866
"Rockville County Park","Greater Minnesota Regional Parks & Trails","Greater MN","Regional Park",TRUE,"Spring-2020",3013
"Rockville County Park","Greater Minnesota Regional Parks & Trails","Greater MN","Regional Park",TRUE,"Spring-2021",2008
"Rockville County Park","Greater Minnesota Regional Parks & Trails","Greater MN","Regional Park",TRUE,"Summer-2018",1391
"Rockville County Park","Greater Minnesota Regional Parks & Trails","Greater MN","Regional Park",TRUE,"Summer-2019",766
"Rockville County Park","Greater Minnesota Regional Parks & Trails","Greater MN","Regional Park",TRUE,"Summer-2020",2841
"Rockville County Park","Greater Minnesota Regional Parks & Trails","Greater MN","Regional Park",TRUE,"Summer-2021",2027
"Rockville County Park","Greater Minnesota Regional Parks & Trails","Greater MN","Regional Park",TRUE,"Winter-2018",978
"Rockville County Park","Greater Minnesota Regional Parks & Trails","Greater MN","Regional Park",TRUE,"Winter-2019",868
"Rockville County Park","Greater Minnesota Regional Parks & Trails","Greater MN","Regional Park",TRUE,"Winter-2020",414
"Rockville County Park","Greater Minnesota Regional Parks & Trails","Greater MN","Regional Park",TRUE,"Winter-2021",728
"Rockville County Park","Greater Minnesota Regional Parks & Trails","Greater MN","Regional Park",TRUE,"Winter-2022",115
"Root River Park","Eligible for Greater Minnesota Designation","Eligible Greater MN","Eligible Regional Park",FALSE,"Fall-2018",1767
"Root River Park","Eligible for Greater Minnesota Designation","Eligible Greater MN","Eligible Regional Park",FALSE,"Fall-2019",1087
"Root River Park","Eligible for Greater Minnesota Designation","Eligible Greater MN","Eligible Regional Park",FALSE,"Fall-2020",3051
"Root River Park","Eligible for Greater Minnesota Designation","Eligible Greater MN","Eligible Regional Park",FALSE,"Fall-2021",1112
"Root River Park","Eligible for Greater Minnesota Designation","Eligible Greater MN","Eligible Regional Park",FALSE,"Spring-2018",1811
"Root River Park","Eligible for Greater Minnesota Designation","Eligible Greater MN","Eligible Regional Park",FALSE,"Spring-2019",2281
"Root River Park","Eligible for Greater Minnesota Designation","Eligible Greater MN","Eligible Regional Park",FALSE,"Spring-2020",4671
"Root River Park","Eligible for Greater Minnesota Designation","Eligible Greater MN","Eligible Regional Park",FALSE,"Spring-2021",1731
"Root River Park","Eligible for Greater Minnesota Designation","Eligible Greater MN","Eligible Regional Park",FALSE,"Summer-2018",1239
"Root River Park","Eligible for Greater Minnesota Designation","Eligible Greater MN","Eligible Regional Park",FALSE,"Summer-2019",1941
"Root River Park","Eligible for Greater Minnesota Designation","Eligible Greater MN","Eligible Regional Park",FALSE,"Summer-2020",3474
"Root River Park","Eligible for Greater Minnesota Designation","Eligible Greater MN","Eligible Regional Park",FALSE,"Summer-2021",1341
"Root River Park","Eligible for Greater Minnesota Designation","Eligible Greater MN","Eligible Regional Park",FALSE,"Winter-2018",2795
"Root River Park","Eligible for Greater Minnesota Designation","Eligible Greater MN","Eligible Regional Park",FALSE,"Winter-2019",992
"Root River Park","Eligible for Greater Minnesota Designation","Eligible Greater MN","Eligible Regional Park",FALSE,"Winter-2020",700
"Root River Park","Eligible for Greater Minnesota Designation","Eligible Greater MN","Eligible Regional Park",FALSE,"Winter-2021",2316
"Root River Park","Eligible for Greater Minnesota Designation","Eligible Greater MN","Eligible Regional Park",FALSE,"Winter-2022",197
"Rum River Central","Metropolitan Regional Park System","Anoka County Parks and Recreation","Regional Park",TRUE,"Fall-2018",6691
"Rum River Central","Metropolitan Regional Park System","Anoka County Parks and Recreation","Regional Park",TRUE,"Fall-2019",8115
"Rum River Central","Metropolitan Regional Park System","Anoka County Parks and Recreation","Regional Park",TRUE,"Fall-2020",14080
"Rum River Central","Metropolitan Regional Park System","Anoka County Parks and Recreation","Regional Park",TRUE,"Fall-2021",8356
"Rum River Central","Metropolitan Regional Park System","Anoka County Parks and Recreation","Regional Park",TRUE,"Spring-2018",4220
"Rum River Central","Metropolitan Regional Park System","Anoka County Parks and Recreation","Regional Park",TRUE,"Spring-2019",8065
"Rum River Central","Metropolitan Regional Park System","Anoka County Parks and Recreation","Regional Park",TRUE,"Spring-2020",19418
"Rum River Central","Metropolitan Regional Park System","Anoka County Parks and Recreation","Regional Park",TRUE,"Spring-2021",14595
"Rum River Central","Metropolitan Regional Park System","Anoka County Parks and Recreation","Regional Park",TRUE,"Summer-2018",14389
"Rum River Central","Metropolitan Regional Park System","Anoka County Parks and Recreation","Regional Park",TRUE,"Summer-2019",17405
"Rum River Central","Metropolitan Regional Park System","Anoka County Parks and Recreation","Regional Park",TRUE,"Summer-2020",23007
"Rum River Central","Metropolitan Regional Park System","Anoka County Parks and Recreation","Regional Park",TRUE,"Summer-2021",13638
"Rum River Central","Metropolitan Regional Park System","Anoka County Parks and Recreation","Regional Park",TRUE,"Winter-2018",2735
"Rum River Central","Metropolitan Regional Park System","Anoka County Parks and Recreation","Regional Park",TRUE,"Winter-2019",2985
"Rum River Central","Metropolitan Regional Park System","Anoka County Parks and Recreation","Regional Park",TRUE,"Winter-2020",4570
"Rum River Central","Metropolitan Regional Park System","Anoka County Parks and Recreation","Regional Park",TRUE,"Winter-2021",8735
"Rum River Central","Metropolitan Regional Park System","Anoka County Parks and Recreation","Regional Park",TRUE,"Winter-2022",1136
"Saint Croix Boom Site","Department of Natural Resources State Park","DNR","State Wayside",TRUE,"Fall-2018",5069
"Saint Croix Boom Site","Department of Natural Resources State Park","DNR","State Wayside",TRUE,"Fall-2019",4839
"Saint Croix Boom Site","Department of Natural Resources State Park","DNR","State Wayside",TRUE,"Fall-2020",11484
"Saint Croix Boom Site","Department of Natural Resources State Park","DNR","State Wayside",TRUE,"Fall-2021",10537
"Saint Croix Boom Site","Department of Natural Resources State Park","DNR","State Wayside",TRUE,"Spring-2018",4792
"Saint Croix Boom Site","Department of Natural Resources State Park","DNR","State Wayside",TRUE,"Spring-2019",4043
"Saint Croix Boom Site","Department of Natural Resources State Park","DNR","State Wayside",TRUE,"Spring-2020",14967
"Saint Croix Boom Site","Department of Natural Resources State Park","DNR","State Wayside",TRUE,"Spring-2021",14712
"Saint Croix Boom Site","Department of Natural Resources State Park","DNR","State Wayside",TRUE,"Summer-2018",8969
"Saint Croix Boom Site","Department of Natural Resources State Park","DNR","State Wayside",TRUE,"Summer-2019",10706
"Saint Croix Boom Site","Department of Natural Resources State Park","DNR","State Wayside",TRUE,"Summer-2020",31172
"Saint Croix Boom Site","Department of Natural Resources State Park","DNR","State Wayside",TRUE,"Summer-2021",23863
"Saint Croix Boom Site","Department of Natural Resources State Park","DNR","State Wayside",TRUE,"Winter-2018",1806
"Saint Croix Boom Site","Department of Natural Resources State Park","DNR","State Wayside",TRUE,"Winter-2019",1113
"Saint Croix Boom Site","Department of Natural Resources State Park","DNR","State Wayside",TRUE,"Winter-2020",1460
"Saint Croix Boom Site","Department of Natural Resources State Park","DNR","State Wayside",TRUE,"Winter-2021",4426
"Saint Croix Boom Site","Department of Natural Resources State Park","DNR","State Wayside",TRUE,"Winter-2022",558
"Sakatah Lake","Department of Natural Resources State Park","DNR","State Park",TRUE,"Fall-2018",4050
"Sakatah Lake","Department of Natural Resources State Park","DNR","State Park",TRUE,"Fall-2019",4070
"Sakatah Lake","Department of Natural Resources State Park","DNR","State Park",TRUE,"Fall-2020",6630
"Sakatah Lake","Department of Natural Resources State Park","DNR","State Park",TRUE,"Fall-2021",5537
"Sakatah Lake","Department of Natural Resources State Park","DNR","State Park",TRUE,"Spring-2018",6844
"Sakatah Lake","Department of Natural Resources State Park","DNR","State Park",TRUE,"Spring-2019",5397
"Sakatah Lake","Department of Natural Resources State Park","DNR","State Park",TRUE,"Spring-2020",7445
"Sakatah Lake","Department of Natural Resources State Park","DNR","State Park",TRUE,"Spring-2021",7184
"Sakatah Lake","Department of Natural Resources State Park","DNR","State Park",TRUE,"Summer-2018",16351
"Sakatah Lake","Department of Natural Resources State Park","DNR","State Park",TRUE,"Summer-2019",13624
"Sakatah Lake","Department of Natural Resources State Park","DNR","State Park",TRUE,"Summer-2020",18573
"Sakatah Lake","Department of Natural Resources State Park","DNR","State Park",TRUE,"Summer-2021",16656
"Sakatah Lake","Department of Natural Resources State Park","DNR","State Park",TRUE,"Winter-2018",2410
"Sakatah Lake","Department of Natural Resources State Park","DNR","State Park",TRUE,"Winter-2019",1166
"Sakatah Lake","Department of Natural Resources State Park","DNR","State Park",TRUE,"Winter-2020",659
"Sakatah Lake","Department of Natural Resources State Park","DNR","State Park",TRUE,"Winter-2021",2062
"Sakatah Lake","Department of Natural Resources State Park","DNR","State Park",TRUE,"Winter-2022",161
"Sand Hill Recreation Area","Eligible for Greater Minnesota Designation","Eligible Greater MN","Eligible Regional Park",FALSE,"Fall-2018",12406
"Sand Hill Recreation Area","Eligible for Greater Minnesota Designation","Eligible Greater MN","Eligible Regional Park",FALSE,"Fall-2019",10433
"Sand Hill Recreation Area","Eligible for Greater Minnesota Designation","Eligible Greater MN","Eligible Regional Park",FALSE,"Fall-2020",7690
"Sand Hill Recreation Area","Eligible for Greater Minnesota Designation","Eligible Greater MN","Eligible Regional Park",FALSE,"Fall-2021",7249
"Sand Hill Recreation Area","Eligible for Greater Minnesota Designation","Eligible Greater MN","Eligible Regional Park",FALSE,"Spring-2018",6721
"Sand Hill Recreation Area","Eligible for Greater Minnesota Designation","Eligible Greater MN","Eligible Regional Park",FALSE,"Spring-2019",9196
"Sand Hill Recreation Area","Eligible for Greater Minnesota Designation","Eligible Greater MN","Eligible Regional Park",FALSE,"Spring-2020",5458
"Sand Hill Recreation Area","Eligible for Greater Minnesota Designation","Eligible Greater MN","Eligible Regional Park",FALSE,"Spring-2021",4172
"Sand Hill Recreation Area","Eligible for Greater Minnesota Designation","Eligible Greater MN","Eligible Regional Park",FALSE,"Summer-2018",18245
"Sand Hill Recreation Area","Eligible for Greater Minnesota Designation","Eligible Greater MN","Eligible Regional Park",FALSE,"Summer-2019",14879
"Sand Hill Recreation Area","Eligible for Greater Minnesota Designation","Eligible Greater MN","Eligible Regional Park",FALSE,"Summer-2020",14087
"Sand Hill Recreation Area","Eligible for Greater Minnesota Designation","Eligible Greater MN","Eligible Regional Park",FALSE,"Summer-2021",8509
"Sand Hill Recreation Area","Eligible for Greater Minnesota Designation","Eligible Greater MN","Eligible Regional Park",FALSE,"Winter-2018",3433
"Sand Hill Recreation Area","Eligible for Greater Minnesota Designation","Eligible Greater MN","Eligible Regional Park",FALSE,"Winter-2019",4435
"Sand Hill Recreation Area","Eligible for Greater Minnesota Designation","Eligible Greater MN","Eligible Regional Park",FALSE,"Winter-2020",2693
"Sand Hill Recreation Area","Eligible for Greater Minnesota Designation","Eligible Greater MN","Eligible Regional Park",FALSE,"Winter-2021",3731
"Sand Hill Recreation Area","Eligible for Greater Minnesota Designation","Eligible Greater MN","Eligible Regional Park",FALSE,"Winter-2022",255
"Sandstone Robinson Park","Greater Minnesota Regional Parks & Trails","Greater MN","Regional Park",TRUE,"Fall-2018",9889
"Sandstone Robinson Park","Greater Minnesota Regional Parks & Trails","Greater MN","Regional Park",TRUE,"Fall-2019",4762
"Sandstone Robinson Park","Greater Minnesota Regional Parks & Trails","Greater MN","Regional Park",TRUE,"Fall-2020",2978
"Sandstone Robinson Park","Greater Minnesota Regional Parks & Trails","Greater MN","Regional Park",TRUE,"Fall-2021",4957
"Sandstone Robinson Park","Greater Minnesota Regional Parks & Trails","Greater MN","Regional Park",TRUE,"Spring-2018",12878
"Sandstone Robinson Park","Greater Minnesota Regional Parks & Trails","Greater MN","Regional Park",TRUE,"Spring-2019",6931
"Sandstone Robinson Park","Greater Minnesota Regional Parks & Trails","Greater MN","Regional Park",TRUE,"Spring-2020",8595
"Sandstone Robinson Park","Greater Minnesota Regional Parks & Trails","Greater MN","Regional Park",TRUE,"Spring-2021",8299
"Sandstone Robinson Park","Greater Minnesota Regional Parks & Trails","Greater MN","Regional Park",TRUE,"Summer-2018",16911
"Sandstone Robinson Park","Greater Minnesota Regional Parks & Trails","Greater MN","Regional Park",TRUE,"Summer-2019",7541
"Sandstone Robinson Park","Greater Minnesota Regional Parks & Trails","Greater MN","Regional Park",TRUE,"Summer-2020",8567
"Sandstone Robinson Park","Greater Minnesota Regional Parks & Trails","Greater MN","Regional Park",TRUE,"Summer-2021",6146
"Sandstone Robinson Park","Greater Minnesota Regional Parks & Trails","Greater MN","Regional Park",TRUE,"Winter-2018",2930
"Sandstone Robinson Park","Greater Minnesota Regional Parks & Trails","Greater MN","Regional Park",TRUE,"Winter-2019",6540
"Sandstone Robinson Park","Greater Minnesota Regional Parks & Trails","Greater MN","Regional Park",TRUE,"Winter-2020",4268
"Sandstone Robinson Park","Greater Minnesota Regional Parks & Trails","Greater MN","Regional Park",TRUE,"Winter-2021",2924
"Sandstone Robinson Park","Greater Minnesota Regional Parks & Trails","Greater MN","Regional Park",TRUE,"Winter-2022",1168
"Savanna Portage","Department of Natural Resources State Park","DNR","State Park",TRUE,"Fall-2018",13494
"Savanna Portage","Department of Natural Resources State Park","DNR","State Park",TRUE,"Fall-2019",6346
"Savanna Portage","Department of Natural Resources State Park","DNR","State Park",TRUE,"Fall-2020",7020
"Savanna Portage","Department of Natural Resources State Park","DNR","State Park",TRUE,"Fall-2021",5919
"Savanna Portage","Department of Natural Resources State Park","DNR","State Park",TRUE,"Spring-2018",8140
"Savanna Portage","Department of Natural Resources State Park","DNR","State Park",TRUE,"Spring-2019",6443
"Savanna Portage","Department of Natural Resources State Park","DNR","State Park",TRUE,"Spring-2020",3251
"Savanna Portage","Department of Natural Resources State Park","DNR","State Park",TRUE,"Spring-2021",4886
"Savanna Portage","Department of Natural Resources State Park","DNR","State Park",TRUE,"Summer-2018",25394
"Savanna Portage","Department of Natural Resources State Park","DNR","State Park",TRUE,"Summer-2019",25751
"Savanna Portage","Department of Natural Resources State Park","DNR","State Park",TRUE,"Summer-2020",26114
"Savanna Portage","Department of Natural Resources State Park","DNR","State Park",TRUE,"Summer-2021",16116
"Savanna Portage","Department of Natural Resources State Park","DNR","State Park",TRUE,"Winter-2018",4201
"Savanna Portage","Department of Natural Resources State Park","DNR","State Park",TRUE,"Winter-2019",4180
"Savanna Portage","Department of Natural Resources State Park","DNR","State Park",TRUE,"Winter-2020",2183
"Savanna Portage","Department of Natural Resources State Park","DNR","State Park",TRUE,"Winter-2021",2244
"Savanna Portage","Department of Natural Resources State Park","DNR","State Park",TRUE,"Winter-2022",143
"Sawtooth Bluff","Eligible for Greater Minnesota Designation","Eligible Greater MN","Eligible Regional Park",FALSE,"Fall-2018",41771
"Sawtooth Bluff","Eligible for Greater Minnesota Designation","Eligible Greater MN","Eligible Regional Park",FALSE,"Fall-2019",21517
"Sawtooth Bluff","Eligible for Greater Minnesota Designation","Eligible Greater MN","Eligible Regional Park",FALSE,"Fall-2020",9296
"Sawtooth Bluff","Eligible for Greater Minnesota Designation","Eligible Greater MN","Eligible Regional Park",FALSE,"Fall-2021",17624
"Sawtooth Bluff","Eligible for Greater Minnesota Designation","Eligible Greater MN","Eligible Regional Park",FALSE,"Spring-2018",57411
"Sawtooth Bluff","Eligible for Greater Minnesota Designation","Eligible Greater MN","Eligible Regional Park",FALSE,"Spring-2019",27961
"Sawtooth Bluff","Eligible for Greater Minnesota Designation","Eligible Greater MN","Eligible Regional Park",FALSE,"Spring-2020",10779
"Sawtooth Bluff","Eligible for Greater Minnesota Designation","Eligible Greater MN","Eligible Regional Park",FALSE,"Spring-2021",19167
"Sawtooth Bluff","Eligible for Greater Minnesota Designation","Eligible Greater MN","Eligible Regional Park",FALSE,"Summer-2018",31822
"Sawtooth Bluff","Eligible for Greater Minnesota Designation","Eligible Greater MN","Eligible Regional Park",FALSE,"Summer-2019",25596
"Sawtooth Bluff","Eligible for Greater Minnesota Designation","Eligible Greater MN","Eligible Regional Park",FALSE,"Summer-2020",12479
"Sawtooth Bluff","Eligible for Greater Minnesota Designation","Eligible Greater MN","Eligible Regional Park",FALSE,"Summer-2021",18933
"Sawtooth Bluff","Eligible for Greater Minnesota Designation","Eligible Greater MN","Eligible Regional Park",FALSE,"Winter-2018",51355
"Sawtooth Bluff","Eligible for Greater Minnesota Designation","Eligible Greater MN","Eligible Regional Park",FALSE,"Winter-2019",38467
"Sawtooth Bluff","Eligible for Greater Minnesota Designation","Eligible Greater MN","Eligible Regional Park",FALSE,"Winter-2020",20513
"Sawtooth Bluff","Eligible for Greater Minnesota Designation","Eligible Greater MN","Eligible Regional Park",FALSE,"Winter-2021",13050
"Sawtooth Bluff","Eligible for Greater Minnesota Designation","Eligible Greater MN","Eligible Regional Park",FALSE,"Winter-2022",6505
"Scenic","Department of Natural Resources State Park","DNR","State Park",TRUE,"Fall-2018",12473
"Scenic","Department of Natural Resources State Park","DNR","State Park",TRUE,"Fall-2019",5216
"Scenic","Department of Natural Resources State Park","DNR","State Park",TRUE,"Fall-2020",13273
"Scenic","Department of Natural Resources State Park","DNR","State Park",TRUE,"Fall-2021",7151
"Scenic","Department of Natural Resources State Park","DNR","State Park",TRUE,"Spring-2018",5128
"Scenic","Department of Natural Resources State Park","DNR","State Park",TRUE,"Spring-2019",5279
"Scenic","Department of Natural Resources State Park","DNR","State Park",TRUE,"Spring-2020",6508
"Scenic","Department of Natural Resources State Park","DNR","State Park",TRUE,"Spring-2021",12843
"Scenic","Department of Natural Resources State Park","DNR","State Park",TRUE,"Summer-2018",52258
"Scenic","Department of Natural Resources State Park","DNR","State Park",TRUE,"Summer-2019",34408
"Scenic","Department of Natural Resources State Park","DNR","State Park",TRUE,"Summer-2020",40359
"Scenic","Department of Natural Resources State Park","DNR","State Park",TRUE,"Summer-2021",29334
"Scenic","Department of Natural Resources State Park","DNR","State Park",TRUE,"Winter-2018",3656
"Scenic","Department of Natural Resources State Park","DNR","State Park",TRUE,"Winter-2019",2524
"Scenic","Department of Natural Resources State Park","DNR","State Park",TRUE,"Winter-2020",1792
"Scenic","Department of Natural Resources State Park","DNR","State Park",TRUE,"Winter-2021",4734
"Scenic","Department of Natural Resources State Park","DNR","State Park",TRUE,"Winter-2022",759
"Schoolcraft","Department of Natural Resources State Park","DNR","State Park",TRUE,"Fall-2018",1033
"Schoolcraft","Department of Natural Resources State Park","DNR","State Park",TRUE,"Fall-2019",708
"Schoolcraft","Department of Natural Resources State Park","DNR","State Park",TRUE,"Fall-2020",886
"Schoolcraft","Department of Natural Resources State Park","DNR","State Park",TRUE,"Fall-2021",440
"Schoolcraft","Department of Natural Resources State Park","DNR","State Park",TRUE,"Spring-2018",1878
"Schoolcraft","Department of Natural Resources State Park","DNR","State Park",TRUE,"Spring-2019",679
"Schoolcraft","Department of Natural Resources State Park","DNR","State Park",TRUE,"Spring-2020",793
"Schoolcraft","Department of Natural Resources State Park","DNR","State Park",TRUE,"Spring-2021",855
"Schoolcraft","Department of Natural Resources State Park","DNR","State Park",TRUE,"Summer-2018",3250
"Schoolcraft","Department of Natural Resources State Park","DNR","State Park",TRUE,"Summer-2019",2460
"Schoolcraft","Department of Natural Resources State Park","DNR","State Park",TRUE,"Summer-2020",3155
"Schoolcraft","Department of Natural Resources State Park","DNR","State Park",TRUE,"Summer-2021",1607
"Schoolcraft","Department of Natural Resources State Park","DNR","State Park",TRUE,"Winter-2018",2250
"Schoolcraft","Department of Natural Resources State Park","DNR","State Park",TRUE,"Winter-2019",1261
"Schoolcraft","Department of Natural Resources State Park","DNR","State Park",TRUE,"Winter-2020",1032
"Schoolcraft","Department of Natural Resources State Park","DNR","State Park",TRUE,"Winter-2021",768
"Schoolcraft","Department of Natural Resources State Park","DNR","State Park",TRUE,"Winter-2022",99
"Sibley","Department of Natural Resources State Park","DNR","State Park",TRUE,"Fall-2018",27261
"Sibley","Department of Natural Resources State Park","DNR","State Park",TRUE,"Fall-2019",20242
"Sibley","Department of Natural Resources State Park","DNR","State Park",TRUE,"Fall-2020",23594
"Sibley","Department of Natural Resources State Park","DNR","State Park",TRUE,"Fall-2021",18110
"Sibley","Department of Natural Resources State Park","DNR","State Park",TRUE,"Spring-2018",15649
"Sibley","Department of Natural Resources State Park","DNR","State Park",TRUE,"Spring-2019",16419
"Sibley","Department of Natural Resources State Park","DNR","State Park",TRUE,"Spring-2020",22553
"Sibley","Department of Natural Resources State Park","DNR","State Park",TRUE,"Spring-2021",19611
"Sibley","Department of Natural Resources State Park","DNR","State Park",TRUE,"Summer-2018",47022
"Sibley","Department of Natural Resources State Park","DNR","State Park",TRUE,"Summer-2019",71118
"Sibley","Department of Natural Resources State Park","DNR","State Park",TRUE,"Summer-2020",59150
"Sibley","Department of Natural Resources State Park","DNR","State Park",TRUE,"Summer-2021",46632
"Sibley","Department of Natural Resources State Park","DNR","State Park",TRUE,"Winter-2018",3108
"Sibley","Department of Natural Resources State Park","DNR","State Park",TRUE,"Winter-2019",4869
"Sibley","Department of Natural Resources State Park","DNR","State Park",TRUE,"Winter-2020",4671
"Sibley","Department of Natural Resources State Park","DNR","State Park",TRUE,"Winter-2021",5855
"Sibley","Department of Natural Resources State Park","DNR","State Park",TRUE,"Winter-2022",748
"Silverwood","Metropolitan Regional Park System","Three Rivers Park District","Regional Park",TRUE,"Fall-2018",42629
"Silverwood","Metropolitan Regional Park System","Three Rivers Park District","Regional Park",TRUE,"Fall-2019",41651
"Silverwood","Metropolitan Regional Park System","Three Rivers Park District","Regional Park",TRUE,"Fall-2020",42502
"Silverwood","Metropolitan Regional Park System","Three Rivers Park District","Regional Park",TRUE,"Fall-2021",40237
"Silverwood","Metropolitan Regional Park System","Three Rivers Park District","Regional Park",TRUE,"Spring-2018",52454
"Silverwood","Metropolitan Regional Park System","Three Rivers Park District","Regional Park",TRUE,"Spring-2019",43484
"Silverwood","Metropolitan Regional Park System","Three Rivers Park District","Regional Park",TRUE,"Spring-2020",52356
"Silverwood","Metropolitan Regional Park System","Three Rivers Park District","Regional Park",TRUE,"Spring-2021",56034
"Silverwood","Metropolitan Regional Park System","Three Rivers Park District","Regional Park",TRUE,"Summer-2018",65558
"Silverwood","Metropolitan Regional Park System","Three Rivers Park District","Regional Park",TRUE,"Summer-2019",69479
"Silverwood","Metropolitan Regional Park System","Three Rivers Park District","Regional Park",TRUE,"Summer-2020",78696
"Silverwood","Metropolitan Regional Park System","Three Rivers Park District","Regional Park",TRUE,"Summer-2021",60767
"Silverwood","Metropolitan Regional Park System","Three Rivers Park District","Regional Park",TRUE,"Winter-2018",24838
"Silverwood","Metropolitan Regional Park System","Three Rivers Park District","Regional Park",TRUE,"Winter-2019",20137
"Silverwood","Metropolitan Regional Park System","Three Rivers Park District","Regional Park",TRUE,"Winter-2020",22733
"Silverwood","Metropolitan Regional Park System","Three Rivers Park District","Regional Park",TRUE,"Winter-2021",30898
"Silverwood","Metropolitan Regional Park System","Three Rivers Park District","Regional Park",TRUE,"Winter-2022",4416
"Spirit Mountain Recreation Area","Greater Minnesota Regional Parks & Trails","Greater MN","Regional Park",TRUE,"Fall-2018",70023
"Spirit Mountain Recreation Area","Greater Minnesota Regional Parks & Trails","Greater MN","Regional Park",TRUE,"Fall-2019",80963
"Spirit Mountain Recreation Area","Greater Minnesota Regional Parks & Trails","Greater MN","Regional Park",TRUE,"Fall-2020",43929
"Spirit Mountain Recreation Area","Greater Minnesota Regional Parks & Trails","Greater MN","Regional Park",TRUE,"Fall-2021",48857
"Spirit Mountain Recreation Area","Greater Minnesota Regional Parks & Trails","Greater MN","Regional Park",TRUE,"Spring-2018",70249
"Spirit Mountain Recreation Area","Greater Minnesota Regional Parks & Trails","Greater MN","Regional Park",TRUE,"Spring-2019",81447
"Spirit Mountain Recreation Area","Greater Minnesota Regional Parks & Trails","Greater MN","Regional Park",TRUE,"Spring-2020",54595
"Spirit Mountain Recreation Area","Greater Minnesota Regional Parks & Trails","Greater MN","Regional Park",TRUE,"Spring-2021",73859
"Spirit Mountain Recreation Area","Greater Minnesota Regional Parks & Trails","Greater MN","Regional Park",TRUE,"Summer-2018",84809
"Spirit Mountain Recreation Area","Greater Minnesota Regional Parks & Trails","Greater MN","Regional Park",TRUE,"Summer-2019",108803
"Spirit Mountain Recreation Area","Greater Minnesota Regional Parks & Trails","Greater MN","Regional Park",TRUE,"Summer-2020",40635
"Spirit Mountain Recreation Area","Greater Minnesota Regional Parks & Trails","Greater MN","Regional Park",TRUE,"Summer-2021",96497
"Spirit Mountain Recreation Area","Greater Minnesota Regional Parks & Trails","Greater MN","Regional Park",TRUE,"Winter-2018",121748
"Spirit Mountain Recreation Area","Greater Minnesota Regional Parks & Trails","Greater MN","Regional Park",TRUE,"Winter-2019",190581
"Spirit Mountain Recreation Area","Greater Minnesota Regional Parks & Trails","Greater MN","Regional Park",TRUE,"Winter-2020",220944
"Spirit Mountain Recreation Area","Greater Minnesota Regional Parks & Trails","Greater MN","Regional Park",TRUE,"Winter-2021",181555
"Spirit Mountain Recreation Area","Greater Minnesota Regional Parks & Trails","Greater MN","Regional Park",TRUE,"Winter-2022",32518
"Split Rock Creek","Department of Natural Resources State Park","DNR","State Park",TRUE,"Fall-2018",1778
"Split Rock Creek","Department of Natural Resources State Park","DNR","State Park",TRUE,"Fall-2019",1621
"Split Rock Creek","Department of Natural Resources State Park","DNR","State Park",TRUE,"Fall-2020",2193
"Split Rock Creek","Department of Natural Resources State Park","DNR","State Park",TRUE,"Fall-2021",1940
"Split Rock Creek","Department of Natural Resources State Park","DNR","State Park",TRUE,"Spring-2018",2477
"Split Rock Creek","Department of Natural Resources State Park","DNR","State Park",TRUE,"Spring-2019",1453
"Split Rock Creek","Department of Natural Resources State Park","DNR","State Park",TRUE,"Spring-2020",1563
"Split Rock Creek","Department of Natural Resources State Park","DNR","State Park",TRUE,"Spring-2021",3330
"Split Rock Creek","Department of Natural Resources State Park","DNR","State Park",TRUE,"Summer-2018",10935
"Split Rock Creek","Department of Natural Resources State Park","DNR","State Park",TRUE,"Summer-2019",7154
"Split Rock Creek","Department of Natural Resources State Park","DNR","State Park",TRUE,"Summer-2020",10351
"Split Rock Creek","Department of Natural Resources State Park","DNR","State Park",TRUE,"Summer-2021",7410
"Split Rock Creek","Department of Natural Resources State Park","DNR","State Park",TRUE,"Winter-2018",1717
"Split Rock Creek","Department of Natural Resources State Park","DNR","State Park",TRUE,"Winter-2019",765
"Split Rock Creek","Department of Natural Resources State Park","DNR","State Park",TRUE,"Winter-2020",371
"Split Rock Creek","Department of Natural Resources State Park","DNR","State Park",TRUE,"Winter-2021",504
"Split Rock Creek","Department of Natural Resources State Park","DNR","State Park",TRUE,"Winter-2022",69
"Split Rock Lighthouse","Department of Natural Resources State Park","DNR","State Park",TRUE,"Fall-2018",27844
"Split Rock Lighthouse","Department of Natural Resources State Park","DNR","State Park",TRUE,"Fall-2019",22863
"Split Rock Lighthouse","Department of Natural Resources State Park","DNR","State Park",TRUE,"Fall-2020",28717
"Split Rock Lighthouse","Department of Natural Resources State Park","DNR","State Park",TRUE,"Fall-2021",21459
"Split Rock Lighthouse","Department of Natural Resources State Park","DNR","State Park",TRUE,"Spring-2018",21433
"Split Rock Lighthouse","Department of Natural Resources State Park","DNR","State Park",TRUE,"Spring-2019",14596
"Split Rock Lighthouse","Department of Natural Resources State Park","DNR","State Park",TRUE,"Spring-2020",17408
"Split Rock Lighthouse","Department of Natural Resources State Park","DNR","State Park",TRUE,"Spring-2021",23573
"Split Rock Lighthouse","Department of Natural Resources State Park","DNR","State Park",TRUE,"Summer-2018",47917
"Split Rock Lighthouse","Department of Natural Resources State Park","DNR","State Park",TRUE,"Summer-2019",39401
"Split Rock Lighthouse","Department of Natural Resources State Park","DNR","State Park",TRUE,"Summer-2020",64043
"Split Rock Lighthouse","Department of Natural Resources State Park","DNR","State Park",TRUE,"Summer-2021",40249
"Split Rock Lighthouse","Department of Natural Resources State Park","DNR","State Park",TRUE,"Winter-2018",9341
"Split Rock Lighthouse","Department of Natural Resources State Park","DNR","State Park",TRUE,"Winter-2019",9638
"Split Rock Lighthouse","Department of Natural Resources State Park","DNR","State Park",TRUE,"Winter-2020",5977
"Split Rock Lighthouse","Department of Natural Resources State Park","DNR","State Park",TRUE,"Winter-2021",11372
"Split Rock Lighthouse","Department of Natural Resources State Park","DNR","State Park",TRUE,"Winter-2022",2656
"Spring Lake (Dakota County Parks)","Metropolitan Regional Park System","Dakota County Parks","Regional Park",TRUE,"Fall-2018",15175
"Spring Lake (Dakota County Parks)","Metropolitan Regional Park System","Dakota County Parks","Regional Park",TRUE,"Fall-2019",14125
"Spring Lake (Dakota County Parks)","Metropolitan Regional Park System","Dakota County Parks","Regional Park",TRUE,"Fall-2020",29038
"Spring Lake (Dakota County Parks)","Metropolitan Regional Park System","Dakota County Parks","Regional Park",TRUE,"Fall-2021",26172
"Spring Lake (Dakota County Parks)","Metropolitan Regional Park System","Dakota County Parks","Regional Park",TRUE,"Spring-2018",11884
"Spring Lake (Dakota County Parks)","Metropolitan Regional Park System","Dakota County Parks","Regional Park",TRUE,"Spring-2019",14198
"Spring Lake (Dakota County Parks)","Metropolitan Regional Park System","Dakota County Parks","Regional Park",TRUE,"Spring-2020",41101
"Spring Lake (Dakota County Parks)","Metropolitan Regional Park System","Dakota County Parks","Regional Park",TRUE,"Spring-2021",29833
"Spring Lake (Dakota County Parks)","Metropolitan Regional Park System","Dakota County Parks","Regional Park",TRUE,"Summer-2018",24283
"Spring Lake (Dakota County Parks)","Metropolitan Regional Park System","Dakota County Parks","Regional Park",TRUE,"Summer-2019",29349
"Spring Lake (Dakota County Parks)","Metropolitan Regional Park System","Dakota County Parks","Regional Park",TRUE,"Summer-2020",49375
"Spring Lake (Dakota County Parks)","Metropolitan Regional Park System","Dakota County Parks","Regional Park",TRUE,"Summer-2021",43851
"Spring Lake (Dakota County Parks)","Metropolitan Regional Park System","Dakota County Parks","Regional Park",TRUE,"Winter-2018",4375
"Spring Lake (Dakota County Parks)","Metropolitan Regional Park System","Dakota County Parks","Regional Park",TRUE,"Winter-2019",4311
"Spring Lake (Dakota County Parks)","Metropolitan Regional Park System","Dakota County Parks","Regional Park",TRUE,"Winter-2020",7154
"Spring Lake (Dakota County Parks)","Metropolitan Regional Park System","Dakota County Parks","Regional Park",TRUE,"Winter-2021",11782
"Spring Lake (Dakota County Parks)","Metropolitan Regional Park System","Dakota County Parks","Regional Park",TRUE,"Winter-2022",2220
"Spring Lake (Scott County Parks)","Metropolitan Regional Park System","Scott County Parks","Regional Park",TRUE,"Fall-2018",4845
"Spring Lake (Scott County Parks)","Metropolitan Regional Park System","Scott County Parks","Regional Park",TRUE,"Fall-2019",5797
"Spring Lake (Scott County Parks)","Metropolitan Regional Park System","Scott County Parks","Regional Park",TRUE,"Fall-2020",7452
"Spring Lake (Scott County Parks)","Metropolitan Regional Park System","Scott County Parks","Regional Park",TRUE,"Fall-2021",12876
"Spring Lake (Scott County Parks)","Metropolitan Regional Park System","Scott County Parks","Regional Park",TRUE,"Spring-2018",4967
"Spring Lake (Scott County Parks)","Metropolitan Regional Park System","Scott County Parks","Regional Park",TRUE,"Spring-2019",5270
"Spring Lake (Scott County Parks)","Metropolitan Regional Park System","Scott County Parks","Regional Park",TRUE,"Spring-2020",14629
"Spring Lake (Scott County Parks)","Metropolitan Regional Park System","Scott County Parks","Regional Park",TRUE,"Spring-2021",12721
"Spring Lake (Scott County Parks)","Metropolitan Regional Park System","Scott County Parks","Regional Park",TRUE,"Summer-2018",5779
"Spring Lake (Scott County Parks)","Metropolitan Regional Park System","Scott County Parks","Regional Park",TRUE,"Summer-2019",6256
"Spring Lake (Scott County Parks)","Metropolitan Regional Park System","Scott County Parks","Regional Park",TRUE,"Summer-2020",10500
"Spring Lake (Scott County Parks)","Metropolitan Regional Park System","Scott County Parks","Regional Park",TRUE,"Summer-2021",12822
"Spring Lake (Scott County Parks)","Metropolitan Regional Park System","Scott County Parks","Regional Park",TRUE,"Winter-2018",2645
"Spring Lake (Scott County Parks)","Metropolitan Regional Park System","Scott County Parks","Regional Park",TRUE,"Winter-2019",3272
"Spring Lake (Scott County Parks)","Metropolitan Regional Park System","Scott County Parks","Regional Park",TRUE,"Winter-2020",4082
"Spring Lake (Scott County Parks)","Metropolitan Regional Park System","Scott County Parks","Regional Park",TRUE,"Winter-2021",10580
"Spring Lake (Scott County Parks)","Metropolitan Regional Park System","Scott County Parks","Regional Park",TRUE,"Winter-2022",1215
"Springvale Park","Eligible for Greater Minnesota Designation","Eligible Greater MN","Eligible Regional Park",FALSE,"Fall-2018",2380
"Springvale Park","Eligible for Greater Minnesota Designation","Eligible Greater MN","Eligible Regional Park",FALSE,"Fall-2019",2694
"Springvale Park","Eligible for Greater Minnesota Designation","Eligible Greater MN","Eligible Regional Park",FALSE,"Fall-2020",3969
"Springvale Park","Eligible for Greater Minnesota Designation","Eligible Greater MN","Eligible Regional Park",FALSE,"Fall-2021",3378
"Springvale Park","Eligible for Greater Minnesota Designation","Eligible Greater MN","Eligible Regional Park",FALSE,"Spring-2018",1987
"Springvale Park","Eligible for Greater Minnesota Designation","Eligible Greater MN","Eligible Regional Park",FALSE,"Spring-2019",1398
"Springvale Park","Eligible for Greater Minnesota Designation","Eligible Greater MN","Eligible Regional Park",FALSE,"Spring-2020",6946
"Springvale Park","Eligible for Greater Minnesota Designation","Eligible Greater MN","Eligible Regional Park",FALSE,"Spring-2021",5386
"Springvale Park","Eligible for Greater Minnesota Designation","Eligible Greater MN","Eligible Regional Park",FALSE,"Summer-2018",2686
"Springvale Park","Eligible for Greater Minnesota Designation","Eligible Greater MN","Eligible Regional Park",FALSE,"Summer-2019",2178
"Springvale Park","Eligible for Greater Minnesota Designation","Eligible Greater MN","Eligible Regional Park",FALSE,"Summer-2020",6793
"Springvale Park","Eligible for Greater Minnesota Designation","Eligible Greater MN","Eligible Regional Park",FALSE,"Summer-2021",5706
"Springvale Park","Eligible for Greater Minnesota Designation","Eligible Greater MN","Eligible Regional Park",FALSE,"Winter-2018",1016
"Springvale Park","Eligible for Greater Minnesota Designation","Eligible Greater MN","Eligible Regional Park",FALSE,"Winter-2019",501
"Springvale Park","Eligible for Greater Minnesota Designation","Eligible Greater MN","Eligible Regional Park",FALSE,"Winter-2020",702
"Springvale Park","Eligible for Greater Minnesota Designation","Eligible Greater MN","Eligible Regional Park",FALSE,"Winter-2021",1383
"Springvale Park","Eligible for Greater Minnesota Designation","Eligible Greater MN","Eligible Regional Park",FALSE,"Winter-2022",171
"Square Lake","Metropolitan Regional Park System","Washington County Parks","Regional Park",TRUE,"Fall-2018",2885
"Square Lake","Metropolitan Regional Park System","Washington County Parks","Regional Park",TRUE,"Fall-2019",1744
"Square Lake","Metropolitan Regional Park System","Washington County Parks","Regional Park",TRUE,"Fall-2020",2583
"Square Lake","Metropolitan Regional Park System","Washington County Parks","Regional Park",TRUE,"Fall-2021",3272
"Square Lake","Metropolitan Regional Park System","Washington County Parks","Regional Park",TRUE,"Spring-2018",4162
"Square Lake","Metropolitan Regional Park System","Washington County Parks","Regional Park",TRUE,"Spring-2019",1487
"Square Lake","Metropolitan Regional Park System","Washington County Parks","Regional Park",TRUE,"Spring-2020",3412
"Square Lake","Metropolitan Regional Park System","Washington County Parks","Regional Park",TRUE,"Spring-2021",6289
"Square Lake","Metropolitan Regional Park System","Washington County Parks","Regional Park",TRUE,"Summer-2018",29898
"Square Lake","Metropolitan Regional Park System","Washington County Parks","Regional Park",TRUE,"Summer-2019",33394
"Square Lake","Metropolitan Regional Park System","Washington County Parks","Regional Park",TRUE,"Summer-2020",47070
"Square Lake","Metropolitan Regional Park System","Washington County Parks","Regional Park",TRUE,"Summer-2021",41586
"Square Lake","Metropolitan Regional Park System","Washington County Parks","Regional Park",TRUE,"Winter-2018",1835
"Square Lake","Metropolitan Regional Park System","Washington County Parks","Regional Park",TRUE,"Winter-2019",947
"Square Lake","Metropolitan Regional Park System","Washington County Parks","Regional Park",TRUE,"Winter-2020",592
"Square Lake","Metropolitan Regional Park System","Washington County Parks","Regional Park",TRUE,"Winter-2021",1286
"Square Lake","Metropolitan Regional Park System","Washington County Parks","Regional Park",TRUE,"Winter-2022",522
"St Croix","Department of Natural Resources State Park","DNR","State Park",TRUE,"Fall-2018",42608
"St Croix","Department of Natural Resources State Park","DNR","State Park",TRUE,"Fall-2019",39312
"St Croix","Department of Natural Resources State Park","DNR","State Park",TRUE,"Fall-2020",33046
"St Croix","Department of Natural Resources State Park","DNR","State Park",TRUE,"Fall-2021",19300
"St Croix","Department of Natural Resources State Park","DNR","State Park",TRUE,"Spring-2018",31169
"St Croix","Department of Natural Resources State Park","DNR","State Park",TRUE,"Spring-2019",27855
"St Croix","Department of Natural Resources State Park","DNR","State Park",TRUE,"Spring-2020",11975
"St Croix","Department of Natural Resources State Park","DNR","State Park",TRUE,"Spring-2021",31255
"St Croix","Department of Natural Resources State Park","DNR","State Park",TRUE,"Summer-2018",75438
"St Croix","Department of Natural Resources State Park","DNR","State Park",TRUE,"Summer-2019",75836
"St Croix","Department of Natural Resources State Park","DNR","State Park",TRUE,"Summer-2020",48393
"St Croix","Department of Natural Resources State Park","DNR","State Park",TRUE,"Summer-2021",42008
"St Croix","Department of Natural Resources State Park","DNR","State Park",TRUE,"Winter-2018",7528
"St Croix","Department of Natural Resources State Park","DNR","State Park",TRUE,"Winter-2019",10094
"St Croix","Department of Natural Resources State Park","DNR","State Park",TRUE,"Winter-2020",16547
"St Croix","Department of Natural Resources State Park","DNR","State Park",TRUE,"Winter-2021",13376
"St Croix","Department of Natural Resources State Park","DNR","State Park",TRUE,"Winter-2022",1560
"St Croix Bluffs","Metropolitan Regional Park System","Washington County Parks","Regional Park",TRUE,"Fall-2018",9528
"St Croix Bluffs","Metropolitan Regional Park System","Washington County Parks","Regional Park",TRUE,"Fall-2019",12492
"St Croix Bluffs","Metropolitan Regional Park System","Washington County Parks","Regional Park",TRUE,"Fall-2020",24340
"St Croix Bluffs","Metropolitan Regional Park System","Washington County Parks","Regional Park",TRUE,"Fall-2021",14078
"St Croix Bluffs","Metropolitan Regional Park System","Washington County Parks","Regional Park",TRUE,"Spring-2018",5848
"St Croix Bluffs","Metropolitan Regional Park System","Washington County Parks","Regional Park",TRUE,"Spring-2019",5094
"St Croix Bluffs","Metropolitan Regional Park System","Washington County Parks","Regional Park",TRUE,"Spring-2020",13353
"St Croix Bluffs","Metropolitan Regional Park System","Washington County Parks","Regional Park",TRUE,"Spring-2021",11324
"St Croix Bluffs","Metropolitan Regional Park System","Washington County Parks","Regional Park",TRUE,"Summer-2018",25786
"St Croix Bluffs","Metropolitan Regional Park System","Washington County Parks","Regional Park",TRUE,"Summer-2019",34041
"St Croix Bluffs","Metropolitan Regional Park System","Washington County Parks","Regional Park",TRUE,"Summer-2020",50818
"St Croix Bluffs","Metropolitan Regional Park System","Washington County Parks","Regional Park",TRUE,"Summer-2021",34711
"St Croix Bluffs","Metropolitan Regional Park System","Washington County Parks","Regional Park",TRUE,"Winter-2018",1089
"St Croix Bluffs","Metropolitan Regional Park System","Washington County Parks","Regional Park",TRUE,"Winter-2019",584
"St Croix Bluffs","Metropolitan Regional Park System","Washington County Parks","Regional Park",TRUE,"Winter-2020",803
"St Croix Bluffs","Metropolitan Regional Park System","Washington County Parks","Regional Park",TRUE,"Winter-2021",2416
"St Croix Bluffs","Metropolitan Regional Park System","Washington County Parks","Regional Park",TRUE,"Winter-2022",244
"Stanley Eddy Park Reserve","Greater Minnesota Regional Parks & Trails","Greater MN","Regional Park",TRUE,"Fall-2018",4523
"Stanley Eddy Park Reserve","Greater Minnesota Regional Parks & Trails","Greater MN","Regional Park",TRUE,"Fall-2019",3094
"Stanley Eddy Park Reserve","Greater Minnesota Regional Parks & Trails","Greater MN","Regional Park",TRUE,"Fall-2020",6343
"Stanley Eddy Park Reserve","Greater Minnesota Regional Parks & Trails","Greater MN","Regional Park",TRUE,"Fall-2021",2892
"Stanley Eddy Park Reserve","Greater Minnesota Regional Parks & Trails","Greater MN","Regional Park",TRUE,"Spring-2018",5620
"Stanley Eddy Park Reserve","Greater Minnesota Regional Parks & Trails","Greater MN","Regional Park",TRUE,"Spring-2019",1717
"Stanley Eddy Park Reserve","Greater Minnesota Regional Parks & Trails","Greater MN","Regional Park",TRUE,"Spring-2020",4323
"Stanley Eddy Park Reserve","Greater Minnesota Regional Parks & Trails","Greater MN","Regional Park",TRUE,"Spring-2021",2557
"Stanley Eddy Park Reserve","Greater Minnesota Regional Parks & Trails","Greater MN","Regional Park",TRUE,"Summer-2018",5669
"Stanley Eddy Park Reserve","Greater Minnesota Regional Parks & Trails","Greater MN","Regional Park",TRUE,"Summer-2019",3879
"Stanley Eddy Park Reserve","Greater Minnesota Regional Parks & Trails","Greater MN","Regional Park",TRUE,"Summer-2020",6302
"Stanley Eddy Park Reserve","Greater Minnesota Regional Parks & Trails","Greater MN","Regional Park",TRUE,"Summer-2021",2596
"Stanley Eddy Park Reserve","Greater Minnesota Regional Parks & Trails","Greater MN","Regional Park",TRUE,"Winter-2018",3887
"Stanley Eddy Park Reserve","Greater Minnesota Regional Parks & Trails","Greater MN","Regional Park",TRUE,"Winter-2019",2819
"Stanley Eddy Park Reserve","Greater Minnesota Regional Parks & Trails","Greater MN","Regional Park",TRUE,"Winter-2020",1956
"Stanley Eddy Park Reserve","Greater Minnesota Regional Parks & Trails","Greater MN","Regional Park",TRUE,"Winter-2021",2748
"Stanley Eddy Park Reserve","Greater Minnesota Regional Parks & Trails","Greater MN","Regional Park",TRUE,"Winter-2022",580
"Temperance River","Department of Natural Resources State Park","DNR","State Park",TRUE,"Fall-2018",38993
"Temperance River","Department of Natural Resources State Park","DNR","State Park",TRUE,"Fall-2019",34376
"Temperance River","Department of Natural Resources State Park","DNR","State Park",TRUE,"Fall-2020",31138
"Temperance River","Department of Natural Resources State Park","DNR","State Park",TRUE,"Fall-2021",27128
"Temperance River","Department of Natural Resources State Park","DNR","State Park",TRUE,"Spring-2018",18932
"Temperance River","Department of Natural Resources State Park","DNR","State Park",TRUE,"Spring-2019",20278
"Temperance River","Department of Natural Resources State Park","DNR","State Park",TRUE,"Spring-2020",11325
"Temperance River","Department of Natural Resources State Park","DNR","State Park",TRUE,"Spring-2021",28278
"Temperance River","Department of Natural Resources State Park","DNR","State Park",TRUE,"Summer-2018",68697
"Temperance River","Department of Natural Resources State Park","DNR","State Park",TRUE,"Summer-2019",63187
"Temperance River","Department of Natural Resources State Park","DNR","State Park",TRUE,"Summer-2020",69109
"Temperance River","Department of Natural Resources State Park","DNR","State Park",TRUE,"Summer-2021",51331
"Temperance River","Department of Natural Resources State Park","DNR","State Park",TRUE,"Winter-2018",8786
"Temperance River","Department of Natural Resources State Park","DNR","State Park",TRUE,"Winter-2019",6922
"Temperance River","Department of Natural Resources State Park","DNR","State Park",TRUE,"Winter-2020",4448
"Temperance River","Department of Natural Resources State Park","DNR","State Park",TRUE,"Winter-2021",9751
"Temperance River","Department of Natural Resources State Park","DNR","State Park",TRUE,"Winter-2022",1915
"Tettegouche","Department of Natural Resources State Park","DNR","State Park",TRUE,"Fall-2018",109177
"Tettegouche","Department of Natural Resources State Park","DNR","State Park",TRUE,"Fall-2019",108348
"Tettegouche","Department of Natural Resources State Park","DNR","State Park",TRUE,"Fall-2020",129241
"Tettegouche","Department of Natural Resources State Park","DNR","State Park",TRUE,"Fall-2021",88004
"Tettegouche","Department of Natural Resources State Park","DNR","State Park",TRUE,"Spring-2018",73246
"Tettegouche","Department of Natural Resources State Park","DNR","State Park",TRUE,"Spring-2019",65531
"Tettegouche","Department of Natural Resources State Park","DNR","State Park",TRUE,"Spring-2020",41580
"Tettegouche","Department of Natural Resources State Park","DNR","State Park",TRUE,"Spring-2021",87188
"Tettegouche","Department of Natural Resources State Park","DNR","State Park",TRUE,"Summer-2018",214499
"Tettegouche","Department of Natural Resources State Park","DNR","State Park",TRUE,"Summer-2019",225616
"Tettegouche","Department of Natural Resources State Park","DNR","State Park",TRUE,"Summer-2020",272368
"Tettegouche","Department of Natural Resources State Park","DNR","State Park",TRUE,"Summer-2021",173507
"Tettegouche","Department of Natural Resources State Park","DNR","State Park",TRUE,"Winter-2018",23864
"Tettegouche","Department of Natural Resources State Park","DNR","State Park",TRUE,"Winter-2019",25900
"Tettegouche","Department of Natural Resources State Park","DNR","State Park",TRUE,"Winter-2020",23119
"Tettegouche","Department of Natural Resources State Park","DNR","State Park",TRUE,"Winter-2021",27127
"Tettegouche","Department of Natural Resources State Park","DNR","State Park",TRUE,"Winter-2022",5194
"The Landing","Metropolitan Regional Park System","Three Rivers Park District","Regional Park",TRUE,"Fall-2018",1838
"The Landing","Metropolitan Regional Park System","Three Rivers Park District","Regional Park",TRUE,"Fall-2019",1783
"The Landing","Metropolitan Regional Park System","Three Rivers Park District","Regional Park",TRUE,"Fall-2020",3462
"The Landing","Metropolitan Regional Park System","Three Rivers Park District","Regional Park",TRUE,"Fall-2021",3916
"The Landing","Metropolitan Regional Park System","Three Rivers Park District","Regional Park",TRUE,"Spring-2018",2266
"The Landing","Metropolitan Regional Park System","Three Rivers Park District","Regional Park",TRUE,"Spring-2019",916
"The Landing","Metropolitan Regional Park System","Three Rivers Park District","Regional Park",TRUE,"Spring-2020",1304
"The Landing","Metropolitan Regional Park System","Three Rivers Park District","Regional Park",TRUE,"Spring-2021",3068
"The Landing","Metropolitan Regional Park System","Three Rivers Park District","Regional Park",TRUE,"Summer-2018",4359
"The Landing","Metropolitan Regional Park System","Three Rivers Park District","Regional Park",TRUE,"Summer-2019",4411
"The Landing","Metropolitan Regional Park System","Three Rivers Park District","Regional Park",TRUE,"Summer-2020",6575
"The Landing","Metropolitan Regional Park System","Three Rivers Park District","Regional Park",TRUE,"Summer-2021",4592
"The Landing","Metropolitan Regional Park System","Three Rivers Park District","Regional Park",TRUE,"Winter-2018",3012
"The Landing","Metropolitan Regional Park System","Three Rivers Park District","Regional Park",TRUE,"Winter-2019",1091
"The Landing","Metropolitan Regional Park System","Three Rivers Park District","Regional Park",TRUE,"Winter-2020",462
"The Landing","Metropolitan Regional Park System","Three Rivers Park District","Regional Park",TRUE,"Winter-2021",1457
"The Landing","Metropolitan Regional Park System","Three Rivers Park District","Regional Park",TRUE,"Winter-2022",249
"Tony Schmidt","Metropolitan Regional Park System","Ramsey County Parks and Recreation","Regional Park",TRUE,"Fall-2018",10939
"Tony Schmidt","Metropolitan Regional Park System","Ramsey County Parks and Recreation","Regional Park",TRUE,"Fall-2019",8884
"Tony Schmidt","Metropolitan Regional Park System","Ramsey County Parks and Recreation","Regional Park",TRUE,"Fall-2020",12543
"Tony Schmidt","Metropolitan Regional Park System","Ramsey County Parks and Recreation","Regional Park",TRUE,"Fall-2021",13947
"Tony Schmidt","Metropolitan Regional Park System","Ramsey County Parks and Recreation","Regional Park",TRUE,"Spring-2018",11765
"Tony Schmidt","Metropolitan Regional Park System","Ramsey County Parks and Recreation","Regional Park",TRUE,"Spring-2019",10578
"Tony Schmidt","Metropolitan Regional Park System","Ramsey County Parks and Recreation","Regional Park",TRUE,"Spring-2020",13405
"Tony Schmidt","Metropolitan Regional Park System","Ramsey County Parks and Recreation","Regional Park",TRUE,"Spring-2021",16637
"Tony Schmidt","Metropolitan Regional Park System","Ramsey County Parks and Recreation","Regional Park",TRUE,"Summer-2018",31266
"Tony Schmidt","Metropolitan Regional Park System","Ramsey County Parks and Recreation","Regional Park",TRUE,"Summer-2019",38164
"Tony Schmidt","Metropolitan Regional Park System","Ramsey County Parks and Recreation","Regional Park",TRUE,"Summer-2020",34632
"Tony Schmidt","Metropolitan Regional Park System","Ramsey County Parks and Recreation","Regional Park",TRUE,"Summer-2021",30557
"Tony Schmidt","Metropolitan Regional Park System","Ramsey County Parks and Recreation","Regional Park",TRUE,"Winter-2018",7453
"Tony Schmidt","Metropolitan Regional Park System","Ramsey County Parks and Recreation","Regional Park",TRUE,"Winter-2019",4372
"Tony Schmidt","Metropolitan Regional Park System","Ramsey County Parks and Recreation","Regional Park",TRUE,"Winter-2020",2289
"Tony Schmidt","Metropolitan Regional Park System","Ramsey County Parks and Recreation","Regional Park",TRUE,"Winter-2021",7264
"Tony Schmidt","Metropolitan Regional Park System","Ramsey County Parks and Recreation","Regional Park",TRUE,"Winter-2022",1054
"Upper Sioux Agency","Department of Natural Resources State Park","DNR","State Park",TRUE,"Fall-2018",4437
"Upper Sioux Agency","Department of Natural Resources State Park","DNR","State Park",TRUE,"Fall-2019",1492
"Upper Sioux Agency","Department of Natural Resources State Park","DNR","State Park",TRUE,"Fall-2020",2851
"Upper Sioux Agency","Department of Natural Resources State Park","DNR","State Park",TRUE,"Fall-2021",1565
"Upper Sioux Agency","Department of Natural Resources State Park","DNR","State Park",TRUE,"Spring-2018",8902
"Upper Sioux Agency","Department of Natural Resources State Park","DNR","State Park",TRUE,"Spring-2019",848
"Upper Sioux Agency","Department of Natural Resources State Park","DNR","State Park",TRUE,"Spring-2020",939
"Upper Sioux Agency","Department of Natural Resources State Park","DNR","State Park",TRUE,"Spring-2021",2250
"Upper Sioux Agency","Department of Natural Resources State Park","DNR","State Park",TRUE,"Summer-2018",26475
"Upper Sioux Agency","Department of Natural Resources State Park","DNR","State Park",TRUE,"Summer-2019",2263
"Upper Sioux Agency","Department of Natural Resources State Park","DNR","State Park",TRUE,"Summer-2020",4303
"Upper Sioux Agency","Department of Natural Resources State Park","DNR","State Park",TRUE,"Summer-2021",3007
"Upper Sioux Agency","Department of Natural Resources State Park","DNR","State Park",TRUE,"Winter-2018",1693
"Upper Sioux Agency","Department of Natural Resources State Park","DNR","State Park",TRUE,"Winter-2019",818
"Upper Sioux Agency","Department of Natural Resources State Park","DNR","State Park",TRUE,"Winter-2020",824
"Upper Sioux Agency","Department of Natural Resources State Park","DNR","State Park",TRUE,"Winter-2021",539
"Upper Sioux Agency","Department of Natural Resources State Park","DNR","State Park",TRUE,"Winter-2022",66
"Vadnais-Snail Lake","Metropolitan Regional Park System","Ramsey County Parks and Recreation","Regional Park",TRUE,"Fall-2018",17374
"Vadnais-Snail Lake","Metropolitan Regional Park System","Ramsey County Parks and Recreation","Regional Park",TRUE,"Fall-2019",16358
"Vadnais-Snail Lake","Metropolitan Regional Park System","Ramsey County Parks and Recreation","Regional Park",TRUE,"Fall-2020",26487
"Vadnais-Snail Lake","Metropolitan Regional Park System","Ramsey County Parks and Recreation","Regional Park",TRUE,"Fall-2021",22046
"Vadnais-Snail Lake","Metropolitan Regional Park System","Ramsey County Parks and Recreation","Regional Park",TRUE,"Spring-2018",22646
"Vadnais-Snail Lake","Metropolitan Regional Park System","Ramsey County Parks and Recreation","Regional Park",TRUE,"Spring-2019",21907
"Vadnais-Snail Lake","Metropolitan Regional Park System","Ramsey County Parks and Recreation","Regional Park",TRUE,"Spring-2020",40812
"Vadnais-Snail Lake","Metropolitan Regional Park System","Ramsey County Parks and Recreation","Regional Park",TRUE,"Spring-2021",37436
"Vadnais-Snail Lake","Metropolitan Regional Park System","Ramsey County Parks and Recreation","Regional Park",TRUE,"Summer-2018",44154
"Vadnais-Snail Lake","Metropolitan Regional Park System","Ramsey County Parks and Recreation","Regional Park",TRUE,"Summer-2019",46565
"Vadnais-Snail Lake","Metropolitan Regional Park System","Ramsey County Parks and Recreation","Regional Park",TRUE,"Summer-2020",65264
"Vadnais-Snail Lake","Metropolitan Regional Park System","Ramsey County Parks and Recreation","Regional Park",TRUE,"Summer-2021",47885
"Vadnais-Snail Lake","Metropolitan Regional Park System","Ramsey County Parks and Recreation","Regional Park",TRUE,"Winter-2018",8063
"Vadnais-Snail Lake","Metropolitan Regional Park System","Ramsey County Parks and Recreation","Regional Park",TRUE,"Winter-2019",8146
"Vadnais-Snail Lake","Metropolitan Regional Park System","Ramsey County Parks and Recreation","Regional Park",TRUE,"Winter-2020",7226
"Vadnais-Snail Lake","Metropolitan Regional Park System","Ramsey County Parks and Recreation","Regional Park",TRUE,"Winter-2021",20018
"Vadnais-Snail Lake","Metropolitan Regional Park System","Ramsey County Parks and Recreation","Regional Park",TRUE,"Winter-2022",1775
"Warner Lake Park","Greater Minnesota Regional Parks & Trails","Greater MN","Regional Park",TRUE,"Fall-2018",3743
"Warner Lake Park","Greater Minnesota Regional Parks & Trails","Greater MN","Regional Park",TRUE,"Fall-2019",1687
"Warner Lake Park","Greater Minnesota Regional Parks & Trails","Greater MN","Regional Park",TRUE,"Fall-2020",4446
"Warner Lake Park","Greater Minnesota Regional Parks & Trails","Greater MN","Regional Park",TRUE,"Fall-2021",6821
"Warner Lake Park","Greater Minnesota Regional Parks & Trails","Greater MN","Regional Park",TRUE,"Spring-2018",3815
"Warner Lake Park","Greater Minnesota Regional Parks & Trails","Greater MN","Regional Park",TRUE,"Spring-2019",3856
"Warner Lake Park","Greater Minnesota Regional Parks & Trails","Greater MN","Regional Park",TRUE,"Spring-2020",6715
"Warner Lake Park","Greater Minnesota Regional Parks & Trails","Greater MN","Regional Park",TRUE,"Spring-2021",9000
"Warner Lake Park","Greater Minnesota Regional Parks & Trails","Greater MN","Regional Park",TRUE,"Summer-2018",20613
"Warner Lake Park","Greater Minnesota Regional Parks & Trails","Greater MN","Regional Park",TRUE,"Summer-2019",21556
"Warner Lake Park","Greater Minnesota Regional Parks & Trails","Greater MN","Regional Park",TRUE,"Summer-2020",36805
"Warner Lake Park","Greater Minnesota Regional Parks & Trails","Greater MN","Regional Park",TRUE,"Summer-2021",30473
"Warner Lake Park","Greater Minnesota Regional Parks & Trails","Greater MN","Regional Park",TRUE,"Winter-2018",3674
"Warner Lake Park","Greater Minnesota Regional Parks & Trails","Greater MN","Regional Park",TRUE,"Winter-2019",1237
"Warner Lake Park","Greater Minnesota Regional Parks & Trails","Greater MN","Regional Park",TRUE,"Winter-2020",2102
"Warner Lake Park","Greater Minnesota Regional Parks & Trails","Greater MN","Regional Park",TRUE,"Winter-2021",4088
"Warner Lake Park","Greater Minnesota Regional Parks & Trails","Greater MN","Regional Park",TRUE,"Winter-2022",1523
"Whitetail Woods","Metropolitan Regional Park System","Dakota County Parks","Regional Park",TRUE,"Fall-2018",12283
"Whitetail Woods","Metropolitan Regional Park System","Dakota County Parks","Regional Park",TRUE,"Fall-2019",11609
"Whitetail Woods","Metropolitan Regional Park System","Dakota County Parks","Regional Park",TRUE,"Fall-2020",27425
"Whitetail Woods","Metropolitan Regional Park System","Dakota County Parks","Regional Park",TRUE,"Fall-2021",19297
"Whitetail Woods","Metropolitan Regional Park System","Dakota County Parks","Regional Park",TRUE,"Spring-2018",9632
"Whitetail Woods","Metropolitan Regional Park System","Dakota County Parks","Regional Park",TRUE,"Spring-2019",15985
"Whitetail Woods","Metropolitan Regional Park System","Dakota County Parks","Regional Park",TRUE,"Spring-2020",26676
"Whitetail Woods","Metropolitan Regional Park System","Dakota County Parks","Regional Park",TRUE,"Spring-2021",27358
"Whitetail Woods","Metropolitan Regional Park System","Dakota County Parks","Regional Park",TRUE,"Summer-2018",17839
"Whitetail Woods","Metropolitan Regional Park System","Dakota County Parks","Regional Park",TRUE,"Summer-2019",20600
"Whitetail Woods","Metropolitan Regional Park System","Dakota County Parks","Regional Park",TRUE,"Summer-2020",20017
"Whitetail Woods","Metropolitan Regional Park System","Dakota County Parks","Regional Park",TRUE,"Summer-2021",27291
"Whitetail Woods","Metropolitan Regional Park System","Dakota County Parks","Regional Park",TRUE,"Winter-2018",7259
"Whitetail Woods","Metropolitan Regional Park System","Dakota County Parks","Regional Park",TRUE,"Winter-2019",6841
"Whitetail Woods","Metropolitan Regional Park System","Dakota County Parks","Regional Park",TRUE,"Winter-2020",7020
"Whitetail Woods","Metropolitan Regional Park System","Dakota County Parks","Regional Park",TRUE,"Winter-2021",23181
"Whitetail Woods","Metropolitan Regional Park System","Dakota County Parks","Regional Park",TRUE,"Winter-2022",2634
"Whitewater","Department of Natural Resources State Park","DNR","State Park",TRUE,"Fall-2018",16585
"Whitewater","Department of Natural Resources State Park","DNR","State Park",TRUE,"Fall-2019",10232
"Whitewater","Department of Natural Resources State Park","DNR","State Park",TRUE,"Fall-2020",12536
"Whitewater","Department of Natural Resources State Park","DNR","State Park",TRUE,"Fall-2021",8004
"Whitewater","Department of Natural Resources State Park","DNR","State Park",TRUE,"Spring-2018",13309
"Whitewater","Department of Natural Resources State Park","DNR","State Park",TRUE,"Spring-2019",14709
"Whitewater","Department of Natural Resources State Park","DNR","State Park",TRUE,"Spring-2020",17603
"Whitewater","Department of Natural Resources State Park","DNR","State Park",TRUE,"Spring-2021",9496
"Whitewater","Department of Natural Resources State Park","DNR","State Park",TRUE,"Summer-2018",42283
"Whitewater","Department of Natural Resources State Park","DNR","State Park",TRUE,"Summer-2019",27758
"Whitewater","Department of Natural Resources State Park","DNR","State Park",TRUE,"Summer-2020",25619
"Whitewater","Department of Natural Resources State Park","DNR","State Park",TRUE,"Summer-2021",14512
"Whitewater","Department of Natural Resources State Park","DNR","State Park",TRUE,"Winter-2018",6229
"Whitewater","Department of Natural Resources State Park","DNR","State Park",TRUE,"Winter-2019",2996
"Whitewater","Department of Natural Resources State Park","DNR","State Park",TRUE,"Winter-2020",7224
"Whitewater","Department of Natural Resources State Park","DNR","State Park",TRUE,"Winter-2021",3362
"Whitewater","Department of Natural Resources State Park","DNR","State Park",TRUE,"Winter-2022",928
"Wild River","Department of Natural Resources State Park","DNR","State Park",TRUE,"Fall-2018",15597
"Wild River","Department of Natural Resources State Park","DNR","State Park",TRUE,"Fall-2019",13167
"Wild River","Department of Natural Resources State Park","DNR","State Park",TRUE,"Fall-2020",17453
"Wild River","Department of Natural Resources State Park","DNR","State Park",TRUE,"Fall-2021",11871
"Wild River","Department of Natural Resources State Park","DNR","State Park",TRUE,"Spring-2018",9922
"Wild River","Department of Natural Resources State Park","DNR","State Park",TRUE,"Spring-2019",12276
"Wild River","Department of Natural Resources State Park","DNR","State Park",TRUE,"Spring-2020",15140
"Wild River","Department of Natural Resources State Park","DNR","State Park",TRUE,"Spring-2021",14727
"Wild River","Department of Natural Resources State Park","DNR","State Park",TRUE,"Summer-2018",24761
"Wild River","Department of Natural Resources State Park","DNR","State Park",TRUE,"Summer-2019",25256
"Wild River","Department of Natural Resources State Park","DNR","State Park",TRUE,"Summer-2020",35558
"Wild River","Department of Natural Resources State Park","DNR","State Park",TRUE,"Summer-2021",21135
"Wild River","Department of Natural Resources State Park","DNR","State Park",TRUE,"Winter-2018",3244
"Wild River","Department of Natural Resources State Park","DNR","State Park",TRUE,"Winter-2019",5452
"Wild River","Department of Natural Resources State Park","DNR","State Park",TRUE,"Winter-2020",5202
"Wild River","Department of Natural Resources State Park","DNR","State Park",TRUE,"Winter-2021",6300
"Wild River","Department of Natural Resources State Park","DNR","State Park",TRUE,"Winter-2022",771
"William O'Brien","Department of Natural Resources State Park","DNR","State Park",TRUE,"Fall-2018",16890
"William O'Brien","Department of Natural Resources State Park","DNR","State Park",TRUE,"Fall-2019",19479
"William O'Brien","Department of Natural Resources State Park","DNR","State Park",TRUE,"Fall-2020",29163
"William O'Brien","Department of Natural Resources State Park","DNR","State Park",TRUE,"Fall-2021",17597
"William O'Brien","Department of Natural Resources State Park","DNR","State Park",TRUE,"Spring-2018",15997
"William O'Brien","Department of Natural Resources State Park","DNR","State Park",TRUE,"Spring-2019",19569
"William O'Brien","Department of Natural Resources State Park","DNR","State Park",TRUE,"Spring-2020",36385
"William O'Brien","Department of Natural Resources State Park","DNR","State Park",TRUE,"Spring-2021",24269
"William O'Brien","Department of Natural Resources State Park","DNR","State Park",TRUE,"Summer-2018",53130
"William O'Brien","Department of Natural Resources State Park","DNR","State Park",TRUE,"Summer-2019",45652
"William O'Brien","Department of Natural Resources State Park","DNR","State Park",TRUE,"Summer-2020",40844
"William O'Brien","Department of Natural Resources State Park","DNR","State Park",TRUE,"Summer-2021",28134
"William O'Brien","Department of Natural Resources State Park","DNR","State Park",TRUE,"Winter-2018",8958
"William O'Brien","Department of Natural Resources State Park","DNR","State Park",TRUE,"Winter-2019",9839
"William O'Brien","Department of Natural Resources State Park","DNR","State Park",TRUE,"Winter-2020",8439
"William O'Brien","Department of Natural Resources State Park","DNR","State Park",TRUE,"Winter-2021",10850
"William O'Brien","Department of Natural Resources State Park","DNR","State Park",TRUE,"Winter-2022",596
"Zippel Bay","Department of Natural Resources State Park","DNR","State Park",TRUE,"Fall-2018",7936
"Zippel Bay","Department of Natural Resources State Park","DNR","State Park",TRUE,"Fall-2019",3698
"Zippel Bay","Department of Natural Resources State Park","DNR","State Park",TRUE,"Fall-2020",5051
"Zippel Bay","Department of Natural Resources State Park","DNR","State Park",TRUE,"Fall-2021",5402
"Zippel Bay","Department of Natural Resources State Park","DNR","State Park",TRUE,"Spring-2018",5284
"Zippel Bay","Department of Natural Resources State Park","DNR","State Park",TRUE,"Spring-2019",3576
"Zippel Bay","Department of Natural Resources State Park","DNR","State Park",TRUE,"Spring-2020",3563
"Zippel Bay","Department of Natural Resources State Park","DNR","State Park",TRUE,"Spring-2021",8679
"Zippel Bay","Department of Natural Resources State Park","DNR","State Park",TRUE,"Summer-2018",32252
"Zippel Bay","Department of Natural Resources State Park","DNR","State Park",TRUE,"Summer-2019",27755
"Zippel Bay","Department of Natural Resources State Park","DNR","State Park",TRUE,"Summer-2020",31864
"Zippel Bay","Department of Natural Resources State Park","DNR","State Park",TRUE,"Summer-2021",40084
"Zippel Bay","Department of Natural Resources State Park","DNR","State Park",TRUE,"Winter-2018",4455
"Zippel Bay","Department of Natural Resources State Park","DNR","State Park",TRUE,"Winter-2019",4900
"Zippel Bay","Department of Natural Resources State Park","DNR","State Park",TRUE,"Winter-2020",4189
"Zippel Bay","Department of Natural Resources State Park","DNR","State Park",TRUE,"Winter-2021",3286
"Zippel Bay","Department of Natural Resources State Park","DNR","State Park",TRUE,"Winter-2022",254
